,country,date,confirmed,fatalities,population_density,median_age,aged_65_older,aged_70_older,population,yearly_change,net_change,density,land_area,migrants,rert_rate,med_age,urban_pop,world_share,r_population
46,Canada,2020-03-09,24.0,1.0,4.037,41.4,16.984,10.797,0.026195647557583114,0.23177083333333334,0.024370059067623167,0.00015187758666514788,0.5552654444958042,0.2534881431411198,0.21428571428571427,0.8541666666666666,0.81,0.02598808879263671,37674770.0
47,Canada,2020-03-10,21.0,0.0,4.037,41.4,16.984,10.797,0.026195647557583114,0.23177083333333334,0.024370059067623167,0.00015187758666514788,0.5552654444958042,0.2534881431411198,0.21428571428571427,0.8541666666666666,0.81,0.02598808879263671,37674770.0
48,Canada,2020-03-11,63.0,0.0,4.037,41.4,16.984,10.797,0.026195647557583114,0.23177083333333334,0.024370059067623167,0.00015187758666514788,0.5552654444958042,0.2534881431411198,0.21428571428571427,0.8541666666666666,0.81,0.02598808879263671,37674770.0
49,Canada,2020-03-12,61.0,0.0,4.037,41.4,16.984,10.797,0.026195647557583114,0.23177083333333334,0.024370059067623167,0.00015187758666514788,0.5552654444958042,0.2534881431411198,0.21428571428571427,0.8541666666666666,0.81,0.02598808879263671,37674770.0
50,Canada,2020-03-13,97.0,0.0,4.037,41.4,16.984,10.797,0.026195647557583114,0.23177083333333334,0.024370059067623167,0.00015187758666514788,0.5552654444958042,0.2534881431411198,0.21428571428571427,0.8541666666666666,0.81,0.02598808879263671,37674770.0
51,Canada,2020-03-14,67.0,0.0,4.037,41.4,16.984,10.797,0.026195647557583114,0.23177083333333334,0.024370059067623167,0.00015187758666514788,0.5552654444958042,0.2534881431411198,0.21428571428571427,0.8541666666666666,0.81,0.02598808879263671,37674770.0
52,Canada,2020-03-15,96.0,0.0,4.037,41.4,16.984,10.797,0.026195647557583114,0.23177083333333334,0.024370059067623167,0.00015187758666514788,0.5552654444958042,0.2534881431411198,0.21428571428571427,0.8541666666666666,0.81,0.02598808879263671,37674770.0
53,Canada,2020-03-16,151.0,3.0,4.037,41.4,16.984,10.797,0.026195647557583114,0.23177083333333334,0.024370059067623167,0.00015187758666514788,0.5552654444958042,0.2534881431411198,0.21428571428571427,0.8541666666666666,0.81,0.02598808879263671,37674770.0
54,Canada,2020-03-17,154.0,2.0,4.037,41.4,16.984,10.797,0.026195647557583114,0.23177083333333334,0.024370059067623167,0.00015187758666514788,0.5552654444958042,0.2534881431411198,0.21428571428571427,0.8541666666666666,0.81,0.02598808879263671,37674770.0
55,Canada,2020-03-18,243.0,5.0,4.037,41.4,16.984,10.797,0.026195647557583114,0.23177083333333334,0.024370059067623167,0.00015187758666514788,0.5552654444958042,0.2534881431411198,0.21428571428571427,0.8541666666666666,0.81,0.02598808879263671,37674770.0
56,Canada,2020-03-19,252.0,1.0,4.037,41.4,16.984,10.797,0.026195647557583114,0.23177083333333334,0.024370059067623167,0.00015187758666514788,0.5552654444958042,0.2534881431411198,0.21428571428571427,0.8541666666666666,0.81,0.02598808879263671,37674770.0
57,Canada,2020-03-20,343.0,3.0,4.037,41.4,16.984,10.797,0.026195647557583114,0.23177083333333334,0.024370059067623167,0.00015187758666514788,0.5552654444958042,0.2534881431411198,0.21428571428571427,0.8541666666666666,0.81,0.02598808879263671,37674770.0
58,Canada,2020-03-21,503.0,3.0,4.037,41.4,16.984,10.797,0.026195647557583114,0.23177083333333334,0.024370059067623167,0.00015187758666514788,0.5552654444958042,0.2534881431411198,0.21428571428571427,0.8541666666666666,0.81,0.02598808879263671,37674770.0
59,Canada,2020-03-22,457.0,4.0,4.037,41.4,16.984,10.797,0.026195647557583114,0.23177083333333334,0.024370059067623167,0.00015187758666514788,0.5552654444958042,0.2534881431411198,0.21428571428571427,0.8541666666666666,0.81,0.02598808879263671,37674770.0
60,Canada,2020-03-23,646.0,7.0,4.037,41.4,16.984,10.797,0.026195647557583114,0.23177083333333334,0.024370059067623167,0.00015187758666514788,0.5552654444958042,0.2534881431411198,0.21428571428571427,0.8541666666666666,0.81,0.02598808879263671,37674770.0
61,Canada,2020-03-24,699.0,5.0,4.037,41.4,16.984,10.797,0.026195647557583114,0.23177083333333334,0.024370059067623167,0.00015187758666514788,0.5552654444958042,0.2534881431411198,0.21428571428571427,0.8541666666666666,0.81,0.02598808879263671,37674770.0
62,Canada,2020-03-25,573.0,13.0,4.037,41.4,16.984,10.797,0.026195647557583114,0.23177083333333334,0.024370059067623167,0.00015187758666514788,0.5552654444958042,0.2534881431411198,0.21428571428571427,0.8541666666666666,0.81,0.02598808879263671,37674770.0
63,Canada,2020-03-26,941.0,12.0,4.037,41.4,16.984,10.797,0.026195647557583114,0.23177083333333334,0.024370059067623167,0.00015187758666514788,0.5552654444958042,0.2534881431411198,0.21428571428571427,0.8541666666666666,0.81,0.02598808879263671,37674770.0
64,Canada,2020-03-27,869.0,7.0,4.037,41.4,16.984,10.797,0.026195647557583114,0.23177083333333334,0.024370059067623167,0.00015187758666514788,0.5552654444958042,0.2534881431411198,0.21428571428571427,0.8541666666666666,0.81,0.02598808879263671,37674770.0
65,Canada,2020-03-28,930.0,17.0,4.037,41.4,16.984,10.797,0.026195647557583114,0.23177083333333334,0.024370059067623167,0.00015187758666514788,0.5552654444958042,0.2534881431411198,0.21428571428571427,0.8541666666666666,0.81,0.02598808879263671,37674770.0
66,Canada,2020-03-29,936.0,15.0,4.037,41.4,16.984,10.797,0.026195647557583114,0.23177083333333334,0.024370059067623167,0.00015187758666514788,0.5552654444958042,0.2534881431411198,0.21428571428571427,0.8541666666666666,0.81,0.02598808879263671,37674770.0
67,Canada,2020-03-30,1232.0,19.0,4.037,41.4,16.984,10.797,0.026195647557583114,0.23177083333333334,0.024370059067623167,0.00015187758666514788,0.5552654444958042,0.2534881431411198,0.21428571428571427,0.8541666666666666,0.81,0.02598808879263671,37674770.0
68,Canada,2020-03-31,1233.0,35.0,4.037,41.4,16.984,10.797,0.026195647557583114,0.23177083333333334,0.024370059067623167,0.00015187758666514788,0.5552654444958042,0.2534881431411198,0.21428571428571427,0.8541666666666666,0.81,0.02598808879263671,37674770.0
69,Canada,2020-04-01,1312.0,23.0,4.037,41.4,16.984,10.797,0.026195647557583114,0.23177083333333334,0.024370059067623167,0.00015187758666514788,0.5552654444958042,0.2534881431411198,0.21428571428571427,0.8541666666666666,0.81,0.02598808879263671,37674770.0
70,Canada,2020-04-02,1719.0,49.0,4.037,41.4,16.984,10.797,0.026195647557583114,0.23177083333333334,0.024370059067623167,0.00015187758666514788,0.5552654444958042,0.2534881431411198,0.21428571428571427,0.8541666666666666,0.81,0.02598808879263671,37674770.0
71,Canada,2020-04-03,1332.0,53.0,4.037,41.4,16.984,10.797,0.026195647557583114,0.23177083333333334,0.024370059067623167,0.00015187758666514788,0.5552654444958042,0.2534881431411198,0.21428571428571427,0.8541666666666666,0.81,0.02598808879263671,37674770.0
72,Canada,2020-04-04,1336.0,83.0,4.037,41.4,16.984,10.797,0.026195647557583114,0.23177083333333334,0.024370059067623167,0.00015187758666514788,0.5552654444958042,0.2534881431411198,0.21428571428571427,0.8541666666666666,0.81,0.02598808879263671,37674770.0
73,Canada,2020-04-05,1189.0,75.0,4.037,41.4,16.984,10.797,0.026195647557583114,0.23177083333333334,0.024370059067623167,0.00015187758666514788,0.5552654444958042,0.2534881431411198,0.21428571428571427,0.8541666666666666,0.81,0.02598808879263671,37674770.0
74,Canada,2020-04-06,1501.0,68.0,4.037,41.4,16.984,10.797,0.026195647557583114,0.23177083333333334,0.024370059067623167,0.00015187758666514788,0.5552654444958042,0.2534881431411198,0.21428571428571427,0.8541666666666666,0.81,0.02598808879263671,37674770.0
75,Canada,2020-04-07,1388.0,78.0,4.037,41.4,16.984,10.797,0.026195647557583114,0.23177083333333334,0.024370059067623167,0.00015187758666514788,0.5552654444958042,0.2534881431411198,0.21428571428571427,0.8541666666666666,0.81,0.02598808879263671,37674770.0
76,Canada,2020-04-08,1236.0,89.0,4.037,41.4,16.984,10.797,0.026195647557583114,0.23177083333333334,0.024370059067623167,0.00015187758666514788,0.5552654444958042,0.2534881431411198,0.21428571428571427,0.8541666666666666,0.81,0.02598808879263671,37674770.0
77,Canada,2020-04-09,1380.0,103.0,4.037,41.4,16.984,10.797,0.026195647557583114,0.23177083333333334,0.024370059067623167,0.00015187758666514788,0.5552654444958042,0.2534881431411198,0.21428571428571427,0.8541666666666666,0.81,0.02598808879263671,37674770.0
78,Canada,2020-04-10,1144.0,94.0,4.037,41.4,16.984,10.797,0.026195647557583114,0.23177083333333334,0.024370059067623167,0.00015187758666514788,0.5552654444958042,0.2534881431411198,0.21428571428571427,0.8541666666666666,0.81,0.02598808879263671,37674770.0
79,Canada,2020-04-11,1376.0,119.0,4.037,41.4,16.984,10.797,0.026195647557583114,0.23177083333333334,0.024370059067623167,0.00015187758666514788,0.5552654444958042,0.2534881431411198,0.21428571428571427,0.8541666666666666,0.81,0.02598808879263671,37674770.0
80,Canada,2020-04-12,1342.0,109.0,4.037,41.4,16.984,10.797,0.026195647557583114,0.23177083333333334,0.024370059067623167,0.00015187758666514788,0.5552654444958042,0.2534881431411198,0.21428571428571427,0.8541666666666666,0.81,0.02598808879263671,37674770.0
81,Canada,2020-04-13,1797.0,130.0,4.037,41.4,16.984,10.797,0.026195647557583114,0.23177083333333334,0.024370059067623167,0.00015187758666514788,0.5552654444958042,0.2534881431411198,0.21428571428571427,0.8541666666666666,0.81,0.02598808879263671,37674770.0
82,Canada,2020-04-14,1689.0,136.0,4.037,41.4,16.984,10.797,0.026195647557583114,0.23177083333333334,0.024370059067623167,0.00015187758666514788,0.5552654444958042,0.2534881431411198,0.21428571428571427,0.8541666666666666,0.81,0.02598808879263671,37674770.0
83,Canada,2020-04-15,1747.0,154.0,4.037,41.4,16.984,10.797,0.026195647557583114,0.23177083333333334,0.024370059067623167,0.00015187758666514788,0.5552654444958042,0.2534881431411198,0.21428571428571427,0.8541666666666666,0.81,0.02598808879263671,37674770.0
84,Canada,2020-04-16,1766.0,136.0,4.037,41.4,16.984,10.797,0.026195647557583114,0.23177083333333334,0.024370059067623167,0.00015187758666514788,0.5552654444958042,0.2534881431411198,0.21428571428571427,0.8541666666666666,0.81,0.02598808879263671,37674770.0
85,Canada,2020-04-17,2126.0,147.0,4.037,41.4,16.984,10.797,0.026195647557583114,0.23177083333333334,0.024370059067623167,0.00015187758666514788,0.5552654444958042,0.2534881431411198,0.21428571428571427,0.8541666666666666,0.81,0.02598808879263671,37674770.0
86,Canada,2020-04-18,1526.0,139.0,4.037,41.4,16.984,10.797,0.026195647557583114,0.23177083333333334,0.024370059067623167,0.00015187758666514788,0.5552654444958042,0.2534881431411198,0.21428571428571427,0.8541666666666666,0.81,0.02598808879263671,37674770.0
87,Canada,2020-04-19,1700.0,170.0,4.037,41.4,16.984,10.797,0.026195647557583114,0.23177083333333334,0.024370059067623167,0.00015187758666514788,0.5552654444958042,0.2534881431411198,0.21428571428571427,0.8541666666666666,0.81,0.02598808879263671,37674770.0
88,Canada,2020-04-20,1712.0,144.0,4.037,41.4,16.984,10.797,0.026195647557583114,0.23177083333333334,0.024370059067623167,0.00015187758666514788,0.5552654444958042,0.2534881431411198,0.21428571428571427,0.8541666666666666,0.81,0.02598808879263671,37674770.0
89,Canada,2020-04-21,1590.0,161.0,4.037,41.4,16.984,10.797,0.026195647557583114,0.23177083333333334,0.024370059067623167,0.00015187758666514788,0.5552654444958042,0.2534881431411198,0.21428571428571427,0.8541666666666666,0.81,0.02598808879263671,37674770.0
90,Canada,2020-04-22,1846.0,164.0,4.037,41.4,16.984,10.797,0.026195647557583114,0.23177083333333334,0.024370059067623167,0.00015187758666514788,0.5552654444958042,0.2534881431411198,0.21428571428571427,0.8541666666666666,0.81,0.02598808879263671,37674770.0
91,Canada,2020-04-23,1809.0,181.0,4.037,41.4,16.984,10.797,0.026195647557583114,0.23177083333333334,0.024370059067623167,0.00015187758666514788,0.5552654444958042,0.2534881431411198,0.21428571428571427,0.8541666666666666,0.81,0.02598808879263671,37674770.0
92,Canada,2020-04-24,1640.0,174.0,4.037,41.4,16.984,10.797,0.026195647557583114,0.23177083333333334,0.024370059067623167,0.00015187758666514788,0.5552654444958042,0.2534881431411198,0.21428571428571427,0.8541666666666666,0.81,0.02598808879263671,37674770.0
93,Canada,2020-04-25,1582.0,181.0,4.037,41.4,16.984,10.797,0.026195647557583114,0.23177083333333334,0.024370059067623167,0.00015187758666514788,0.5552654444958042,0.2534881431411198,0.21428571428571427,0.8541666666666666,0.81,0.02598808879263671,37674770.0
94,Canada,2020-04-26,1211.0,137.0,4.037,41.4,16.984,10.797,0.026195647557583114,0.23177083333333334,0.024370059067623167,0.00015187758666514788,0.5552654444958042,0.2534881431411198,0.21428571428571427,0.8541666666666666,0.81,0.02598808879263671,37674770.0
95,Canada,2020-04-27,1656.0,179.0,4.037,41.4,16.984,10.797,0.026195647557583114,0.23177083333333334,0.024370059067623167,0.00015187758666514788,0.5552654444958042,0.2534881431411198,0.21428571428571427,0.8541666666666666,0.81,0.02598808879263671,37674770.0
96,Canada,2020-04-28,1523.0,207.0,4.037,41.4,16.984,10.797,0.026195647557583114,0.23177083333333334,0.024370059067623167,0.00015187758666514788,0.5552654444958042,0.2534881431411198,0.21428571428571427,0.8541666666666666,0.81,0.02598808879263671,37674770.0
97,Canada,2020-04-29,1689.0,208.0,4.037,41.4,16.984,10.797,0.026195647557583114,0.23177083333333334,0.024370059067623167,0.00015187758666514788,0.5552654444958042,0.2534881431411198,0.21428571428571427,0.8541666666666666,0.81,0.02598808879263671,37674770.0
98,Canada,2020-04-30,1639.0,212.0,4.037,41.4,16.984,10.797,0.026195647557583114,0.23177083333333334,0.024370059067623167,0.00015187758666514788,0.5552654444958042,0.2534881431411198,0.21428571428571427,0.8541666666666666,0.81,0.02598808879263671,37674770.0
99,Canada,2020-05-01,1811.0,181.0,4.037,41.4,16.984,10.797,0.026195647557583114,0.23177083333333334,0.024370059067623167,0.00015187758666514788,0.5552654444958042,0.2534881431411198,0.21428571428571427,0.8541666666666666,0.81,0.02598808879263671,37674770.0
100,Canada,2020-05-02,1356.0,176.0,4.037,41.4,16.984,10.797,0.026195647557583114,0.23177083333333334,0.024370059067623167,0.00015187758666514788,0.5552654444958042,0.2534881431411198,0.21428571428571427,0.8541666666666666,0.81,0.02598808879263671,37674770.0
101,Canada,2020-05-03,1259.0,146.0,4.037,41.4,16.984,10.797,0.026195647557583114,0.23177083333333334,0.024370059067623167,0.00015187758666514788,0.5552654444958042,0.2534881431411198,0.21428571428571427,0.8541666666666666,0.81,0.02598808879263671,37674770.0
102,Canada,2020-05-04,1376.0,206.0,4.037,41.4,16.984,10.797,0.026195647557583114,0.23177083333333334,0.024370059067623167,0.00015187758666514788,0.5552654444958042,0.2534881431411198,0.21428571428571427,0.8541666666666666,0.81,0.02598808879263671,37674770.0
103,Canada,2020-05-05,1395.0,172.0,4.037,41.4,16.984,10.797,0.026195647557583114,0.23177083333333334,0.024370059067623167,0.00015187758666514788,0.5552654444958042,0.2534881431411198,0.21428571428571427,0.8541666666666666,0.81,0.02598808879263671,37674770.0
104,Canada,2020-05-06,1516.0,172.0,4.037,41.4,16.984,10.797,0.026195647557583114,0.23177083333333334,0.024370059067623167,0.00015187758666514788,0.5552654444958042,0.2534881431411198,0.21428571428571427,0.8541666666666666,0.81,0.02598808879263671,37674770.0
105,Canada,2020-05-07,1271.0,148.0,4.037,41.4,16.984,10.797,0.026195647557583114,0.23177083333333334,0.024370059067623167,0.00015187758666514788,0.5552654444958042,0.2534881431411198,0.21428571428571427,0.8541666666666666,0.81,0.02598808879263671,37674770.0
106,Canada,2020-05-08,1200.0,158.0,4.037,41.4,16.984,10.797,0.026195647557583114,0.23177083333333334,0.024370059067623167,0.00015187758666514788,0.5552654444958042,0.2534881431411198,0.21428571428571427,0.8541666666666666,0.81,0.02598808879263671,37674770.0
107,Canada,2020-05-09,1146.0,162.0,4.037,41.4,16.984,10.797,0.026195647557583114,0.23177083333333334,0.024370059067623167,0.00015187758666514788,0.5552654444958042,0.2534881431411198,0.21428571428571427,0.8541666666666666,0.81,0.02598808879263671,37674770.0
108,Canada,2020-05-10,1038.0,128.0,4.037,41.4,16.984,10.797,0.026195647557583114,0.23177083333333334,0.024370059067623167,0.00015187758666514788,0.5552654444958042,0.2534881431411198,0.21428571428571427,0.8541666666666666,0.81,0.02598808879263671,37674770.0
109,Canada,2020-05-11,1024.0,132.0,4.037,41.4,16.984,10.797,0.026195647557583114,0.23177083333333334,0.024370059067623167,0.00015187758666514788,0.5552654444958042,0.2534881431411198,0.21428571428571427,0.8541666666666666,0.81,0.02598808879263671,37674770.0
110,Canada,2020-05-12,1117.0,143.0,4.037,41.4,16.984,10.797,0.026195647557583114,0.23177083333333334,0.024370059067623167,0.00015187758666514788,0.5552654444958042,0.2534881431411198,0.21428571428571427,0.8541666666666666,0.81,0.02598808879263671,37674770.0
111,Canada,2020-05-13,1227.0,112.0,4.037,41.4,16.984,10.797,0.026195647557583114,0.23177083333333334,0.024370059067623167,0.00015187758666514788,0.5552654444958042,0.2534881431411198,0.21428571428571427,0.8541666666666666,0.81,0.02598808879263671,37674770.0
112,Canada,2020-05-14,1110.0,122.0,4.037,41.4,16.984,10.797,0.026195647557583114,0.23177083333333334,0.024370059067623167,0.00015187758666514788,0.5552654444958042,0.2534881431411198,0.21428571428571427,0.8541666666666666,0.81,0.02598808879263671,37674770.0
113,Canada,2020-05-15,1271.0,124.0,4.037,41.4,16.984,10.797,0.026195647557583114,0.23177083333333334,0.024370059067623167,0.00015187758666514788,0.5552654444958042,0.2534881431411198,0.21428571428571427,0.8541666666666666,0.81,0.02598808879263671,37674770.0
114,Canada,2020-05-16,1155.0,115.0,4.037,41.4,16.984,10.797,0.026195647557583114,0.23177083333333334,0.024370059067623167,0.00015187758666514788,0.5552654444958042,0.2534881431411198,0.21428571428571427,0.8541666666666666,0.81,0.02598808879263671,37674770.0
115,Canada,2020-05-17,1208.0,90.0,4.037,41.4,16.984,10.797,0.026195647557583114,0.23177083333333334,0.024370059067623167,0.00015187758666514788,0.5552654444958042,0.2534881431411198,0.21428571428571427,0.8541666666666666,0.81,0.02598808879263671,37674770.0
116,Canada,2020-05-18,1086.0,95.0,4.037,41.4,16.984,10.797,0.026195647557583114,0.23177083333333334,0.024370059067623167,0.00015187758666514788,0.5552654444958042,0.2534881431411198,0.21428571428571427,0.8541666666666666,0.81,0.02598808879263671,37674770.0
117,Canada,2020-05-19,1002.0,77.0,4.037,41.4,16.984,10.797,0.026195647557583114,0.23177083333333334,0.024370059067623167,0.00015187758666514788,0.5552654444958042,0.2534881431411198,0.21428571428571427,0.8541666666666666,0.81,0.02598808879263671,37674770.0
118,Canada,2020-05-20,1256.0,118.0,4.037,41.4,16.984,10.797,0.026195647557583114,0.23177083333333334,0.024370059067623167,0.00015187758666514788,0.5552654444958042,0.2534881431411198,0.21428571428571427,0.8541666666666666,0.81,0.02598808879263671,37674770.0
119,Canada,2020-05-21,1115.0,101.0,4.037,41.4,16.984,10.797,0.026195647557583114,0.23177083333333334,0.024370059067623167,0.00015187758666514788,0.5552654444958042,0.2534881431411198,0.21428571428571427,0.8541666666666666,0.81,0.02598808879263671,37674770.0
120,Canada,2020-05-22,1090.0,103.0,4.037,41.4,16.984,10.797,0.026195647557583114,0.23177083333333334,0.024370059067623167,0.00015187758666514788,0.5552654444958042,0.2534881431411198,0.21428571428571427,0.8541666666666666,0.81,0.02598808879263671,37674770.0
121,Canada,2020-05-23,907.0,93.0,4.037,41.4,16.984,10.797,0.026195647557583114,0.23177083333333334,0.024370059067623167,0.00015187758666514788,0.5552654444958042,0.2534881431411198,0.21428571428571427,0.8541666666666666,0.81,0.02598808879263671,37674770.0
122,Canada,2020-05-24,953.0,89.0,4.037,41.4,16.984,10.797,0.026195647557583114,0.23177083333333334,0.024370059067623167,0.00015187758666514788,0.5552654444958042,0.2534881431411198,0.21428571428571427,0.8541666666666666,0.81,0.02598808879263671,37674770.0
123,Canada,2020-05-25,964.0,94.0,4.037,41.4,16.984,10.797,0.026195647557583114,0.23177083333333334,0.024370059067623167,0.00015187758666514788,0.5552654444958042,0.2534881431411198,0.21428571428571427,0.8541666666666666,0.81,0.02598808879263671,37674770.0
124,Canada,2020-05-26,767.0,88.0,4.037,41.4,16.984,10.797,0.026195647557583114,0.23177083333333334,0.024370059067623167,0.00015187758666514788,0.5552654444958042,0.2534881431411198,0.21428571428571427,0.8541666666666666,0.81,0.02598808879263671,37674770.0
125,Canada,2020-05-27,885.0,97.0,4.037,41.4,16.984,10.797,0.026195647557583114,0.23177083333333334,0.024370059067623167,0.00015187758666514788,0.5552654444958042,0.2534881431411198,0.21428571428571427,0.8541666666666666,0.81,0.02598808879263671,37674770.0
126,Canada,2020-05-28,787.0,117.0,4.037,41.4,16.984,10.797,0.026195647557583114,0.23177083333333334,0.024370059067623167,0.00015187758666514788,0.5552654444958042,0.2534881431411198,0.21428571428571427,0.8541666666666666,0.81,0.02598808879263671,37674770.0
127,Canada,2020-05-29,1069.0,100.0,4.037,41.4,16.984,10.797,0.026195647557583114,0.23177083333333334,0.024370059067623167,0.00015187758666514788,0.5552654444958042,0.2534881431411198,0.21428571428571427,0.8541666666666666,0.81,0.02598808879263671,37674770.0
128,Canada,2020-05-30,762.0,58.0,4.037,41.4,16.984,10.797,0.026195647557583114,0.23177083333333334,0.024370059067623167,0.00015187758666514788,0.5552654444958042,0.2534881431411198,0.21428571428571427,0.8541666666666666,0.81,0.02598808879263671,37674770.0
129,Canada,2020-05-31,730.0,56.0,4.037,41.4,16.984,10.797,0.026195647557583114,0.23177083333333334,0.024370059067623167,0.00015187758666514788,0.5552654444958042,0.2534881431411198,0.21428571428571427,0.8541666666666666,0.81,0.02598808879263671,37674770.0
130,Canada,2020-06-01,796.0,47.0,4.037,41.4,16.984,10.797,0.026195647557583114,0.23177083333333334,0.024370059067623167,0.00015187758666514788,0.5552654444958042,0.2534881431411198,0.21428571428571427,0.8541666666666666,0.81,0.02598808879263671,37674770.0
131,Canada,2020-06-02,627.0,51.0,4.037,41.4,16.984,10.797,0.026195647557583114,0.23177083333333334,0.024370059067623167,0.00015187758666514788,0.5552654444958042,0.2534881431411198,0.21428571428571427,0.8541666666666666,0.81,0.02598808879263671,37674770.0
132,Canada,2020-06-03,682.0,56.0,4.037,41.4,16.984,10.797,0.026195647557583114,0.23177083333333334,0.024370059067623167,0.00015187758666514788,0.5552654444958042,0.2534881431411198,0.21428571428571427,0.8541666666666666,0.81,0.02598808879263671,37674770.0
133,Canada,2020-06-04,582.0,65.0,4.037,41.4,16.984,10.797,0.026195647557583114,0.23177083333333334,0.024370059067623167,0.00015187758666514788,0.5552654444958042,0.2534881431411198,0.21428571428571427,0.8541666666666666,0.81,0.02598808879263671,37674770.0
134,Canada,2020-06-05,527.0,45.0,4.037,41.4,16.984,10.797,0.026195647557583114,0.23177083333333334,0.024370059067623167,0.00015187758666514788,0.5552654444958042,0.2534881431411198,0.21428571428571427,0.8541666666666666,0.81,0.02598808879263671,37674770.0
135,Canada,2020-06-06,524.0,60.0,4.037,41.4,16.984,10.797,0.026195647557583114,0.23177083333333334,0.024370059067623167,0.00015187758666514788,0.5552654444958042,0.2534881431411198,0.21428571428571427,0.8541666666666666,0.81,0.02598808879263671,37674770.0
136,Canada,2020-06-07,412.0,41.0,4.037,41.4,16.984,10.797,0.026195647557583114,0.23177083333333334,0.024370059067623167,0.00015187758666514788,0.5552654444958042,0.2534881431411198,0.21428571428571427,0.8541666666666666,0.81,0.02598808879263671,37674770.0
137,Canada,2020-06-08,451.0,46.0,4.037,41.4,16.984,10.797,0.026195647557583114,0.23177083333333334,0.024370059067623167,0.00015187758666514788,0.5552654444958042,0.2534881431411198,0.21428571428571427,0.8541666666666666,0.81,0.02598808879263671,37674770.0
138,Canada,2020-06-09,434.0,36.0,4.037,41.4,16.984,10.797,0.026195647557583114,0.23177083333333334,0.024370059067623167,0.00015187758666514788,0.5552654444958042,0.2534881431411198,0.21428571428571427,0.8541666666666666,0.81,0.02598808879263671,37674770.0
139,Canada,2020-06-10,490.0,30.0,4.037,41.4,16.984,10.797,0.026195647557583114,0.23177083333333334,0.024370059067623167,0.00015187758666514788,0.5552654444958042,0.2534881431411198,0.21428571428571427,0.8541666666666666,0.81,0.02598808879263671,37674770.0
140,Canada,2020-06-11,412.0,32.0,4.037,41.4,16.984,10.797,0.026195647557583114,0.23177083333333334,0.024370059067623167,0.00015187758666514788,0.5552654444958042,0.2534881431411198,0.21428571428571427,0.8541666666666666,0.81,0.02598808879263671,37674770.0
141,Canada,2020-06-12,461.0,30.0,4.037,41.4,16.984,10.797,0.026195647557583114,0.23177083333333334,0.024370059067623167,0.00015187758666514788,0.5552654444958042,0.2534881431411198,0.21428571428571427,0.8541666666666666,0.81,0.02598808879263671,37674770.0
142,Canada,2020-06-13,341.0,28.0,4.037,41.4,16.984,10.797,0.026195647557583114,0.23177083333333334,0.024370059067623167,0.00015187758666514788,0.5552654444958042,0.2534881431411198,0.21428571428571427,0.8541666666666666,0.81,0.02598808879263671,37674770.0
143,Canada,2020-06-14,302.0,23.0,4.037,41.4,16.984,10.797,0.026195647557583114,0.23177083333333334,0.024370059067623167,0.00015187758666514788,0.5552654444958042,0.2534881431411198,0.21428571428571427,0.8541666666666666,0.81,0.02598808879263671,37674770.0
144,Canada,2020-06-15,377.0,27.0,4.037,41.4,16.984,10.797,0.026195647557583114,0.23177083333333334,0.024370059067623167,0.00015187758666514788,0.5552654444958042,0.2534881431411198,0.21428571428571427,0.8541666666666666,0.81,0.02598808879263671,37674770.0
145,Canada,2020-06-16,359.0,19.0,4.037,41.4,16.984,10.797,0.026195647557583114,0.23177083333333334,0.024370059067623167,0.00015187758666514788,0.5552654444958042,0.2534881431411198,0.21428571428571427,0.8541666666666666,0.81,0.02598808879263671,37674770.0
146,Canada,2020-06-17,388.0,21.0,4.037,41.4,16.984,10.797,0.026195647557583114,0.23177083333333334,0.024370059067623167,0.00015187758666514788,0.5552654444958042,0.2534881431411198,0.21428571428571427,0.8541666666666666,0.81,0.02598808879263671,37674770.0
147,Canada,2020-06-18,406.0,10.0,4.037,41.4,16.984,10.797,0.026195647557583114,0.23177083333333334,0.024370059067623167,0.00015187758666514788,0.5552654444958042,0.2534881431411198,0.21428571428571427,0.8541666666666666,0.81,0.02598808879263671,37674770.0
148,Canada,2020-06-19,388.0,24.0,4.037,41.4,16.984,10.797,0.026195647557583114,0.23177083333333334,0.024370059067623167,0.00015187758666514788,0.5552654444958042,0.2534881431411198,0.21428571428571427,0.8541666666666666,0.81,0.02598808879263671,37674770.0
149,Canada,2020-06-20,315.0,35.0,4.037,41.4,16.984,10.797,0.026195647557583114,0.23177083333333334,0.024370059067623167,0.00015187758666514788,0.5552654444958042,0.2534881431411198,0.21428571428571427,0.8541666666666666,0.81,0.02598808879263671,37674770.0
150,Canada,2020-06-21,308.0,21.0,4.037,41.4,16.984,10.797,0.026195647557583114,0.23177083333333334,0.024370059067623167,0.00015187758666514788,0.5552654444958042,0.2534881431411198,0.21428571428571427,0.8541666666666666,0.81,0.02598808879263671,37674770.0
151,Canada,2020-06-22,355.0,14.0,4.037,41.4,16.984,10.797,0.026195647557583114,0.23177083333333334,0.024370059067623167,0.00015187758666514788,0.5552654444958042,0.2534881431411198,0.21428571428571427,0.8541666666666666,0.81,0.02598808879263671,37674770.0
152,Canada,2020-06-23,318.0,24.0,4.037,41.4,16.984,10.797,0.026195647557583114,0.23177083333333334,0.024370059067623167,0.00015187758666514788,0.5552654444958042,0.2534881431411198,0.21428571428571427,0.8541666666666666,0.81,0.02598808879263671,37674770.0
153,Canada,2020-06-24,320.0,28.0,4.037,41.4,16.984,10.797,0.026195647557583114,0.23177083333333334,0.024370059067623167,0.00015187758666514788,0.5552654444958042,0.2534881431411198,0.21428571428571427,0.8541666666666666,0.81,0.02598808879263671,37674770.0
154,Canada,2020-06-25,294.0,20.0,4.037,41.4,16.984,10.797,0.026195647557583114,0.23177083333333334,0.024370059067623167,0.00015187758666514788,0.5552654444958042,0.2534881431411198,0.21428571428571427,0.8541666666666666,0.81,0.02598808879263671,37674770.0
155,Canada,2020-06-26,327.0,7.0,4.037,41.4,16.984,10.797,0.026195647557583114,0.23177083333333334,0.024370059067623167,0.00015187758666514788,0.5552654444958042,0.2534881431411198,0.21428571428571427,0.8541666666666666,0.81,0.02598808879263671,37674770.0
156,Canada,2020-06-27,402.0,12.0,4.037,41.4,16.984,10.797,0.026195647557583114,0.23177083333333334,0.024370059067623167,0.00015187758666514788,0.5552654444958042,0.2534881431411198,0.21428571428571427,0.8541666666666666,0.81,0.02598808879263671,37674770.0
157,Canada,2020-06-28,313.0,10.0,4.037,41.4,16.984,10.797,0.026195647557583114,0.23177083333333334,0.024370059067623167,0.00015187758666514788,0.5552654444958042,0.2534881431411198,0.21428571428571427,0.8541666666666666,0.81,0.02598808879263671,37674770.0
158,Canada,2020-06-29,296.0,17.0,4.037,41.4,16.984,10.797,0.026195647557583114,0.23177083333333334,0.024370059067623167,0.00015187758666514788,0.5552654444958042,0.2534881431411198,0.21428571428571427,0.8541666666666666,0.81,0.02598808879263671,37674770.0
159,Canada,2020-06-30,334.0,15.0,4.037,41.4,16.984,10.797,0.026195647557583114,0.23177083333333334,0.024370059067623167,0.00015187758666514788,0.5552654444958042,0.2534881431411198,0.21428571428571427,0.8541666666666666,0.81,0.02598808879263671,37674770.0
160,Canada,2020-07-01,222.0,10.0,4.037,41.4,16.984,10.797,0.026195647557583114,0.23177083333333334,0.024370059067623167,0.00015187758666514788,0.5552654444958042,0.2534881431411198,0.21428571428571427,0.8541666666666666,0.81,0.02598808879263671,37674770.0
161,Canada,2020-07-02,349.0,17.0,4.037,41.4,16.984,10.797,0.026195647557583114,0.23177083333333334,0.024370059067623167,0.00015187758666514788,0.5552654444958042,0.2534881431411198,0.21428571428571427,0.8541666666666666,0.81,0.02598808879263671,37674770.0
162,Canada,2020-07-03,318.0,6.0,4.037,41.4,16.984,10.797,0.026195647557583114,0.23177083333333334,0.024370059067623167,0.00015187758666514788,0.5552654444958042,0.2534881431411198,0.21428571428571427,0.8541666666666666,0.81,0.02598808879263671,37674770.0
163,Canada,2020-07-04,228.0,9.0,4.037,41.4,16.984,10.797,0.026195647557583114,0.23177083333333334,0.024370059067623167,0.00015187758666514788,0.5552654444958042,0.2534881431411198,0.21428571428571427,0.8541666666666666,0.81,0.02598808879263671,37674770.0
164,Canada,2020-07-05,157.0,5.0,4.037,41.4,16.984,10.797,0.026195647557583114,0.23177083333333334,0.024370059067623167,0.00015187758666514788,0.5552654444958042,0.2534881431411198,0.21428571428571427,0.8541666666666666,0.81,0.02598808879263671,37674770.0
165,Canada,2020-07-06,352.0,13.0,4.037,41.4,16.984,10.797,0.026195647557583114,0.23177083333333334,0.024370059067623167,0.00015187758666514788,0.5552654444958042,0.2534881431411198,0.21428571428571427,0.8541666666666666,0.81,0.02598808879263671,37674770.0
166,Canada,2020-07-07,313.0,8.0,4.037,41.4,16.984,10.797,0.026195647557583114,0.23177083333333334,0.024370059067623167,0.00015187758666514788,0.5552654444958042,0.2534881431411198,0.21428571428571427,0.8541666666666666,0.81,0.02598808879263671,37674770.0
167,Canada,2020-07-08,321.0,17.0,4.037,41.4,16.984,10.797,0.026195647557583114,0.23177083333333334,0.024370059067623167,0.00015187758666514788,0.5552654444958042,0.2534881431411198,0.21428571428571427,0.8541666666666666,0.81,0.02598808879263671,37674770.0
168,Canada,2020-07-09,334.0,11.0,4.037,41.4,16.984,10.797,0.026195647557583114,0.23177083333333334,0.024370059067623167,0.00015187758666514788,0.5552654444958042,0.2534881431411198,0.21428571428571427,0.8541666666666666,0.81,0.02598808879263671,37674770.0
169,Canada,2020-07-10,348.0,11.0,4.037,41.4,16.984,10.797,0.026195647557583114,0.23177083333333334,0.024370059067623167,0.00015187758666514788,0.5552654444958042,0.2534881431411198,0.21428571428571427,0.8541666666666666,0.81,0.02598808879263671,37674770.0
170,Canada,2020-07-11,240.0,9.0,4.037,41.4,16.984,10.797,0.026195647557583114,0.23177083333333334,0.024370059067623167,0.00015187758666514788,0.5552654444958042,0.2534881431411198,0.21428571428571427,0.8541666666666666,0.81,0.02598808879263671,37674770.0
171,Canada,2020-07-12,214.0,4.0,4.037,41.4,16.984,10.797,0.026195647557583114,0.23177083333333334,0.024370059067623167,0.00015187758666514788,0.5552654444958042,0.2534881431411198,0.21428571428571427,0.8541666666666666,0.81,0.02598808879263671,37674770.0
172,Canada,2020-07-13,542.0,8.0,4.037,41.4,16.984,10.797,0.026195647557583114,0.23177083333333334,0.024370059067623167,0.00015187758666514788,0.5552654444958042,0.2534881431411198,0.21428571428571427,0.8541666666666666,0.81,0.02598808879263671,37674770.0
173,Canada,2020-07-14,426.0,4.0,4.037,41.4,16.984,10.797,0.026195647557583114,0.23177083333333334,0.024370059067623167,0.00015187758666514788,0.5552654444958042,0.2534881431411198,0.21428571428571427,0.8541666666666666,0.81,0.02598808879263671,37674770.0
174,Canada,2020-07-15,406.0,14.0,4.037,41.4,16.984,10.797,0.026195647557583114,0.23177083333333334,0.024370059067623167,0.00015187758666514788,0.5552654444958042,0.2534881431411198,0.21428571428571427,0.8541666666666666,0.81,0.02598808879263671,37674770.0
175,Canada,2020-07-16,482.0,11.0,4.037,41.4,16.984,10.797,0.026195647557583114,0.23177083333333334,0.024370059067623167,0.00015187758666514788,0.5552654444958042,0.2534881431411198,0.21428571428571427,0.8541666666666666,0.81,0.02598808879263671,37674770.0
176,Canada,2020-07-17,529.0,13.0,4.037,41.4,16.984,10.797,0.026195647557583114,0.23177083333333334,0.024370059067623167,0.00015187758666514788,0.5552654444958042,0.2534881431411198,0.21428571428571427,0.8541666666666666,0.81,0.02598808879263671,37674770.0
177,Canada,2020-07-18,384.0,4.0,4.037,41.4,16.984,10.797,0.026195647557583114,0.23177083333333334,0.024370059067623167,0.00015187758666514788,0.5552654444958042,0.2534881431411198,0.21428571428571427,0.8541666666666666,0.81,0.02598808879263671,37674770.0
178,Canada,2020-07-19,253.0,4.0,4.037,41.4,16.984,10.797,0.026195647557583114,0.23177083333333334,0.024370059067623167,0.00015187758666514788,0.5552654444958042,0.2534881431411198,0.21428571428571427,0.8541666666666666,0.81,0.02598808879263671,37674770.0
179,Canada,2020-07-20,795.0,4.0,4.037,41.4,16.984,10.797,0.026195647557583114,0.23177083333333334,0.024370059067623167,0.00015187758666514788,0.5552654444958042,0.2534881431411198,0.21428571428571427,0.8541666666666666,0.81,0.02598808879263671,37674770.0
180,Canada,2020-07-21,460.0,5.0,4.037,41.4,16.984,10.797,0.026195647557583114,0.23177083333333334,0.024370059067623167,0.00015187758666514788,0.5552654444958042,0.2534881431411198,0.21428571428571427,0.8541666666666666,0.81,0.02598808879263671,37674770.0
181,Canada,2020-07-22,382.0,5.0,4.037,41.4,16.984,10.797,0.026195647557583114,0.23177083333333334,0.024370059067623167,0.00015187758666514788,0.5552654444958042,0.2534881431411198,0.21428571428571427,0.8541666666666666,0.81,0.02598808879263671,37674770.0
182,Canada,2020-07-23,736.0,8.0,4.037,41.4,16.984,10.797,0.026195647557583114,0.23177083333333334,0.024370059067623167,0.00015187758666514788,0.5552654444958042,0.2534881431411198,0.21428571428571427,0.8541666666666666,0.81,0.02598808879263671,37674770.0
183,Canada,2020-07-24,437.0,6.0,4.037,41.4,16.984,10.797,0.026195647557583114,0.23177083333333334,0.024370059067623167,0.00015187758666514788,0.5552654444958042,0.2534881431411198,0.21428571428571427,0.8541666666666666,0.81,0.02598808879263671,37674770.0
184,Canada,2020-07-25,336.0,3.0,4.037,41.4,16.984,10.797,0.026195647557583114,0.23177083333333334,0.024370059067623167,0.00015187758666514788,0.5552654444958042,0.2534881431411198,0.21428571428571427,0.8541666666666666,0.81,0.02598808879263671,37674770.0
185,Canada,2020-07-26,307.0,4.0,4.037,41.4,16.984,10.797,0.026195647557583114,0.23177083333333334,0.024370059067623167,0.00015187758666514788,0.5552654444958042,0.2534881431411198,0.21428571428571427,0.8541666666666666,0.81,0.02598808879263671,37674770.0
186,Canada,2020-07-27,631.0,13.0,4.037,41.4,16.984,10.797,0.026195647557583114,0.23177083333333334,0.024370059067623167,0.00015187758666514788,0.5552654444958042,0.2534881431411198,0.21428571428571427,0.8541666666666666,0.81,0.02598808879263671,37674770.0
187,Canada,2020-07-28,377.0,9.0,4.037,41.4,16.984,10.797,0.026195647557583114,0.23177083333333334,0.024370059067623167,0.00015187758666514788,0.5552654444958042,0.2534881431411198,0.21428571428571427,0.8541666666666666,0.81,0.02598808879263671,37674770.0
188,Canada,2020-07-29,501.0,5.0,4.037,41.4,16.984,10.797,0.026195647557583114,0.23177083333333334,0.024370059067623167,0.00015187758666514788,0.5552654444958042,0.2534881431411198,0.21428571428571427,0.8541666666666666,0.81,0.02598808879263671,37674770.0
189,Canada,2020-07-30,446.0,13.0,4.037,41.4,16.984,10.797,0.026195647557583114,0.23177083333333334,0.024370059067623167,0.00015187758666514788,0.5552654444958042,0.2534881431411198,0.21428571428571427,0.8541666666666666,0.81,0.02598808879263671,37674770.0
190,Canada,2020-07-31,452.0,6.0,4.037,41.4,16.984,10.797,0.026195647557583114,0.23177083333333334,0.024370059067623167,0.00015187758666514788,0.5552654444958042,0.2534881431411198,0.21428571428571427,0.8541666666666666,0.81,0.02598808879263671,37674770.0
191,Canada,2020-08-01,254.0,4.0,4.037,41.4,16.984,10.797,0.026195647557583114,0.23177083333333334,0.024370059067623167,0.00015187758666514788,0.5552654444958042,0.2534881431411198,0.21428571428571427,0.8541666666666666,0.81,0.02598808879263671,37674770.0
192,Canada,2020-08-02,184.0,3.0,4.037,41.4,16.984,10.797,0.026195647557583114,0.23177083333333334,0.024370059067623167,0.00015187758666514788,0.5552654444958042,0.2534881431411198,0.21428571428571427,0.8541666666666666,0.81,0.02598808879263671,37674770.0
193,Canada,2020-08-03,267.0,0.0,4.037,41.4,16.984,10.797,0.026195647557583114,0.23177083333333334,0.024370059067623167,0.00015187758666514788,0.5552654444958042,0.2534881431411198,0.21428571428571427,0.8541666666666666,0.81,0.02598808879263671,37674770.0
194,Canada,2020-08-04,689.0,9.0,4.037,41.4,16.984,10.797,0.026195647557583114,0.23177083333333334,0.024370059067623167,0.00015187758666514788,0.5552654444958042,0.2534881431411198,0.21428571428571427,0.8541666666666666,0.81,0.02598808879263671,37674770.0
195,Canada,2020-08-05,358.0,5.0,4.037,41.4,16.984,10.797,0.026195647557583114,0.23177083333333334,0.024370059067623167,0.00015187758666514788,0.5552654444958042,0.2534881431411198,0.21428571428571427,0.8541666666666666,0.81,0.02598808879263671,37674770.0
196,Canada,2020-08-06,333.0,7.0,4.037,41.4,16.984,10.797,0.026195647557583114,0.23177083333333334,0.024370059067623167,0.00015187758666514788,0.5552654444958042,0.2534881431411198,0.21428571428571427,0.8541666666666666,0.81,0.02598808879263671,37674770.0
197,Canada,2020-08-07,442.0,5.0,4.037,41.4,16.984,10.797,0.026195647557583114,0.23177083333333334,0.024370059067623167,0.00015187758666514788,0.5552654444958042,0.2534881431411198,0.21428571428571427,0.8541666666666666,0.81,0.02598808879263671,37674770.0
198,Canada,2020-08-08,239.0,3.0,4.037,41.4,16.984,10.797,0.026195647557583114,0.23177083333333334,0.024370059067623167,0.00015187758666514788,0.5552654444958042,0.2534881431411198,0.21428571428571427,0.8541666666666666,0.81,0.02598808879263671,37674770.0
199,Canada,2020-08-09,223.0,4.0,4.037,41.4,16.984,10.797,0.026195647557583114,0.23177083333333334,0.024370059067623167,0.00015187758666514788,0.5552654444958042,0.2534881431411198,0.21428571428571427,0.8541666666666666,0.81,0.02598808879263671,37674770.0
200,Canada,2020-08-10,583.0,7.0,4.037,41.4,16.984,10.797,0.026195647557583114,0.23177083333333334,0.024370059067623167,0.00015187758666514788,0.5552654444958042,0.2534881431411198,0.21428571428571427,0.8541666666666666,0.81,0.02598808879263671,37674770.0
201,Canada,2020-08-11,362.0,6.0,4.037,41.4,16.984,10.797,0.026195647557583114,0.23177083333333334,0.024370059067623167,0.00015187758666514788,0.5552654444958042,0.2534881431411198,0.21428571428571427,0.8541666666666666,0.81,0.02598808879263671,37674770.0
202,Canada,2020-08-12,333.0,5.0,4.037,41.4,16.984,10.797,0.026195647557583114,0.23177083333333334,0.024370059067623167,0.00015187758666514788,0.5552654444958042,0.2534881431411198,0.21428571428571427,0.8541666666666666,0.81,0.02598808879263671,37674770.0
203,Canada,2020-08-13,494.0,5.0,4.037,41.4,16.984,10.797,0.026195647557583114,0.23177083333333334,0.024370059067623167,0.00015187758666514788,0.5552654444958042,0.2534881431411198,0.21428571428571427,0.8541666666666666,0.81,0.02598808879263671,37674770.0
204,Canada,2020-08-14,412.0,4.0,4.037,41.4,16.984,10.797,0.026195647557583114,0.23177083333333334,0.024370059067623167,0.00015187758666514788,0.5552654444958042,0.2534881431411198,0.21428571428571427,0.8541666666666666,0.81,0.02598808879263671,37674770.0
205,Canada,2020-08-15,210.0,6.0,4.037,41.4,16.984,10.797,0.026195647557583114,0.23177083333333334,0.024370059067623167,0.00015187758666514788,0.5552654444958042,0.2534881431411198,0.21428571428571427,0.8541666666666666,0.81,0.02598808879263671,37674770.0
206,Canada,2020-08-16,175.0,5.0,4.037,41.4,16.984,10.797,0.026195647557583114,0.23177083333333334,0.024370059067623167,0.00015187758666514788,0.5552654444958042,0.2534881431411198,0.21428571428571427,0.8541666666666666,0.81,0.02598808879263671,37674770.0
207,Canada,2020-08-17,204.0,2.0,4.037,41.4,16.984,10.797,0.026195647557583114,0.23177083333333334,0.024370059067623167,0.00015187758666514788,0.5552654444958042,0.2534881431411198,0.21428571428571427,0.8541666666666666,0.81,0.02598808879263671,37674770.0
208,Canada,2020-08-18,903.0,13.0,4.037,41.4,16.984,10.797,0.026195647557583114,0.23177083333333334,0.024370059067623167,0.00015187758666514788,0.5552654444958042,0.2534881431411198,0.21428571428571427,0.8541666666666666,0.81,0.02598808879263671,37674770.0
209,Canada,2020-08-19,355.0,5.0,4.037,41.4,16.984,10.797,0.026195647557583114,0.23177083333333334,0.024370059067623167,0.00015187758666514788,0.5552654444958042,0.2534881431411198,0.21428571428571427,0.8541666666666666,0.81,0.02598808879263671,37674770.0
210,Canada,2020-08-20,246.0,3.0,4.037,41.4,16.984,10.797,0.026195647557583114,0.23177083333333334,0.024370059067623167,0.00015187758666514788,0.5552654444958042,0.2534881431411198,0.21428571428571427,0.8541666666666666,0.81,0.02598808879263671,37674770.0
211,Canada,2020-08-21,705.0,14.0,4.037,41.4,16.984,10.797,0.026195647557583114,0.23177083333333334,0.024370059067623167,0.00015187758666514788,0.5552654444958042,0.2534881431411198,0.21428571428571427,0.8541666666666666,0.81,0.02598808879263671,37674770.0
212,Canada,2020-08-22,203.0,1.0,4.037,41.4,16.984,10.797,0.026195647557583114,0.23177083333333334,0.024370059067623167,0.00015187758666514788,0.5552654444958042,0.2534881431411198,0.21428571428571427,0.8541666666666666,0.81,0.02598808879263671,37674770.0
213,Canada,2020-08-23,263.0,4.0,4.037,41.4,16.984,10.797,0.026195647557583114,0.23177083333333334,0.024370059067623167,0.00015187758666514788,0.5552654444958042,0.2534881431411198,0.21428571428571427,0.8541666666666666,0.81,0.02598808879263671,37674770.0
214,Canada,2020-08-24,741.0,8.0,4.037,41.4,16.984,10.797,0.026195647557583114,0.23177083333333334,0.024370059067623167,0.00015187758666514788,0.5552654444958042,0.2534881431411198,0.21428571428571427,0.8541666666666666,0.81,0.02598808879263671,37674770.0
215,Canada,2020-08-25,371.0,5.0,4.037,41.4,16.984,10.797,0.026195647557583114,0.23177083333333334,0.024370059067623167,0.00015187758666514788,0.5552654444958042,0.2534881431411198,0.21428571428571427,0.8541666666666666,0.81,0.02598808879263671,37674770.0
216,Canada,2020-08-26,484.0,4.0,4.037,41.4,16.984,10.797,0.026195647557583114,0.23177083333333334,0.024370059067623167,0.00015187758666514788,0.5552654444958042,0.2534881431411198,0.21428571428571427,0.8541666666666666,0.81,0.02598808879263671,37674770.0
217,Canada,2020-08-27,475.0,5.0,4.037,41.4,16.984,10.797,0.026195647557583114,0.23177083333333334,0.024370059067623167,0.00015187758666514788,0.5552654444958042,0.2534881431411198,0.21428571428571427,0.8541666666666666,0.81,0.02598808879263671,37674770.0
218,Canada,2020-08-28,562.0,12.0,4.037,41.4,16.984,10.797,0.026195647557583114,0.23177083333333334,0.024370059067623167,0.00015187758666514788,0.5552654444958042,0.2534881431411198,0.21428571428571427,0.8541666666666666,0.81,0.02598808879263671,37674770.0
219,Canada,2020-08-29,327.0,2.0,4.037,41.4,16.984,10.797,0.026195647557583114,0.23177083333333334,0.024370059067623167,0.00015187758666514788,0.5552654444958042,0.2534881431411198,0.21428571428571427,0.8541666666666666,0.81,0.02598808879263671,37674770.0
220,Canada,2020-08-30,278.0,2.0,4.037,41.4,16.984,10.797,0.026195647557583114,0.23177083333333334,0.024370059067623167,0.00015187758666514788,0.5552654444958042,0.2534881431411198,0.21428571428571427,0.8541666666666666,0.81,0.02598808879263671,37674770.0
221,Canada,2020-08-31,1033.0,8.0,4.037,41.4,16.984,10.797,0.026195647557583114,0.23177083333333334,0.024370059067623167,0.00015187758666514788,0.5552654444958042,0.2534881431411198,0.21428571428571427,0.8541666666666666,0.81,0.02598808879263671,37674770.0
222,Canada,2020-09-01,537.0,4.0,4.037,41.4,16.984,10.797,0.026195647557583114,0.23177083333333334,0.024370059067623167,0.00015187758666514788,0.5552654444958042,0.2534881431411198,0.21428571428571427,0.8541666666666666,0.81,0.02598808879263671,37674770.0
223,Canada,2020-09-02,567.0,2.0,4.037,41.4,16.984,10.797,0.026195647557583114,0.23177083333333334,0.024370059067623167,0.00015187758666514788,0.5552654444958042,0.2534881431411198,0.21428571428571427,0.8541666666666666,0.81,0.02598808879263671,37674770.0
224,Canada,2020-09-03,652.0,5.0,4.037,41.4,16.984,10.797,0.026195647557583114,0.23177083333333334,0.024370059067623167,0.00015187758666514788,0.5552654444958042,0.2534881431411198,0.21428571428571427,0.8541666666666666,0.81,0.02598808879263671,37674770.0
225,Canada,2020-09-04,638.0,0.0,4.037,41.4,16.984,10.797,0.026195647557583114,0.23177083333333334,0.024370059067623167,0.00015187758666514788,0.5552654444958042,0.2534881431411198,0.21428571428571427,0.8541666666666666,0.81,0.02598808879263671,37674770.0
226,Canada,2020-09-05,380.0,1.0,4.037,41.4,16.984,10.797,0.026195647557583114,0.23177083333333334,0.024370059067623167,0.00015187758666514788,0.5552654444958042,0.2534881431411198,0.21428571428571427,0.8541666666666666,0.81,0.02598808879263671,37674770.0
227,Canada,2020-09-06,431.0,2.0,4.037,41.4,16.984,10.797,0.026195647557583114,0.23177083333333334,0.024370059067623167,0.00015187758666514788,0.5552654444958042,0.2534881431411198,0.21428571428571427,0.8541666666666666,0.81,0.02598808879263671,37674770.0
228,Canada,2020-09-07,417.0,2.0,4.037,41.4,16.984,10.797,0.026195647557583114,0.23177083333333334,0.024370059067623167,0.00015187758666514788,0.5552654444958042,0.2534881431411198,0.21428571428571427,0.8541666666666666,0.81,0.02598808879263671,37674770.0
229,Canada,2020-09-08,1478.0,7.0,4.037,41.4,16.984,10.797,0.026195647557583114,0.23177083333333334,0.024370059067623167,0.00015187758666514788,0.5552654444958042,0.2534881431411198,0.21428571428571427,0.8541666666666666,0.81,0.02598808879263671,37674770.0
230,Canada,2020-09-09,506.0,4.0,4.037,41.4,16.984,10.797,0.026195647557583114,0.23177083333333334,0.024370059067623167,0.00015187758666514788,0.5552654444958042,0.2534881431411198,0.21428571428571427,0.8541666666666666,0.81,0.02598808879263671,37674770.0
231,Canada,2020-09-10,982.0,8.0,4.037,41.4,16.984,10.797,0.026195647557583114,0.23177083333333334,0.024370059067623167,0.00015187758666514788,0.5552654444958042,0.2534881431411198,0.21428571428571427,0.8541666666666666,0.81,0.02598808879263671,37674770.0
233,Canada,2020-09-12,639.0,3.0,4.037,41.4,16.984,10.797,0.026195647557583114,0.23177083333333334,0.024370059067623167,0.00015187758666514788,0.5552654444958042,0.2534881431411198,0.21428571428571427,0.8541666666666666,0.81,0.02598808879263671,37674770.0
234,Canada,2020-09-13,576.0,4.0,4.037,41.4,16.984,10.797,0.026195647557583114,0.23177083333333334,0.024370059067623167,0.00015187758666514788,0.5552654444958042,0.2534881431411198,0.21428571428571427,0.8541666666666666,0.81,0.02598808879263671,37674770.0
235,Canada,2020-09-14,1329.0,12.0,4.037,41.4,16.984,10.797,0.026195647557583114,0.23177083333333334,0.024370059067623167,0.00015187758666514788,0.5552654444958042,0.2534881431411198,0.21428571428571427,0.8541666666666666,0.81,0.02598808879263671,37674770.0
236,Canada,2020-09-15,930.0,7.0,4.037,41.4,16.984,10.797,0.026195647557583114,0.23177083333333334,0.024370059067623167,0.00015187758666514788,0.5552654444958042,0.2534881431411198,0.21428571428571427,0.8541666666666666,0.81,0.02598808879263671,37674770.0
237,Canada,2020-09-16,1004.0,5.0,4.037,41.4,16.984,10.797,0.026195647557583114,0.23177083333333334,0.024370059067623167,0.00015187758666514788,0.5552654444958042,0.2534881431411198,0.21428571428571427,0.8541666666666666,0.81,0.02598808879263671,37674770.0
238,Canada,2020-09-17,1115.0,7.0,4.037,41.4,16.984,10.797,0.026195647557583114,0.23177083333333334,0.024370059067623167,0.00015187758666514788,0.5552654444958042,0.2534881431411198,0.21428571428571427,0.8541666666666666,0.81,0.02598808879263671,37674770.0
239,Canada,2020-09-18,1281.0,10.0,4.037,41.4,16.984,10.797,0.026195647557583114,0.23177083333333334,0.024370059067623167,0.00015187758666514788,0.5552654444958042,0.2534881431411198,0.21428571428571427,0.8541666666666666,0.81,0.02598808879263671,37674770.0
240,Canada,2020-09-19,966.0,7.0,4.037,41.4,16.984,10.797,0.026195647557583114,0.23177083333333334,0.024370059067623167,0.00015187758666514788,0.5552654444958042,0.2534881431411198,0.21428571428571427,0.8541666666666666,0.81,0.02598808879263671,37674770.0
241,Canada,2020-09-20,934.0,3.0,4.037,41.4,16.984,10.797,0.026195647557583114,0.23177083333333334,0.024370059067623167,0.00015187758666514788,0.5552654444958042,0.2534881431411198,0.21428571428571427,0.8541666666666666,0.81,0.02598808879263671,37674770.0
242,Canada,2020-09-21,1680.0,11.0,4.037,41.4,16.984,10.797,0.026195647557583114,0.23177083333333334,0.024370059067623167,0.00015187758666514788,0.5552654444958042,0.2534881431411198,0.21428571428571427,0.8541666666666666,0.81,0.02598808879263671,37674770.0
243,Canada,2020-09-22,1213.0,8.0,4.037,41.4,16.984,10.797,0.026195647557583114,0.23177083333333334,0.024370059067623167,0.00015187758666514788,0.5552654444958042,0.2534881431411198,0.21428571428571427,0.8541666666666666,0.81,0.02598808879263671,37674770.0
244,Canada,2020-09-23,1425.0,9.0,4.037,41.4,16.984,10.797,0.026195647557583114,0.23177083333333334,0.024370059067623167,0.00015187758666514788,0.5552654444958042,0.2534881431411198,0.21428571428571427,0.8541666666666666,0.81,0.02598808879263671,37674770.0
245,Canada,2020-09-24,1430.0,9.0,4.037,41.4,16.984,10.797,0.026195647557583114,0.23177083333333334,0.024370059067623167,0.00015187758666514788,0.5552654444958042,0.2534881431411198,0.21428571428571427,0.8541666666666666,0.81,0.02598808879263671,37674770.0
246,Canada,2020-09-25,1794.0,7.0,4.037,41.4,16.984,10.797,0.026195647557583114,0.23177083333333334,0.024370059067623167,0.00015187758666514788,0.5552654444958042,0.2534881431411198,0.21428571428571427,0.8541666666666666,0.81,0.02598808879263671,37674770.0
247,Canada,2020-09-26,1633.0,5.0,4.037,41.4,16.984,10.797,0.026195647557583114,0.23177083333333334,0.024370059067623167,0.00015187758666514788,0.5552654444958042,0.2534881431411198,0.21428571428571427,0.8541666666666666,0.81,0.02598808879263671,37674770.0
248,Canada,2020-09-27,1458.0,6.0,4.037,41.4,16.984,10.797,0.026195647557583114,0.23177083333333334,0.024370059067623167,0.00015187758666514788,0.5552654444958042,0.2534881431411198,0.21428571428571427,0.8541666666666666,0.81,0.02598808879263671,37674770.0
249,Canada,2020-09-28,2203.0,17.0,4.037,41.4,16.984,10.797,0.026195647557583114,0.23177083333333334,0.024370059067623167,0.00015187758666514788,0.5552654444958042,0.2534881431411198,0.21428571428571427,0.8541666666666666,0.81,0.02598808879263671,37674770.0
250,Canada,2020-09-29,1932.0,14.0,4.037,41.4,16.984,10.797,0.026195647557583114,0.23177083333333334,0.024370059067623167,0.00015187758666514788,0.5552654444958042,0.2534881431411198,0.21428571428571427,0.8541666666666666,0.81,0.02598808879263671,37674770.0
251,Canada,2020-09-30,2021.0,18.0,4.037,41.4,16.984,10.797,0.026195647557583114,0.23177083333333334,0.024370059067623167,0.00015187758666514788,0.5552654444958042,0.2534881431411198,0.21428571428571427,0.8541666666666666,0.81,0.02598808879263671,37674770.0
252,Canada,2020-10-01,1884.0,16.0,4.037,41.4,16.984,10.797,0.026195647557583114,0.23177083333333334,0.024370059067623167,0.00015187758666514788,0.5552654444958042,0.2534881431411198,0.21428571428571427,0.8541666666666666,0.81,0.02598808879263671,37674770.0
253,Canada,2020-10-02,2167.0,90.0,4.037,41.4,16.984,10.797,0.026195647557583114,0.23177083333333334,0.024370059067623167,0.00015187758666514788,0.5552654444958042,0.2534881431411198,0.21428571428571427,0.8541666666666666,0.81,0.02598808879263671,37674770.0
254,Canada,2020-10-03,1761.0,52.0,4.037,41.4,16.984,10.797,0.026195647557583114,0.23177083333333334,0.024370059067623167,0.00015187758666514788,0.5552654444958042,0.2534881431411198,0.21428571428571427,0.8541666666666666,0.81,0.02598808879263671,37674770.0
255,Canada,2020-10-04,1661.0,18.0,4.037,41.4,16.984,10.797,0.026195647557583114,0.23177083333333334,0.024370059067623167,0.00015187758666514788,0.5552654444958042,0.2534881431411198,0.21428571428571427,0.8541666666666666,0.81,0.02598808879263671,37674770.0
256,Canada,2020-10-05,2419.0,25.0,4.037,41.4,16.984,10.797,0.026195647557583114,0.23177083333333334,0.024370059067623167,0.00015187758666514788,0.5552654444958042,0.2534881431411198,0.21428571428571427,0.8541666666666666,0.81,0.02598808879263671,37674770.0
257,Canada,2020-10-06,2159.0,22.0,4.037,41.4,16.984,10.797,0.026195647557583114,0.23177083333333334,0.024370059067623167,0.00015187758666514788,0.5552654444958042,0.2534881431411198,0.21428571428571427,0.8541666666666666,0.81,0.02598808879263671,37674770.0
258,Canada,2020-10-07,2108.0,19.0,4.037,41.4,16.984,10.797,0.026195647557583114,0.23177083333333334,0.024370059067623167,0.00015187758666514788,0.5552654444958042,0.2534881431411198,0.21428571428571427,0.8541666666666666,0.81,0.02598808879263671,37674770.0
259,Canada,2020-10-08,2402.0,18.0,4.037,41.4,16.984,10.797,0.026195647557583114,0.23177083333333334,0.024370059067623167,0.00015187758666514788,0.5552654444958042,0.2534881431411198,0.21428571428571427,0.8541666666666666,0.81,0.02598808879263671,37674770.0
260,Canada,2020-10-09,2455.0,14.0,4.037,41.4,16.984,10.797,0.026195647557583114,0.23177083333333334,0.024370059067623167,0.00015187758666514788,0.5552654444958042,0.2534881431411198,0.21428571428571427,0.8541666666666666,0.81,0.02598808879263671,37674770.0
261,Canada,2020-10-10,1754.0,26.0,4.037,41.4,16.984,10.797,0.026195647557583114,0.23177083333333334,0.024370059067623167,0.00015187758666514788,0.5552654444958042,0.2534881431411198,0.21428571428571427,0.8541666666666666,0.81,0.02598808879263671,37674770.0
262,Canada,2020-10-11,1897.0,14.0,4.037,41.4,16.984,10.797,0.026195647557583114,0.23177083333333334,0.024370059067623167,0.00015187758666514788,0.5552654444958042,0.2534881431411198,0.21428571428571427,0.8541666666666666,0.81,0.02598808879263671,37674770.0
263,Canada,2020-10-12,1525.0,15.0,4.037,41.4,16.984,10.797,0.026195647557583114,0.23177083333333334,0.024370059067623167,0.00015187758666514788,0.5552654444958042,0.2534881431411198,0.21428571428571427,0.8541666666666666,0.81,0.02598808879263671,37674770.0
264,Canada,2020-10-13,3470.0,28.0,4.037,41.4,16.984,10.797,0.026195647557583114,0.23177083333333334,0.024370059067623167,0.00015187758666514788,0.5552654444958042,0.2534881431411198,0.21428571428571427,0.8541666666666666,0.81,0.02598808879263671,37674770.0
265,Canada,2020-10-14,2539.0,23.0,4.037,41.4,16.984,10.797,0.026195647557583114,0.23177083333333334,0.024370059067623167,0.00015187758666514788,0.5552654444958042,0.2534881431411198,0.21428571428571427,0.8541666666666666,0.81,0.02598808879263671,37674770.0
266,Canada,2020-10-15,2493.0,17.0,4.037,41.4,16.984,10.797,0.026195647557583114,0.23177083333333334,0.024370059067623167,0.00015187758666514788,0.5552654444958042,0.2534881431411198,0.21428571428571427,0.8541666666666666,0.81,0.02598808879263671,37674770.0
267,Canada,2020-10-16,2440.0,30.0,4.037,41.4,16.984,10.797,0.026195647557583114,0.23177083333333334,0.024370059067623167,0.00015187758666514788,0.5552654444958042,0.2534881431411198,0.21428571428571427,0.8541666666666666,0.81,0.02598808879263671,37674770.0
268,Canada,2020-10-17,1783.0,17.0,4.037,41.4,16.984,10.797,0.026195647557583114,0.23177083333333334,0.024370059067623167,0.00015187758666514788,0.5552654444958042,0.2534881431411198,0.21428571428571427,0.8541666666666666,0.81,0.02598808879263671,37674770.0
269,Canada,2020-10-18,1933.0,18.0,4.037,41.4,16.984,10.797,0.026195647557583114,0.23177083333333334,0.024370059067623167,0.00015187758666514788,0.5552654444958042,0.2534881431411198,0.21428571428571427,0.8541666666666666,0.81,0.02598808879263671,37674770.0
270,Canada,2020-10-19,3141.0,33.0,4.037,41.4,16.984,10.797,0.026195647557583114,0.23177083333333334,0.024370059067623167,0.00015187758666514788,0.5552654444958042,0.2534881431411198,0.21428571428571427,0.8541666666666666,0.81,0.02598808879263671,37674770.0
271,Canada,2020-10-20,2477.0,17.0,4.037,41.4,16.984,10.797,0.026195647557583114,0.23177083333333334,0.024370059067623167,0.00015187758666514788,0.5552654444958042,0.2534881431411198,0.21428571428571427,0.8541666666666666,0.81,0.02598808879263671,37674770.0
272,Canada,2020-10-21,2659.0,38.0,4.037,41.4,16.984,10.797,0.026195647557583114,0.23177083333333334,0.024370059067623167,0.00015187758666514788,0.5552654444958042,0.2534881431411198,0.21428571428571427,0.8541666666666666,0.81,0.02598808879263671,37674770.0
273,Canada,2020-10-22,2548.0,31.0,4.037,41.4,16.984,10.797,0.026195647557583114,0.23177083333333334,0.024370059067623167,0.00015187758666514788,0.5552654444958042,0.2534881431411198,0.21428571428571427,0.8541666666666666,0.81,0.02598808879263671,37674770.0
274,Canada,2020-10-23,3105.0,29.0,4.037,41.4,16.984,10.797,0.026195647557583114,0.23177083333333334,0.024370059067623167,0.00015187758666514788,0.5552654444958042,0.2534881431411198,0.21428571428571427,0.8541666666666666,0.81,0.02598808879263671,37674770.0
275,Canada,2020-10-24,2014.0,27.0,4.037,41.4,16.984,10.797,0.026195647557583114,0.23177083333333334,0.024370059067623167,0.00015187758666514788,0.5552654444958042,0.2534881431411198,0.21428571428571427,0.8541666666666666,0.81,0.02598808879263671,37674770.0
276,Canada,2020-10-25,1930.0,29.0,4.037,41.4,16.984,10.797,0.026195647557583114,0.23177083333333334,0.024370059067623167,0.00015187758666514788,0.5552654444958042,0.2534881431411198,0.21428571428571427,0.8541666666666666,0.81,0.02598808879263671,37674770.0
277,Canada,2020-10-26,4230.0,34.0,4.037,41.4,16.984,10.797,0.026195647557583114,0.23177083333333334,0.024370059067623167,0.00015187758666514788,0.5552654444958042,0.2534881431411198,0.21428571428571427,0.8541666666666666,0.81,0.02598808879263671,37674770.0
278,Canada,2020-10-27,2749.0,27.0,4.037,41.4,16.984,10.797,0.026195647557583114,0.23177083333333334,0.024370059067623167,0.00015187758666514788,0.5552654444958042,0.2534881431411198,0.21428571428571427,0.8541666666666666,0.81,0.02598808879263671,37674770.0
279,Canada,2020-10-28,2876.0,37.0,4.037,41.4,16.984,10.797,0.026195647557583114,0.23177083333333334,0.024370059067623167,0.00015187758666514788,0.5552654444958042,0.2534881431411198,0.21428571428571427,0.8541666666666666,0.81,0.02598808879263671,37674770.0
280,Canada,2020-10-29,2956.0,33.0,4.037,41.4,16.984,10.797,0.026195647557583114,0.23177083333333334,0.024370059067623167,0.00015187758666514788,0.5552654444958042,0.2534881431411198,0.21428571428571427,0.8541666666666666,0.81,0.02598808879263671,37674770.0
281,Canada,2020-10-30,3427.0,45.0,4.037,41.4,16.984,10.797,0.026195647557583114,0.23177083333333334,0.024370059067623167,0.00015187758666514788,0.5552654444958042,0.2534881431411198,0.21428571428571427,0.8541666666666666,0.81,0.02598808879263671,37674770.0
282,Canada,2020-10-31,2322.0,41.0,4.037,41.4,16.984,10.797,0.026195647557583114,0.23177083333333334,0.024370059067623167,0.00015187758666514788,0.5552654444958042,0.2534881431411198,0.21428571428571427,0.8541666666666666,0.81,0.02598808879263671,37674770.0
283,Canada,2020-11-01,2517.0,37.0,4.037,41.4,16.984,10.797,0.026195647557583114,0.23177083333333334,0.024370059067623167,0.00015187758666514788,0.5552654444958042,0.2534881431411198,0.21428571428571427,0.8541666666666666,0.81,0.02598808879263671,37674770.0
284,Canada,2020-11-02,3304.0,29.0,4.037,41.4,16.984,10.797,0.026195647557583114,0.23177083333333334,0.024370059067623167,0.00015187758666514788,0.5552654444958042,0.2534881431411198,0.21428571428571427,0.8541666666666666,0.81,0.02598808879263671,37674770.0
285,Canada,2020-11-03,4721.0,57.0,4.037,41.4,16.984,10.797,0.026195647557583114,0.23177083333333334,0.024370059067623167,0.00015187758666514788,0.5552654444958042,0.2534881431411198,0.21428571428571427,0.8541666666666666,0.81,0.02598808879263671,37674770.0
286,Canada,2020-11-04,2859.0,42.0,4.037,41.4,16.984,10.797,0.026195647557583114,0.23177083333333334,0.024370059067623167,0.00015187758666514788,0.5552654444958042,0.2534881431411198,0.21428571428571427,0.8541666666666666,0.81,0.02598808879263671,37674770.0
287,Canada,2020-11-05,4040.0,43.0,4.037,41.4,16.984,10.797,0.026195647557583114,0.23177083333333334,0.024370059067623167,0.00015187758666514788,0.5552654444958042,0.2534881431411198,0.21428571428571427,0.8541666666666666,0.81,0.02598808879263671,37674770.0
288,Canada,2020-11-06,4809.0,56.0,4.037,41.4,16.984,10.797,0.026195647557583114,0.23177083333333334,0.024370059067623167,0.00015187758666514788,0.5552654444958042,0.2534881431411198,0.21428571428571427,0.8541666666666666,0.81,0.02598808879263671,37674770.0
289,Canada,2020-11-07,4230.0,47.0,4.037,41.4,16.984,10.797,0.026195647557583114,0.23177083333333334,0.024370059067623167,0.00015187758666514788,0.5552654444958042,0.2534881431411198,0.21428571428571427,0.8541666666666666,0.81,0.02598808879263671,37674770.0
290,Canada,2020-11-08,3952.0,52.0,4.037,41.4,16.984,10.797,0.026195647557583114,0.23177083333333334,0.024370059067623167,0.00015187758666514788,0.5552654444958042,0.2534881431411198,0.21428571428571427,0.8541666666666666,0.81,0.02598808879263671,37674770.0
291,Canada,2020-11-09,4891.0,58.0,4.037,41.4,16.984,10.797,0.026195647557583114,0.23177083333333334,0.024370059067623167,0.00015187758666514788,0.5552654444958042,0.2534881431411198,0.21428571428571427,0.8541666666666666,0.81,0.02598808879263671,37674770.0
292,Canada,2020-11-10,4641.0,62.0,4.037,41.4,16.984,10.797,0.026195647557583114,0.23177083333333334,0.024370059067623167,0.00015187758666514788,0.5552654444958042,0.2534881431411198,0.21428571428571427,0.8541666666666666,0.81,0.02598808879263671,37674770.0
293,Canada,2020-11-11,4120.0,61.0,4.037,41.4,16.984,10.797,0.026195647557583114,0.23177083333333334,0.024370059067623167,0.00015187758666514788,0.5552654444958042,0.2534881431411198,0.21428571428571427,0.8541666666666666,0.81,0.02598808879263671,37674770.0
294,Canada,2020-11-12,5491.0,76.0,4.037,41.4,16.984,10.797,0.026195647557583114,0.23177083333333334,0.024370059067623167,0.00015187758666514788,0.5552654444958042,0.2534881431411198,0.21428571428571427,0.8541666666666666,0.81,0.02598808879263671,37674770.0
295,Canada,2020-11-13,4864.0,49.0,4.037,41.4,16.984,10.797,0.026195647557583114,0.23177083333333334,0.024370059067623167,0.00015187758666514788,0.5552654444958042,0.2534881431411198,0.21428571428571427,0.8541666666666666,0.81,0.02598808879263671,37674770.0
296,Canada,2020-11-14,4285.0,63.0,4.037,41.4,16.984,10.797,0.026195647557583114,0.23177083333333334,0.024370059067623167,0.00015187758666514788,0.5552654444958042,0.2534881431411198,0.21428571428571427,0.8541666666666666,0.81,0.02598808879263671,37674770.0
297,Canada,2020-11-15,4105.0,73.0,4.037,41.4,16.984,10.797,0.026195647557583114,0.23177083333333334,0.024370059067623167,0.00015187758666514788,0.5552654444958042,0.2534881431411198,0.21428571428571427,0.8541666666666666,0.81,0.02598808879263671,37674770.0
298,Canada,2020-11-16,5818.0,74.0,4.037,41.4,16.984,10.797,0.026195647557583114,0.23177083333333334,0.024370059067623167,0.00015187758666514788,0.5552654444958042,0.2534881431411198,0.21428571428571427,0.8541666666666666,0.81,0.02598808879263671,37674770.0
299,Canada,2020-11-17,4423.0,66.0,4.037,41.4,16.984,10.797,0.026195647557583114,0.23177083333333334,0.024370059067623167,0.00015187758666514788,0.5552654444958042,0.2534881431411198,0.21428571428571427,0.8541666666666666,0.81,0.02598808879263671,37674770.0
300,Canada,2020-11-18,4714.0,102.0,4.037,41.4,16.984,10.797,0.026195647557583114,0.23177083333333334,0.024370059067623167,0.00015187758666514788,0.5552654444958042,0.2534881431411198,0.21428571428571427,0.8541666666666666,0.81,0.02598808879263671,37674770.0
301,Canada,2020-11-19,5015.0,73.0,4.037,41.4,16.984,10.797,0.026195647557583114,0.23177083333333334,0.024370059067623167,0.00015187758666514788,0.5552654444958042,0.2534881431411198,0.21428571428571427,0.8541666666666666,0.81,0.02598808879263671,37674770.0
302,Canada,2020-11-20,5073.0,65.0,4.037,41.4,16.984,10.797,0.026195647557583114,0.23177083333333334,0.024370059067623167,0.00015187758666514788,0.5552654444958042,0.2534881431411198,0.21428571428571427,0.8541666666666666,0.81,0.02598808879263671,37674770.0
303,Canada,2020-11-21,4829.0,68.0,4.037,41.4,16.984,10.797,0.026195647557583114,0.23177083333333334,0.024370059067623167,0.00015187758666514788,0.5552654444958042,0.2534881431411198,0.21428571428571427,0.8541666666666666,0.81,0.02598808879263671,37674770.0
304,Canada,2020-11-22,4634.0,58.0,4.037,41.4,16.984,10.797,0.026195647557583114,0.23177083333333334,0.024370059067623167,0.00015187758666514788,0.5552654444958042,0.2534881431411198,0.21428571428571427,0.8541666666666666,0.81,0.02598808879263671,37674770.0
305,Canada,2020-11-23,6772.0,77.0,4.037,41.4,16.984,10.797,0.026195647557583114,0.23177083333333334,0.024370059067623167,0.00015187758666514788,0.5552654444958042,0.2534881431411198,0.21428571428571427,0.8541666666666666,0.81,0.02598808879263671,37674770.0
306,Canada,2020-11-24,5430.0,91.0,4.037,41.4,16.984,10.797,0.026195647557583114,0.23177083333333334,0.024370059067623167,0.00015187758666514788,0.5552654444958042,0.2534881431411198,0.21428571428571427,0.8541666666666666,0.81,0.02598808879263671,37674770.0
307,Canada,2020-11-25,5645.0,93.0,4.037,41.4,16.984,10.797,0.026195647557583114,0.23177083333333334,0.024370059067623167,0.00015187758666514788,0.5552654444958042,0.2534881431411198,0.21428571428571427,0.8541666666666666,0.81,0.02598808879263671,37674770.0
308,Canada,2020-11-26,5862.0,86.0,4.037,41.4,16.984,10.797,0.026195647557583114,0.23177083333333334,0.024370059067623167,0.00015187758666514788,0.5552654444958042,0.2534881431411198,0.21428571428571427,0.8541666666666666,0.81,0.02598808879263671,37674770.0
309,Canada,2020-11-27,5869.0,83.0,4.037,41.4,16.984,10.797,0.026195647557583114,0.23177083333333334,0.024370059067623167,0.00015187758666514788,0.5552654444958042,0.2534881431411198,0.21428571428571427,0.8541666666666666,0.81,0.02598808879263671,37674770.0
310,Canada,2020-11-28,5584.0,73.0,4.037,41.4,16.984,10.797,0.026195647557583114,0.23177083333333334,0.024370059067623167,0.00015187758666514788,0.5552654444958042,0.2534881431411198,0.21428571428571427,0.8541666666666666,0.81,0.02598808879263671,37674770.0
311,Canada,2020-11-29,5453.0,77.0,4.037,41.4,16.984,10.797,0.026195647557583114,0.23177083333333334,0.024370059067623167,0.00015187758666514788,0.5552654444958042,0.2534881431411198,0.21428571428571427,0.8541666666666666,0.81,0.02598808879263671,37674770.0
312,Canada,2020-11-30,7674.0,106.0,4.037,41.4,16.984,10.797,0.026195647557583114,0.23177083333333334,0.024370059067623167,0.00015187758666514788,0.5552654444958042,0.2534881431411198,0.21428571428571427,0.8541666666666666,0.81,0.02598808879263671,37674770.0
313,Canada,2020-12-01,5800.0,77.0,4.037,41.4,16.984,10.797,0.026195647557583114,0.23177083333333334,0.024370059067623167,0.00015187758666514788,0.5552654444958042,0.2534881431411198,0.21428571428571427,0.8541666666666666,0.81,0.02598808879263671,37674770.0
314,Canada,2020-12-02,6368.0,107.0,4.037,41.4,16.984,10.797,0.026195647557583114,0.23177083333333334,0.024370059067623167,0.00015187758666514788,0.5552654444958042,0.2534881431411198,0.21428571428571427,0.8541666666666666,0.81,0.02598808879263671,37674770.0
315,Canada,2020-12-03,6529.0,91.0,4.037,41.4,16.984,10.797,0.026195647557583114,0.23177083333333334,0.024370059067623167,0.00015187758666514788,0.5552654444958042,0.2534881431411198,0.21428571428571427,0.8541666666666666,0.81,0.02598808879263671,37674770.0
316,Canada,2020-12-04,6823.0,96.0,4.037,41.4,16.984,10.797,0.026195647557583114,0.23177083333333334,0.024370059067623167,0.00015187758666514788,0.5552654444958042,0.2534881431411198,0.21428571428571427,0.8541666666666666,0.81,0.02598808879263671,37674770.0
317,Canada,2020-12-05,6183.0,79.0,4.037,41.4,16.984,10.797,0.026195647557583114,0.23177083333333334,0.024370059067623167,0.00015187758666514788,0.5552654444958042,0.2534881431411198,0.21428571428571427,0.8541666666666666,0.81,0.02598808879263671,37674770.0
318,Canada,2020-12-06,5931.0,80.0,4.037,41.4,16.984,10.797,0.026195647557583114,0.23177083333333334,0.024370059067623167,0.00015187758666514788,0.5552654444958042,0.2534881431411198,0.21428571428571427,0.8541666666666666,0.81,0.02598808879263671,37674770.0
319,Canada,2020-12-07,7815.0,125.0,4.037,41.4,16.984,10.797,0.026195647557583114,0.23177083333333334,0.024370059067623167,0.00015187758666514788,0.5552654444958042,0.2534881431411198,0.21428571428571427,0.8541666666666666,0.81,0.02598808879263671,37674770.0
320,Canada,2020-12-08,6261.0,96.0,4.037,41.4,16.984,10.797,0.026195647557583114,0.23177083333333334,0.024370059067623167,0.00015187758666514788,0.5552654444958042,0.2534881431411198,0.21428571428571427,0.8541666666666666,0.81,0.02598808879263671,37674770.0
321,Canada,2020-12-09,6364.0,110.0,4.037,41.4,16.984,10.797,0.026195647557583114,0.23177083333333334,0.024370059067623167,0.00015187758666514788,0.5552654444958042,0.2534881431411198,0.21428571428571427,0.8541666666666666,0.81,0.02598808879263671,37674770.0
322,Canada,2020-12-10,6564.0,123.0,4.037,41.4,16.984,10.797,0.026195647557583114,0.23177083333333334,0.024370059067623167,0.00015187758666514788,0.5552654444958042,0.2534881431411198,0.21428571428571427,0.8541666666666666,0.81,0.02598808879263671,37674770.0
323,Canada,2020-12-11,7018.0,133.0,4.037,41.4,16.984,10.797,0.026195647557583114,0.23177083333333334,0.024370059067623167,0.00015187758666514788,0.5552654444958042,0.2534881431411198,0.21428571428571427,0.8541666666666666,0.81,0.02598808879263671,37674770.0
324,Canada,2020-12-12,6175.0,97.0,4.037,41.4,16.984,10.797,0.026195647557583114,0.23177083333333334,0.024370059067623167,0.00015187758666514788,0.5552654444958042,0.2534881431411198,0.21428571428571427,0.8541666666666666,0.81,0.02598808879263671,37674770.0
325,Canada,2020-12-13,5992.0,81.0,4.037,41.4,16.984,10.797,0.026195647557583114,0.23177083333333334,0.024370059067623167,0.00015187758666514788,0.5552654444958042,0.2534881431411198,0.21428571428571427,0.8541666666666666,0.81,0.02598808879263671,37674770.0
326,Canada,2020-12-14,8545.0,143.0,4.037,41.4,16.984,10.797,0.026195647557583114,0.23177083333333334,0.024370059067623167,0.00015187758666514788,0.5552654444958042,0.2534881431411198,0.21428571428571427,0.8541666666666666,0.81,0.02598808879263671,37674770.0
327,Canada,2020-12-15,6351.0,107.0,4.037,41.4,16.984,10.797,0.026195647557583114,0.23177083333333334,0.024370059067623167,0.00015187758666514788,0.5552654444958042,0.2534881431411198,0.21428571428571427,0.8541666666666666,0.81,0.02598808879263671,37674770.0
328,Canada,2020-12-16,6818.0,128.0,4.037,41.4,16.984,10.797,0.026195647557583114,0.23177083333333334,0.024370059067623167,0.00015187758666514788,0.5552654444958042,0.2534881431411198,0.21428571428571427,0.8541666666666666,0.81,0.02598808879263671,37674770.0
329,Canada,2020-12-17,7385.0,148.0,4.037,41.4,16.984,10.797,0.026195647557583114,0.23177083333333334,0.024370059067623167,0.00015187758666514788,0.5552654444958042,0.2534881431411198,0.21428571428571427,0.8541666666666666,0.81,0.02598808879263671,37674770.0
330,Canada,2020-12-18,7194.0,122.0,4.037,41.4,16.984,10.797,0.026195647557583114,0.23177083333333334,0.024370059067623167,0.00015187758666514788,0.5552654444958042,0.2534881431411198,0.21428571428571427,0.8541666666666666,0.81,0.02598808879263671,37674770.0
331,Canada,2020-12-19,6173.0,102.0,4.037,41.4,16.984,10.797,0.026195647557583114,0.23177083333333334,0.024370059067623167,0.00015187758666514788,0.5552654444958042,0.2534881431411198,0.21428571428571427,0.8541666666666666,0.81,0.02598808879263671,37674770.0
332,Canada,2020-12-20,6069.0,89.0,4.037,41.4,16.984,10.797,0.026195647557583114,0.23177083333333334,0.024370059067623167,0.00015187758666514788,0.5552654444958042,0.2534881431411198,0.21428571428571427,0.8541666666666666,0.81,0.02598808879263671,37674770.0
333,Canada,2020-12-21,7628.0,110.0,4.037,41.4,16.984,10.797,0.026195647557583114,0.23177083333333334,0.024370059067623167,0.00015187758666514788,0.5552654444958042,0.2534881431411198,0.21428571428571427,0.8541666666666666,0.81,0.02598808879263671,37674770.0
334,Canada,2020-12-22,6524.0,121.0,4.037,41.4,16.984,10.797,0.026195647557583114,0.23177083333333334,0.024370059067623167,0.00015187758666514788,0.5552654444958042,0.2534881431411198,0.21428571428571427,0.8541666666666666,0.81,0.02598808879263671,37674770.0
335,Canada,2020-12-23,6689.0,145.0,4.037,41.4,16.984,10.797,0.026195647557583114,0.23177083333333334,0.024370059067623167,0.00015187758666514788,0.5552654444958042,0.2534881431411198,0.21428571428571427,0.8541666666666666,0.81,0.02598808879263671,37674770.0
336,Canada,2020-12-24,6353.0,144.0,4.037,41.4,16.984,10.797,0.026195647557583114,0.23177083333333334,0.024370059067623167,0.00015187758666514788,0.5552654444958042,0.2534881431411198,0.21428571428571427,0.8541666666666666,0.81,0.02598808879263671,37674770.0
337,Canada,2020-12-25,5924.0,106.0,4.037,41.4,16.984,10.797,0.026195647557583114,0.23177083333333334,0.024370059067623167,0.00015187758666514788,0.5552654444958042,0.2534881431411198,0.21428571428571427,0.8541666666666666,0.81,0.02598808879263671,37674770.0
338,Canada,2020-12-26,5377.0,100.0,4.037,41.4,16.984,10.797,0.026195647557583114,0.23177083333333334,0.024370059067623167,0.00015187758666514788,0.5552654444958042,0.2534881431411198,0.21428571428571427,0.8541666666666666,0.81,0.02598808879263671,37674770.0
339,Canada,2020-12-27,5544.0,123.0,4.037,41.4,16.984,10.797,0.026195647557583114,0.23177083333333334,0.024370059067623167,0.00015187758666514788,0.5552654444958042,0.2534881431411198,0.21428571428571427,0.8541666666666666,0.81,0.02598808879263671,37674770.0
340,Canada,2020-12-28,6270.0,112.0,4.037,41.4,16.984,10.797,0.026195647557583114,0.23177083333333334,0.024370059067623167,0.00015187758666514788,0.5552654444958042,0.2534881431411198,0.21428571428571427,0.8541666666666666,0.81,0.02598808879263671,37674770.0
341,Canada,2020-12-29,9405.0,202.0,4.037,41.4,16.984,10.797,0.026195647557583114,0.23177083333333334,0.024370059067623167,0.00015187758666514788,0.5552654444958042,0.2534881431411198,0.21428571428571427,0.8541666666666666,0.81,0.02598808879263671,37674770.0
342,Canada,2020-12-30,7714.0,105.0,4.037,41.4,16.984,10.797,0.026195647557583114,0.23177083333333334,0.024370059067623167,0.00015187758666514788,0.5552654444958042,0.2534881431411198,0.21428571428571427,0.8541666666666666,0.81,0.02598808879263671,37674770.0
343,Canada,2020-12-31,6995.0,111.0,4.037,41.4,16.984,10.797,0.026195647557583114,0.23177083333333334,0.024370059067623167,0.00015187758666514788,0.5552654444958042,0.2534881431411198,0.21428571428571427,0.8541666666666666,0.81,0.02598808879263671,37674770.0
344,Canada,2021-01-01,6333.0,83.0,4.037,41.4,16.984,10.797,0.026195647557583114,0.23177083333333334,0.024370059067623167,0.00015187758666514788,0.5552654444958042,0.2534881431411198,0.21428571428571427,0.8541666666666666,0.81,0.02598808879263671,37674770.0
345,Canada,2021-01-02,5814.0,103.0,4.037,41.4,16.984,10.797,0.026195647557583114,0.23177083333333334,0.024370059067623167,0.00015187758666514788,0.5552654444958042,0.2534881431411198,0.21428571428571427,0.8541666666666666,0.81,0.02598808879263671,37674770.0
346,Canada,2021-01-03,9625.0,70.0,4.037,41.4,16.984,10.797,0.026195647557583114,0.23177083333333334,0.024370059067623167,0.00015187758666514788,0.5552654444958042,0.2534881431411198,0.21428571428571427,0.8541666666666666,0.81,0.02598808879263671,37674770.0
347,Canada,2021-01-04,9717.0,232.0,4.037,41.4,16.984,10.797,0.026195647557583114,0.23177083333333334,0.024370059067623167,0.00015187758666514788,0.5552654444958042,0.2534881431411198,0.21428571428571427,0.8541666666666666,0.81,0.02598808879263671,37674770.0
348,Canada,2021-01-05,7528.0,146.0,4.037,41.4,16.984,10.797,0.026195647557583114,0.23177083333333334,0.024370059067623167,0.00015187758666514788,0.5552654444958042,0.2534881431411198,0.21428571428571427,0.8541666666666666,0.81,0.02598808879263671,37674770.0
349,Canada,2021-01-06,8911.0,136.0,4.037,41.4,16.984,10.797,0.026195647557583114,0.23177083333333334,0.024370059067623167,0.00015187758666514788,0.5552654444958042,0.2534881431411198,0.21428571428571427,0.8541666666666666,0.81,0.02598808879263671,37674770.0
350,Canada,2021-01-07,9231.0,183.0,4.037,41.4,16.984,10.797,0.026195647557583114,0.23177083333333334,0.024370059067623167,0.00015187758666514788,0.5552654444958042,0.2534881431411198,0.21428571428571427,0.8541666666666666,0.81,0.02598808879263671,37674770.0
351,Canada,2021-01-08,8890.0,130.0,4.037,41.4,16.984,10.797,0.026195647557583114,0.23177083333333334,0.024370059067623167,0.00015187758666514788,0.5552654444958042,0.2534881431411198,0.21428571428571427,0.8541666666666666,0.81,0.02598808879263671,37674770.0
352,Canada,2021-01-09,6890.0,130.0,4.037,41.4,16.984,10.797,0.026195647557583114,0.23177083333333334,0.024370059067623167,0.00015187758666514788,0.5552654444958042,0.2534881431411198,0.21428571428571427,0.8541666666666666,0.81,0.02598808879263671,37674770.0
353,Canada,2021-01-10,6404.0,116.0,4.037,41.4,16.984,10.797,0.026195647557583114,0.23177083333333334,0.024370059067623167,0.00015187758666514788,0.5552654444958042,0.2534881431411198,0.21428571428571427,0.8541666666666666,0.81,0.02598808879263671,37674770.0
354,Canada,2021-01-11,7420.0,125.0,4.037,41.4,16.984,10.797,0.026195647557583114,0.23177083333333334,0.024370059067623167,0.00015187758666514788,0.5552654444958042,0.2534881431411198,0.21428571428571427,0.8541666666666666,0.81,0.02598808879263671,37674770.0
355,Canada,2021-01-12,6803.0,148.0,4.037,41.4,16.984,10.797,0.026195647557583114,0.23177083333333334,0.024370059067623167,0.00015187758666514788,0.5552654444958042,0.2534881431411198,0.21428571428571427,0.8541666666666666,0.81,0.02598808879263671,37674770.0
356,Canada,2021-01-13,7091.0,181.0,4.037,41.4,16.984,10.797,0.026195647557583114,0.23177083333333334,0.024370059067623167,0.00015187758666514788,0.5552654444958042,0.2534881431411198,0.21428571428571427,0.8541666666666666,0.81,0.02598808879263671,37674770.0
357,Canada,2021-01-14,7019.0,147.0,4.037,41.4,16.984,10.797,0.026195647557583114,0.23177083333333334,0.024370059067623167,0.00015187758666514788,0.5552654444958042,0.2534881431411198,0.21428571428571427,0.8541666666666666,0.81,0.02598808879263671,37674770.0
358,Canada,2021-01-15,6949.0,177.0,4.037,41.4,16.984,10.797,0.026195647557583114,0.23177083333333334,0.024370059067623167,0.00015187758666514788,0.5552654444958042,0.2534881431411198,0.21428571428571427,0.8541666666666666,0.81,0.02598808879263671,37674770.0
359,Canada,2021-01-16,5801.0,114.0,4.037,41.4,16.984,10.797,0.026195647557583114,0.23177083333333334,0.024370059067623167,0.00015187758666514788,0.5552654444958042,0.2534881431411198,0.21428571428571427,0.8541666666666666,0.81,0.02598808879263671,37674770.0
360,Canada,2021-01-17,4884.0,140.0,4.037,41.4,16.984,10.797,0.026195647557583114,0.23177083333333334,0.024370059067623167,0.00015187758666514788,0.5552654444958042,0.2534881431411198,0.21428571428571427,0.8541666666666666,0.81,0.02598808879263671,37674770.0
361,Canada,2021-01-18,6045.0,125.0,4.037,41.4,16.984,10.797,0.026195647557583114,0.23177083333333334,0.024370059067623167,0.00015187758666514788,0.5552654444958042,0.2534881431411198,0.21428571428571427,0.8541666666666666,0.81,0.02598808879263671,37674770.0
362,Canada,2021-01-19,5316.0,138.0,4.037,41.4,16.984,10.797,0.026195647557583114,0.23177083333333334,0.024370059067623167,0.00015187758666514788,0.5552654444958042,0.2534881431411198,0.21428571428571427,0.8541666666666666,0.81,0.02598808879263671,37674770.0
363,Canada,2021-01-20,5834.0,188.0,4.037,41.4,16.984,10.797,0.026195647557583114,0.23177083333333334,0.024370059067623167,0.00015187758666514788,0.5552654444958042,0.2534881431411198,0.21428571428571427,0.8541666666666666,0.81,0.02598808879263671,37674770.0
364,Canada,2021-01-21,5843.0,140.0,4.037,41.4,16.984,10.797,0.026195647557583114,0.23177083333333334,0.024370059067623167,0.00015187758666514788,0.5552654444958042,0.2534881431411198,0.21428571428571427,0.8541666666666666,0.81,0.02598808879263671,37674770.0
365,Canada,2021-01-22,5668.0,176.0,4.037,41.4,16.984,10.797,0.026195647557583114,0.23177083333333334,0.024370059067623167,0.00015187758666514788,0.5552654444958042,0.2534881431411198,0.21428571428571427,0.8541666666666666,0.81,0.02598808879263671,37674770.0
366,Canada,2021-01-23,4302.0,117.0,4.037,41.4,16.984,10.797,0.026195647557583114,0.23177083333333334,0.024370059067623167,0.00015187758666514788,0.5552654444958042,0.2534881431411198,0.21428571428571427,0.8541666666666666,0.81,0.02598808879263671,37674770.0
367,Canada,2021-01-24,3940.0,130.0,4.037,41.4,16.984,10.797,0.026195647557583114,0.23177083333333334,0.024370059067623167,0.00015187758666514788,0.5552654444958042,0.2534881431411198,0.21428571428571427,0.8541666666666666,0.81,0.02598808879263671,37674770.0
368,Canada,2021-01-25,5352.0,126.0,4.037,41.4,16.984,10.797,0.026195647557583114,0.23177083333333334,0.024370059067623167,0.00015187758666514788,0.5552654444958042,0.2534881431411198,0.21428571428571427,0.8541666666666666,0.81,0.02598808879263671,37674770.0
369,Canada,2021-01-26,4364.0,143.0,4.037,41.4,16.984,10.797,0.026195647557583114,0.23177083333333334,0.024370059067623167,0.00015187758666514788,0.5552654444958042,0.2534881431411198,0.21428571428571427,0.8541666666666666,0.81,0.02598808879263671,37674770.0
370,Canada,2021-01-27,4451.0,85.0,4.037,41.4,16.984,10.797,0.026195647557583114,0.23177083333333334,0.024370059067623167,0.00015187758666514788,0.5552654444958042,0.2534881431411198,0.21428571428571427,0.8541666666666666,0.81,0.02598808879263671,37674770.0
371,Canada,2021-01-28,4644.0,200.0,4.037,41.4,16.984,10.797,0.026195647557583114,0.23177083333333334,0.024370059067623167,0.00015187758666514788,0.5552654444958042,0.2534881431411198,0.21428571428571427,0.8541666666666666,0.81,0.02598808879263671,37674770.0
372,Canada,2021-01-29,4688.0,137.0,4.037,41.4,16.984,10.797,0.026195647557583114,0.23177083333333334,0.024370059067623167,0.00015187758666514788,0.5552654444958042,0.2534881431411198,0.21428571428571427,0.8541666666666666,0.81,0.02598808879263671,37674770.0
373,Canada,2021-01-30,3703.0,141.0,4.037,41.4,16.984,10.797,0.026195647557583114,0.23177083333333334,0.024370059067623167,0.00015187758666514788,0.5552654444958042,0.2534881431411198,0.21428571428571427,0.8541666666666666,0.81,0.02598808879263671,37674770.0
374,Canada,2021-01-31,3203.0,90.0,4.037,41.4,16.984,10.797,0.026195647557583114,0.23177083333333334,0.024370059067623167,0.00015187758666514788,0.5552654444958042,0.2534881431411198,0.21428571428571427,0.8541666666666666,0.81,0.02598808879263671,37674770.0
375,Canada,2021-02-01,4011.0,104.0,4.037,41.4,16.984,10.797,0.026195647557583114,0.23177083333333334,0.024370059067623167,0.00015187758666514788,0.5552654444958042,0.2534881431411198,0.21428571428571427,0.8541666666666666,0.81,0.02598808879263671,37674770.0
376,Canada,2021-02-02,3630.0,77.0,4.037,41.4,16.984,10.797,0.026195647557583114,0.23177083333333334,0.024370059067623167,0.00015187758666514788,0.5552654444958042,0.2534881431411198,0.21428571428571427,0.8541666666666666,0.81,0.02598808879263671,37674770.0
377,Canada,2021-02-03,3601.0,142.0,4.037,41.4,16.984,10.797,0.026195647557583114,0.23177083333333334,0.024370059067623167,0.00015187758666514788,0.5552654444958042,0.2534881431411198,0.21428571428571427,0.8541666666666666,0.81,0.02598808879263671,37674770.0
378,Canada,2021-02-04,3929.0,158.0,4.037,41.4,16.984,10.797,0.026195647557583114,0.23177083333333334,0.024370059067623167,0.00015187758666514788,0.5552654444958042,0.2534881431411198,0.21428571428571427,0.8541666666666666,0.81,0.02598808879263671,37674770.0
379,Canada,2021-02-05,3964.0,96.0,4.037,41.4,16.984,10.797,0.026195647557583114,0.23177083333333334,0.024370059067623167,0.00015187758666514788,0.5552654444958042,0.2534881431411198,0.21428571428571427,0.8541666666666666,0.81,0.02598808879263671,37674770.0
380,Canada,2021-02-06,2971.0,93.0,4.037,41.4,16.984,10.797,0.026195647557583114,0.23177083333333334,0.024370059067623167,0.00015187758666514788,0.5552654444958042,0.2534881431411198,0.21428571428571427,0.8541666666666666,0.81,0.02598808879263671,37674770.0
381,Canada,2021-02-07,2578.0,65.0,4.037,41.4,16.984,10.797,0.026195647557583114,0.23177083333333334,0.024370059067623167,0.00015187758666514788,0.5552654444958042,0.2534881431411198,0.21428571428571427,0.8541666666666666,0.81,0.02598808879263671,37674770.0
382,Canada,2021-02-08,3506.0,68.0,4.037,41.4,16.984,10.797,0.026195647557583114,0.23177083333333334,0.024370059067623167,0.00015187758666514788,0.5552654444958042,0.2534881431411198,0.21428571428571427,0.8541666666666666,0.81,0.02598808879263671,37674770.0
383,Canada,2021-02-09,2948.0,74.0,4.037,41.4,16.984,10.797,0.026195647557583114,0.23177083333333334,0.024370059067623167,0.00015187758666514788,0.5552654444958042,0.2534881431411198,0.21428571428571427,0.8541666666666666,0.81,0.02598808879263671,37674770.0
384,Canada,2021-02-10,3609.0,95.0,4.037,41.4,16.984,10.797,0.026195647557583114,0.23177083333333334,0.024370059067623167,0.00015187758666514788,0.5552654444958042,0.2534881431411198,0.21428571428571427,0.8541666666666666,0.81,0.02598808879263671,37674770.0
385,Canada,2021-02-11,3376.0,84.0,4.037,41.4,16.984,10.797,0.026195647557583114,0.23177083333333334,0.024370059067623167,0.00015187758666514788,0.5552654444958042,0.2534881431411198,0.21428571428571427,0.8541666666666666,0.81,0.02598808879263671,37674770.0
386,Canada,2021-02-12,3310.0,74.0,4.037,41.4,16.984,10.797,0.026195647557583114,0.23177083333333334,0.024370059067623167,0.00015187758666514788,0.5552654444958042,0.2534881431411198,0.21428571428571427,0.8541666666666666,0.81,0.02598808879263671,37674770.0
387,Canada,2021-02-13,2521.0,66.0,4.037,41.4,16.984,10.797,0.026195647557583114,0.23177083333333334,0.024370059067623167,0.00015187758666514788,0.5552654444958042,0.2534881431411198,0.21428571428571427,0.8541666666666666,0.81,0.02598808879263671,37674770.0
388,Canada,2021-02-14,2210.0,65.0,4.037,41.4,16.984,10.797,0.026195647557583114,0.23177083333333334,0.024370059067623167,0.00015187758666514788,0.5552654444958042,0.2534881431411198,0.21428571428571427,0.8541666666666666,0.81,0.02598808879263671,37674770.0
389,Canada,2021-02-15,1968.0,31.0,4.037,41.4,16.984,10.797,0.026195647557583114,0.23177083333333334,0.024370059067623167,0.00015187758666514788,0.5552654444958042,0.2534881431411198,0.21428571428571427,0.8541666666666666,0.81,0.02598808879263671,37674770.0
390,Canada,2021-02-16,3978.0,73.0,4.037,41.4,16.984,10.797,0.026195647557583114,0.23177083333333334,0.024370059067623167,0.00015187758666514788,0.5552654444958042,0.2534881431411198,0.21428571428571427,0.8541666666666666,0.81,0.02598808879263671,37674770.0
391,Canada,2021-02-17,2861.0,38.0,4.037,41.4,16.984,10.797,0.026195647557583114,0.23177083333333334,0.024370059067623167,0.00015187758666514788,0.5552654444958042,0.2534881431411198,0.21428571428571427,0.8541666666666666,0.81,0.02598808879263671,37674770.0
392,Canada,2021-02-18,3450.0,63.0,4.037,41.4,16.984,10.797,0.026195647557583114,0.23177083333333334,0.024370059067623167,0.00015187758666514788,0.5552654444958042,0.2534881431411198,0.21428571428571427,0.8541666666666666,0.81,0.02598808879263671,37674770.0
393,Canada,2021-02-19,3145.0,78.0,4.037,41.4,16.984,10.797,0.026195647557583114,0.23177083333333334,0.024370059067623167,0.00015187758666514788,0.5552654444958042,0.2534881431411198,0.21428571428571427,0.8541666666666666,0.81,0.02598808879263671,37674770.0
394,Canada,2021-02-20,2573.0,54.0,4.037,41.4,16.984,10.797,0.026195647557583114,0.23177083333333334,0.024370059067623167,0.00015187758666514788,0.5552654444958042,0.2534881431411198,0.21428571428571427,0.8541666666666666,0.81,0.02598808879263671,37674770.0
395,Canada,2021-02-21,2408.0,44.0,4.037,41.4,16.984,10.797,0.026195647557583114,0.23177083333333334,0.024370059067623167,0.00015187758666514788,0.5552654444958042,0.2534881431411198,0.21428571428571427,0.8541666666666666,0.81,0.02598808879263671,37674770.0
396,Canada,2021-02-22,3574.0,49.0,4.037,41.4,16.984,10.797,0.026195647557583114,0.23177083333333334,0.024370059067623167,0.00015187758666514788,0.5552654444958042,0.2534881431411198,0.21428571428571427,0.8541666666666666,0.81,0.02598808879263671,37674770.0
397,Canada,2021-02-23,3023.0,39.0,4.037,41.4,16.984,10.797,0.026195647557583114,0.23177083333333334,0.024370059067623167,0.00015187758666514788,0.5552654444958042,0.2534881431411198,0.21428571428571427,0.8541666666666666,0.81,0.02598808879263671,37674770.0
398,Canada,2021-02-24,3059.0,45.0,4.037,41.4,16.984,10.797,0.026195647557583114,0.23177083333333334,0.024370059067623167,0.00015187758666514788,0.5552654444958042,0.2534881431411198,0.21428571428571427,0.8541666666666666,0.81,0.02598808879263671,37674770.0
399,Canada,2021-02-25,3153.0,58.0,4.037,41.4,16.984,10.797,0.026195647557583114,0.23177083333333334,0.024370059067623167,0.00015187758666514788,0.5552654444958042,0.2534881431411198,0.21428571428571427,0.8541666666666666,0.81,0.02598808879263671,37674770.0
400,Canada,2021-02-26,3115.0,50.0,4.037,41.4,16.984,10.797,0.026195647557583114,0.23177083333333334,0.024370059067623167,0.00015187758666514788,0.5552654444958042,0.2534881431411198,0.21428571428571427,0.8541666666666666,0.81,0.02598808879263671,37674770.0
401,Canada,2021-02-27,2502.0,45.0,4.037,41.4,16.984,10.797,0.026195647557583114,0.23177083333333334,0.024370059067623167,0.00015187758666514788,0.5552654444958042,0.2534881431411198,0.21428571428571427,0.8541666666666666,0.81,0.02598808879263671,37674770.0
402,Canada,2021-02-28,2137.0,34.0,4.037,41.4,16.984,10.797,0.026195647557583114,0.23177083333333334,0.024370059067623167,0.00015187758666514788,0.5552654444958042,0.2534881431411198,0.21428571428571427,0.8541666666666666,0.81,0.02598808879263671,37674770.0
403,Canada,2021-03-01,3512.0,23.0,4.037,41.4,16.984,10.797,0.026195647557583114,0.23177083333333334,0.024370059067623167,0.00015187758666514788,0.5552654444958042,0.2534881431411198,0.21428571428571427,0.8541666666666666,0.81,0.02598808879263671,37674770.0
404,Canada,2021-03-02,3054.0,28.0,4.037,41.4,16.984,10.797,0.026195647557583114,0.23177083333333334,0.024370059067623167,0.00015187758666514788,0.5552654444958042,0.2534881431411198,0.21428571428571427,0.8541666666666666,0.81,0.02598808879263671,37674770.0
405,Canada,2021-03-03,2952.0,60.0,4.037,41.4,16.984,10.797,0.026195647557583114,0.23177083333333334,0.024370059067623167,0.00015187758666514788,0.5552654444958042,0.2534881431411198,0.21428571428571427,0.8541666666666666,0.81,0.02598808879263671,37674770.0
406,Canada,2021-03-04,3239.0,46.0,4.037,41.4,16.984,10.797,0.026195647557583114,0.23177083333333334,0.024370059067623167,0.00015187758666514788,0.5552654444958042,0.2534881431411198,0.21428571428571427,0.8541666666666666,0.81,0.02598808879263671,37674770.0
407,Canada,2021-03-05,3315.0,41.0,4.037,41.4,16.984,10.797,0.026195647557583114,0.23177083333333334,0.024370059067623167,0.00015187758666514788,0.5552654444958042,0.2534881431411198,0.21428571428571427,0.8541666666666666,0.81,0.02598808879263671,37674770.0
408,Canada,2021-03-06,2654.0,21.0,4.037,41.4,16.984,10.797,0.026195647557583114,0.23177083333333334,0.024370059067623167,0.00015187758666514788,0.5552654444958042,0.2534881431411198,0.21428571428571427,0.8541666666666666,0.81,0.02598808879263671,37674770.0
409,Canada,2021-03-07,2369.0,26.0,4.037,41.4,16.984,10.797,0.026195647557583114,0.23177083333333334,0.024370059067623167,0.00015187758666514788,0.5552654444958042,0.2534881431411198,0.21428571428571427,0.8541666666666666,0.81,0.02598808879263671,37674770.0
410,Canada,2021-03-08,3766.0,37.0,4.037,41.4,16.984,10.797,0.026195647557583114,0.23177083333333334,0.024370059067623167,0.00015187758666514788,0.5552654444958042,0.2534881431411198,0.21428571428571427,0.8541666666666666,0.81,0.02598808879263671,37674770.0
411,Canada,2021-03-09,3031.0,28.0,4.037,41.4,16.984,10.797,0.026195647557583114,0.23177083333333334,0.024370059067623167,0.00015187758666514788,0.5552654444958042,0.2534881431411198,0.21428571428571427,0.8541666666666666,0.81,0.02598808879263671,37674770.0
412,Canada,2021-03-10,3210.0,31.0,4.037,41.4,16.984,10.797,0.026195647557583114,0.23177083333333334,0.024370059067623167,0.00015187758666514788,0.5552654444958042,0.2534881431411198,0.21428571428571427,0.8541666666666666,0.81,0.02598808879263671,37674770.0
413,Canada,2021-03-11,3438.0,36.0,4.037,41.4,16.984,10.797,0.026195647557583114,0.23177083333333334,0.024370059067623167,0.00015187758666514788,0.5552654444958042,0.2534881431411198,0.21428571428571427,0.8541666666666666,0.81,0.02598808879263671,37674770.0
414,Canada,2021-03-12,3771.0,33.0,4.037,41.4,16.984,10.797,0.026195647557583114,0.23177083333333334,0.024370059067623167,0.00015187758666514788,0.5552654444958042,0.2534881431411198,0.21428571428571427,0.8541666666666666,0.81,0.02598808879263671,37674770.0
415,Canada,2021-03-13,2816.0,30.0,4.037,41.4,16.984,10.797,0.026195647557583114,0.23177083333333334,0.024370059067623167,0.00015187758666514788,0.5552654444958042,0.2534881431411198,0.21428571428571427,0.8541666666666666,0.81,0.02598808879263671,37674770.0
416,Canada,2021-03-14,2403.0,29.0,4.037,41.4,16.984,10.797,0.026195647557583114,0.23177083333333334,0.024370059067623167,0.00015187758666514788,0.5552654444958042,0.2534881431411198,0.21428571428571427,0.8541666666666666,0.81,0.02598808879263671,37674770.0
417,Canada,2021-03-15,3885.0,32.0,4.037,41.4,16.984,10.797,0.026195647557583114,0.23177083333333334,0.024370059067623167,0.00015187758666514788,0.5552654444958042,0.2534881431411198,0.21428571428571427,0.8541666666666666,0.81,0.02598808879263671,37674770.0
418,Canada,2021-03-16,3478.0,24.0,4.037,41.4,16.984,10.797,0.026195647557583114,0.23177083333333334,0.024370059067623167,0.00015187758666514788,0.5552654444958042,0.2534881431411198,0.21428571428571427,0.8541666666666666,0.81,0.02598808879263671,37674770.0
419,Canada,2021-03-17,3630.0,35.0,4.037,41.4,16.984,10.797,0.026195647557583114,0.23177083333333334,0.024370059067623167,0.00015187758666514788,0.5552654444958042,0.2534881431411198,0.21428571428571427,0.8541666666666666,0.81,0.02598808879263671,37674770.0
420,Canada,2021-03-18,3927.0,36.0,4.037,41.4,16.984,10.797,0.026195647557583114,0.23177083333333334,0.024370059067623167,0.00015187758666514788,0.5552654444958042,0.2534881431411198,0.21428571428571427,0.8541666666666666,0.81,0.02598808879263671,37674770.0
421,Canada,2021-03-19,4347.0,27.0,4.037,41.4,16.984,10.797,0.026195647557583114,0.23177083333333334,0.024370059067623167,0.00015187758666514788,0.5552654444958042,0.2534881431411198,0.21428571428571427,0.8541666666666666,0.81,0.02598808879263671,37674770.0
422,Canada,2021-03-20,3319.0,26.0,4.037,41.4,16.984,10.797,0.026195647557583114,0.23177083333333334,0.024370059067623167,0.00015187758666514788,0.5552654444958042,0.2534881431411198,0.21428571428571427,0.8541666666666666,0.81,0.02598808879263671,37674770.0
423,Canada,2021-03-21,3107.0,33.0,4.037,41.4,16.984,10.797,0.026195647557583114,0.23177083333333334,0.024370059067623167,0.00015187758666514788,0.5552654444958042,0.2534881431411198,0.21428571428571427,0.8541666666666666,0.81,0.02598808879263671,37674770.0
424,Canada,2021-03-22,5087.0,40.0,4.037,41.4,16.984,10.797,0.026195647557583114,0.23177083333333334,0.024370059067623167,0.00015187758666514788,0.5552654444958042,0.2534881431411198,0.21428571428571427,0.8541666666666666,0.81,0.02598808879263671,37674770.0
425,Canada,2021-03-23,4044.0,19.0,4.037,41.4,16.984,10.797,0.026195647557583114,0.23177083333333334,0.024370059067623167,0.00015187758666514788,0.5552654444958042,0.2534881431411198,0.21428571428571427,0.8541666666666666,0.81,0.02598808879263671,37674770.0
426,Canada,2021-03-24,4997.0,24.0,4.037,41.4,16.984,10.797,0.026195647557583114,0.23177083333333334,0.024370059067623167,0.00015187758666514788,0.5552654444958042,0.2534881431411198,0.21428571428571427,0.8541666666666666,0.81,0.02598808879263671,37674770.0
427,Canada,2021-03-25,5167.0,31.0,4.037,41.4,16.984,10.797,0.026195647557583114,0.23177083333333334,0.024370059067623167,0.00015187758666514788,0.5552654444958042,0.2534881431411198,0.21428571428571427,0.8541666666666666,0.81,0.02598808879263671,37674770.0
428,Canada,2021-03-26,5611.0,36.0,4.037,41.4,16.984,10.797,0.026195647557583114,0.23177083333333334,0.024370059067623167,0.00015187758666514788,0.5552654444958042,0.2534881431411198,0.21428571428571427,0.8541666666666666,0.81,0.02598808879263671,37674770.0
429,Canada,2021-03-27,4122.0,26.0,4.037,41.4,16.984,10.797,0.026195647557583114,0.23177083333333334,0.024370059067623167,0.00015187758666514788,0.5552654444958042,0.2534881431411198,0.21428571428571427,0.8541666666666666,0.81,0.02598808879263671,37674770.0
430,Canada,2021-03-28,4028.0,28.0,4.037,41.4,16.984,10.797,0.026195647557583114,0.23177083333333334,0.024370059067623167,0.00015187758666514788,0.5552654444958042,0.2534881431411198,0.21428571428571427,0.8541666666666666,0.81,0.02598808879263671,37674770.0
431,Canada,2021-03-29,6609.0,20.0,4.037,41.4,16.984,10.797,0.026195647557583114,0.23177083333333334,0.024370059067623167,0.00015187758666514788,0.5552654444958042,0.2534881431411198,0.21428571428571427,0.8541666666666666,0.81,0.02598808879263671,37674770.0
432,Canada,2021-03-30,5234.0,26.0,4.037,41.4,16.984,10.797,0.026195647557583114,0.23177083333333334,0.024370059067623167,0.00015187758666514788,0.5552654444958042,0.2534881431411198,0.21428571428571427,0.8541666666666666,0.81,0.02598808879263671,37674770.0
433,Canada,2021-03-31,6518.0,33.0,4.037,41.4,16.984,10.797,0.026195647557583114,0.23177083333333334,0.024370059067623167,0.00015187758666514788,0.5552654444958042,0.2534881431411198,0.21428571428571427,0.8541666666666666,0.81,0.02598808879263671,37674770.0
434,Canada,2021-04-01,6354.0,43.0,4.037,41.4,16.984,10.797,0.026195647557583114,0.23177083333333334,0.024370059067623167,0.00015187758666514788,0.5552654444958042,0.2534881431411198,0.21428571428571427,0.8541666666666666,0.81,0.02598808879263671,37674770.0
435,Canada,2021-04-02,4619.0,28.0,4.037,41.4,16.984,10.797,0.026195647557583114,0.23177083333333334,0.024370059067623167,0.00015187758666514788,0.5552654444958042,0.2534881431411198,0.21428571428571427,0.8541666666666666,0.81,0.02598808879263671,37674770.0
436,Canada,2021-04-03,5962.0,20.0,4.037,41.4,16.984,10.797,0.026195647557583114,0.23177083333333334,0.024370059067623167,0.00015187758666514788,0.5552654444958042,0.2534881431411198,0.21428571428571427,0.8541666666666666,0.81,0.02598808879263671,37674770.0
437,Canada,2021-04-04,4381.0,24.0,4.037,41.4,16.984,10.797,0.026195647557583114,0.23177083333333334,0.024370059067623167,0.00015187758666514788,0.5552654444958042,0.2534881431411198,0.21428571428571427,0.8541666666666666,0.81,0.02598808879263671,37674770.0
438,Canada,2021-04-05,7516.0,21.0,4.037,41.4,16.984,10.797,0.026195647557583114,0.23177083333333334,0.024370059067623167,0.00015187758666514788,0.5552654444958042,0.2534881431411198,0.21428571428571427,0.8541666666666666,0.81,0.02598808879263671,37674770.0
439,Canada,2021-04-06,11179.0,46.0,4.037,41.4,16.984,10.797,0.026195647557583114,0.23177083333333334,0.024370059067623167,0.00015187758666514788,0.5552654444958042,0.2534881431411198,0.21428571428571427,0.8541666666666666,0.81,0.02598808879263671,37674770.0
440,Canada,2021-04-07,8156.0,32.0,4.037,41.4,16.984,10.797,0.026195647557583114,0.23177083333333334,0.024370059067623167,0.00015187758666514788,0.5552654444958042,0.2534881431411198,0.21428571428571427,0.8541666666666666,0.81,0.02598808879263671,37674770.0
441,Canada,2021-04-08,8875.0,38.0,4.037,41.4,16.984,10.797,0.026195647557583114,0.23177083333333334,0.024370059067623167,0.00015187758666514788,0.5552654444958042,0.2534881431411198,0.21428571428571427,0.8541666666666666,0.81,0.02598808879263671,37674770.0
442,Canada,2021-04-09,9193.0,40.0,4.037,41.4,16.984,10.797,0.026195647557583114,0.23177083333333334,0.024370059067623167,0.00015187758666514788,0.5552654444958042,0.2534881431411198,0.21428571428571427,0.8541666666666666,0.81,0.02598808879263671,37674770.0
443,Canada,2021-04-10,7965.0,36.0,4.037,41.4,16.984,10.797,0.026195647557583114,0.23177083333333334,0.024370059067623167,0.00015187758666514788,0.5552654444958042,0.2534881431411198,0.21428571428571427,0.8541666666666666,0.81,0.02598808879263671,37674770.0
444,Canada,2021-04-11,7185.0,28.0,4.037,41.4,16.984,10.797,0.026195647557583114,0.23177083333333334,0.024370059067623167,0.00015187758666514788,0.5552654444958042,0.2534881431411198,0.21428571428571427,0.8541666666666666,0.81,0.02598808879263671,37674770.0
445,Canada,2021-04-12,10371.0,41.0,4.037,41.4,16.984,10.797,0.026195647557583114,0.23177083333333334,0.024370059067623167,0.00015187758666514788,0.5552654444958042,0.2534881431411198,0.21428571428571427,0.8541666666666666,0.81,0.02598808879263671,37674770.0
446,Canada,2021-04-13,8196.0,36.0,4.037,41.4,16.984,10.797,0.026195647557583114,0.23177083333333334,0.024370059067623167,0.00015187758666514788,0.5552654444958042,0.2534881431411198,0.21428571428571427,0.8541666666666666,0.81,0.02598808879263671,37674770.0
447,Canada,2021-04-14,9364.0,53.0,4.037,41.4,16.984,10.797,0.026195647557583114,0.23177083333333334,0.024370059067623167,0.00015187758666514788,0.5552654444958042,0.2534881431411198,0.21428571428571427,0.8541666666666666,0.81,0.02598808879263671,37674770.0
448,Canada,2021-04-15,9756.0,55.0,4.037,41.4,16.984,10.797,0.026195647557583114,0.23177083333333334,0.024370059067623167,0.00015187758666514788,0.5552654444958042,0.2534881431411198,0.21428571428571427,0.8541666666666666,0.81,0.02598808879263671,37674770.0
449,Canada,2021-04-16,8268.0,41.0,4.037,41.4,16.984,10.797,0.026195647557583114,0.23177083333333334,0.024370059067623167,0.00015187758666514788,0.5552654444958042,0.2534881431411198,0.21428571428571427,0.8541666666666666,0.81,0.02598808879263671,37674770.0
450,Canada,2021-04-17,7828.0,50.0,4.037,41.4,16.984,10.797,0.026195647557583114,0.23177083333333334,0.024370059067623167,0.00015187758666514788,0.5552654444958042,0.2534881431411198,0.21428571428571427,0.8541666666666666,0.81,0.02598808879263671,37674770.0
451,Canada,2021-04-18,7191.0,32.0,4.037,41.4,16.984,10.797,0.026195647557583114,0.23177083333333334,0.024370059067623167,0.00015187758666514788,0.5552654444958042,0.2534881431411198,0.21428571428571427,0.8541666666666666,0.81,0.02598808879263671,37674770.0
452,Canada,2021-04-19,9604.0,44.0,4.037,41.4,16.984,10.797,0.026195647557583114,0.23177083333333334,0.024370059067623167,0.00015187758666514788,0.5552654444958042,0.2534881431411198,0.21428571428571427,0.8541666666666666,0.81,0.02598808879263671,37674770.0
453,Canada,2021-04-20,7903.0,46.0,4.037,41.4,16.984,10.797,0.026195647557583114,0.23177083333333334,0.024370059067623167,0.00015187758666514788,0.5552654444958042,0.2534881431411198,0.21428571428571427,0.8541666666666666,0.81,0.02598808879263671,37674770.0
454,Canada,2021-04-21,8216.0,50.0,4.037,41.4,16.984,10.797,0.026195647557583114,0.23177083333333334,0.024370059067623167,0.00015187758666514788,0.5552654444958042,0.2534881431411198,0.21428571428571427,0.8541666666666666,0.81,0.02598808879263671,37674770.0
455,Canada,2021-04-22,9033.0,59.0,4.037,41.4,16.984,10.797,0.026195647557583114,0.23177083333333334,0.024370059067623167,0.00015187758666514788,0.5552654444958042,0.2534881431411198,0.21428571428571427,0.8541666666666666,0.81,0.02598808879263671,37674770.0
456,Canada,2021-04-23,8226.0,61.0,4.037,41.4,16.984,10.797,0.026195647557583114,0.23177083333333334,0.024370059067623167,0.00015187758666514788,0.5552654444958042,0.2534881431411198,0.21428571428571427,0.8541666666666666,0.81,0.02598808879263671,37674770.0
457,Canada,2021-04-24,7184.0,44.0,4.037,41.4,16.984,10.797,0.026195647557583114,0.23177083333333334,0.024370059067623167,0.00015187758666514788,0.5552654444958042,0.2534881431411198,0.21428571428571427,0.8541666666666666,0.81,0.02598808879263671,37674770.0
458,Canada,2021-04-25,6601.0,38.0,4.037,41.4,16.984,10.797,0.026195647557583114,0.23177083333333334,0.024370059067623167,0.00015187758666514788,0.5552654444958042,0.2534881431411198,0.21428571428571427,0.8541666666666666,0.81,0.02598808879263671,37674770.0
459,Canada,2021-04-26,8646.0,59.0,4.037,41.4,16.984,10.797,0.026195647557583114,0.23177083333333334,0.024370059067623167,0.00015187758666514788,0.5552654444958042,0.2534881431411198,0.21428571428571427,0.8541666666666666,0.81,0.02598808879263671,37674770.0
460,Canada,2021-04-27,7503.0,41.0,4.037,41.4,16.984,10.797,0.026195647557583114,0.23177083333333334,0.024370059067623167,0.00015187758666514788,0.5552654444958042,0.2534881431411198,0.21428571428571427,0.8541666666666666,0.81,0.02598808879263671,37674770.0
461,Canada,2021-04-28,8269.0,52.0,4.037,41.4,16.984,10.797,0.026195647557583114,0.23177083333333334,0.024370059067623167,0.00015187758666514788,0.5552654444958042,0.2534881431411198,0.21428571428571427,0.8541666666666666,0.81,0.02598808879263671,37674770.0
462,Canada,2021-04-29,8358.0,52.0,4.037,41.4,16.984,10.797,0.026195647557583114,0.23177083333333334,0.024370059067623167,0.00015187758666514788,0.5552654444958042,0.2534881431411198,0.21428571428571427,0.8541666666666666,0.81,0.02598808879263671,37674770.0
463,Canada,2021-04-30,7966.0,50.0,4.037,41.4,16.984,10.797,0.026195647557583114,0.23177083333333334,0.024370059067623167,0.00015187758666514788,0.5552654444958042,0.2534881431411198,0.21428571428571427,0.8541666666666666,0.81,0.02598808879263671,37674770.0
464,Canada,2021-05-01,7766.0,42.0,4.037,41.4,16.984,10.797,0.026195647557583114,0.23177083333333334,0.024370059067623167,0.00015187758666514788,0.5552654444958042,0.2534881431411198,0.21428571428571427,0.8541666666666666,0.81,0.02598808879263671,37674770.0
465,Canada,2021-05-02,6139.0,39.0,4.037,41.4,16.984,10.797,0.026195647557583114,0.23177083333333334,0.024370059067623167,0.00015187758666514788,0.5552654444958042,0.2534881431411198,0.21428571428571427,0.8541666666666666,0.81,0.02598808879263671,37674770.0
466,Canada,2021-05-03,8315.0,41.0,4.037,41.4,16.984,10.797,0.026195647557583114,0.23177083333333334,0.024370059067623167,0.00015187758666514788,0.5552654444958042,0.2534881431411198,0.21428571428571427,0.8541666666666666,0.81,0.02598808879263671,37674770.0
467,Canada,2021-05-04,6901.0,55.0,4.037,41.4,16.984,10.797,0.026195647557583114,0.23177083333333334,0.024370059067623167,0.00015187758666514788,0.5552654444958042,0.2534881431411198,0.21428571428571427,0.8541666666666666,0.81,0.02598808879263671,37674770.0
468,Canada,2021-05-05,7719.0,54.0,4.037,41.4,16.984,10.797,0.026195647557583114,0.23177083333333334,0.024370059067623167,0.00015187758666514788,0.5552654444958042,0.2534881431411198,0.21428571428571427,0.8541666666666666,0.81,0.02598808879263671,37674770.0
469,Canada,2021-05-06,8083.0,39.0,4.037,41.4,16.984,10.797,0.026195647557583114,0.23177083333333334,0.024370059067623167,0.00015187758666514788,0.5552654444958042,0.2534881431411198,0.21428571428571427,0.8541666666666666,0.81,0.02598808879263671,37674770.0
470,Canada,2021-05-07,7746.0,40.0,4.037,41.4,16.984,10.797,0.026195647557583114,0.23177083333333334,0.024370059067623167,0.00015187758666514788,0.5552654444958042,0.2534881431411198,0.21428571428571427,0.8541666666666666,0.81,0.02598808879263671,37674770.0
471,Canada,2021-05-08,6479.0,39.0,4.037,41.4,16.984,10.797,0.026195647557583114,0.23177083333333334,0.024370059067623167,0.00015187758666514788,0.5552654444958042,0.2534881431411198,0.21428571428571427,0.8541666666666666,0.81,0.02598808879263671,37674770.0
472,Canada,2021-05-09,5535.0,58.0,4.037,41.4,16.984,10.797,0.026195647557583114,0.23177083333333334,0.024370059067623167,0.00015187758666514788,0.5552654444958042,0.2534881431411198,0.21428571428571427,0.8541666666666666,0.81,0.02598808879263671,37674770.0
473,Canada,2021-05-10,6941.0,56.0,4.037,41.4,16.984,10.797,0.026195647557583114,0.23177083333333334,0.024370059067623167,0.00015187758666514788,0.5552654444958042,0.2534881431411198,0.21428571428571427,0.8541666666666666,0.81,0.02598808879263671,37674770.0
474,Canada,2021-05-11,6082.0,32.0,4.037,41.4,16.984,10.797,0.026195647557583114,0.23177083333333334,0.024370059067623167,0.00015187758666514788,0.5552654444958042,0.2534881431411198,0.21428571428571427,0.8541666666666666,0.81,0.02598808879263671,37674770.0
475,Canada,2021-05-12,6614.0,54.0,4.037,41.4,16.984,10.797,0.026195647557583114,0.23177083333333334,0.024370059067623167,0.00015187758666514788,0.5552654444958042,0.2534881431411198,0.21428571428571427,0.8541666666666666,0.81,0.02598808879263671,37674770.0
476,Canada,2021-05-13,6352.0,57.0,4.037,41.4,16.984,10.797,0.026195647557583114,0.23177083333333334,0.024370059067623167,0.00015187758666514788,0.5552654444958042,0.2534881431411198,0.21428571428571427,0.8541666666666666,0.81,0.02598808879263671,37674770.0
477,Canada,2021-05-14,6012.0,44.0,4.037,41.4,16.984,10.797,0.026195647557583114,0.23177083333333334,0.024370059067623167,0.00015187758666514788,0.5552654444958042,0.2534881431411198,0.21428571428571427,0.8541666666666666,0.81,0.02598808879263671,37674770.0
478,Canada,2021-05-15,4793.0,39.0,4.037,41.4,16.984,10.797,0.026195647557583114,0.23177083333333334,0.024370059067623167,0.00015187758666514788,0.5552654444958042,0.2534881431411198,0.21428571428571427,0.8541666666666666,0.81,0.02598808879263671,37674770.0
479,Canada,2021-05-16,4269.0,40.0,4.037,41.4,16.984,10.797,0.026195647557583114,0.23177083333333334,0.024370059067623167,0.00015187758666514788,0.5552654444958042,0.2534881431411198,0.21428571428571427,0.8541666666666666,0.81,0.02598808879263671,37674770.0
480,Canada,2021-05-17,4992.0,34.0,4.037,41.4,16.984,10.797,0.026195647557583114,0.23177083333333334,0.024370059067623167,0.00015187758666514788,0.5552654444958042,0.2534881431411198,0.21428571428571427,0.8541666666666666,0.81,0.02598808879263671,37674770.0
481,Canada,2021-05-18,4381.0,36.0,4.037,41.4,16.984,10.797,0.026195647557583114,0.23177083333333334,0.024370059067623167,0.00015187758666514788,0.5552654444958042,0.2534881431411198,0.21428571428571427,0.8541666666666666,0.81,0.02598808879263671,37674770.0
482,Canada,2021-05-19,4990.0,48.0,4.037,41.4,16.984,10.797,0.026195647557583114,0.23177083333333334,0.024370059067623167,0.00015187758666514788,0.5552654444958042,0.2534881431411198,0.21428571428571427,0.8541666666666666,0.81,0.02598808879263671,37674770.0
483,Canada,2021-05-20,4478.0,45.0,4.037,41.4,16.984,10.797,0.026195647557583114,0.23177083333333334,0.024370059067623167,0.00015187758666514788,0.5552654444958042,0.2534881431411198,0.21428571428571427,0.8541666666666666,0.81,0.02598808879263671,37674770.0
484,Canada,2021-05-21,4471.0,51.0,4.037,41.4,16.984,10.797,0.026195647557583114,0.23177083333333334,0.024370059067623167,0.00015187758666514788,0.5552654444958042,0.2534881431411198,0.21428571428571427,0.8541666666666666,0.81,0.02598808879263671,37674770.0
485,Canada,2021-05-22,3432.0,41.0,4.037,41.4,16.984,10.797,0.026195647557583114,0.23177083333333334,0.024370059067623167,0.00015187758666514788,0.5552654444958042,0.2534881431411198,0.21428571428571427,0.8541666666666666,0.81,0.02598808879263671,37674770.0
486,Canada,2021-05-23,2831.0,28.0,4.037,41.4,16.984,10.797,0.026195647557583114,0.23177083333333334,0.024370059067623167,0.00015187758666514788,0.5552654444958042,0.2534881431411198,0.21428571428571427,0.8541666666666666,0.81,0.02598808879263671,37674770.0
487,Canada,2021-05-24,2373.0,30.0,4.037,41.4,16.984,10.797,0.026195647557583114,0.23177083333333334,0.024370059067623167,0.00015187758666514788,0.5552654444958042,0.2534881431411198,0.21428571428571427,0.8541666666666666,0.81,0.02598808879263671,37674770.0
488,Canada,2021-05-25,3497.0,63.0,4.037,41.4,16.984,10.797,0.026195647557583114,0.23177083333333334,0.024370059067623167,0.00015187758666514788,0.5552654444958042,0.2534881431411198,0.21428571428571427,0.8541666666666666,0.81,0.02598808879263671,37674770.0
489,Canada,2021-05-26,2851.0,37.0,4.037,41.4,16.984,10.797,0.026195647557583114,0.23177083333333334,0.024370059067623167,0.00015187758666514788,0.5552654444958042,0.2534881431411198,0.21428571428571427,0.8541666666666666,0.81,0.02598808879263671,37674770.0
490,Canada,2021-05-27,3026.0,50.0,4.037,41.4,16.984,10.797,0.026195647557583114,0.23177083333333334,0.024370059067623167,0.00015187758666514788,0.5552654444958042,0.2534881431411198,0.21428571428571427,0.8541666666666666,0.81,0.02598808879263671,37674770.0
491,Canada,2021-05-28,2944.0,29.0,4.037,41.4,16.984,10.797,0.026195647557583114,0.23177083333333334,0.024370059067623167,0.00015187758666514788,0.5552654444958042,0.2534881431411198,0.21428571428571427,0.8541666666666666,0.81,0.02598808879263671,37674770.0
492,Canada,2021-05-29,2348.0,38.0,4.037,41.4,16.984,10.797,0.026195647557583114,0.23177083333333334,0.024370059067623167,0.00015187758666514788,0.5552654444958042,0.2534881431411198,0.21428571428571427,0.8541666666666666,0.81,0.02598808879263671,37674770.0
493,Canada,2021-05-30,1852.0,34.0,4.037,41.4,16.984,10.797,0.026195647557583114,0.23177083333333334,0.024370059067623167,0.00015187758666514788,0.5552654444958042,0.2534881431411198,0.21428571428571427,0.8541666666666666,0.81,0.02598808879263671,37674770.0
494,Canada,2021-05-31,2349.0,35.0,4.037,41.4,16.984,10.797,0.026195647557583114,0.23177083333333334,0.024370059067623167,0.00015187758666514788,0.5552654444958042,0.2534881431411198,0.21428571428571427,0.8541666666666666,0.81,0.02598808879263671,37674770.0
495,Canada,2021-06-01,1830.0,19.0,4.037,41.4,16.984,10.797,0.026195647557583114,0.23177083333333334,0.024370059067623167,0.00015187758666514788,0.5552654444958042,0.2534881431411198,0.21428571428571427,0.8541666666666666,0.81,0.02598808879263671,37674770.0
496,Canada,2021-06-02,2196.0,46.0,4.037,41.4,16.984,10.797,0.026195647557583114,0.23177083333333334,0.024370059067623167,0.00015187758666514788,0.5552654444958042,0.2534881431411198,0.21428571428571427,0.8541666666666666,0.81,0.02598808879263671,37674770.0
497,Canada,2021-06-03,2155.0,32.0,4.037,41.4,16.984,10.797,0.026195647557583114,0.23177083333333334,0.024370059067623167,0.00015187758666514788,0.5552654444958042,0.2534881431411198,0.21428571428571427,0.8541666666666666,0.81,0.02598808879263671,37674770.0
498,Canada,2021-06-04,1813.0,35.0,4.037,41.4,16.984,10.797,0.026195647557583114,0.23177083333333334,0.024370059067623167,0.00015187758666514788,0.5552654444958042,0.2534881431411198,0.21428571428571427,0.8541666666666666,0.81,0.02598808879263671,37674770.0
499,Canada,2021-06-05,1501.0,33.0,4.037,41.4,16.984,10.797,0.026195647557583114,0.23177083333333334,0.024370059067623167,0.00015187758666514788,0.5552654444958042,0.2534881431411198,0.21428571428571427,0.8541666666666666,0.81,0.02598808879263671,37674770.0
500,Canada,2021-06-06,1188.0,12.0,4.037,41.4,16.984,10.797,0.026195647557583114,0.23177083333333334,0.024370059067623167,0.00015187758666514788,0.5552654444958042,0.2534881431411198,0.21428571428571427,0.8541666666666666,0.81,0.02598808879263671,37674770.0
501,Canada,2021-06-07,1463.0,37.0,4.037,41.4,16.984,10.797,0.026195647557583114,0.23177083333333334,0.024370059067623167,0.00015187758666514788,0.5552654444958042,0.2534881431411198,0.21428571428571427,0.8541666666666666,0.81,0.02598808879263671,37674770.0
502,Canada,2021-06-08,1374.0,30.0,4.037,41.4,16.984,10.797,0.026195647557583114,0.23177083333333334,0.024370059067623167,0.00015187758666514788,0.5552654444958042,0.2534881431411198,0.21428571428571427,0.8541666666666666,0.81,0.02598808879263671,37674770.0
503,Canada,2021-06-09,1573.0,52.0,4.037,41.4,16.984,10.797,0.026195647557583114,0.23177083333333334,0.024370059067623167,0.00015187758666514788,0.5552654444958042,0.2534881431411198,0.21428571428571427,0.8541666666666666,0.81,0.02598808879263671,37674770.0
504,Canada,2021-06-10,1438.0,30.0,4.037,41.4,16.984,10.797,0.026195647557583114,0.23177083333333334,0.024370059067623167,0.00015187758666514788,0.5552654444958042,0.2534881431411198,0.21428571428571427,0.8541666666666666,0.81,0.02598808879263671,37674770.0
505,Canada,2021-06-11,1349.0,13.0,4.037,41.4,16.984,10.797,0.026195647557583114,0.23177083333333334,0.024370059067623167,0.00015187758666514788,0.5552654444958042,0.2534881431411198,0.21428571428571427,0.8541666666666666,0.81,0.02598808879263671,37674770.0
506,Canada,2021-06-12,1162.0,28.0,4.037,41.4,16.984,10.797,0.026195647557583114,0.23177083333333334,0.024370059067623167,0.00015187758666514788,0.5552654444958042,0.2534881431411198,0.21428571428571427,0.8541666666666666,0.81,0.02598808879263671,37674770.0
507,Canada,2021-06-13,922.0,17.0,4.037,41.4,16.984,10.797,0.026195647557583114,0.23177083333333334,0.024370059067623167,0.00015187758666514788,0.5552654444958042,0.2534881431411198,0.21428571428571427,0.8541666666666666,0.81,0.02598808879263671,37674770.0
508,Canada,2021-06-14,1052.0,14.0,4.037,41.4,16.984,10.797,0.026195647557583114,0.23177083333333334,0.024370059067623167,0.00015187758666514788,0.5552654444958042,0.2534881431411198,0.21428571428571427,0.8541666666666666,0.81,0.02598808879263671,37674770.0
509,Canada,2021-06-15,970.0,27.0,4.037,41.4,16.984,10.797,0.026195647557583114,0.23177083333333334,0.024370059067623167,0.00015187758666514788,0.5552654444958042,0.2534881431411198,0.21428571428571427,0.8541666666666666,0.81,0.02598808879263671,37674770.0
510,Canada,2021-06-16,1018.0,28.0,4.037,41.4,16.984,10.797,0.026195647557583114,0.23177083333333334,0.024370059067623167,0.00015187758666514788,0.5552654444958042,0.2534881431411198,0.21428571428571427,0.8541666666666666,0.81,0.02598808879263671,37674770.0
511,Canada,2021-06-17,1098.0,12.0,4.037,41.4,16.984,10.797,0.026195647557583114,0.23177083333333334,0.024370059067623167,0.00015187758666514788,0.5552654444958042,0.2534881431411198,0.21428571428571427,0.8541666666666666,0.81,0.02598808879263671,37674770.0
512,Canada,2021-06-18,989.0,11.0,4.037,41.4,16.984,10.797,0.026195647557583114,0.23177083333333334,0.024370059067623167,0.00015187758666514788,0.5552654444958042,0.2534881431411198,0.21428571428571427,0.8541666666666666,0.81,0.02598808879263671,37674770.0
513,Canada,2021-06-19,743.0,31.0,4.037,41.4,16.984,10.797,0.026195647557583114,0.23177083333333334,0.024370059067623167,0.00015187758666514788,0.5552654444958042,0.2534881431411198,0.21428571428571427,0.8541666666666666,0.81,0.02598808879263671,37674770.0
514,Canada,2021-06-20,619.0,22.0,4.037,41.4,16.984,10.797,0.026195647557583114,0.23177083333333334,0.024370059067623167,0.00015187758666514788,0.5552654444958042,0.2534881431411198,0.21428571428571427,0.8541666666666666,0.81,0.02598808879263671,37674770.0
515,Canada,2021-06-21,684.0,10.0,4.037,41.4,16.984,10.797,0.026195647557583114,0.23177083333333334,0.024370059067623167,0.00015187758666514788,0.5552654444958042,0.2534881431411198,0.21428571428571427,0.8541666666666666,0.81,0.02598808879263671,37674770.0
516,Canada,2021-06-22,652.0,68.0,4.037,41.4,16.984,10.797,0.026195647557583114,0.23177083333333334,0.024370059067623167,0.00015187758666514788,0.5552654444958042,0.2534881431411198,0.21428571428571427,0.8541666666666666,0.81,0.02598808879263671,37674770.0
517,Canada,2021-06-23,709.0,21.0,4.037,41.4,16.984,10.797,0.026195647557583114,0.23177083333333334,0.024370059067623167,0.00015187758666514788,0.5552654444958042,0.2534881431411198,0.21428571428571427,0.8541666666666666,0.81,0.02598808879263671,37674770.0
518,Canada,2021-06-24,708.0,17.0,4.037,41.4,16.984,10.797,0.026195647557583114,0.23177083333333334,0.024370059067623167,0.00015187758666514788,0.5552654444958042,0.2534881431411198,0.21428571428571427,0.8541666666666666,0.81,0.02598808879263671,37674770.0
519,Canada,2021-06-25,638.0,5.0,4.037,41.4,16.984,10.797,0.026195647557583114,0.23177083333333334,0.024370059067623167,0.00015187758666514788,0.5552654444958042,0.2534881431411198,0.21428571428571427,0.8541666666666666,0.81,0.02598808879263671,37674770.0
520,Canada,2021-06-26,520.0,17.0,4.037,41.4,16.984,10.797,0.026195647557583114,0.23177083333333334,0.024370059067623167,0.00015187758666514788,0.5552654444958042,0.2534881431411198,0.21428571428571427,0.8541666666666666,0.81,0.02598808879263671,37674770.0
521,Canada,2021-06-27,403.0,13.0,4.037,41.4,16.984,10.797,0.026195647557583114,0.23177083333333334,0.024370059067623167,0.00015187758666514788,0.5552654444958042,0.2534881431411198,0.21428571428571427,0.8541666666666666,0.81,0.02598808879263671,37674770.0
522,Canada,2021-06-28,712.0,11.0,4.037,41.4,16.984,10.797,0.026195647557583114,0.23177083333333334,0.024370059067623167,0.00015187758666514788,0.5552654444958042,0.2534881431411198,0.21428571428571427,0.8541666666666666,0.81,0.02598808879263671,37674770.0
523,Canada,2021-06-29,628.0,36.0,4.037,41.4,16.984,10.797,0.026195647557583114,0.23177083333333334,0.024370059067623167,0.00015187758666514788,0.5552654444958042,0.2534881431411198,0.21428571428571427,0.8541666666666666,0.81,0.02598808879263671,37674770.0
524,Canada,2021-06-30,550.0,21.0,4.037,41.4,16.984,10.797,0.026195647557583114,0.23177083333333334,0.024370059067623167,0.00015187758666514788,0.5552654444958042,0.2534881431411198,0.21428571428571427,0.8541666666666666,0.81,0.02598808879263671,37674770.0
525,Canada,2021-07-01,276.0,19.0,4.037,41.4,16.984,10.797,0.026195647557583114,0.23177083333333334,0.024370059067623167,0.00015187758666514788,0.5552654444958042,0.2534881431411198,0.21428571428571427,0.8541666666666666,0.81,0.02598808879263671,37674770.0
526,Canada,2021-07-02,656.0,24.0,4.037,41.4,16.984,10.797,0.026195647557583114,0.23177083333333334,0.024370059067623167,0.00015187758666514788,0.5552654444958042,0.2534881431411198,0.21428571428571427,0.8541666666666666,0.81,0.02598808879263671,37674770.0
527,Canada,2021-07-03,385.0,10.0,4.037,41.4,16.984,10.797,0.026195647557583114,0.23177083333333334,0.024370059067623167,0.00015187758666514788,0.5552654444958042,0.2534881431411198,0.21428571428571427,0.8541666666666666,0.81,0.02598808879263671,37674770.0
528,Canada,2021-07-04,293.0,12.0,4.037,41.4,16.984,10.797,0.026195647557583114,0.23177083333333334,0.024370059067623167,0.00015187758666514788,0.5552654444958042,0.2534881431411198,0.21428571428571427,0.8541666666666666,0.81,0.02598808879263671,37674770.0
529,Canada,2021-07-05,573.0,8.0,4.037,41.4,16.984,10.797,0.026195647557583114,0.23177083333333334,0.024370059067623167,0.00015187758666514788,0.5552654444958042,0.2534881431411198,0.21428571428571427,0.8541666666666666,0.81,0.02598808879263671,37674770.0
530,Canada,2021-07-06,405.0,13.0,4.037,41.4,16.984,10.797,0.026195647557583114,0.23177083333333334,0.024370059067623167,0.00015187758666514788,0.5552654444958042,0.2534881431411198,0.21428571428571427,0.8541666666666666,0.81,0.02598808879263671,37674770.0
531,Canada,2021-07-07,560.0,6.0,4.037,41.4,16.984,10.797,0.026195647557583114,0.23177083333333334,0.024370059067623167,0.00015187758666514788,0.5552654444958042,0.2534881431411198,0.21428571428571427,0.8541666666666666,0.81,0.02598808879263671,37674770.0
532,Canada,2021-07-08,523.0,18.0,4.037,41.4,16.984,10.797,0.026195647557583114,0.23177083333333334,0.024370059067623167,0.00015187758666514788,0.5552654444958042,0.2534881431411198,0.21428571428571427,0.8541666666666666,0.81,0.02598808879263671,37674770.0
533,Canada,2021-07-09,534.0,14.0,4.037,41.4,16.984,10.797,0.026195647557583114,0.23177083333333334,0.024370059067623167,0.00015187758666514788,0.5552654444958042,0.2534881431411198,0.21428571428571427,0.8541666666666666,0.81,0.02598808879263671,37674770.0
534,Canada,2021-07-10,347.0,9.0,4.037,41.4,16.984,10.797,0.026195647557583114,0.23177083333333334,0.024370059067623167,0.00015187758666514788,0.5552654444958042,0.2534881431411198,0.21428571428571427,0.8541666666666666,0.81,0.02598808879263671,37674770.0
535,Canada,2021-07-11,269.0,8.0,4.037,41.4,16.984,10.797,0.026195647557583114,0.23177083333333334,0.024370059067623167,0.00015187758666514788,0.5552654444958042,0.2534881431411198,0.21428571428571427,0.8541666666666666,0.81,0.02598808879263671,37674770.0
536,Canada,2021-07-12,454.0,3.0,4.037,41.4,16.984,10.797,0.026195647557583114,0.23177083333333334,0.024370059067623167,0.00015187758666514788,0.5552654444958042,0.2534881431411198,0.21428571428571427,0.8541666666666666,0.81,0.02598808879263671,37674770.0
537,Canada,2021-07-13,365.0,11.0,4.037,41.4,16.984,10.797,0.026195647557583114,0.23177083333333334,0.024370059067623167,0.00015187758666514788,0.5552654444958042,0.2534881431411198,0.21428571428571427,0.8541666666666666,0.81,0.02598808879263671,37674770.0
538,Canada,2021-07-14,324.0,8.0,4.037,41.4,16.984,10.797,0.026195647557583114,0.23177083333333334,0.024370059067623167,0.00015187758666514788,0.5552654444958042,0.2534881431411198,0.21428571428571427,0.8541666666666666,0.81,0.02598808879263671,37674770.0
539,Canada,2021-07-15,447.0,14.0,4.037,41.4,16.984,10.797,0.026195647557583114,0.23177083333333334,0.024370059067623167,0.00015187758666514788,0.5552654444958042,0.2534881431411198,0.21428571428571427,0.8541666666666666,0.81,0.02598808879263671,37674770.0
540,Canada,2021-07-16,366.0,17.0,4.037,41.4,16.984,10.797,0.026195647557583114,0.23177083333333334,0.024370059067623167,0.00015187758666514788,0.5552654444958042,0.2534881431411198,0.21428571428571427,0.8541666666666666,0.81,0.02598808879263671,37674770.0
541,Canada,2021-07-17,347.0,4.0,4.037,41.4,16.984,10.797,0.026195647557583114,0.23177083333333334,0.024370059067623167,0.00015187758666514788,0.5552654444958042,0.2534881431411198,0.21428571428571427,0.8541666666666666,0.81,0.02598808879263671,37674770.0
542,Canada,2021-07-18,291.0,7.0,4.037,41.4,16.984,10.797,0.026195647557583114,0.23177083333333334,0.024370059067623167,0.00015187758666514788,0.5552654444958042,0.2534881431411198,0.21428571428571427,0.8541666666666666,0.81,0.02598808879263671,37674770.0
543,Canada,2021-07-19,565.0,4.0,4.037,41.4,16.984,10.797,0.026195647557583114,0.23177083333333334,0.024370059067623167,0.00015187758666514788,0.5552654444958042,0.2534881431411198,0.21428571428571427,0.8541666666666666,0.81,0.02598808879263671,37674770.0
544,Canada,2021-07-20,355.0,4.0,4.037,41.4,16.984,10.797,0.026195647557583114,0.23177083333333334,0.024370059067623167,0.00015187758666514788,0.5552654444958042,0.2534881431411198,0.21428571428571427,0.8541666666666666,0.81,0.02598808879263671,37674770.0
545,Canada,2021-07-21,538.0,4.0,4.037,41.4,16.984,10.797,0.026195647557583114,0.23177083333333334,0.024370059067623167,0.00015187758666514788,0.5552654444958042,0.2534881431411198,0.21428571428571427,0.8541666666666666,0.81,0.02598808879263671,37674770.0
546,Canada,2021-07-22,394.0,14.0,4.037,41.4,16.984,10.797,0.026195647557583114,0.23177083333333334,0.024370059067623167,0.00015187758666514788,0.5552654444958042,0.2534881431411198,0.21428571428571427,0.8541666666666666,0.81,0.02598808879263671,37674770.0
547,Canada,2021-07-23,595.0,13.0,4.037,41.4,16.984,10.797,0.026195647557583114,0.23177083333333334,0.024370059067623167,0.00015187758666514788,0.5552654444958042,0.2534881431411198,0.21428571428571427,0.8541666666666666,0.81,0.02598808879263671,37674770.0
548,Canada,2021-07-24,374.0,5.0,4.037,41.4,16.984,10.797,0.026195647557583114,0.23177083333333334,0.024370059067623167,0.00015187758666514788,0.5552654444958042,0.2534881431411198,0.21428571428571427,0.8541666666666666,0.81,0.02598808879263671,37674770.0
549,Canada,2021-07-25,294.0,4.0,4.037,41.4,16.984,10.797,0.026195647557583114,0.23177083333333334,0.024370059067623167,0.00015187758666514788,0.5552654444958042,0.2534881431411198,0.21428571428571427,0.8541666666666666,0.81,0.02598808879263671,37674770.0
550,Canada,2021-07-26,944.0,4.0,4.037,41.4,16.984,10.797,0.026195647557583114,0.23177083333333334,0.024370059067623167,0.00015187758666514788,0.5552654444958042,0.2534881431411198,0.21428571428571427,0.8541666666666666,0.81,0.02598808879263671,37674770.0
551,Canada,2021-07-27,594.0,8.0,4.037,41.4,16.984,10.797,0.026195647557583114,0.23177083333333334,0.024370059067623167,0.00015187758666514788,0.5552654444958042,0.2534881431411198,0.21428571428571427,0.8541666666666666,0.81,0.02598808879263671,37674770.0
552,Canada,2021-07-28,843.0,10.0,4.037,41.4,16.984,10.797,0.026195647557583114,0.23177083333333334,0.024370059067623167,0.00015187758666514788,0.5552654444958042,0.2534881431411198,0.21428571428571427,0.8541666666666666,0.81,0.02598808879263671,37674770.0
553,Canada,2021-07-29,931.0,6.0,4.037,41.4,16.984,10.797,0.026195647557583114,0.23177083333333334,0.024370059067623167,0.00015187758666514788,0.5552654444958042,0.2534881431411198,0.21428571428571427,0.8541666666666666,0.81,0.02598808879263671,37674770.0
554,Canada,2021-07-30,905.0,16.0,4.037,41.4,16.984,10.797,0.026195647557583114,0.23177083333333334,0.024370059067623167,0.00015187758666514788,0.5552654444958042,0.2534881431411198,0.21428571428571427,0.8541666666666666,0.81,0.02598808879263671,37674770.0
555,Canada,2021-07-31,472.0,6.0,4.037,41.4,16.984,10.797,0.026195647557583114,0.23177083333333334,0.024370059067623167,0.00015187758666514788,0.5552654444958042,0.2534881431411198,0.21428571428571427,0.8541666666666666,0.81,0.02598808879263671,37674770.0
556,Canada,2021-08-01,380.0,2.0,4.037,41.4,16.984,10.797,0.026195647557583114,0.23177083333333334,0.024370059067623167,0.00015187758666514788,0.5552654444958042,0.2534881431411198,0.21428571428571427,0.8541666666666666,0.81,0.02598808879263671,37674770.0
557,Canada,2021-08-02,336.0,1.0,4.037,41.4,16.984,10.797,0.026195647557583114,0.23177083333333334,0.024370059067623167,0.00015187758666514788,0.5552654444958042,0.2534881431411198,0.21428571428571427,0.8541666666666666,0.81,0.02598808879263671,37674770.0
558,Canada,2021-08-03,2030.0,6.0,4.037,41.4,16.984,10.797,0.026195647557583114,0.23177083333333334,0.024370059067623167,0.00015187758666514788,0.5552654444958042,0.2534881431411198,0.21428571428571427,0.8541666666666666,0.81,0.02598808879263671,37674770.0
559,Canada,2021-08-04,1093.0,11.0,4.037,41.4,16.984,10.797,0.026195647557583114,0.23177083333333334,0.024370059067623167,0.00015187758666514788,0.5552654444958042,0.2534881431411198,0.21428571428571427,0.8541666666666666,0.81,0.02598808879263671,37674770.0
560,Canada,2021-08-05,1590.0,19.0,4.037,41.4,16.984,10.797,0.026195647557583114,0.23177083333333334,0.024370059067623167,0.00015187758666514788,0.5552654444958042,0.2534881431411198,0.21428571428571427,0.8541666666666666,0.81,0.02598808879263671,37674770.0
561,Canada,2021-08-06,1625.0,17.0,4.037,41.4,16.984,10.797,0.026195647557583114,0.23177083333333334,0.024370059067623167,0.00015187758666514788,0.5552654444958042,0.2534881431411198,0.21428571428571427,0.8541666666666666,0.81,0.02598808879263671,37674770.0
562,Canada,2021-08-07,719.0,9.0,4.037,41.4,16.984,10.797,0.026195647557583114,0.23177083333333334,0.024370059067623167,0.00015187758666514788,0.5552654444958042,0.2534881431411198,0.21428571428571427,0.8541666666666666,0.81,0.02598808879263671,37674770.0
563,Canada,2021-08-08,729.0,6.0,4.037,41.4,16.984,10.797,0.026195647557583114,0.23177083333333334,0.024370059067623167,0.00015187758666514788,0.5552654444958042,0.2534881431411198,0.21428571428571427,0.8541666666666666,0.81,0.02598808879263671,37674770.0
564,Canada,2021-08-09,2857.0,9.0,4.037,41.4,16.984,10.797,0.026195647557583114,0.23177083333333334,0.024370059067623167,0.00015187758666514788,0.5552654444958042,0.2534881431411198,0.21428571428571427,0.8541666666666666,0.81,0.02598808879263671,37674770.0
565,Canada,2021-08-10,1417.0,5.0,4.037,41.4,16.984,10.797,0.026195647557583114,0.23177083333333334,0.024370059067623167,0.00015187758666514788,0.5552654444958042,0.2534881431411198,0.21428571428571427,0.8541666666666666,0.81,0.02598808879263671,37674770.0
566,Canada,2021-08-11,2079.0,5.0,4.037,41.4,16.984,10.797,0.026195647557583114,0.23177083333333334,0.024370059067623167,0.00015187758666514788,0.5552654444958042,0.2534881431411198,0.21428571428571427,0.8541666666666666,0.81,0.02598808879263671,37674770.0
567,Canada,2021-08-12,2162.0,4.0,4.037,41.4,16.984,10.797,0.026195647557583114,0.23177083333333334,0.024370059067623167,0.00015187758666514788,0.5552654444958042,0.2534881431411198,0.21428571428571427,0.8541666666666666,0.81,0.02598808879263671,37674770.0
568,Canada,2021-08-13,2438.0,6.0,4.037,41.4,16.984,10.797,0.026195647557583114,0.23177083333333334,0.024370059067623167,0.00015187758666514788,0.5552654444958042,0.2534881431411198,0.21428571428571427,0.8541666666666666,0.81,0.02598808879263671,37674770.0
569,Canada,2021-08-14,1072.0,3.0,4.037,41.4,16.984,10.797,0.026195647557583114,0.23177083333333334,0.024370059067623167,0.00015187758666514788,0.5552654444958042,0.2534881431411198,0.21428571428571427,0.8541666666666666,0.81,0.02598808879263671,37674770.0
571,Canada,2021-08-16,3917.0,4.0,4.037,41.4,16.984,10.797,0.026195647557583114,0.23177083333333334,0.024370059067623167,0.00015187758666514788,0.5552654444958042,0.2534881431411198,0.21428571428571427,0.8541666666666666,0.81,0.02598808879263671,37674770.0
572,Canada,2021-08-17,1974.0,15.0,4.037,41.4,16.984,10.797,0.026195647557583114,0.23177083333333334,0.024370059067623167,0.00015187758666514788,0.5552654444958042,0.2534881431411198,0.21428571428571427,0.8541666666666666,0.81,0.02598808879263671,37674770.0
573,Canada,2021-08-18,2596.0,42.0,4.037,41.4,16.984,10.797,0.026195647557583114,0.23177083333333334,0.024370059067623167,0.00015187758666514788,0.5552654444958042,0.2534881431411198,0.21428571428571427,0.8541666666666666,0.81,0.02598808879263671,37674770.0
574,Canada,2021-08-19,2902.0,22.0,4.037,41.4,16.984,10.797,0.026195647557583114,0.23177083333333334,0.024370059067623167,0.00015187758666514788,0.5552654444958042,0.2534881431411198,0.21428571428571427,0.8541666666666666,0.81,0.02598808879263671,37674770.0
575,Canada,2021-08-20,3030.0,6.0,4.037,41.4,16.984,10.797,0.026195647557583114,0.23177083333333334,0.024370059067623167,0.00015187758666514788,0.5552654444958042,0.2534881431411198,0.21428571428571427,0.8541666666666666,0.81,0.02598808879263671,37674770.0
576,Canada,2021-08-21,1464.0,1.0,4.037,41.4,16.984,10.797,0.026195647557583114,0.23177083333333334,0.024370059067623167,0.00015187758666514788,0.5552654444958042,0.2534881431411198,0.21428571428571427,0.8541666666666666,0.81,0.02598808879263671,37674770.0
577,Canada,2021-08-22,1191.0,2.0,4.037,41.4,16.984,10.797,0.026195647557583114,0.23177083333333334,0.024370059067623167,0.00015187758666514788,0.5552654444958042,0.2534881431411198,0.21428571428571427,0.8541666666666666,0.81,0.02598808879263671,37674770.0
578,Canada,2021-08-23,4808.0,22.0,4.037,41.4,16.984,10.797,0.026195647557583114,0.23177083333333334,0.024370059067623167,0.00015187758666514788,0.5552654444958042,0.2534881431411198,0.21428571428571427,0.8541666666666666,0.81,0.02598808879263671,37674770.0
579,Canada,2021-08-24,2491.0,34.0,4.037,41.4,16.984,10.797,0.026195647557583114,0.23177083333333334,0.024370059067623167,0.00015187758666514788,0.5552654444958042,0.2534881431411198,0.21428571428571427,0.8541666666666666,0.81,0.02598808879263671,37674770.0
580,Canada,2021-08-25,3471.0,7.0,4.037,41.4,16.984,10.797,0.026195647557583114,0.23177083333333334,0.024370059067623167,0.00015187758666514788,0.5552654444958042,0.2534881431411198,0.21428571428571427,0.8541666666666666,0.81,0.02598808879263671,37674770.0
581,Canada,2021-08-26,3554.0,9.0,4.037,41.4,16.984,10.797,0.026195647557583114,0.23177083333333334,0.024370059067623167,0.00015187758666514788,0.5552654444958042,0.2534881431411198,0.21428571428571427,0.8541666666666666,0.81,0.02598808879263671,37674770.0
582,Canada,2021-08-27,3768.0,26.0,4.037,41.4,16.984,10.797,0.026195647557583114,0.23177083333333334,0.024370059067623167,0.00015187758666514788,0.5552654444958042,0.2534881431411198,0.21428571428571427,0.8541666666666666,0.81,0.02598808879263671,37674770.0
583,Canada,2021-08-28,1676.0,8.0,4.037,41.4,16.984,10.797,0.026195647557583114,0.23177083333333334,0.024370059067623167,0.00015187758666514788,0.5552654444958042,0.2534881431411198,0.21428571428571427,0.8541666666666666,0.81,0.02598808879263671,37674770.0
584,Canada,2021-08-29,1434.0,3.0,4.037,41.4,16.984,10.797,0.026195647557583114,0.23177083333333334,0.024370059067623167,0.00015187758666514788,0.5552654444958042,0.2534881431411198,0.21428571428571427,0.8541666666666666,0.81,0.02598808879263671,37674770.0
585,Canada,2021-08-30,6390.0,17.0,4.037,41.4,16.984,10.797,0.026195647557583114,0.23177083333333334,0.024370059067623167,0.00015187758666514788,0.5552654444958042,0.2534881431411198,0.21428571428571427,0.8541666666666666,0.81,0.02598808879263671,37674770.0
586,Canada,2021-08-31,3192.0,14.0,4.037,41.4,16.984,10.797,0.026195647557583114,0.23177083333333334,0.024370059067623167,0.00015187758666514788,0.5552654444958042,0.2534881431411198,0.21428571428571427,0.8541666666666666,0.81,0.02598808879263671,37674770.0
587,Canada,2021-09-01,4000.0,30.0,4.037,41.4,16.984,10.797,0.026195647557583114,0.23177083333333334,0.024370059067623167,0.00015187758666514788,0.5552654444958042,0.2534881431411198,0.21428571428571427,0.8541666666666666,0.81,0.02598808879263671,37674770.0
588,Canada,2021-09-02,4060.0,29.0,4.037,41.4,16.984,10.797,0.026195647557583114,0.23177083333333334,0.024370059067623167,0.00015187758666514788,0.5552654444958042,0.2534881431411198,0.21428571428571427,0.8541666666666666,0.81,0.02598808879263671,37674770.0
589,Canada,2021-09-03,4226.0,15.0,4.037,41.4,16.984,10.797,0.026195647557583114,0.23177083333333334,0.024370059067623167,0.00015187758666514788,0.5552654444958042,0.2534881431411198,0.21428571428571427,0.8541666666666666,0.81,0.02598808879263671,37674770.0
590,Canada,2021-09-04,1713.0,10.0,4.037,41.4,16.984,10.797,0.026195647557583114,0.23177083333333334,0.024370059067623167,0.00015187758666514788,0.5552654444958042,0.2534881431411198,0.21428571428571427,0.8541666666666666,0.81,0.02598808879263671,37674770.0
591,Canada,2021-09-05,1801.0,5.0,4.037,41.4,16.984,10.797,0.026195647557583114,0.23177083333333334,0.024370059067623167,0.00015187758666514788,0.5552654444958042,0.2534881431411198,0.21428571428571427,0.8541666666666666,0.81,0.02598808879263671,37674770.0
592,Canada,2021-09-06,1504.0,3.0,4.037,41.4,16.984,10.797,0.026195647557583114,0.23177083333333334,0.024370059067623167,0.00015187758666514788,0.5552654444958042,0.2534881431411198,0.21428571428571427,0.8541666666666666,0.81,0.02598808879263671,37674770.0
593,Canada,2021-09-07,9072.0,43.0,4.037,41.4,16.984,10.797,0.026195647557583114,0.23177083333333334,0.024370059067623167,0.00015187758666514788,0.5552654444958042,0.2534881431411198,0.21428571428571427,0.8541666666666666,0.81,0.02598808879263671,37674770.0
594,Canada,2021-09-08,3937.0,40.0,4.037,41.4,16.984,10.797,0.026195647557583114,0.23177083333333334,0.024370059067623167,0.00015187758666514788,0.5552654444958042,0.2534881431411198,0.21428571428571427,0.8541666666666666,0.81,0.02598808879263671,37674770.0
595,Canada,2021-09-09,4230.0,27.0,4.037,41.4,16.984,10.797,0.026195647557583114,0.23177083333333334,0.024370059067623167,0.00015187758666514788,0.5552654444958042,0.2534881431411198,0.21428571428571427,0.8541666666666666,0.81,0.02598808879263671,37674770.0
596,Canada,2021-09-10,4646.0,36.0,4.037,41.4,16.984,10.797,0.026195647557583114,0.23177083333333334,0.024370059067623167,0.00015187758666514788,0.5552654444958042,0.2534881431411198,0.21428571428571427,0.8541666666666666,0.81,0.02598808879263671,37674770.0
597,Canada,2021-09-11,1128.0,16.0,4.037,41.4,16.984,10.797,0.026195647557583114,0.23177083333333334,0.024370059067623167,0.00015187758666514788,0.5552654444958042,0.2534881431411198,0.21428571428571427,0.8541666666666666,0.81,0.02598808879263671,37674770.0
598,Canada,2021-09-12,2793.0,12.0,4.037,41.4,16.984,10.797,0.026195647557583114,0.23177083333333334,0.024370059067623167,0.00015187758666514788,0.5552654444958042,0.2534881431411198,0.21428571428571427,0.8541666666666666,0.81,0.02598808879263671,37674770.0
599,Canada,2021-09-13,8690.0,40.0,4.037,41.4,16.984,10.797,0.026195647557583114,0.23177083333333334,0.024370059067623167,0.00015187758666514788,0.5552654444958042,0.2534881431411198,0.21428571428571427,0.8541666666666666,0.81,0.02598808879263671,37674770.0
600,Canada,2021-09-14,4304.0,25.0,4.037,41.4,16.984,10.797,0.026195647557583114,0.23177083333333334,0.024370059067623167,0.00015187758666514788,0.5552654444958042,0.2534881431411198,0.21428571428571427,0.8541666666666666,0.81,0.02598808879263671,37674770.0
601,Canada,2021-09-15,4457.0,42.0,4.037,41.4,16.984,10.797,0.026195647557583114,0.23177083333333334,0.024370059067623167,0.00015187758666514788,0.5552654444958042,0.2534881431411198,0.21428571428571427,0.8541666666666666,0.81,0.02598808879263671,37674770.0
602,Canada,2021-09-16,4637.0,20.0,4.037,41.4,16.984,10.797,0.026195647557583114,0.23177083333333334,0.024370059067623167,0.00015187758666514788,0.5552654444958042,0.2534881431411198,0.21428571428571427,0.8541666666666666,0.81,0.02598808879263671,37674770.0
603,Canada,2021-09-17,5050.0,45.0,4.037,41.4,16.984,10.797,0.026195647557583114,0.23177083333333334,0.024370059067623167,0.00015187758666514788,0.5552654444958042,0.2534881431411198,0.21428571428571427,0.8541666666666666,0.81,0.02598808879263671,37674770.0
604,Canada,2021-09-18,1998.0,14.0,4.037,41.4,16.984,10.797,0.026195647557583114,0.23177083333333334,0.024370059067623167,0.00015187758666514788,0.5552654444958042,0.2534881431411198,0.21428571428571427,0.8541666666666666,0.81,0.02598808879263671,37674770.0
605,Canada,2021-09-19,1817.0,11.0,4.037,41.4,16.984,10.797,0.026195647557583114,0.23177083333333334,0.024370059067623167,0.00015187758666514788,0.5552654444958042,0.2534881431411198,0.21428571428571427,0.8541666666666666,0.81,0.02598808879263671,37674770.0
606,Canada,2021-09-20,8566.0,39.0,4.037,41.4,16.984,10.797,0.026195647557583114,0.23177083333333334,0.024370059067623167,0.00015187758666514788,0.5552654444958042,0.2534881431411198,0.21428571428571427,0.8541666666666666,0.81,0.02598808879263671,37674770.0
607,Canada,2021-09-21,3871.0,54.0,4.037,41.4,16.984,10.797,0.026195647557583114,0.23177083333333334,0.024370059067623167,0.00015187758666514788,0.5552654444958042,0.2534881431411198,0.21428571428571427,0.8541666666666666,0.81,0.02598808879263671,37674770.0
608,Canada,2021-09-22,4137.0,49.0,4.037,41.4,16.984,10.797,0.026195647557583114,0.23177083333333334,0.024370059067623167,0.00015187758666514788,0.5552654444958042,0.2534881431411198,0.21428571428571427,0.8541666666666666,0.81,0.02598808879263671,37674770.0
609,Canada,2021-09-23,4572.0,44.0,4.037,41.4,16.984,10.797,0.026195647557583114,0.23177083333333334,0.024370059067623167,0.00015187758666514788,0.5552654444958042,0.2534881431411198,0.21428571428571427,0.8541666666666666,0.81,0.02598808879263671,37674770.0
610,Canada,2021-09-24,4527.0,39.0,4.037,41.4,16.984,10.797,0.026195647557583114,0.23177083333333334,0.024370059067623167,0.00015187758666514788,0.5552654444958042,0.2534881431411198,0.21428571428571427,0.8541666666666666,0.81,0.02598808879263671,37674770.0
611,Canada,2021-09-25,1253.0,15.0,4.037,41.4,16.984,10.797,0.026195647557583114,0.23177083333333334,0.024370059067623167,0.00015187758666514788,0.5552654444958042,0.2534881431411198,0.21428571428571427,0.8541666666666666,0.81,0.02598808879263671,37674770.0
612,Canada,2021-09-26,1112.0,10.0,4.037,41.4,16.984,10.797,0.026195647557583114,0.23177083333333334,0.024370059067623167,0.00015187758666514788,0.5552654444958042,0.2534881431411198,0.21428571428571427,0.8541666666666666,0.81,0.02598808879263671,37674770.0
613,Canada,2021-09-27,10851.0,54.0,4.037,41.4,16.984,10.797,0.026195647557583114,0.23177083333333334,0.024370059067623167,0.00015187758666514788,0.5552654444958042,0.2534881431411198,0.21428571428571427,0.8541666666666666,0.81,0.02598808879263671,37674770.0
614,Canada,2021-09-28,3627.0,56.0,4.037,41.4,16.984,10.797,0.026195647557583114,0.23177083333333334,0.024370059067623167,0.00015187758666514788,0.5552654444958042,0.2534881431411198,0.21428571428571427,0.8541666666666666,0.81,0.02598808879263671,37674770.0
615,Canada,2021-09-29,4418.0,64.0,4.037,41.4,16.984,10.797,0.026195647557583114,0.23177083333333334,0.024370059067623167,0.00015187758666514788,0.5552654444958042,0.2534881431411198,0.21428571428571427,0.8541666666666666,0.81,0.02598808879263671,37674770.0
616,Canada,2021-09-30,3748.0,43.0,4.037,41.4,16.984,10.797,0.026195647557583114,0.23177083333333334,0.024370059067623167,0.00015187758666514788,0.5552654444958042,0.2534881431411198,0.21428571428571427,0.8541666666666666,0.81,0.02598808879263671,37674770.0
617,Canada,2021-10-01,5192.0,59.0,4.037,41.4,16.984,10.797,0.026195647557583114,0.23177083333333334,0.024370059067623167,0.00015187758666514788,0.5552654444958042,0.2534881431411198,0.21428571428571427,0.8541666666666666,0.81,0.02598808879263671,37674770.0
618,Canada,2021-10-02,1872.0,24.0,4.037,41.4,16.984,10.797,0.026195647557583114,0.23177083333333334,0.024370059067623167,0.00015187758666514788,0.5552654444958042,0.2534881431411198,0.21428571428571427,0.8541666666666666,0.81,0.02598808879263671,37674770.0
619,Canada,2021-10-03,1464.0,8.0,4.037,41.4,16.984,10.797,0.026195647557583114,0.23177083333333334,0.024370059067623167,0.00015187758666514788,0.5552654444958042,0.2534881431411198,0.21428571428571427,0.8541666666666666,0.81,0.02598808879263671,37674770.0
620,Canada,2021-10-04,7913.0,49.0,4.037,41.4,16.984,10.797,0.026195647557583114,0.23177083333333334,0.024370059067623167,0.00015187758666514788,0.5552654444958042,0.2534881431411198,0.21428571428571427,0.8541666666666666,0.81,0.02598808879263671,37674770.0
621,Canada,2021-10-05,2918.0,48.0,4.037,41.4,16.984,10.797,0.026195647557583114,0.23177083333333334,0.024370059067623167,0.00015187758666514788,0.5552654444958042,0.2534881431411198,0.21428571428571427,0.8541666666666666,0.81,0.02598808879263671,37674770.0
622,Canada,2021-10-06,3845.0,62.0,4.037,41.4,16.984,10.797,0.026195647557583114,0.23177083333333334,0.024370059067623167,0.00015187758666514788,0.5552654444958042,0.2534881431411198,0.21428571428571427,0.8541666666666666,0.81,0.02598808879263671,37674770.0
623,Canada,2021-10-07,4148.0,29.0,4.037,41.4,16.984,10.797,0.026195647557583114,0.23177083333333334,0.024370059067623167,0.00015187758666514788,0.5552654444958042,0.2534881431411198,0.21428571428571427,0.8541666666666666,0.81,0.02598808879263671,37674770.0
624,Canada,2021-10-08,4114.0,45.0,4.037,41.4,16.984,10.797,0.026195647557583114,0.23177083333333334,0.024370059067623167,0.00015187758666514788,0.5552654444958042,0.2534881431411198,0.21428571428571427,0.8541666666666666,0.81,0.02598808879263671,37674770.0
625,Canada,2021-10-09,1755.0,9.0,4.037,41.4,16.984,10.797,0.026195647557583114,0.23177083333333334,0.024370059067623167,0.00015187758666514788,0.5552654444958042,0.2534881431411198,0.21428571428571427,0.8541666666666666,0.81,0.02598808879263671,37674770.0
626,Canada,2021-10-10,1569.0,8.0,4.037,41.4,16.984,10.797,0.026195647557583114,0.23177083333333334,0.024370059067623167,0.00015187758666514788,0.5552654444958042,0.2534881431411198,0.21428571428571427,0.8541666666666666,0.81,0.02598808879263671,37674770.0
627,Canada,2021-10-11,1378.0,12.0,4.037,41.4,16.984,10.797,0.026195647557583114,0.23177083333333334,0.024370059067623167,0.00015187758666514788,0.5552654444958042,0.2534881431411198,0.21428571428571427,0.8541666666666666,0.81,0.02598808879263671,37674770.0
628,Canada,2021-10-12,7038.0,75.0,4.037,41.4,16.984,10.797,0.026195647557583114,0.23177083333333334,0.024370059067623167,0.00015187758666514788,0.5552654444958042,0.2534881431411198,0.21428571428571427,0.8541666666666666,0.81,0.02598808879263671,37674770.0
629,Canada,2021-10-13,2715.0,79.0,4.037,41.4,16.984,10.797,0.026195647557583114,0.23177083333333334,0.024370059067623167,0.00015187758666514788,0.5552654444958042,0.2534881431411198,0.21428571428571427,0.8541666666666666,0.81,0.02598808879263671,37674770.0
630,Canada,2021-10-14,3355.0,52.0,4.037,41.4,16.984,10.797,0.026195647557583114,0.23177083333333334,0.024370059067623167,0.00015187758666514788,0.5552654444958042,0.2534881431411198,0.21428571428571427,0.8541666666666666,0.81,0.02598808879263671,37674770.0
631,Canada,2021-10-15,3442.0,47.0,4.037,41.4,16.984,10.797,0.026195647557583114,0.23177083333333334,0.024370059067623167,0.00015187758666514788,0.5552654444958042,0.2534881431411198,0.21428571428571427,0.8541666666666666,0.81,0.02598808879263671,37674770.0
632,Canada,2021-10-16,1598.0,14.0,4.037,41.4,16.984,10.797,0.026195647557583114,0.23177083333333334,0.024370059067623167,0.00015187758666514788,0.5552654444958042,0.2534881431411198,0.21428571428571427,0.8541666666666666,0.81,0.02598808879263671,37674770.0
633,Canada,2021-10-17,1292.0,11.0,4.037,41.4,16.984,10.797,0.026195647557583114,0.23177083333333334,0.024370059067623167,0.00015187758666514788,0.5552654444958042,0.2534881431411198,0.21428571428571427,0.8541666666666666,0.81,0.02598808879263671,37674770.0
634,Canada,2021-10-18,5375.0,71.0,4.037,41.4,16.984,10.797,0.026195647557583114,0.23177083333333334,0.024370059067623167,0.00015187758666514788,0.5552654444958042,0.2534881431411198,0.21428571428571427,0.8541666666666666,0.81,0.02598808879263671,37674770.0
635,Canada,2021-10-19,2303.0,39.0,4.037,41.4,16.984,10.797,0.026195647557583114,0.23177083333333334,0.024370059067623167,0.00015187758666514788,0.5552654444958042,0.2534881431411198,0.21428571428571427,0.8541666666666666,0.81,0.02598808879263671,37674770.0
636,Canada,2021-10-20,2788.0,41.0,4.037,41.4,16.984,10.797,0.026195647557583114,0.23177083333333334,0.024370059067623167,0.00015187758666514788,0.5552654444958042,0.2534881431411198,0.21428571428571427,0.8541666666666666,0.81,0.02598808879263671,37674770.0
637,Canada,2021-10-21,2870.0,23.0,4.037,41.4,16.984,10.797,0.026195647557583114,0.23177083333333334,0.024370059067623167,0.00015187758666514788,0.5552654444958042,0.2534881431411198,0.21428571428571427,0.8541666666666666,0.81,0.02598808879263671,37674770.0
638,Canada,2021-10-22,2575.0,62.0,4.037,41.4,16.984,10.797,0.026195647557583114,0.23177083333333334,0.024370059067623167,0.00015187758666514788,0.5552654444958042,0.2534881431411198,0.21428571428571427,0.8541666666666666,0.81,0.02598808879263671,37674770.0
639,Canada,2021-10-23,1778.0,16.0,4.037,41.4,16.984,10.797,0.026195647557583114,0.23177083333333334,0.024370059067623167,0.00015187758666514788,0.5552654444958042,0.2534881431411198,0.21428571428571427,0.8541666666666666,0.81,0.02598808879263671,37674770.0
640,Canada,2021-10-24,1496.0,4.0,4.037,41.4,16.984,10.797,0.026195647557583114,0.23177083333333334,0.024370059067623167,0.00015187758666514788,0.5552654444958042,0.2534881431411198,0.21428571428571427,0.8541666666666666,0.81,0.02598808879263671,37674770.0
641,Canada,2021-10-25,3317.0,56.0,4.037,41.4,16.984,10.797,0.026195647557583114,0.23177083333333334,0.024370059067623167,0.00015187758666514788,0.5552654444958042,0.2534881431411198,0.21428571428571427,0.8541666666666666,0.81,0.02598808879263671,37674770.0
642,Canada,2021-10-26,1830.0,36.0,4.037,41.4,16.984,10.797,0.026195647557583114,0.23177083333333334,0.024370059067623167,0.00015187758666514788,0.5552654444958042,0.2534881431411198,0.21428571428571427,0.8541666666666666,0.81,0.02598808879263671,37674770.0
643,Canada,2021-10-27,2657.0,40.0,4.037,41.4,16.984,10.797,0.026195647557583114,0.23177083333333334,0.024370059067623167,0.00015187758666514788,0.5552654444958042,0.2534881431411198,0.21428571428571427,0.8541666666666666,0.81,0.02598808879263671,37674770.0
644,Canada,2021-10-28,2658.0,47.0,4.037,41.4,16.984,10.797,0.026195647557583114,0.23177083333333334,0.024370059067623167,0.00015187758666514788,0.5552654444958042,0.2534881431411198,0.21428571428571427,0.8541666666666666,0.81,0.02598808879263671,37674770.0
645,Canada,2021-10-29,2534.0,24.0,4.037,41.4,16.984,10.797,0.026195647557583114,0.23177083333333334,0.024370059067623167,0.00015187758666514788,0.5552654444958042,0.2534881431411198,0.21428571428571427,0.8541666666666666,0.81,0.02598808879263671,37674770.0
646,Canada,2021-10-30,1788.0,12.0,4.037,41.4,16.984,10.797,0.026195647557583114,0.23177083333333334,0.024370059067623167,0.00015187758666514788,0.5552654444958042,0.2534881431411198,0.21428571428571427,0.8541666666666666,0.81,0.02598808879263671,37674770.0
647,Canada,2021-10-31,1563.0,5.0,4.037,41.4,16.984,10.797,0.026195647557583114,0.23177083333333334,0.024370059067623167,0.00015187758666514788,0.5552654444958042,0.2534881431411198,0.21428571428571427,0.8541666666666666,0.81,0.02598808879263671,37674770.0
648,Canada,2021-11-01,3003.0,54.0,4.037,41.4,16.984,10.797,0.026195647557583114,0.23177083333333334,0.024370059067623167,0.00015187758666514788,0.5552654444958042,0.2534881431411198,0.21428571428571427,0.8541666666666666,0.81,0.02598808879263671,37674770.0
649,Canada,2021-11-02,1953.0,33.0,4.037,41.4,16.984,10.797,0.026195647557583114,0.23177083333333334,0.024370059067623167,0.00015187758666514788,0.5552654444958042,0.2534881431411198,0.21428571428571427,0.8541666666666666,0.81,0.02598808879263671,37674770.0
650,Canada,2021-11-03,2397.0,38.0,4.037,41.4,16.984,10.797,0.026195647557583114,0.23177083333333334,0.024370059067623167,0.00015187758666514788,0.5552654444958042,0.2534881431411198,0.21428571428571427,0.8541666666666666,0.81,0.02598808879263671,37674770.0
651,Canada,2021-11-04,2680.0,20.0,4.037,41.4,16.984,10.797,0.026195647557583114,0.23177083333333334,0.024370059067623167,0.00015187758666514788,0.5552654444958042,0.2534881431411198,0.21428571428571427,0.8541666666666666,0.81,0.02598808879263671,37674770.0
652,Canada,2021-11-05,2571.0,18.0,4.037,41.4,16.984,10.797,0.026195647557583114,0.23177083333333334,0.024370059067623167,0.00015187758666514788,0.5552654444958042,0.2534881431411198,0.21428571428571427,0.8541666666666666,0.81,0.02598808879263671,37674770.0
653,Canada,2021-11-06,1432.0,7.0,4.037,41.4,16.984,10.797,0.026195647557583114,0.23177083333333334,0.024370059067623167,0.00015187758666514788,0.5552654444958042,0.2534881431411198,0.21428571428571427,0.8541666666666666,0.81,0.02598808879263671,37674770.0
654,Canada,2021-11-07,1233.0,11.0,4.037,41.4,16.984,10.797,0.026195647557583114,0.23177083333333334,0.024370059067623167,0.00015187758666514788,0.5552654444958042,0.2534881431411198,0.21428571428571427,0.8541666666666666,0.81,0.02598808879263671,37674770.0
655,Canada,2021-11-08,4520.0,43.0,4.037,41.4,16.984,10.797,0.026195647557583114,0.23177083333333334,0.024370059067623167,0.00015187758666514788,0.5552654444958042,0.2534881431411198,0.21428571428571427,0.8541666666666666,0.81,0.02598808879263671,37674770.0
656,Canada,2021-11-09,2505.0,24.0,4.037,41.4,16.984,10.797,0.026195647557583114,0.23177083333333334,0.024370059067623167,0.00015187758666514788,0.5552654444958042,0.2534881431411198,0.21428571428571427,0.8541666666666666,0.81,0.02598808879263671,37674770.0
657,Canada,2021-11-10,2728.0,33.0,4.037,41.4,16.984,10.797,0.026195647557583114,0.23177083333333334,0.024370059067623167,0.00015187758666514788,0.5552654444958042,0.2534881431411198,0.21428571428571427,0.8541666666666666,0.81,0.02598808879263671,37674770.0
658,Canada,2021-11-11,1618.0,16.0,4.037,41.4,16.984,10.797,0.026195647557583114,0.23177083333333334,0.024370059067623167,0.00015187758666514788,0.5552654444958042,0.2534881431411198,0.21428571428571427,0.8541666666666666,0.81,0.02598808879263671,37674770.0
659,Canada,2021-11-12,3828.0,43.0,4.037,41.4,16.984,10.797,0.026195647557583114,0.23177083333333334,0.024370059067623167,0.00015187758666514788,0.5552654444958042,0.2534881431411198,0.21428571428571427,0.8541666666666666,0.81,0.02598808879263671,37674770.0
660,Canada,2021-11-13,1495.0,15.0,4.037,41.4,16.984,10.797,0.026195647557583114,0.23177083333333334,0.024370059067623167,0.00015187758666514788,0.5552654444958042,0.2534881431411198,0.21428571428571427,0.8541666666666666,0.81,0.02598808879263671,37674770.0
661,Canada,2021-11-14,1301.0,13.0,4.037,41.4,16.984,10.797,0.026195647557583114,0.23177083333333334,0.024370059067623167,0.00015187758666514788,0.5552654444958042,0.2534881431411198,0.21428571428571427,0.8541666666666666,0.81,0.02598808879263671,37674770.0
662,Canada,2021-11-15,4026.0,47.0,4.037,41.4,16.984,10.797,0.026195647557583114,0.23177083333333334,0.024370059067623167,0.00015187758666514788,0.5552654444958042,0.2534881431411198,0.21428571428571427,0.8541666666666666,0.81,0.02598808879263671,37674770.0
663,Canada,2021-11-16,2107.0,19.0,4.037,41.4,16.984,10.797,0.026195647557583114,0.23177083333333334,0.024370059067623167,0.00015187758666514788,0.5552654444958042,0.2534881431411198,0.21428571428571427,0.8541666666666666,0.81,0.02598808879263671,37674770.0
664,Canada,2021-11-17,2613.0,28.0,4.037,41.4,16.984,10.797,0.026195647557583114,0.23177083333333334,0.024370059067623167,0.00015187758666514788,0.5552654444958042,0.2534881431411198,0.21428571428571427,0.8541666666666666,0.81,0.02598808879263671,37674770.0
665,Canada,2021-11-18,2838.0,31.0,4.037,41.4,16.984,10.797,0.026195647557583114,0.23177083333333334,0.024370059067623167,0.00015187758666514788,0.5552654444958042,0.2534881431411198,0.21428571428571427,0.8541666666666666,0.81,0.02598808879263671,37674770.0
666,Canada,2021-11-19,2755.0,19.0,4.037,41.4,16.984,10.797,0.026195647557583114,0.23177083333333334,0.024370059067623167,0.00015187758666514788,0.5552654444958042,0.2534881431411198,0.21428571428571427,0.8541666666666666,0.81,0.02598808879263671,37674770.0
667,Canada,2021-11-20,1866.0,10.0,4.037,41.4,16.984,10.797,0.026195647557583114,0.23177083333333334,0.024370059067623167,0.00015187758666514788,0.5552654444958042,0.2534881431411198,0.21428571428571427,0.8541666666666666,0.81,0.02598808879263671,37674770.0
668,Canada,2021-11-21,1470.0,7.0,4.037,41.4,16.984,10.797,0.026195647557583114,0.23177083333333334,0.024370059067623167,0.00015187758666514788,0.5552654444958042,0.2534881431411198,0.21428571428571427,0.8541666666666666,0.81,0.02598808879263671,37674770.0
669,Canada,2021-11-22,4165.0,28.0,4.037,41.4,16.984,10.797,0.026195647557583114,0.23177083333333334,0.024370059067623167,0.00015187758666514788,0.5552654444958042,0.2534881431411198,0.21428571428571427,0.8541666666666666,0.81,0.02598808879263671,37674770.0
670,Canada,2021-11-23,2378.0,29.0,4.037,41.4,16.984,10.797,0.026195647557583114,0.23177083333333334,0.024370059067623167,0.00015187758666514788,0.5552654444958042,0.2534881431411198,0.21428571428571427,0.8541666666666666,0.81,0.02598808879263671,37674770.0
671,Canada,2021-11-24,2797.0,25.0,4.037,41.4,16.984,10.797,0.026195647557583114,0.23177083333333334,0.024370059067623167,0.00015187758666514788,0.5552654444958042,0.2534881431411198,0.21428571428571427,0.8541666666666666,0.81,0.02598808879263671,37674770.0
672,Canada,2021-11-25,4397.0,20.0,4.037,41.4,16.984,10.797,0.026195647557583114,0.23177083333333334,0.024370059067623167,0.00015187758666514788,0.5552654444958042,0.2534881431411198,0.21428571428571427,0.8541666666666666,0.81,0.02598808879263671,37674770.0
673,Canada,2021-11-26,3025.0,18.0,4.037,41.4,16.984,10.797,0.026195647557583114,0.23177083333333334,0.024370059067623167,0.00015187758666514788,0.5552654444958042,0.2534881431411198,0.21428571428571427,0.8541666666666666,0.81,0.02598808879263671,37674770.0
674,Canada,2021-11-27,2202.0,10.0,4.037,41.4,16.984,10.797,0.026195647557583114,0.23177083333333334,0.024370059067623167,0.00015187758666514788,0.5552654444958042,0.2534881431411198,0.21428571428571427,0.8541666666666666,0.81,0.02598808879263671,37674770.0
675,Canada,2021-11-28,1734.0,5.0,4.037,41.4,16.984,10.797,0.026195647557583114,0.23177083333333334,0.024370059067623167,0.00015187758666514788,0.5552654444958042,0.2534881431411198,0.21428571428571427,0.8541666666666666,0.81,0.02598808879263671,37674770.0
676,Canada,2021-11-29,3774.0,37.0,4.037,41.4,16.984,10.797,0.026195647557583114,0.23177083333333334,0.024370059067623167,0.00015187758666514788,0.5552654444958042,0.2534881431411198,0.21428571428571427,0.8541666666666666,0.81,0.02598808879263671,37674770.0
677,Canada,2021-11-30,2618.0,17.0,4.037,41.4,16.984,10.797,0.026195647557583114,0.23177083333333334,0.024370059067623167,0.00015187758666514788,0.5552654444958042,0.2534881431411198,0.21428571428571427,0.8541666666666666,0.81,0.02598808879263671,37674770.0
678,Canada,2021-12-01,3417.0,27.0,4.037,41.4,16.984,10.797,0.026195647557583114,0.23177083333333334,0.024370059067623167,0.00015187758666514788,0.5552654444958042,0.2534881431411198,0.21428571428571427,0.8541666666666666,0.81,0.02598808879263671,37674770.0
679,Canada,2021-12-02,3382.0,23.0,4.037,41.4,16.984,10.797,0.026195647557583114,0.23177083333333334,0.024370059067623167,0.00015187758666514788,0.5552654444958042,0.2534881431411198,0.21428571428571427,0.8541666666666666,0.81,0.02598808879263671,37674770.0
680,Canada,2021-12-03,3636.0,20.0,4.037,41.4,16.984,10.797,0.026195647557583114,0.23177083333333334,0.024370059067623167,0.00015187758666514788,0.5552654444958042,0.2534881431411198,0.21428571428571427,0.8541666666666666,0.81,0.02598808879263671,37674770.0
681,Canada,2021-12-04,2623.0,9.0,4.037,41.4,16.984,10.797,0.026195647557583114,0.23177083333333334,0.024370059067623167,0.00015187758666514788,0.5552654444958042,0.2534881431411198,0.21428571428571427,0.8541666666666666,0.81,0.02598808879263671,37674770.0
682,Canada,2021-12-05,2310.0,2.0,4.037,41.4,16.984,10.797,0.026195647557583114,0.23177083333333334,0.024370059067623167,0.00015187758666514788,0.5552654444958042,0.2534881431411198,0.21428571428571427,0.8541666666666666,0.81,0.02598808879263671,37674770.0
683,Canada,2021-12-06,4687.0,32.0,4.037,41.4,16.984,10.797,0.026195647557583114,0.23177083333333334,0.024370059067623167,0.00015187758666514788,0.5552654444958042,0.2534881431411198,0.21428571428571427,0.8541666666666666,0.81,0.02598808879263671,37674770.0
684,Canada,2021-12-07,3255.0,27.0,4.037,41.4,16.984,10.797,0.026195647557583114,0.23177083333333334,0.024370059067623167,0.00015187758666514788,0.5552654444958042,0.2534881431411198,0.21428571428571427,0.8541666666666666,0.81,0.02598808879263671,37674770.0
685,Canada,2021-12-08,3937.0,25.0,4.037,41.4,16.984,10.797,0.026195647557583114,0.23177083333333334,0.024370059067623167,0.00015187758666514788,0.5552654444958042,0.2534881431411198,0.21428571428571427,0.8541666666666666,0.81,0.02598808879263671,37674770.0
686,Canada,2021-12-09,4516.0,24.0,4.037,41.4,16.984,10.797,0.026195647557583114,0.23177083333333334,0.024370059067623167,0.00015187758666514788,0.5552654444958042,0.2534881431411198,0.21428571428571427,0.8541666666666666,0.81,0.02598808879263671,37674770.0
687,Canada,2021-12-10,3085.0,24.0,4.037,41.4,16.984,10.797,0.026195647557583114,0.23177083333333334,0.024370059067623167,0.00015187758666514788,0.5552654444958042,0.2534881431411198,0.21428571428571427,0.8541666666666666,0.81,0.02598808879263671,37674770.0
688,Canada,2021-12-11,5743.0,10.0,4.037,41.4,16.984,10.797,0.026195647557583114,0.23177083333333334,0.024370059067623167,0.00015187758666514788,0.5552654444958042,0.2534881431411198,0.21428571428571427,0.8541666666666666,0.81,0.02598808879263671,37674770.0
689,Canada,2021-12-12,3531.0,9.0,4.037,41.4,16.984,10.797,0.026195647557583114,0.23177083333333334,0.024370059067623167,0.00015187758666514788,0.5552654444958042,0.2534881431411198,0.21428571428571427,0.8541666666666666,0.81,0.02598808879263671,37674770.0
690,Canada,2021-12-13,6103.0,22.0,4.037,41.4,16.984,10.797,0.026195647557583114,0.23177083333333334,0.024370059067623167,0.00015187758666514788,0.5552654444958042,0.2534881431411198,0.21428571428571427,0.8541666666666666,0.81,0.02598808879263671,37674770.0
691,Canada,2021-12-14,5240.0,28.0,4.037,41.4,16.984,10.797,0.026195647557583114,0.23177083333333334,0.024370059067623167,0.00015187758666514788,0.5552654444958042,0.2534881431411198,0.21428571428571427,0.8541666666666666,0.81,0.02598808879263671,37674770.0
692,Canada,2021-12-15,7181.0,25.0,4.037,41.4,16.984,10.797,0.026195647557583114,0.23177083333333334,0.024370059067623167,0.00015187758666514788,0.5552654444958042,0.2534881431411198,0.21428571428571427,0.8541666666666666,0.81,0.02598808879263671,37674770.0
693,Canada,2021-12-16,7923.0,18.0,4.037,41.4,16.984,10.797,0.026195647557583114,0.23177083333333334,0.024370059067623167,0.00015187758666514788,0.5552654444958042,0.2534881431411198,0.21428571428571427,0.8541666666666666,0.81,0.02598808879263671,37674770.0
694,Canada,2021-12-17,10018.0,20.0,4.037,41.4,16.984,10.797,0.026195647557583114,0.23177083333333334,0.024370059067623167,0.00015187758666514788,0.5552654444958042,0.2534881431411198,0.21428571428571427,0.8541666666666666,0.81,0.02598808879263671,37674770.0
695,Canada,2021-12-18,8304.0,8.0,4.037,41.4,16.984,10.797,0.026195647557583114,0.23177083333333334,0.024370059067623167,0.00015187758666514788,0.5552654444958042,0.2534881431411198,0.21428571428571427,0.8541666666666666,0.81,0.02598808879263671,37674770.0
696,Canada,2021-12-19,8386.0,5.0,4.037,41.4,16.984,10.797,0.026195647557583114,0.23177083333333334,0.024370059067623167,0.00015187758666514788,0.5552654444958042,0.2534881431411198,0.21428571428571427,0.8541666666666666,0.81,0.02598808879263671,37674770.0
697,Canada,2021-12-20,15450.0,18.0,4.037,41.4,16.984,10.797,0.026195647557583114,0.23177083333333334,0.024370059067623167,0.00015187758666514788,0.5552654444958042,0.2534881431411198,0.21428571428571427,0.8541666666666666,0.81,0.02598808879263671,37674770.0
698,Canada,2021-12-21,14141.0,22.0,4.037,41.4,16.984,10.797,0.026195647557583114,0.23177083333333334,0.024370059067623167,0.00015187758666514788,0.5552654444958042,0.2534881431411198,0.21428571428571427,0.8541666666666666,0.81,0.02598808879263671,37674770.0
699,Canada,2021-12-22,18900.0,28.0,4.037,41.4,16.984,10.797,0.026195647557583114,0.23177083333333334,0.024370059067623167,0.00015187758666514788,0.5552654444958042,0.2534881431411198,0.21428571428571427,0.8541666666666666,0.81,0.02598808879263671,37674770.0
700,Canada,2021-12-23,25965.0,18.0,4.037,41.4,16.984,10.797,0.026195647557583114,0.23177083333333334,0.024370059067623167,0.00015187758666514788,0.5552654444958042,0.2534881431411198,0.21428571428571427,0.8541666666666666,0.81,0.02598808879263671,37674770.0
701,Canada,2021-12-24,25184.0,14.0,4.037,41.4,16.984,10.797,0.026195647557583114,0.23177083333333334,0.024370059067623167,0.00015187758666514788,0.5552654444958042,0.2534881431411198,0.21428571428571427,0.8541666666666666,0.81,0.02598808879263671,37674770.0
702,Canada,2021-12-25,19026.0,7.0,4.037,41.4,16.984,10.797,0.026195647557583114,0.23177083333333334,0.024370059067623167,0.00015187758666514788,0.5552654444958042,0.2534881431411198,0.21428571428571427,0.8541666666666666,0.81,0.02598808879263671,37674770.0
703,Canada,2021-12-26,18174.0,10.0,4.037,41.4,16.984,10.797,0.026195647557583114,0.23177083333333334,0.024370059067623167,0.00015187758666514788,0.5552654444958042,0.2534881431411198,0.21428571428571427,0.8541666666666666,0.81,0.02598808879263671,37674770.0
704,Canada,2021-12-27,22388.0,27.0,4.037,41.4,16.984,10.797,0.026195647557583114,0.23177083333333334,0.024370059067623167,0.00015187758666514788,0.5552654444958042,0.2534881431411198,0.21428571428571427,0.8541666666666666,0.81,0.02598808879263671,37674770.0
705,Canada,2021-12-28,28085.0,29.0,4.037,41.4,16.984,10.797,0.026195647557583114,0.23177083333333334,0.024370059067623167,0.00015187758666514788,0.5552654444958042,0.2534881431411198,0.21428571428571427,0.8541666666666666,0.81,0.02598808879263671,37674770.0
706,Canada,2021-12-29,55060.0,35.0,4.037,41.4,16.984,10.797,0.026195647557583114,0.23177083333333334,0.024370059067623167,0.00015187758666514788,0.5552654444958042,0.2534881431411198,0.21428571428571427,0.8541666666666666,0.81,0.02598808879263671,37674770.0
707,Canada,2021-12-30,42954.0,27.0,4.037,41.4,16.984,10.797,0.026195647557583114,0.23177083333333334,0.024370059067623167,0.00015187758666514788,0.5552654444958042,0.2534881431411198,0.21428571428571427,0.8541666666666666,0.81,0.02598808879263671,37674770.0
708,Canada,2021-12-31,42936.0,39.0,4.037,41.4,16.984,10.797,0.026195647557583114,0.23177083333333334,0.024370059067623167,0.00015187758666514788,0.5552654444958042,0.2534881431411198,0.21428571428571427,0.8541666666666666,0.81,0.02598808879263671,37674770.0
709,Canada,2022-01-01,33012.0,20.0,4.037,41.4,16.984,10.797,0.026195647557583114,0.23177083333333334,0.024370059067623167,0.00015187758666514788,0.5552654444958042,0.2534881431411198,0.21428571428571427,0.8541666666666666,0.81,0.02598808879263671,37674770.0
710,Canada,2022-01-02,29988.0,30.0,4.037,41.4,16.984,10.797,0.026195647557583114,0.23177083333333334,0.024370059067623167,0.00015187758666514788,0.5552654444958042,0.2534881431411198,0.21428571428571427,0.8541666666666666,0.81,0.02598808879263671,37674770.0
711,Canada,2022-01-03,36321.0,30.0,4.037,41.4,16.984,10.797,0.026195647557583114,0.23177083333333334,0.024370059067623167,0.00015187758666514788,0.5552654444958042,0.2534881431411198,0.21428571428571427,0.8541666666666666,0.81,0.02598808879263671,37674770.0
712,Canada,2022-01-04,49267.0,36.0,4.037,41.4,16.984,10.797,0.026195647557583114,0.23177083333333334,0.024370059067623167,0.00015187758666514788,0.5552654444958042,0.2534881431411198,0.21428571428571427,0.8541666666666666,0.81,0.02598808879263671,37674770.0
713,Canada,2022-01-05,39919.0,89.0,4.037,41.4,16.984,10.797,0.026195647557583114,0.23177083333333334,0.024370059067623167,0.00015187758666514788,0.5552654444958042,0.2534881431411198,0.21428571428571427,0.8541666666666666,0.81,0.02598808879263671,37674770.0
714,Canada,2022-01-06,41879.0,60.0,4.037,41.4,16.984,10.797,0.026195647557583114,0.23177083333333334,0.024370059067623167,0.00015187758666514788,0.5552654444958042,0.2534881431411198,0.21428571428571427,0.8541666666666666,0.81,0.02598808879263671,37674770.0
715,Canada,2022-01-07,45491.0,83.0,4.037,41.4,16.984,10.797,0.026195647557583114,0.23177083333333334,0.024370059067623167,0.00015187758666514788,0.5552654444958042,0.2534881431411198,0.21428571428571427,0.8541666666666666,0.81,0.02598808879263671,37674770.0
716,Canada,2022-01-08,29032.0,31.0,4.037,41.4,16.984,10.797,0.026195647557583114,0.23177083333333334,0.024370059067623167,0.00015187758666514788,0.5552654444958042,0.2534881431411198,0.21428571428571427,0.8541666666666666,0.81,0.02598808879263671,37674770.0
717,Canada,2022-01-09,26272.0,66.0,4.037,41.4,16.984,10.797,0.026195647557583114,0.23177083333333334,0.024370059067623167,0.00015187758666514788,0.5552654444958042,0.2534881431411198,0.21428571428571427,0.8541666666666666,0.81,0.02598808879263671,37674770.0
718,Canada,2022-01-10,58461.0,96.0,4.037,41.4,16.984,10.797,0.026195647557583114,0.23177083333333334,0.024370059067623167,0.00015187758666514788,0.5552654444958042,0.2534881431411198,0.21428571428571427,0.8541666666666666,0.81,0.02598808879263671,37674770.0
719,Canada,2022-01-11,32851.0,96.0,4.037,41.4,16.984,10.797,0.026195647557583114,0.23177083333333334,0.024370059067623167,0.00015187758666514788,0.5552654444958042,0.2534881431411198,0.21428571428571427,0.8541666666666666,0.81,0.02598808879263671,37674770.0
720,Canada,2022-01-12,34873.0,124.0,4.037,41.4,16.984,10.797,0.026195647557583114,0.23177083333333334,0.024370059067623167,0.00015187758666514788,0.5552654444958042,0.2534881431411198,0.21428571428571427,0.8541666666666666,0.81,0.02598808879263671,37674770.0
721,Canada,2022-01-13,31587.0,110.0,4.037,41.4,16.984,10.797,0.026195647557583114,0.23177083333333334,0.024370059067623167,0.00015187758666514788,0.5552654444958042,0.2534881431411198,0.21428571428571427,0.8541666666666666,0.81,0.02598808879263671,37674770.0
722,Canada,2022-01-14,40510.0,133.0,4.037,41.4,16.984,10.797,0.026195647557583114,0.23177083333333334,0.024370059067623167,0.00015187758666514788,0.5552654444958042,0.2534881431411198,0.21428571428571427,0.8541666666666666,0.81,0.02598808879263671,37674770.0
723,Canada,2022-01-15,18147.0,141.0,4.037,41.4,16.984,10.797,0.026195647557583114,0.23177083333333334,0.024370059067623167,0.00015187758666514788,0.5552654444958042,0.2534881431411198,0.21428571428571427,0.8541666666666666,0.81,0.02598808879263671,37674770.0
724,Canada,2022-01-16,15277.0,66.0,4.037,41.4,16.984,10.797,0.026195647557583114,0.23177083333333334,0.024370059067623167,0.00015187758666514788,0.5552654444958042,0.2534881431411198,0.21428571428571427,0.8541666666666666,0.81,0.02598808879263671,37674770.0
725,Canada,2022-01-17,41407.0,145.0,4.037,41.4,16.984,10.797,0.026195647557583114,0.23177083333333334,0.024370059067623167,0.00015187758666514788,0.5552654444958042,0.2534881431411198,0.21428571428571427,0.8541666666666666,0.81,0.02598808879263671,37674770.0
726,Canada,2022-01-18,20864.0,151.0,4.037,41.4,16.984,10.797,0.026195647557583114,0.23177083333333334,0.024370059067623167,0.00015187758666514788,0.5552654444958042,0.2534881431411198,0.21428571428571427,0.8541666666666666,0.81,0.02598808879263671,37674770.0
727,Canada,2022-01-19,23472.0,179.0,4.037,41.4,16.984,10.797,0.026195647557583114,0.23177083333333334,0.024370059067623167,0.00015187758666514788,0.5552654444958042,0.2534881431411198,0.21428571428571427,0.8541666666666666,0.81,0.02598808879263671,37674770.0
728,Canada,2022-01-20,22966.0,211.0,4.037,41.4,16.984,10.797,0.026195647557583114,0.23177083333333334,0.024370059067623167,0.00015187758666514788,0.5552654444958042,0.2534881431411198,0.21428571428571427,0.8541666666666666,0.81,0.02598808879263671,37674770.0
729,Canada,2022-01-21,21193.0,163.0,4.037,41.4,16.984,10.797,0.026195647557583114,0.23177083333333334,0.024370059067623167,0.00015187758666514788,0.5552654444958042,0.2534881431411198,0.21428571428571427,0.8541666666666666,0.81,0.02598808879263671,37674770.0
730,Canada,2022-01-22,13783.0,124.0,4.037,41.4,16.984,10.797,0.026195647557583114,0.23177083333333334,0.024370059067623167,0.00015187758666514788,0.5552654444958042,0.2534881431411198,0.21428571428571427,0.8541666666666666,0.81,0.02598808879263671,37674770.0
731,Canada,2022-01-23,5268.0,56.0,4.037,41.4,16.984,10.797,0.026195647557583114,0.23177083333333334,0.024370059067623167,0.00015187758666514788,0.5552654444958042,0.2534881431411198,0.21428571428571427,0.8541666666666666,0.81,0.02598808879263671,37674770.0
732,Canada,2022-01-24,19512.0,156.0,4.037,41.4,16.984,10.797,0.026195647557583114,0.23177083333333334,0.024370059067623167,0.00015187758666514788,0.5552654444958042,0.2534881431411198,0.21428571428571427,0.8541666666666666,0.81,0.02598808879263671,37674770.0
733,Canada,2022-01-25,28967.0,246.0,4.037,41.4,16.984,10.797,0.026195647557583114,0.23177083333333334,0.024370059067623167,0.00015187758666514788,0.5552654444958042,0.2534881431411198,0.21428571428571427,0.8541666666666666,0.81,0.02598808879263671,37674770.0
734,Canada,2022-01-26,7654.0,106.0,4.037,41.4,16.984,10.797,0.026195647557583114,0.23177083333333334,0.024370059067623167,0.00015187758666514788,0.5552654444958042,0.2534881431411198,0.21428571428571427,0.8541666666666666,0.81,0.02598808879263671,37674770.0
735,Canada,2022-01-27,28400.0,300.0,4.037,41.4,16.984,10.797,0.026195647557583114,0.23177083333333334,0.024370059067623167,0.00015187758666514788,0.5552654444958042,0.2534881431411198,0.21428571428571427,0.8541666666666666,0.81,0.02598808879263671,37674770.0
736,Canada,2022-01-28,16539.0,155.0,4.037,41.4,16.984,10.797,0.026195647557583114,0.23177083333333334,0.024370059067623167,0.00015187758666514788,0.5552654444958042,0.2534881431411198,0.21428571428571427,0.8541666666666666,0.81,0.02598808879263671,37674770.0
737,Canada,2022-01-29,8436.0,124.0,4.037,41.4,16.984,10.797,0.026195647557583114,0.23177083333333334,0.024370059067623167,0.00015187758666514788,0.5552654444958042,0.2534881431411198,0.21428571428571427,0.8541666666666666,0.81,0.02598808879263671,37674770.0
738,Canada,2022-01-30,7290.0,75.0,4.037,41.4,16.984,10.797,0.026195647557583114,0.23177083333333334,0.024370059067623167,0.00015187758666514788,0.5552654444958042,0.2534881431411198,0.21428571428571427,0.8541666666666666,0.81,0.02598808879263671,37674770.0
739,Canada,2022-01-31,21281.0,148.0,4.037,41.4,16.984,10.797,0.026195647557583114,0.23177083333333334,0.024370059067623167,0.00015187758666514788,0.5552654444958042,0.2534881431411198,0.21428571428571427,0.8541666666666666,0.81,0.02598808879263671,37674770.0
740,Canada,2022-02-01,11937.0,162.0,4.037,41.4,16.984,10.797,0.026195647557583114,0.23177083333333334,0.024370059067623167,0.00015187758666514788,0.5552654444958042,0.2534881431411198,0.21428571428571427,0.8541666666666666,0.81,0.02598808879263671,37674770.0
741,Canada,2022-02-02,15352.0,175.0,4.037,41.4,16.984,10.797,0.026195647557583114,0.23177083333333334,0.024370059067623167,0.00015187758666514788,0.5552654444958042,0.2534881431411198,0.21428571428571427,0.8541666666666666,0.81,0.02598808879263671,37674770.0
742,Canada,2022-02-03,13172.0,171.0,4.037,41.4,16.984,10.797,0.026195647557583114,0.23177083333333334,0.024370059067623167,0.00015187758666514788,0.5552654444958042,0.2534881431411198,0.21428571428571427,0.8541666666666666,0.81,0.02598808879263671,37674770.0
743,Canada,2022-02-04,13098.0,159.0,4.037,41.4,16.984,10.797,0.026195647557583114,0.23177083333333334,0.024370059067623167,0.00015187758666514788,0.5552654444958042,0.2534881431411198,0.21428571428571427,0.8541666666666666,0.81,0.02598808879263671,37674770.0
744,Canada,2022-02-05,6623.0,99.0,4.037,41.4,16.984,10.797,0.026195647557583114,0.23177083333333334,0.024370059067623167,0.00015187758666514788,0.5552654444958042,0.2534881431411198,0.21428571428571427,0.8541666666666666,0.81,0.02598808879263671,37674770.0
745,Canada,2022-02-06,5403.0,84.0,4.037,41.4,16.984,10.797,0.026195647557583114,0.23177083333333334,0.024370059067623167,0.00015187758666514788,0.5552654444958042,0.2534881431411198,0.21428571428571427,0.8541666666666666,0.81,0.02598808879263671,37674770.0
746,Canada,2022-02-07,16050.0,125.0,4.037,41.4,16.984,10.797,0.026195647557583114,0.23177083333333334,0.024370059067623167,0.00015187758666514788,0.5552654444958042,0.2534881431411198,0.21428571428571427,0.8541666666666666,0.81,0.02598808879263671,37674770.0
747,Canada,2022-02-08,10040.0,124.0,4.037,41.4,16.984,10.797,0.026195647557583114,0.23177083333333334,0.024370059067623167,0.00015187758666514788,0.5552654444958042,0.2534881431411198,0.21428571428571427,0.8541666666666666,0.81,0.02598808879263671,37674770.0
748,Canada,2022-02-09,10325.0,145.0,4.037,41.4,16.984,10.797,0.026195647557583114,0.23177083333333334,0.024370059067623167,0.00015187758666514788,0.5552654444958042,0.2534881431411198,0.21428571428571427,0.8541666666666666,0.81,0.02598808879263671,37674770.0
749,Canada,2022-02-10,10381.0,117.0,4.037,41.4,16.984,10.797,0.026195647557583114,0.23177083333333334,0.024370059067623167,0.00015187758666514788,0.5552654444958042,0.2534881431411198,0.21428571428571427,0.8541666666666666,0.81,0.02598808879263671,37674770.0
750,Canada,2022-02-11,7403.0,141.0,4.037,41.4,16.984,10.797,0.026195647557583114,0.23177083333333334,0.024370059067623167,0.00015187758666514788,0.5552654444958042,0.2534881431411198,0.21428571428571427,0.8541666666666666,0.81,0.02598808879263671,37674770.0
751,Canada,2022-02-12,9844.0,109.0,4.037,41.4,16.984,10.797,0.026195647557583114,0.23177083333333334,0.024370059067623167,0.00015187758666514788,0.5552654444958042,0.2534881431411198,0.21428571428571427,0.8541666666666666,0.81,0.02598808879263671,37674770.0
752,Canada,2022-02-13,3615.0,31.0,4.037,41.4,16.984,10.797,0.026195647557583114,0.23177083333333334,0.024370059067623167,0.00015187758666514788,0.5552654444958042,0.2534881431411198,0.21428571428571427,0.8541666666666666,0.81,0.02598808879263671,37674770.0
753,Canada,2022-02-14,12189.0,102.0,4.037,41.4,16.984,10.797,0.026195647557583114,0.23177083333333334,0.024370059067623167,0.00015187758666514788,0.5552654444958042,0.2534881431411198,0.21428571428571427,0.8541666666666666,0.81,0.02598808879263671,37674770.0
754,Canada,2022-02-15,6456.0,102.0,4.037,41.4,16.984,10.797,0.026195647557583114,0.23177083333333334,0.024370059067623167,0.00015187758666514788,0.5552654444958042,0.2534881431411198,0.21428571428571427,0.8541666666666666,0.81,0.02598808879263671,37674770.0
755,Canada,2022-02-16,7756.0,113.0,4.037,41.4,16.984,10.797,0.026195647557583114,0.23177083333333334,0.024370059067623167,0.00015187758666514788,0.5552654444958042,0.2534881431411198,0.21428571428571427,0.8541666666666666,0.81,0.02598808879263671,37674770.0
756,Canada,2022-02-17,7195.0,89.0,4.037,41.4,16.984,10.797,0.026195647557583114,0.23177083333333334,0.024370059067623167,0.00015187758666514788,0.5552654444958042,0.2534881431411198,0.21428571428571427,0.8541666666666666,0.81,0.02598808879263671,37674770.0
757,Canada,2022-02-18,6747.0,79.0,4.037,41.4,16.984,10.797,0.026195647557583114,0.23177083333333334,0.024370059067623167,0.00015187758666514788,0.5552654444958042,0.2534881431411198,0.21428571428571427,0.8541666666666666,0.81,0.02598808879263671,37674770.0
758,Canada,2022-02-19,3544.0,16.0,4.037,41.4,16.984,10.797,0.026195647557583114,0.23177083333333334,0.024370059067623167,0.00015187758666514788,0.5552654444958042,0.2534881431411198,0.21428571428571427,0.8541666666666666,0.81,0.02598808879263671,37674770.0
759,Canada,2022-02-20,2448.0,29.0,4.037,41.4,16.984,10.797,0.026195647557583114,0.23177083333333334,0.024370059067623167,0.00015187758666514788,0.5552654444958042,0.2534881431411198,0.21428571428571427,0.8541666666666666,0.81,0.02598808879263671,37674770.0
760,Canada,2022-02-21,3657.0,20.0,4.037,41.4,16.984,10.797,0.026195647557583114,0.23177083333333334,0.024370059067623167,0.00015187758666514788,0.5552654444958042,0.2534881431411198,0.21428571428571427,0.8541666666666666,0.81,0.02598808879263671,37674770.0
761,Canada,2022-02-22,7991.0,97.0,4.037,41.4,16.984,10.797,0.026195647557583114,0.23177083333333334,0.024370059067623167,0.00015187758666514788,0.5552654444958042,0.2534881431411198,0.21428571428571427,0.8541666666666666,0.81,0.02598808879263671,37674770.0
762,Canada,2022-02-23,9812.0,96.0,4.037,41.4,16.984,10.797,0.026195647557583114,0.23177083333333334,0.024370059067623167,0.00015187758666514788,0.5552654444958042,0.2534881431411198,0.21428571428571427,0.8541666666666666,0.81,0.02598808879263671,37674770.0
763,Canada,2022-02-24,5761.0,77.0,4.037,41.4,16.984,10.797,0.026195647557583114,0.23177083333333334,0.024370059067623167,0.00015187758666514788,0.5552654444958042,0.2534881431411198,0.21428571428571427,0.8541666666666666,0.81,0.02598808879263671,37674770.0
764,Canada,2022-02-25,8632.0,141.0,4.037,41.4,16.984,10.797,0.026195647557583114,0.23177083333333334,0.024370059067623167,0.00015187758666514788,0.5552654444958042,0.2534881431411198,0.21428571428571427,0.8541666666666666,0.81,0.02598808879263671,37674770.0
765,Canada,2022-02-26,1812.0,34.0,4.037,41.4,16.984,10.797,0.026195647557583114,0.23177083333333334,0.024370059067623167,0.00015187758666514788,0.5552654444958042,0.2534881431411198,0.21428571428571427,0.8541666666666666,0.81,0.02598808879263671,37674770.0
766,Canada,2022-02-27,3584.0,29.0,4.037,41.4,16.984,10.797,0.026195647557583114,0.23177083333333334,0.024370059067623167,0.00015187758666514788,0.5552654444958042,0.2534881431411198,0.21428571428571427,0.8541666666666666,0.81,0.02598808879263671,37674770.0
767,Canada,2022-02-28,7919.0,58.0,4.037,41.4,16.984,10.797,0.026195647557583114,0.23177083333333334,0.024370059067623167,0.00015187758666514788,0.5552654444958042,0.2534881431411198,0.21428571428571427,0.8541666666666666,0.81,0.02598808879263671,37674770.0
768,Canada,2022-03-01,5110.0,36.0,4.037,41.4,16.984,10.797,0.026195647557583114,0.23177083333333334,0.024370059067623167,0.00015187758666514788,0.5552654444958042,0.2534881431411198,0.21428571428571427,0.8541666666666666,0.81,0.02598808879263671,37674770.0
769,Canada,2022-03-02,5913.0,96.0,4.037,41.4,16.984,10.797,0.026195647557583114,0.23177083333333334,0.024370059067623167,0.00015187758666514788,0.5552654444958042,0.2534881431411198,0.21428571428571427,0.8541666666666666,0.81,0.02598808879263671,37674770.0
770,Canada,2022-03-03,8355.0,72.0,4.037,41.4,16.984,10.797,0.026195647557583114,0.23177083333333334,0.024370059067623167,0.00015187758666514788,0.5552654444958042,0.2534881431411198,0.21428571428571427,0.8541666666666666,0.81,0.02598808879263671,37674770.0
771,Canada,2022-03-04,9503.0,111.0,4.037,41.4,16.984,10.797,0.026195647557583114,0.23177083333333334,0.024370059067623167,0.00015187758666514788,0.5552654444958042,0.2534881431411198,0.21428571428571427,0.8541666666666666,0.81,0.02598808879263671,37674770.0
772,Canada,2022-03-05,3197.0,44.0,4.037,41.4,16.984,10.797,0.026195647557583114,0.23177083333333334,0.024370059067623167,0.00015187758666514788,0.5552654444958042,0.2534881431411198,0.21428571428571427,0.8541666666666666,0.81,0.02598808879263671,37674770.0
773,Canada,2022-03-06,2613.0,30.0,4.037,41.4,16.984,10.797,0.026195647557583114,0.23177083333333334,0.024370059067623167,0.00015187758666514788,0.5552654444958042,0.2534881431411198,0.21428571428571427,0.8541666666666666,0.81,0.02598808879263671,37674770.0
774,Canada,2022-03-07,8455.0,57.0,4.037,41.4,16.984,10.797,0.026195647557583114,0.23177083333333334,0.024370059067623167,0.00015187758666514788,0.5552654444958042,0.2534881431411198,0.21428571428571427,0.8541666666666666,0.81,0.02598808879263671,37674770.0
775,Canada,2022-03-08,4153.0,55.0,4.037,41.4,16.984,10.797,0.026195647557583114,0.23177083333333334,0.024370059067623167,0.00015187758666514788,0.5552654444958042,0.2534881431411198,0.21428571428571427,0.8541666666666666,0.81,0.02598808879263671,37674770.0
776,Canada,2022-03-09,6741.0,63.0,4.037,41.4,16.984,10.797,0.026195647557583114,0.23177083333333334,0.024370059067623167,0.00015187758666514788,0.5552654444958042,0.2534881431411198,0.21428571428571427,0.8541666666666666,0.81,0.02598808879263671,37674770.0
777,Canada,2022-03-10,5607.0,53.0,4.037,41.4,16.984,10.797,0.026195647557583114,0.23177083333333334,0.024370059067623167,0.00015187758666514788,0.5552654444958042,0.2534881431411198,0.21428571428571427,0.8541666666666666,0.81,0.02598808879263671,37674770.0
779,Canada,2022-03-12,1824.0,34.0,4.037,41.4,16.984,10.797,0.026195647557583114,0.23177083333333334,0.024370059067623167,0.00015187758666514788,0.5552654444958042,0.2534881431411198,0.21428571428571427,0.8541666666666666,0.81,0.02598808879263671,37674770.0
780,Canada,2022-03-13,1393.0,14.0,4.037,41.4,16.984,10.797,0.026195647557583114,0.23177083333333334,0.024370059067623167,0.00015187758666514788,0.5552654444958042,0.2534881431411198,0.21428571428571427,0.8541666666666666,0.81,0.02598808879263671,37674770.0
781,Canada,2022-03-14,4522.0,44.0,4.037,41.4,16.984,10.797,0.026195647557583114,0.23177083333333334,0.024370059067623167,0.00015187758666514788,0.5552654444958042,0.2534881431411198,0.21428571428571427,0.8541666666666666,0.81,0.02598808879263671,37674770.0
782,Canada,2022-03-15,9031.0,46.0,4.037,41.4,16.984,10.797,0.026195647557583114,0.23177083333333334,0.024370059067623167,0.00015187758666514788,0.5552654444958042,0.2534881431411198,0.21428571428571427,0.8541666666666666,0.81,0.02598808879263671,37674770.0
783,Canada,2022-03-16,5290.0,38.0,4.037,41.4,16.984,10.797,0.026195647557583114,0.23177083333333334,0.024370059067623167,0.00015187758666514788,0.5552654444958042,0.2534881431411198,0.21428571428571427,0.8541666666666666,0.81,0.02598808879263671,37674770.0
784,Canada,2022-03-17,4199.0,45.0,4.037,41.4,16.984,10.797,0.026195647557583114,0.23177083333333334,0.024370059067623167,0.00015187758666514788,0.5552654444958042,0.2534881431411198,0.21428571428571427,0.8541666666666666,0.81,0.02598808879263671,37674770.0
785,Canada,2022-03-18,3340.0,60.0,4.037,41.4,16.984,10.797,0.026195647557583114,0.23177083333333334,0.024370059067623167,0.00015187758666514788,0.5552654444958042,0.2534881431411198,0.21428571428571427,0.8541666666666666,0.81,0.02598808879263671,37674770.0
786,Canada,2022-03-19,3007.0,23.0,4.037,41.4,16.984,10.797,0.026195647557583114,0.23177083333333334,0.024370059067623167,0.00015187758666514788,0.5552654444958042,0.2534881431411198,0.21428571428571427,0.8541666666666666,0.81,0.02598808879263671,37674770.0
787,Canada,2022-03-20,2253.0,11.0,4.037,41.4,16.984,10.797,0.026195647557583114,0.23177083333333334,0.024370059067623167,0.00015187758666514788,0.5552654444958042,0.2534881431411198,0.21428571428571427,0.8541666666666666,0.81,0.02598808879263671,37674770.0
788,Canada,2022-03-21,8153.0,40.0,4.037,41.4,16.984,10.797,0.026195647557583114,0.23177083333333334,0.024370059067623167,0.00015187758666514788,0.5552654444958042,0.2534881431411198,0.21428571428571427,0.8541666666666666,0.81,0.02598808879263671,37674770.0
789,Canada,2022-03-22,9466.0,33.0,4.037,41.4,16.984,10.797,0.026195647557583114,0.23177083333333334,0.024370059067623167,0.00015187758666514788,0.5552654444958042,0.2534881431411198,0.21428571428571427,0.8541666666666666,0.81,0.02598808879263671,37674770.0
790,Canada,2022-03-23,6824.0,41.0,4.037,41.4,16.984,10.797,0.026195647557583114,0.23177083333333334,0.024370059067623167,0.00015187758666514788,0.5552654444958042,0.2534881431411198,0.21428571428571427,0.8541666666666666,0.81,0.02598808879263671,37674770.0
791,Canada,2022-03-24,7053.0,72.0,4.037,41.4,16.984,10.797,0.026195647557583114,0.23177083333333334,0.024370059067623167,0.00015187758666514788,0.5552654444958042,0.2534881431411198,0.21428571428571427,0.8541666666666666,0.81,0.02598808879263671,37674770.0
792,Canada,2022-03-25,8944.0,49.0,4.037,41.4,16.984,10.797,0.026195647557583114,0.23177083333333334,0.024370059067623167,0.00015187758666514788,0.5552654444958042,0.2534881431411198,0.21428571428571427,0.8541666666666666,0.81,0.02598808879263671,37674770.0
793,Canada,2022-03-26,4374.0,28.0,4.037,41.4,16.984,10.797,0.026195647557583114,0.23177083333333334,0.024370059067623167,0.00015187758666514788,0.5552654444958042,0.2534881431411198,0.21428571428571427,0.8541666666666666,0.81,0.02598808879263671,37674770.0
794,Canada,2022-03-27,3654.0,9.0,4.037,41.4,16.984,10.797,0.026195647557583114,0.23177083333333334,0.024370059067623167,0.00015187758666514788,0.5552654444958042,0.2534881431411198,0.21428571428571427,0.8541666666666666,0.81,0.02598808879263671,37674770.0
795,Canada,2022-03-28,6150.0,20.0,4.037,41.4,16.984,10.797,0.026195647557583114,0.23177083333333334,0.024370059067623167,0.00015187758666514788,0.5552654444958042,0.2534881431411198,0.21428571428571427,0.8541666666666666,0.81,0.02598808879263671,37674770.0
796,Canada,2022-03-29,10561.0,35.0,4.037,41.4,16.984,10.797,0.026195647557583114,0.23177083333333334,0.024370059067623167,0.00015187758666514788,0.5552654444958042,0.2534881431411198,0.21428571428571427,0.8541666666666666,0.81,0.02598808879263671,37674770.0
797,Canada,2022-03-30,10976.0,60.0,4.037,41.4,16.984,10.797,0.026195647557583114,0.23177083333333334,0.024370059067623167,0.00015187758666514788,0.5552654444958042,0.2534881431411198,0.21428571428571427,0.8541666666666666,0.81,0.02598808879263671,37674770.0
798,Canada,2022-03-31,8791.0,42.0,4.037,41.4,16.984,10.797,0.026195647557583114,0.23177083333333334,0.024370059067623167,0.00015187758666514788,0.5552654444958042,0.2534881431411198,0.21428571428571427,0.8541666666666666,0.81,0.02598808879263671,37674770.0
799,Canada,2022-04-01,12470.0,69.0,4.037,41.4,16.984,10.797,0.026195647557583114,0.23177083333333334,0.024370059067623167,0.00015187758666514788,0.5552654444958042,0.2534881431411198,0.21428571428571427,0.8541666666666666,0.81,0.02598808879263671,37674770.0
800,Canada,2022-04-02,7014.0,33.0,4.037,41.4,16.984,10.797,0.026195647557583114,0.23177083333333334,0.024370059067623167,0.00015187758666514788,0.5552654444958042,0.2534881431411198,0.21428571428571427,0.8541666666666666,0.81,0.02598808879263671,37674770.0
801,Canada,2022-04-03,2581.0,17.0,4.037,41.4,16.984,10.797,0.026195647557583114,0.23177083333333334,0.024370059067623167,0.00015187758666514788,0.5552654444958042,0.2534881431411198,0.21428571428571427,0.8541666666666666,0.81,0.02598808879263671,37674770.0
802,Canada,2022-04-04,560.0,13.0,4.037,41.4,16.984,10.797,0.026195647557583114,0.23177083333333334,0.024370059067623167,0.00015187758666514788,0.5552654444958042,0.2534881431411198,0.21428571428571427,0.8541666666666666,0.81,0.02598808879263671,37674770.0
803,Canada,2022-04-05,8904.0,43.0,4.037,41.4,16.984,10.797,0.026195647557583114,0.23177083333333334,0.024370059067623167,0.00015187758666514788,0.5552654444958042,0.2534881431411198,0.21428571428571427,0.8541666666666666,0.81,0.02598808879263671,37674770.0
804,Canada,2022-04-06,9552.0,75.0,4.037,41.4,16.984,10.797,0.026195647557583114,0.23177083333333334,0.024370059067623167,0.00015187758666514788,0.5552654444958042,0.2534881431411198,0.21428571428571427,0.8541666666666666,0.81,0.02598808879263671,37674770.0
805,Canada,2022-04-07,6019.0,57.0,4.037,41.4,16.984,10.797,0.026195647557583114,0.23177083333333334,0.024370059067623167,0.00015187758666514788,0.5552654444958042,0.2534881431411198,0.21428571428571427,0.8541666666666666,0.81,0.02598808879263671,37674770.0
806,Canada,2022-04-08,0.0,10.0,4.037,41.4,16.984,10.797,0.026195647557583114,0.23177083333333334,0.024370059067623167,0.00015187758666514788,0.5552654444958042,0.2534881431411198,0.21428571428571427,0.8541666666666666,0.81,0.02598808879263671,37674770.0
807,Canada,2022-04-09,15567.0,83.0,4.037,41.4,16.984,10.797,0.026195647557583114,0.23177083333333334,0.024370059067623167,0.00015187758666514788,0.5552654444958042,0.2534881431411198,0.21428571428571427,0.8541666666666666,0.81,0.02598808879263671,37674770.0
808,Canada,2022-04-10,0.0,15.0,4.037,41.4,16.984,10.797,0.026195647557583114,0.23177083333333334,0.024370059067623167,0.00015187758666514788,0.5552654444958042,0.2534881431411198,0.21428571428571427,0.8541666666666666,0.81,0.02598808879263671,37674770.0
809,Canada,2022-04-11,132.0,3.0,4.037,41.4,16.984,10.797,0.026195647557583114,0.23177083333333334,0.024370059067623167,0.00015187758666514788,0.5552654444958042,0.2534881431411198,0.21428571428571427,0.8541666666666666,0.81,0.02598808879263671,37674770.0
810,Canada,2022-04-12,0.0,4.0,4.037,41.4,16.984,10.797,0.026195647557583114,0.23177083333333334,0.024370059067623167,0.00015187758666514788,0.5552654444958042,0.2534881431411198,0.21428571428571427,0.8541666666666666,0.81,0.02598808879263671,37674770.0
811,Canada,2022-04-13,63678.0,140.0,4.037,41.4,16.984,10.797,0.026195647557583114,0.23177083333333334,0.024370059067623167,0.00015187758666514788,0.5552654444958042,0.2534881431411198,0.21428571428571427,0.8541666666666666,0.81,0.02598808879263671,37674770.0
812,Canada,2022-04-14,18945.0,130.0,4.037,41.4,16.984,10.797,0.026195647557583114,0.23177083333333334,0.024370059067623167,0.00015187758666514788,0.5552654444958042,0.2534881431411198,0.21428571428571427,0.8541666666666666,0.81,0.02598808879263671,37674770.0
814,Canada,2022-04-16,16687.0,39.0,4.037,41.4,16.984,10.797,0.026195647557583114,0.23177083333333334,0.024370059067623167,0.00015187758666514788,0.5552654444958042,0.2534881431411198,0.21428571428571427,0.8541666666666666,0.81,0.02598808879263671,37674770.0
815,Canada,2022-04-17,1938.0,22.0,4.037,41.4,16.984,10.797,0.026195647557583114,0.23177083333333334,0.024370059067623167,0.00015187758666514788,0.5552654444958042,0.2534881431411198,0.21428571428571427,0.8541666666666666,0.81,0.02598808879263671,37674770.0
816,Canada,2022-04-18,11974.0,13.0,4.037,41.4,16.984,10.797,0.026195647557583114,0.23177083333333334,0.024370059067623167,0.00015187758666514788,0.5552654444958042,0.2534881431411198,0.21428571428571427,0.8541666666666666,0.81,0.02598808879263671,37674770.0
817,Canada,2022-04-19,7893.0,25.0,4.037,41.4,16.984,10.797,0.026195647557583114,0.23177083333333334,0.024370059067623167,0.00015187758666514788,0.5552654444958042,0.2534881431411198,0.21428571428571427,0.8541666666666666,0.81,0.02598808879263671,37674770.0
818,Canada,2022-04-20,13433.0,105.0,4.037,41.4,16.984,10.797,0.026195647557583114,0.23177083333333334,0.024370059067623167,0.00015187758666514788,0.5552654444958042,0.2534881431411198,0.21428571428571427,0.8541666666666666,0.81,0.02598808879263671,37674770.0
819,Canada,2022-04-21,10515.0,121.0,4.037,41.4,16.984,10.797,0.026195647557583114,0.23177083333333334,0.024370059067623167,0.00015187758666514788,0.5552654444958042,0.2534881431411198,0.21428571428571427,0.8541666666666666,0.81,0.02598808879263671,37674770.0
820,Canada,2022-04-22,17290.0,95.0,4.037,41.4,16.984,10.797,0.026195647557583114,0.23177083333333334,0.024370059067623167,0.00015187758666514788,0.5552654444958042,0.2534881431411198,0.21428571428571427,0.8541666666666666,0.81,0.02598808879263671,37674770.0
821,Canada,2022-04-23,4751.0,58.0,4.037,41.4,16.984,10.797,0.026195647557583114,0.23177083333333334,0.024370059067623167,0.00015187758666514788,0.5552654444958042,0.2534881431411198,0.21428571428571427,0.8541666666666666,0.81,0.02598808879263671,37674770.0
822,Canada,2022-04-24,4657.0,26.0,4.037,41.4,16.984,10.797,0.026195647557583114,0.23177083333333334,0.024370059067623167,0.00015187758666514788,0.5552654444958042,0.2534881431411198,0.21428571428571427,0.8541666666666666,0.81,0.02598808879263671,37674770.0
823,Canada,2022-04-25,3883.0,15.0,4.037,41.4,16.984,10.797,0.026195647557583114,0.23177083333333334,0.024370059067623167,0.00015187758666514788,0.5552654444958042,0.2534881431411198,0.21428571428571427,0.8541666666666666,0.81,0.02598808879263671,37674770.0
824,Canada,2022-04-26,7590.0,46.0,4.037,41.4,16.984,10.797,0.026195647557583114,0.23177083333333334,0.024370059067623167,0.00015187758666514788,0.5552654444958042,0.2534881431411198,0.21428571428571427,0.8541666666666666,0.81,0.02598808879263671,37674770.0
825,Canada,2022-04-27,13085.0,114.0,4.037,41.4,16.984,10.797,0.026195647557583114,0.23177083333333334,0.024370059067623167,0.00015187758666514788,0.5552654444958042,0.2534881431411198,0.21428571428571427,0.8541666666666666,0.81,0.02598808879263671,37674770.0
826,Canada,2022-04-28,8497.0,137.0,4.037,41.4,16.984,10.797,0.026195647557583114,0.23177083333333334,0.024370059067623167,0.00015187758666514788,0.5552654444958042,0.2534881431411198,0.21428571428571427,0.8541666666666666,0.81,0.02598808879263671,37674770.0
827,Canada,2022-04-29,12229.0,84.0,4.037,41.4,16.984,10.797,0.026195647557583114,0.23177083333333334,0.024370059067623167,0.00015187758666514788,0.5552654444958042,0.2534881431411198,0.21428571428571427,0.8541666666666666,0.81,0.02598808879263671,37674770.0
828,Canada,2022-04-30,3456.0,36.0,4.037,41.4,16.984,10.797,0.026195647557583114,0.23177083333333334,0.024370059067623167,0.00015187758666514788,0.5552654444958042,0.2534881431411198,0.21428571428571427,0.8541666666666666,0.81,0.02598808879263671,37674770.0
829,Canada,2022-05-01,2619.0,23.0,4.037,41.4,16.984,10.797,0.026195647557583114,0.23177083333333334,0.024370059067623167,0.00015187758666514788,0.5552654444958042,0.2534881431411198,0.21428571428571427,0.8541666666666666,0.81,0.02598808879263671,37674770.0
830,Canada,2022-05-02,2666.0,5.0,4.037,41.4,16.984,10.797,0.026195647557583114,0.23177083333333334,0.024370059067623167,0.00015187758666514788,0.5552654444958042,0.2534881431411198,0.21428571428571427,0.8541666666666666,0.81,0.02598808879263671,37674770.0
831,Canada,2022-05-03,5556.0,44.0,4.037,41.4,16.984,10.797,0.026195647557583114,0.23177083333333334,0.024370059067623167,0.00015187758666514788,0.5552654444958042,0.2534881431411198,0.21428571428571427,0.8541666666666666,0.81,0.02598808879263671,37674770.0
832,Canada,2022-05-04,10798.0,146.0,4.037,41.4,16.984,10.797,0.026195647557583114,0.23177083333333334,0.024370059067623167,0.00015187758666514788,0.5552654444958042,0.2534881431411198,0.21428571428571427,0.8541666666666666,0.81,0.02598808879263671,37674770.0
833,Canada,2022-05-05,7139.0,159.0,4.037,41.4,16.984,10.797,0.026195647557583114,0.23177083333333334,0.024370059067623167,0.00015187758666514788,0.5552654444958042,0.2534881431411198,0.21428571428571427,0.8541666666666666,0.81,0.02598808879263671,37674770.0
834,Canada,2022-05-06,8970.0,75.0,4.037,41.4,16.984,10.797,0.026195647557583114,0.23177083333333334,0.024370059067623167,0.00015187758666514788,0.5552654444958042,0.2534881431411198,0.21428571428571427,0.8541666666666666,0.81,0.02598808879263671,37674770.0
835,Canada,2022-05-07,2458.0,55.0,4.037,41.4,16.984,10.797,0.026195647557583114,0.23177083333333334,0.024370059067623167,0.00015187758666514788,0.5552654444958042,0.2534881431411198,0.21428571428571427,0.8541666666666666,0.81,0.02598808879263671,37674770.0
836,Canada,2022-05-08,2144.0,12.0,4.037,41.4,16.984,10.797,0.026195647557583114,0.23177083333333334,0.024370059067623167,0.00015187758666514788,0.5552654444958042,0.2534881431411198,0.21428571428571427,0.8541666666666666,0.81,0.02598808879263671,37674770.0
837,Canada,2022-05-09,2171.0,4.0,4.037,41.4,16.984,10.797,0.026195647557583114,0.23177083333333334,0.024370059067623167,0.00015187758666514788,0.5552654444958042,0.2534881431411198,0.21428571428571427,0.8541666666666666,0.81,0.02598808879263671,37674770.0
838,Canada,2022-05-10,4388.0,55.0,4.037,41.4,16.984,10.797,0.026195647557583114,0.23177083333333334,0.024370059067623167,0.00015187758666514788,0.5552654444958042,0.2534881431411198,0.21428571428571427,0.8541666666666666,0.81,0.02598808879263671,37674770.0
839,Canada,2022-05-11,8208.0,135.0,4.037,41.4,16.984,10.797,0.026195647557583114,0.23177083333333334,0.024370059067623167,0.00015187758666514788,0.5552654444958042,0.2534881431411198,0.21428571428571427,0.8541666666666666,0.81,0.02598808879263671,37674770.0
840,Canada,2022-05-12,5485.0,155.0,4.037,41.4,16.984,10.797,0.026195647557583114,0.23177083333333334,0.024370059067623167,0.00015187758666514788,0.5552654444958042,0.2534881431411198,0.21428571428571427,0.8541666666666666,0.81,0.02598808879263671,37674770.0
841,Canada,2022-05-13,7771.0,85.0,4.037,41.4,16.984,10.797,0.026195647557583114,0.23177083333333334,0.024370059067623167,0.00015187758666514788,0.5552654444958042,0.2534881431411198,0.21428571428571427,0.8541666666666666,0.81,0.02598808879263671,37674770.0
842,Canada,2022-05-14,798.0,31.0,4.037,41.4,16.984,10.797,0.026195647557583114,0.23177083333333334,0.024370059067623167,0.00015187758666514788,0.5552654444958042,0.2534881431411198,0.21428571428571427,0.8541666666666666,0.81,0.02598808879263671,37674770.0
843,Canada,2022-05-15,634.0,10.0,4.037,41.4,16.984,10.797,0.026195647557583114,0.23177083333333334,0.024370059067623167,0.00015187758666514788,0.5552654444958042,0.2534881431411198,0.21428571428571427,0.8541666666666666,0.81,0.02598808879263671,37674770.0
844,Canada,2022-05-16,974.0,7.0,4.037,41.4,16.984,10.797,0.026195647557583114,0.23177083333333334,0.024370059067623167,0.00015187758666514788,0.5552654444958042,0.2534881431411198,0.21428571428571427,0.8541666666666666,0.81,0.02598808879263671,37674770.0
845,Canada,2022-05-17,6328.0,25.0,4.037,41.4,16.984,10.797,0.026195647557583114,0.23177083333333334,0.024370059067623167,0.00015187758666514788,0.5552654444958042,0.2534881431411198,0.21428571428571427,0.8541666666666666,0.81,0.02598808879263671,37674770.0
846,Canada,2022-05-18,6041.0,97.0,4.037,41.4,16.984,10.797,0.026195647557583114,0.23177083333333334,0.024370059067623167,0.00015187758666514788,0.5552654444958042,0.2534881431411198,0.21428571428571427,0.8541666666666666,0.81,0.02598808879263671,37674770.0
847,Canada,2022-05-19,4430.0,195.0,4.037,41.4,16.984,10.797,0.026195647557583114,0.23177083333333334,0.024370059067623167,0.00015187758666514788,0.5552654444958042,0.2534881431411198,0.21428571428571427,0.8541666666666666,0.81,0.02598808879263671,37674770.0
848,Canada,2022-05-20,5833.0,82.0,4.037,41.4,16.984,10.797,0.026195647557583114,0.23177083333333334,0.024370059067623167,0.00015187758666514788,0.5552654444958042,0.2534881431411198,0.21428571428571427,0.8541666666666666,0.81,0.02598808879263671,37674770.0
849,Canada,2022-05-21,1383.0,24.0,4.037,41.4,16.984,10.797,0.026195647557583114,0.23177083333333334,0.024370059067623167,0.00015187758666514788,0.5552654444958042,0.2534881431411198,0.21428571428571427,0.8541666666666666,0.81,0.02598808879263671,37674770.0
850,Canada,2022-05-22,1095.0,7.0,4.037,41.4,16.984,10.797,0.026195647557583114,0.23177083333333334,0.024370059067623167,0.00015187758666514788,0.5552654444958042,0.2534881431411198,0.21428571428571427,0.8541666666666666,0.81,0.02598808879263671,37674770.0
851,Canada,2022-05-23,336.0,2.0,4.037,41.4,16.984,10.797,0.026195647557583114,0.23177083333333334,0.024370059067623167,0.00015187758666514788,0.5552654444958042,0.2534881431411198,0.21428571428571427,0.8541666666666666,0.81,0.02598808879263671,37674770.0
852,Canada,2022-05-24,2055.0,4.0,4.037,41.4,16.984,10.797,0.026195647557583114,0.23177083333333334,0.024370059067623167,0.00015187758666514788,0.5552654444958042,0.2534881431411198,0.21428571428571427,0.8541666666666666,0.81,0.02598808879263671,37674770.0
853,Canada,2022-05-25,4549.0,93.0,4.037,41.4,16.984,10.797,0.026195647557583114,0.23177083333333334,0.024370059067623167,0.00015187758666514788,0.5552654444958042,0.2534881431411198,0.21428571428571427,0.8541666666666666,0.81,0.02598808879263671,37674770.0
854,Canada,2022-05-26,3787.0,123.0,4.037,41.4,16.984,10.797,0.026195647557583114,0.23177083333333334,0.024370059067623167,0.00015187758666514788,0.5552654444958042,0.2534881431411198,0.21428571428571427,0.8541666666666666,0.81,0.02598808879263671,37674770.0
855,Canada,2022-05-27,5270.0,50.0,4.037,41.4,16.984,10.797,0.026195647557583114,0.23177083333333334,0.024370059067623167,0.00015187758666514788,0.5552654444958042,0.2534881431411198,0.21428571428571427,0.8541666666666666,0.81,0.02598808879263671,37674770.0
856,Canada,2022-05-28,1190.0,24.0,4.037,41.4,16.984,10.797,0.026195647557583114,0.23177083333333334,0.024370059067623167,0.00015187758666514788,0.5552654444958042,0.2534881431411198,0.21428571428571427,0.8541666666666666,0.81,0.02598808879263671,37674770.0
857,Canada,2022-05-29,980.0,3.0,4.037,41.4,16.984,10.797,0.026195647557583114,0.23177083333333334,0.024370059067623167,0.00015187758666514788,0.5552654444958042,0.2534881431411198,0.21428571428571427,0.8541666666666666,0.81,0.02598808879263671,37674770.0
858,Canada,2022-05-30,914.0,1.0,4.037,41.4,16.984,10.797,0.026195647557583114,0.23177083333333334,0.024370059067623167,0.00015187758666514788,0.5552654444958042,0.2534881431411198,0.21428571428571427,0.8541666666666666,0.81,0.02598808879263671,37674770.0
859,Canada,2022-05-31,2026.0,23.0,4.037,41.4,16.984,10.797,0.026195647557583114,0.23177083333333334,0.024370059067623167,0.00015187758666514788,0.5552654444958042,0.2534881431411198,0.21428571428571427,0.8541666666666666,0.81,0.02598808879263671,37674770.0
860,Canada,2022-06-01,4512.0,85.0,4.037,41.4,16.984,10.797,0.026195647557583114,0.23177083333333334,0.024370059067623167,0.00015187758666514788,0.5552654444958042,0.2534881431411198,0.21428571428571427,0.8541666666666666,0.81,0.02598808879263671,37674770.0
861,Canada,2022-06-02,3087.0,140.0,4.037,41.4,16.984,10.797,0.026195647557583114,0.23177083333333334,0.024370059067623167,0.00015187758666514788,0.5552654444958042,0.2534881431411198,0.21428571428571427,0.8541666666666666,0.81,0.02598808879263671,37674770.0
862,Canada,2022-06-03,3500.0,28.0,4.037,41.4,16.984,10.797,0.026195647557583114,0.23177083333333334,0.024370059067623167,0.00015187758666514788,0.5552654444958042,0.2534881431411198,0.21428571428571427,0.8541666666666666,0.81,0.02598808879263671,37674770.0
863,Canada,2022-06-04,1660.0,21.0,4.037,41.4,16.984,10.797,0.026195647557583114,0.23177083333333334,0.024370059067623167,0.00015187758666514788,0.5552654444958042,0.2534881431411198,0.21428571428571427,0.8541666666666666,0.81,0.02598808879263671,37674770.0
864,Canada,2022-06-05,872.0,6.0,4.037,41.4,16.984,10.797,0.026195647557583114,0.23177083333333334,0.024370059067623167,0.00015187758666514788,0.5552654444958042,0.2534881431411198,0.21428571428571427,0.8541666666666666,0.81,0.02598808879263671,37674770.0
865,Canada,2022-06-06,870.0,2.0,4.037,41.4,16.984,10.797,0.026195647557583114,0.23177083333333334,0.024370059067623167,0.00015187758666514788,0.5552654444958042,0.2534881431411198,0.21428571428571427,0.8541666666666666,0.81,0.02598808879263671,37674770.0
866,Canada,2022-06-07,2936.0,10.0,4.037,41.4,16.984,10.797,0.026195647557583114,0.23177083333333334,0.024370059067623167,0.00015187758666514788,0.5552654444958042,0.2534881431411198,0.21428571428571427,0.8541666666666666,0.81,0.02598808879263671,37674770.0
867,Canada,2022-06-08,3742.0,35.0,4.037,41.4,16.984,10.797,0.026195647557583114,0.23177083333333334,0.024370059067623167,0.00015187758666514788,0.5552654444958042,0.2534881431411198,0.21428571428571427,0.8541666666666666,0.81,0.02598808879263671,37674770.0
868,Canada,2022-06-09,2314.0,104.0,4.037,41.4,16.984,10.797,0.026195647557583114,0.23177083333333334,0.024370059067623167,0.00015187758666514788,0.5552654444958042,0.2534881431411198,0.21428571428571427,0.8541666666666666,0.81,0.02598808879263671,37674770.0
869,Canada,2022-06-10,4764.0,58.0,4.037,41.4,16.984,10.797,0.026195647557583114,0.23177083333333334,0.024370059067623167,0.00015187758666514788,0.5552654444958042,0.2534881431411198,0.21428571428571427,0.8541666666666666,0.81,0.02598808879263671,37674770.0
870,Canada,2022-06-11,3918.0,5.0,4.037,41.4,16.984,10.797,0.026195647557583114,0.23177083333333334,0.024370059067623167,0.00015187758666514788,0.5552654444958042,0.2534881431411198,0.21428571428571427,0.8541666666666666,0.81,0.02598808879263671,37674770.0
871,Canada,2022-06-12,1421.0,4.0,4.037,41.4,16.984,10.797,0.026195647557583114,0.23177083333333334,0.024370059067623167,0.00015187758666514788,0.5552654444958042,0.2534881431411198,0.21428571428571427,0.8541666666666666,0.81,0.02598808879263671,37674770.0
872,Canada,2022-06-13,860.0,1.0,4.037,41.4,16.984,10.797,0.026195647557583114,0.23177083333333334,0.024370059067623167,0.00015187758666514788,0.5552654444958042,0.2534881431411198,0.21428571428571427,0.8541666666666666,0.81,0.02598808879263671,37674770.0
873,Canada,2022-06-14,2417.0,12.0,4.037,41.4,16.984,10.797,0.026195647557583114,0.23177083333333334,0.024370059067623167,0.00015187758666514788,0.5552654444958042,0.2534881431411198,0.21428571428571427,0.8541666666666666,0.81,0.02598808879263671,37674770.0
874,Canada,2022-06-15,2320.0,50.0,4.037,41.4,16.984,10.797,0.026195647557583114,0.23177083333333334,0.024370059067623167,0.00015187758666514788,0.5552654444958042,0.2534881431411198,0.21428571428571427,0.8541666666666666,0.81,0.02598808879263671,37674770.0
875,Canada,2022-06-16,2774.0,94.0,4.037,41.4,16.984,10.797,0.026195647557583114,0.23177083333333334,0.024370059067623167,0.00015187758666514788,0.5552654444958042,0.2534881431411198,0.21428571428571427,0.8541666666666666,0.81,0.02598808879263671,37674770.0
876,Canada,2022-06-17,1757.0,6.0,4.037,41.4,16.984,10.797,0.026195647557583114,0.23177083333333334,0.024370059067623167,0.00015187758666514788,0.5552654444958042,0.2534881431411198,0.21428571428571427,0.8541666666666666,0.81,0.02598808879263671,37674770.0
877,Canada,2022-06-18,3480.0,21.0,4.037,41.4,16.984,10.797,0.026195647557583114,0.23177083333333334,0.024370059067623167,0.00015187758666514788,0.5552654444958042,0.2534881431411198,0.21428571428571427,0.8541666666666666,0.81,0.02598808879263671,37674770.0
878,Canada,2022-06-19,0.0,4.0,4.037,41.4,16.984,10.797,0.026195647557583114,0.23177083333333334,0.024370059067623167,0.00015187758666514788,0.5552654444958042,0.2534881431411198,0.21428571428571427,0.8541666666666666,0.81,0.02598808879263671,37674770.0
879,Canada,2022-06-20,1273.0,3.0,4.037,41.4,16.984,10.797,0.026195647557583114,0.23177083333333334,0.024370059067623167,0.00015187758666514788,0.5552654444958042,0.2534881431411198,0.21428571428571427,0.8541666666666666,0.81,0.02598808879263671,37674770.0
880,Canada,2022-06-21,2430.0,10.0,4.037,41.4,16.984,10.797,0.026195647557583114,0.23177083333333334,0.024370059067623167,0.00015187758666514788,0.5552654444958042,0.2534881431411198,0.21428571428571427,0.8541666666666666,0.81,0.02598808879263671,37674770.0
881,Canada,2022-06-22,2973.0,26.0,4.037,41.4,16.984,10.797,0.026195647557583114,0.23177083333333334,0.024370059067623167,0.00015187758666514788,0.5552654444958042,0.2534881431411198,0.21428571428571427,0.8541666666666666,0.81,0.02598808879263671,37674770.0
882,Canada,2022-06-23,4768.0,64.0,4.037,41.4,16.984,10.797,0.026195647557583114,0.23177083333333334,0.024370059067623167,0.00015187758666514788,0.5552654444958042,0.2534881431411198,0.21428571428571427,0.8541666666666666,0.81,0.02598808879263671,37674770.0
883,Canada,2022-06-24,2275.0,8.0,4.037,41.4,16.984,10.797,0.026195647557583114,0.23177083333333334,0.024370059067623167,0.00015187758666514788,0.5552654444958042,0.2534881431411198,0.21428571428571427,0.8541666666666666,0.81,0.02598808879263671,37674770.0
884,Canada,2022-06-25,3479.0,19.0,4.037,41.4,16.984,10.797,0.026195647557583114,0.23177083333333334,0.024370059067623167,0.00015187758666514788,0.5552654444958042,0.2534881431411198,0.21428571428571427,0.8541666666666666,0.81,0.02598808879263671,37674770.0
885,Canada,2022-06-26,682.0,3.0,4.037,41.4,16.984,10.797,0.026195647557583114,0.23177083333333334,0.024370059067623167,0.00015187758666514788,0.5552654444958042,0.2534881431411198,0.21428571428571427,0.8541666666666666,0.81,0.02598808879263671,37674770.0
886,Canada,2022-06-27,873.0,0.0,4.037,41.4,16.984,10.797,0.026195647557583114,0.23177083333333334,0.024370059067623167,0.00015187758666514788,0.5552654444958042,0.2534881431411198,0.21428571428571427,0.8541666666666666,0.81,0.02598808879263671,37674770.0
887,Canada,2022-06-28,3435.0,12.0,4.037,41.4,16.984,10.797,0.026195647557583114,0.23177083333333334,0.024370059067623167,0.00015187758666514788,0.5552654444958042,0.2534881431411198,0.21428571428571427,0.8541666666666666,0.81,0.02598808879263671,37674770.0
888,Canada,2022-06-29,2619.0,37.0,4.037,41.4,16.984,10.797,0.026195647557583114,0.23177083333333334,0.024370059067623167,0.00015187758666514788,0.5552654444958042,0.2534881431411198,0.21428571428571427,0.8541666666666666,0.81,0.02598808879263671,37674770.0
889,Canada,2022-06-30,6163.0,65.0,4.037,41.4,16.984,10.797,0.026195647557583114,0.23177083333333334,0.024370059067623167,0.00015187758666514788,0.5552654444958042,0.2534881431411198,0.21428571428571427,0.8541666666666666,0.81,0.02598808879263671,37674770.0
890,Canada,2022-07-01,1429.0,16.0,4.037,41.4,16.984,10.797,0.026195647557583114,0.23177083333333334,0.024370059067623167,0.00015187758666514788,0.5552654444958042,0.2534881431411198,0.21428571428571427,0.8541666666666666,0.81,0.02598808879263671,37674770.0
891,Canada,2022-07-02,4042.0,14.0,4.037,41.4,16.984,10.797,0.026195647557583114,0.23177083333333334,0.024370059067623167,0.00015187758666514788,0.5552654444958042,0.2534881431411198,0.21428571428571427,0.8541666666666666,0.81,0.02598808879263671,37674770.0
892,Canada,2022-07-03,926.0,1.0,4.037,41.4,16.984,10.797,0.026195647557583114,0.23177083333333334,0.024370059067623167,0.00015187758666514788,0.5552654444958042,0.2534881431411198,0.21428571428571427,0.8541666666666666,0.81,0.02598808879263671,37674770.0
893,Canada,2022-07-04,332.0,0.0,4.037,41.4,16.984,10.797,0.026195647557583114,0.23177083333333334,0.024370059067623167,0.00015187758666514788,0.5552654444958042,0.2534881431411198,0.21428571428571427,0.8541666666666666,0.81,0.02598808879263671,37674770.0
894,Canada,2022-07-05,5999.0,23.0,4.037,41.4,16.984,10.797,0.026195647557583114,0.23177083333333334,0.024370059067623167,0.00015187758666514788,0.5552654444958042,0.2534881431411198,0.21428571428571427,0.8541666666666666,0.81,0.02598808879263671,37674770.0
895,Canada,2022-07-06,1035.0,39.0,4.037,41.4,16.984,10.797,0.026195647557583114,0.23177083333333334,0.024370059067623167,0.00015187758666514788,0.5552654444958042,0.2534881431411198,0.21428571428571427,0.8541666666666666,0.81,0.02598808879263671,37674770.0
896,Canada,2022-07-07,8767.0,70.0,4.037,41.4,16.984,10.797,0.026195647557583114,0.23177083333333334,0.024370059067623167,0.00015187758666514788,0.5552654444958042,0.2534881431411198,0.21428571428571427,0.8541666666666666,0.81,0.02598808879263671,37674770.0
897,Canada,2022-07-08,3566.0,25.0,4.037,41.4,16.984,10.797,0.026195647557583114,0.23177083333333334,0.024370059067623167,0.00015187758666514788,0.5552654444958042,0.2534881431411198,0.21428571428571427,0.8541666666666666,0.81,0.02598808879263671,37674770.0
898,Canada,2022-07-09,1460.0,10.0,4.037,41.4,16.984,10.797,0.026195647557583114,0.23177083333333334,0.024370059067623167,0.00015187758666514788,0.5552654444958042,0.2534881431411198,0.21428571428571427,0.8541666666666666,0.81,0.02598808879263671,37674770.0
899,Canada,2022-07-10,1071.0,6.0,4.037,41.4,16.984,10.797,0.026195647557583114,0.23177083333333334,0.024370059067623167,0.00015187758666514788,0.5552654444958042,0.2534881431411198,0.21428571428571427,0.8541666666666666,0.81,0.02598808879263671,37674770.0
900,Canada,2022-07-11,1033.0,7.0,4.037,41.4,16.984,10.797,0.026195647557583114,0.23177083333333334,0.024370059067623167,0.00015187758666514788,0.5552654444958042,0.2534881431411198,0.21428571428571427,0.8541666666666666,0.81,0.02598808879263671,37674770.0
901,Canada,2022-07-12,3337.0,5.0,4.037,41.4,16.984,10.797,0.026195647557583114,0.23177083333333334,0.024370059067623167,0.00015187758666514788,0.5552654444958042,0.2534881431411198,0.21428571428571427,0.8541666666666666,0.81,0.02598808879263671,37674770.0
902,Canada,2022-07-13,4973.0,44.0,4.037,41.4,16.984,10.797,0.026195647557583114,0.23177083333333334,0.024370059067623167,0.00015187758666514788,0.5552654444958042,0.2534881431411198,0.21428571428571427,0.8541666666666666,0.81,0.02598808879263671,37674770.0
903,Canada,2022-07-14,18099.0,66.0,4.037,41.4,16.984,10.797,0.026195647557583114,0.23177083333333334,0.024370059067623167,0.00015187758666514788,0.5552654444958042,0.2534881431411198,0.21428571428571427,0.8541666666666666,0.81,0.02598808879263671,37674770.0
904,Canada,2022-07-15,5657.0,50.0,4.037,41.4,16.984,10.797,0.026195647557583114,0.23177083333333334,0.024370059067623167,0.00015187758666514788,0.5552654444958042,0.2534881431411198,0.21428571428571427,0.8541666666666666,0.81,0.02598808879263671,37674770.0
905,Canada,2022-07-16,1984.0,28.0,4.037,41.4,16.984,10.797,0.026195647557583114,0.23177083333333334,0.024370059067623167,0.00015187758666514788,0.5552654444958042,0.2534881431411198,0.21428571428571427,0.8541666666666666,0.81,0.02598808879263671,37674770.0
906,Canada,2022-07-17,0.0,8.0,4.037,41.4,16.984,10.797,0.026195647557583114,0.23177083333333334,0.024370059067623167,0.00015187758666514788,0.5552654444958042,0.2534881431411198,0.21428571428571427,0.8541666666666666,0.81,0.02598808879263671,37674770.0
907,Canada,2022-07-18,25.0,0.0,4.037,41.4,16.984,10.797,0.026195647557583114,0.23177083333333334,0.024370059067623167,0.00015187758666514788,0.5552654444958042,0.2534881431411198,0.21428571428571427,0.8541666666666666,0.81,0.02598808879263671,37674770.0
908,Canada,2022-07-19,10779.0,50.0,4.037,41.4,16.984,10.797,0.026195647557583114,0.23177083333333334,0.024370059067623167,0.00015187758666514788,0.5552654444958042,0.2534881431411198,0.21428571428571427,0.8541666666666666,0.81,0.02598808879263671,37674770.0
909,Canada,2022-07-20,4110.0,52.0,4.037,41.4,16.984,10.797,0.026195647557583114,0.23177083333333334,0.024370059067623167,0.00015187758666514788,0.5552654444958042,0.2534881431411198,0.21428571428571427,0.8541666666666666,0.81,0.02598808879263671,37674770.0
910,Canada,2022-07-21,10424.0,70.0,4.037,41.4,16.984,10.797,0.026195647557583114,0.23177083333333334,0.024370059067623167,0.00015187758666514788,0.5552654444958042,0.2534881431411198,0.21428571428571427,0.8541666666666666,0.81,0.02598808879263671,37674770.0
911,Canada,2022-07-22,8494.0,132.0,4.037,41.4,16.984,10.797,0.026195647557583114,0.23177083333333334,0.024370059067623167,0.00015187758666514788,0.5552654444958042,0.2534881431411198,0.21428571428571427,0.8541666666666666,0.81,0.02598808879263671,37674770.0
912,Canada,2022-07-23,1654.0,15.0,4.037,41.4,16.984,10.797,0.026195647557583114,0.23177083333333334,0.024370059067623167,0.00015187758666514788,0.5552654444958042,0.2534881431411198,0.21428571428571427,0.8541666666666666,0.81,0.02598808879263671,37674770.0
913,Canada,2022-07-24,1278.0,8.0,4.037,41.4,16.984,10.797,0.026195647557583114,0.23177083333333334,0.024370059067623167,0.00015187758666514788,0.5552654444958042,0.2534881431411198,0.21428571428571427,0.8541666666666666,0.81,0.02598808879263671,37674770.0
914,Canada,2022-07-25,1276.0,4.0,4.037,41.4,16.984,10.797,0.026195647557583114,0.23177083333333334,0.024370059067623167,0.00015187758666514788,0.5552654444958042,0.2534881431411198,0.21428571428571427,0.8541666666666666,0.81,0.02598808879263671,37674770.0
915,Canada,2022-07-26,7385.0,44.0,4.037,41.4,16.984,10.797,0.026195647557583114,0.23177083333333334,0.024370059067623167,0.00015187758666514788,0.5552654444958042,0.2534881431411198,0.21428571428571427,0.8541666666666666,0.81,0.02598808879263671,37674770.0
916,Canada,2022-07-27,3508.0,38.0,4.037,41.4,16.984,10.797,0.026195647557583114,0.23177083333333334,0.024370059067623167,0.00015187758666514788,0.5552654444958042,0.2534881431411198,0.21428571428571427,0.8541666666666666,0.81,0.02598808879263671,37674770.0
917,Canada,2022-07-28,9996.0,128.0,4.037,41.4,16.984,10.797,0.026195647557583114,0.23177083333333334,0.024370059067623167,0.00015187758666514788,0.5552654444958042,0.2534881431411198,0.21428571428571427,0.8541666666666666,0.81,0.02598808879263671,37674770.0
918,Canada,2022-07-29,5469.0,32.0,4.037,41.4,16.984,10.797,0.026195647557583114,0.23177083333333334,0.024370059067623167,0.00015187758666514788,0.5552654444958042,0.2534881431411198,0.21428571428571427,0.8541666666666666,0.81,0.02598808879263671,37674770.0
919,Canada,2022-07-30,1336.0,12.0,4.037,41.4,16.984,10.797,0.026195647557583114,0.23177083333333334,0.024370059067623167,0.00015187758666514788,0.5552654444958042,0.2534881431411198,0.21428571428571427,0.8541666666666666,0.81,0.02598808879263671,37674770.0
920,Canada,2022-07-31,944.0,2.0,4.037,41.4,16.984,10.797,0.026195647557583114,0.23177083333333334,0.024370059067623167,0.00015187758666514788,0.5552654444958042,0.2534881431411198,0.21428571428571427,0.8541666666666666,0.81,0.02598808879263671,37674770.0
921,Canada,2022-08-01,991.0,0.0,4.037,41.4,16.984,10.797,0.026195647557583114,0.23177083333333334,0.024370059067623167,0.00015187758666514788,0.5552654444958042,0.2534881431411198,0.21428571428571427,0.8541666666666666,0.81,0.02598808879263671,37674770.0
922,Canada,2022-08-02,5661.0,18.0,4.037,41.4,16.984,10.797,0.026195647557583114,0.23177083333333334,0.024370059067623167,0.00015187758666514788,0.5552654444958042,0.2534881431411198,0.21428571428571427,0.8541666666666666,0.81,0.02598808879263671,37674770.0
923,Canada,2022-08-03,3162.0,31.0,4.037,41.4,16.984,10.797,0.026195647557583114,0.23177083333333334,0.024370059067623167,0.00015187758666514788,0.5552654444958042,0.2534881431411198,0.21428571428571427,0.8541666666666666,0.81,0.02598808879263671,37674770.0
925,Canada,2022-08-05,21344.0,76.0,4.037,41.4,16.984,10.797,0.026195647557583114,0.23177083333333334,0.024370059067623167,0.00015187758666514788,0.5552654444958042,0.2534881431411198,0.21428571428571427,0.8541666666666666,0.81,0.02598808879263671,37674770.0
926,Canada,2022-08-06,1070.0,12.0,4.037,41.4,16.984,10.797,0.026195647557583114,0.23177083333333334,0.024370059067623167,0.00015187758666514788,0.5552654444958042,0.2534881431411198,0.21428571428571427,0.8541666666666666,0.81,0.02598808879263671,37674770.0
927,Canada,2022-08-07,753.0,4.0,4.037,41.4,16.984,10.797,0.026195647557583114,0.23177083333333334,0.024370059067623167,0.00015187758666514788,0.5552654444958042,0.2534881431411198,0.21428571428571427,0.8541666666666666,0.81,0.02598808879263671,37674770.0
928,Canada,2022-08-08,776.0,5.0,4.037,41.4,16.984,10.797,0.026195647557583114,0.23177083333333334,0.024370059067623167,0.00015187758666514788,0.5552654444958042,0.2534881431411198,0.21428571428571427,0.8541666666666666,0.81,0.02598808879263671,37674770.0
929,Canada,2022-08-09,2021.0,25.0,4.037,41.4,16.984,10.797,0.026195647557583114,0.23177083333333334,0.024370059067623167,0.00015187758666514788,0.5552654444958042,0.2534881431411198,0.21428571428571427,0.8541666666666666,0.81,0.02598808879263671,37674770.0
930,Canada,2022-08-10,2977.0,40.0,4.037,41.4,16.984,10.797,0.026195647557583114,0.23177083333333334,0.024370059067623167,0.00015187758666514788,0.5552654444958042,0.2534881431411198,0.21428571428571427,0.8541666666666666,0.81,0.02598808879263671,37674770.0
931,Canada,2022-08-11,12990.0,180.0,4.037,41.4,16.984,10.797,0.026195647557583114,0.23177083333333334,0.024370059067623167,0.00015187758666514788,0.5552654444958042,0.2534881431411198,0.21428571428571427,0.8541666666666666,0.81,0.02598808879263671,37674770.0
932,Canada,2022-08-12,4816.0,32.0,4.037,41.4,16.984,10.797,0.026195647557583114,0.23177083333333334,0.024370059067623167,0.00015187758666514788,0.5552654444958042,0.2534881431411198,0.21428571428571427,0.8541666666666666,0.81,0.02598808879263671,37674770.0
933,Canada,2022-08-13,0.0,0.0,4.037,41.4,16.984,10.797,0.026195647557583114,0.23177083333333334,0.024370059067623167,0.00015187758666514788,0.5552654444958042,0.2534881431411198,0.21428571428571427,0.8541666666666666,0.81,0.02598808879263671,37674770.0
934,Canada,2022-08-14,0.0,0.0,4.037,41.4,16.984,10.797,0.026195647557583114,0.23177083333333334,0.024370059067623167,0.00015187758666514788,0.5552654444958042,0.2534881431411198,0.21428571428571427,0.8541666666666666,0.81,0.02598808879263671,37674770.0
935,Canada,2022-08-15,0.0,0.0,4.037,41.4,16.984,10.797,0.026195647557583114,0.23177083333333334,0.024370059067623167,0.00015187758666514788,0.5552654444958042,0.2534881431411198,0.21428571428571427,0.8541666666666666,0.81,0.02598808879263671,37674770.0
936,Canada,2022-08-16,7074.0,58.0,4.037,41.4,16.984,10.797,0.026195647557583114,0.23177083333333334,0.024370059067623167,0.00015187758666514788,0.5552654444958042,0.2534881431411198,0.21428571428571427,0.8541666666666666,0.81,0.02598808879263671,37674770.0
937,Canada,2022-08-17,2875.0,41.0,4.037,41.4,16.984,10.797,0.026195647557583114,0.23177083333333334,0.024370059067623167,0.00015187758666514788,0.5552654444958042,0.2534881431411198,0.21428571428571427,0.8541666666666666,0.81,0.02598808879263671,37674770.0
938,Canada,2022-08-18,9180.0,119.0,4.037,41.4,16.984,10.797,0.026195647557583114,0.23177083333333334,0.024370059067623167,0.00015187758666514788,0.5552654444958042,0.2534881431411198,0.21428571428571427,0.8541666666666666,0.81,0.02598808879263671,37674770.0
939,Canada,2022-08-19,5760.0,82.0,4.037,41.4,16.984,10.797,0.026195647557583114,0.23177083333333334,0.024370059067623167,0.00015187758666514788,0.5552654444958042,0.2534881431411198,0.21428571428571427,0.8541666666666666,0.81,0.02598808879263671,37674770.0
940,Canada,2022-08-20,854.0,15.0,4.037,41.4,16.984,10.797,0.026195647557583114,0.23177083333333334,0.024370059067623167,0.00015187758666514788,0.5552654444958042,0.2534881431411198,0.21428571428571427,0.8541666666666666,0.81,0.02598808879263671,37674770.0
941,Canada,2022-08-21,621.0,0.0,4.037,41.4,16.984,10.797,0.026195647557583114,0.23177083333333334,0.024370059067623167,0.00015187758666514788,0.5552654444958042,0.2534881431411198,0.21428571428571427,0.8541666666666666,0.81,0.02598808879263671,37674770.0
942,Canada,2022-08-22,648.0,1.0,4.037,41.4,16.984,10.797,0.026195647557583114,0.23177083333333334,0.024370059067623167,0.00015187758666514788,0.5552654444958042,0.2534881431411198,0.21428571428571427,0.8541666666666666,0.81,0.02598808879263671,37674770.0
943,Canada,2022-08-23,3572.0,21.0,4.037,41.4,16.984,10.797,0.026195647557583114,0.23177083333333334,0.024370059067623167,0.00015187758666514788,0.5552654444958042,0.2534881431411198,0.21428571428571427,0.8541666666666666,0.81,0.02598808879263671,37674770.0
944,Canada,2022-08-24,3777.0,82.0,4.037,41.4,16.984,10.797,0.026195647557583114,0.23177083333333334,0.024370059067623167,0.00015187758666514788,0.5552654444958042,0.2534881431411198,0.21428571428571427,0.8541666666666666,0.81,0.02598808879263671,37674770.0
945,Canada,2022-08-25,7433.0,144.0,4.037,41.4,16.984,10.797,0.026195647557583114,0.23177083333333334,0.024370059067623167,0.00015187758666514788,0.5552654444958042,0.2534881431411198,0.21428571428571427,0.8541666666666666,0.81,0.02598808879263671,37674770.0
946,Canada,2022-08-26,3977.0,46.0,4.037,41.4,16.984,10.797,0.026195647557583114,0.23177083333333334,0.024370059067623167,0.00015187758666514788,0.5552654444958042,0.2534881431411198,0.21428571428571427,0.8541666666666666,0.81,0.02598808879263671,37674770.0
947,Canada,2022-08-27,748.0,9.0,4.037,41.4,16.984,10.797,0.026195647557583114,0.23177083333333334,0.024370059067623167,0.00015187758666514788,0.5552654444958042,0.2534881431411198,0.21428571428571427,0.8541666666666666,0.81,0.02598808879263671,37674770.0
948,Canada,2022-08-28,550.0,1.0,4.037,41.4,16.984,10.797,0.026195647557583114,0.23177083333333334,0.024370059067623167,0.00015187758666514788,0.5552654444958042,0.2534881431411198,0.21428571428571427,0.8541666666666666,0.81,0.02598808879263671,37674770.0
949,Canada,2022-08-29,480.0,0.0,4.037,41.4,16.984,10.797,0.026195647557583114,0.23177083333333334,0.024370059067623167,0.00015187758666514788,0.5552654444958042,0.2534881431411198,0.21428571428571427,0.8541666666666666,0.81,0.02598808879263671,37674770.0
950,Canada,2022-08-30,3963.0,53.0,4.037,41.4,16.984,10.797,0.026195647557583114,0.23177083333333334,0.024370059067623167,0.00015187758666514788,0.5552654444958042,0.2534881431411198,0.21428571428571427,0.8541666666666666,0.81,0.02598808879263671,37674770.0
951,Canada,2022-08-31,2012.0,53.0,4.037,41.4,16.984,10.797,0.026195647557583114,0.23177083333333334,0.024370059067623167,0.00015187758666514788,0.5552654444958042,0.2534881431411198,0.21428571428571427,0.8541666666666666,0.81,0.02598808879263671,37674770.0
952,Canada,2022-09-01,9420.0,152.0,4.037,41.4,16.984,10.797,0.026195647557583114,0.23177083333333334,0.024370059067623167,0.00015187758666514788,0.5552654444958042,0.2534881431411198,0.21428571428571427,0.8541666666666666,0.81,0.02598808879263671,37674770.0
953,Canada,2022-09-02,3649.0,43.0,4.037,41.4,16.984,10.797,0.026195647557583114,0.23177083333333334,0.024370059067623167,0.00015187758666514788,0.5552654444958042,0.2534881431411198,0.21428571428571427,0.8541666666666666,0.81,0.02598808879263671,37674770.0
954,Canada,2022-09-03,661.0,4.0,4.037,41.4,16.984,10.797,0.026195647557583114,0.23177083333333334,0.024370059067623167,0.00015187758666514788,0.5552654444958042,0.2534881431411198,0.21428571428571427,0.8541666666666666,0.81,0.02598808879263671,37674770.0
955,Canada,2022-09-04,474.0,5.0,4.037,41.4,16.984,10.797,0.026195647557583114,0.23177083333333334,0.024370059067623167,0.00015187758666514788,0.5552654444958042,0.2534881431411198,0.21428571428571427,0.8541666666666666,0.81,0.02598808879263671,37674770.0
956,Canada,2022-09-05,446.0,1.0,4.037,41.4,16.984,10.797,0.026195647557583114,0.23177083333333334,0.024370059067623167,0.00015187758666514788,0.5552654444958042,0.2534881431411198,0.21428571428571427,0.8541666666666666,0.81,0.02598808879263671,37674770.0
957,Canada,2022-09-06,2897.0,9.0,4.037,41.4,16.984,10.797,0.026195647557583114,0.23177083333333334,0.024370059067623167,0.00015187758666514788,0.5552654444958042,0.2534881431411198,0.21428571428571427,0.8541666666666666,0.81,0.02598808879263671,37674770.0
958,Canada,2022-09-07,1992.0,55.0,4.037,41.4,16.984,10.797,0.026195647557583114,0.23177083333333334,0.024370059067623167,0.00015187758666514788,0.5552654444958042,0.2534881431411198,0.21428571428571427,0.8541666666666666,0.81,0.02598808879263671,37674770.0
959,Canada,2022-09-08,7008.0,111.0,4.037,41.4,16.984,10.797,0.026195647557583114,0.23177083333333334,0.024370059067623167,0.00015187758666514788,0.5552654444958042,0.2534881431411198,0.21428571428571427,0.8541666666666666,0.81,0.02598808879263671,37674770.0
960,Canada,2022-09-09,3320.0,54.0,4.037,41.4,16.984,10.797,0.026195647557583114,0.23177083333333334,0.024370059067623167,0.00015187758666514788,0.5552654444958042,0.2534881431411198,0.21428571428571427,0.8541666666666666,0.81,0.02598808879263671,37674770.0
961,Canada,2022-09-10,637.0,8.0,4.037,41.4,16.984,10.797,0.026195647557583114,0.23177083333333334,0.024370059067623167,0.00015187758666514788,0.5552654444958042,0.2534881431411198,0.21428571428571427,0.8541666666666666,0.81,0.02598808879263671,37674770.0
962,Canada,2022-09-11,0.0,0.0,4.037,41.4,16.984,10.797,0.026195647557583114,0.23177083333333334,0.024370059067623167,0.00015187758666514788,0.5552654444958042,0.2534881431411198,0.21428571428571427,0.8541666666666666,0.81,0.02598808879263671,37674770.0
963,Canada,2022-09-12,1119.0,4.0,4.037,41.4,16.984,10.797,0.026195647557583114,0.23177083333333334,0.024370059067623167,0.00015187758666514788,0.5552654444958042,0.2534881431411198,0.21428571428571427,0.8541666666666666,0.81,0.02598808879263671,37674770.0
964,Canada,2022-09-13,3471.0,35.0,4.037,41.4,16.984,10.797,0.026195647557583114,0.23177083333333334,0.024370059067623167,0.00015187758666514788,0.5552654444958042,0.2534881431411198,0.21428571428571427,0.8541666666666666,0.81,0.02598808879263671,37674770.0
965,Canada,2022-09-14,1078.0,16.0,4.037,41.4,16.984,10.797,0.026195647557583114,0.23177083333333334,0.024370059067623167,0.00015187758666514788,0.5552654444958042,0.2534881431411198,0.21428571428571427,0.8541666666666666,0.81,0.02598808879263671,37674770.0
966,Canada,2022-09-15,8011.0,257.0,4.037,41.4,16.984,10.797,0.026195647557583114,0.23177083333333334,0.024370059067623167,0.00015187758666514788,0.5552654444958042,0.2534881431411198,0.21428571428571427,0.8541666666666666,0.81,0.02598808879263671,37674770.0
967,Canada,2022-09-16,4933.0,77.0,4.037,41.4,16.984,10.797,0.026195647557583114,0.23177083333333334,0.024370059067623167,0.00015187758666514788,0.5552654444958042,0.2534881431411198,0.21428571428571427,0.8541666666666666,0.81,0.02598808879263671,37674770.0
968,Canada,2022-09-17,614.0,7.0,4.037,41.4,16.984,10.797,0.026195647557583114,0.23177083333333334,0.024370059067623167,0.00015187758666514788,0.5552654444958042,0.2534881431411198,0.21428571428571427,0.8541666666666666,0.81,0.02598808879263671,37674770.0
969,Canada,2022-09-18,460.0,8.0,4.037,41.4,16.984,10.797,0.026195647557583114,0.23177083333333334,0.024370059067623167,0.00015187758666514788,0.5552654444958042,0.2534881431411198,0.21428571428571427,0.8541666666666666,0.81,0.02598808879263671,37674770.0
970,Canada,2022-09-19,584.0,1.0,4.037,41.4,16.984,10.797,0.026195647557583114,0.23177083333333334,0.024370059067623167,0.00015187758666514788,0.5552654444958042,0.2534881431411198,0.21428571428571427,0.8541666666666666,0.81,0.02598808879263671,37674770.0
971,Canada,2022-09-20,4132.0,21.0,4.037,41.4,16.984,10.797,0.026195647557583114,0.23177083333333334,0.024370059067623167,0.00015187758666514788,0.5552654444958042,0.2534881431411198,0.21428571428571427,0.8541666666666666,0.81,0.02598808879263671,37674770.0
972,Canada,2022-09-21,2100.0,34.0,4.037,41.4,16.984,10.797,0.026195647557583114,0.23177083333333334,0.024370059067623167,0.00015187758666514788,0.5552654444958042,0.2534881431411198,0.21428571428571427,0.8541666666666666,0.81,0.02598808879263671,37674770.0
973,Canada,2022-09-22,7485.0,114.0,4.037,41.4,16.984,10.797,0.026195647557583114,0.23177083333333334,0.024370059067623167,0.00015187758666514788,0.5552654444958042,0.2534881431411198,0.21428571428571427,0.8541666666666666,0.81,0.02598808879263671,37674770.0
974,Canada,2022-09-23,3063.0,37.0,4.037,41.4,16.984,10.797,0.026195647557583114,0.23177083333333334,0.024370059067623167,0.00015187758666514788,0.5552654444958042,0.2534881431411198,0.21428571428571427,0.8541666666666666,0.81,0.02598808879263671,37674770.0
975,Canada,2022-09-24,733.0,15.0,4.037,41.4,16.984,10.797,0.026195647557583114,0.23177083333333334,0.024370059067623167,0.00015187758666514788,0.5552654444958042,0.2534881431411198,0.21428571428571427,0.8541666666666666,0.81,0.02598808879263671,37674770.0
976,Canada,2022-09-25,621.0,1.0,4.037,41.4,16.984,10.797,0.026195647557583114,0.23177083333333334,0.024370059067623167,0.00015187758666514788,0.5552654444958042,0.2534881431411198,0.21428571428571427,0.8541666666666666,0.81,0.02598808879263671,37674770.0
977,Canada,2022-09-26,625.0,2.0,4.037,41.4,16.984,10.797,0.026195647557583114,0.23177083333333334,0.024370059067623167,0.00015187758666514788,0.5552654444958042,0.2534881431411198,0.21428571428571427,0.8541666666666666,0.81,0.02598808879263671,37674770.0
978,Canada,2022-09-27,3187.0,27.0,4.037,41.4,16.984,10.797,0.026195647557583114,0.23177083333333334,0.024370059067623167,0.00015187758666514788,0.5552654444958042,0.2534881431411198,0.21428571428571427,0.8541666666666666,0.81,0.02598808879263671,37674770.0
979,Canada,2022-09-28,2664.0,41.0,4.037,41.4,16.984,10.797,0.026195647557583114,0.23177083333333334,0.024370059067623167,0.00015187758666514788,0.5552654444958042,0.2534881431411198,0.21428571428571427,0.8541666666666666,0.81,0.02598808879263671,37674770.0
980,Canada,2022-09-29,8154.0,103.0,4.037,41.4,16.984,10.797,0.026195647557583114,0.23177083333333334,0.024370059067623167,0.00015187758666514788,0.5552654444958042,0.2534881431411198,0.21428571428571427,0.8541666666666666,0.81,0.02598808879263671,37674770.0
981,Canada,2022-09-30,886.0,14.0,4.037,41.4,16.984,10.797,0.026195647557583114,0.23177083333333334,0.024370059067623167,0.00015187758666514788,0.5552654444958042,0.2534881431411198,0.21428571428571427,0.8541666666666666,0.81,0.02598808879263671,37674770.0
982,Canada,2022-10-01,845.0,9.0,4.037,41.4,16.984,10.797,0.026195647557583114,0.23177083333333334,0.024370059067623167,0.00015187758666514788,0.5552654444958042,0.2534881431411198,0.21428571428571427,0.8541666666666666,0.81,0.02598808879263671,37674770.0
983,Canada,2022-10-02,598.0,4.0,4.037,41.4,16.984,10.797,0.026195647557583114,0.23177083333333334,0.024370059067623167,0.00015187758666514788,0.5552654444958042,0.2534881431411198,0.21428571428571427,0.8541666666666666,0.81,0.02598808879263671,37674770.0
984,Canada,2022-10-03,2406.0,21.0,4.037,41.4,16.984,10.797,0.026195647557583114,0.23177083333333334,0.024370059067623167,0.00015187758666514788,0.5552654444958042,0.2534881431411198,0.21428571428571427,0.8541666666666666,0.81,0.02598808879263671,37674770.0
985,Canada,2022-10-04,4343.0,31.0,4.037,41.4,16.984,10.797,0.026195647557583114,0.23177083333333334,0.024370059067623167,0.00015187758666514788,0.5552654444958042,0.2534881431411198,0.21428571428571427,0.8541666666666666,0.81,0.02598808879263671,37674770.0
986,Canada,2022-10-05,1085.0,0.0,4.037,41.4,16.984,10.797,0.026195647557583114,0.23177083333333334,0.024370059067623167,0.00015187758666514788,0.5552654444958042,0.2534881431411198,0.21428571428571427,0.8541666666666666,0.81,0.02598808879263671,37674770.0
987,Canada,2022-10-06,8558.0,120.0,4.037,41.4,16.984,10.797,0.026195647557583114,0.23177083333333334,0.024370059067623167,0.00015187758666514788,0.5552654444958042,0.2534881431411198,0.21428571428571427,0.8541666666666666,0.81,0.02598808879263671,37674770.0
988,Canada,2022-10-07,3291.0,34.0,4.037,41.4,16.984,10.797,0.026195647557583114,0.23177083333333334,0.024370059067623167,0.00015187758666514788,0.5552654444958042,0.2534881431411198,0.21428571428571427,0.8541666666666666,0.81,0.02598808879263671,37674770.0
989,Canada,2022-10-08,933.0,6.0,4.037,41.4,16.984,10.797,0.026195647557583114,0.23177083333333334,0.024370059067623167,0.00015187758666514788,0.5552654444958042,0.2534881431411198,0.21428571428571427,0.8541666666666666,0.81,0.02598808879263671,37674770.0
990,Canada,2022-10-09,631.0,2.0,4.037,41.4,16.984,10.797,0.026195647557583114,0.23177083333333334,0.024370059067623167,0.00015187758666514788,0.5552654444958042,0.2534881431411198,0.21428571428571427,0.8541666666666666,0.81,0.02598808879263671,37674770.0
991,Canada,2022-10-10,713.0,1.0,4.037,41.4,16.984,10.797,0.026195647557583114,0.23177083333333334,0.024370059067623167,0.00015187758666514788,0.5552654444958042,0.2534881431411198,0.21428571428571427,0.8541666666666666,0.81,0.02598808879263671,37674770.0
992,Canada,2022-10-11,3437.0,13.0,4.037,41.4,16.984,10.797,0.026195647557583114,0.23177083333333334,0.024370059067623167,0.00015187758666514788,0.5552654444958042,0.2534881431411198,0.21428571428571427,0.8541666666666666,0.81,0.02598808879263671,37674770.0
993,Canada,2022-10-12,3836.0,62.0,4.037,41.4,16.984,10.797,0.026195647557583114,0.23177083333333334,0.024370059067623167,0.00015187758666514788,0.5552654444958042,0.2534881431411198,0.21428571428571427,0.8541666666666666,0.81,0.02598808879263671,37674770.0
994,Canada,2022-10-13,9111.0,109.0,4.037,41.4,16.984,10.797,0.026195647557583114,0.23177083333333334,0.024370059067623167,0.00015187758666514788,0.5552654444958042,0.2534881431411198,0.21428571428571427,0.8541666666666666,0.81,0.02598808879263671,37674770.0
995,Canada,2022-10-14,5258.0,95.0,4.037,41.4,16.984,10.797,0.026195647557583114,0.23177083333333334,0.024370059067623167,0.00015187758666514788,0.5552654444958042,0.2534881431411198,0.21428571428571427,0.8541666666666666,0.81,0.02598808879263671,37674770.0
996,Canada,2022-10-15,1023.0,8.0,4.037,41.4,16.984,10.797,0.026195647557583114,0.23177083333333334,0.024370059067623167,0.00015187758666514788,0.5552654444958042,0.2534881431411198,0.21428571428571427,0.8541666666666666,0.81,0.02598808879263671,37674770.0
997,Canada,2022-10-16,702.0,4.0,4.037,41.4,16.984,10.797,0.026195647557583114,0.23177083333333334,0.024370059067623167,0.00015187758666514788,0.5552654444958042,0.2534881431411198,0.21428571428571427,0.8541666666666666,0.81,0.02598808879263671,37674770.0
998,Canada,2022-10-17,640.0,1.0,4.037,41.4,16.984,10.797,0.026195647557583114,0.23177083333333334,0.024370059067623167,0.00015187758666514788,0.5552654444958042,0.2534881431411198,0.21428571428571427,0.8541666666666666,0.81,0.02598808879263671,37674770.0
999,Canada,2022-10-18,3633.0,37.0,4.037,41.4,16.984,10.797,0.026195647557583114,0.23177083333333334,0.024370059067623167,0.00015187758666514788,0.5552654444958042,0.2534881431411198,0.21428571428571427,0.8541666666666666,0.81,0.02598808879263671,37674770.0
1000,Canada,2022-10-19,2469.0,42.0,4.037,41.4,16.984,10.797,0.026195647557583114,0.23177083333333334,0.024370059067623167,0.00015187758666514788,0.5552654444958042,0.2534881431411198,0.21428571428571427,0.8541666666666666,0.81,0.02598808879263671,37674770.0
1001,Canada,2022-10-20,8864.0,150.0,4.037,41.4,16.984,10.797,0.026195647557583114,0.23177083333333334,0.024370059067623167,0.00015187758666514788,0.5552654444958042,0.2534881431411198,0.21428571428571427,0.8541666666666666,0.81,0.02598808879263671,37674770.0
1002,Canada,2022-10-21,2812.0,48.0,4.037,41.4,16.984,10.797,0.026195647557583114,0.23177083333333334,0.024370059067623167,0.00015187758666514788,0.5552654444958042,0.2534881431411198,0.21428571428571427,0.8541666666666666,0.81,0.02598808879263671,37674770.0
1003,Canada,2022-10-22,761.0,12.0,4.037,41.4,16.984,10.797,0.026195647557583114,0.23177083333333334,0.024370059067623167,0.00015187758666514788,0.5552654444958042,0.2534881431411198,0.21428571428571427,0.8541666666666666,0.81,0.02598808879263671,37674770.0
1004,Canada,2022-10-23,582.0,2.0,4.037,41.4,16.984,10.797,0.026195647557583114,0.23177083333333334,0.024370059067623167,0.00015187758666514788,0.5552654444958042,0.2534881431411198,0.21428571428571427,0.8541666666666666,0.81,0.02598808879263671,37674770.0
1005,Canada,2022-10-24,1355.0,87.0,4.037,41.4,16.984,10.797,0.026195647557583114,0.23177083333333334,0.024370059067623167,0.00015187758666514788,0.5552654444958042,0.2534881431411198,0.21428571428571427,0.8541666666666666,0.81,0.02598808879263671,37674770.0
1006,Canada,2022-10-25,4084.0,35.0,4.037,41.4,16.984,10.797,0.026195647557583114,0.23177083333333334,0.024370059067623167,0.00015187758666514788,0.5552654444958042,0.2534881431411198,0.21428571428571427,0.8541666666666666,0.81,0.02598808879263671,37674770.0
1007,Canada,2022-10-26,2320.0,52.0,4.037,41.4,16.984,10.797,0.026195647557583114,0.23177083333333334,0.024370059067623167,0.00015187758666514788,0.5552654444958042,0.2534881431411198,0.21428571428571427,0.8541666666666666,0.81,0.02598808879263671,37674770.0
1008,Canada,2022-10-27,8692.0,157.0,4.037,41.4,16.984,10.797,0.026195647557583114,0.23177083333333334,0.024370059067623167,0.00015187758666514788,0.5552654444958042,0.2534881431411198,0.21428571428571427,0.8541666666666666,0.81,0.02598808879263671,37674770.0
1009,Canada,2022-10-28,4611.0,94.0,4.037,41.4,16.984,10.797,0.026195647557583114,0.23177083333333334,0.024370059067623167,0.00015187758666514788,0.5552654444958042,0.2534881431411198,0.21428571428571427,0.8541666666666666,0.81,0.02598808879263671,37674770.0
1010,Canada,2022-10-29,818.0,12.0,4.037,41.4,16.984,10.797,0.026195647557583114,0.23177083333333334,0.024370059067623167,0.00015187758666514788,0.5552654444958042,0.2534881431411198,0.21428571428571427,0.8541666666666666,0.81,0.02598808879263671,37674770.0
1011,Canada,2022-10-30,557.0,3.0,4.037,41.4,16.984,10.797,0.026195647557583114,0.23177083333333334,0.024370059067623167,0.00015187758666514788,0.5552654444958042,0.2534881431411198,0.21428571428571427,0.8541666666666666,0.81,0.02598808879263671,37674770.0
1012,Canada,2022-10-31,561.0,2.0,4.037,41.4,16.984,10.797,0.026195647557583114,0.23177083333333334,0.024370059067623167,0.00015187758666514788,0.5552654444958042,0.2534881431411198,0.21428571428571427,0.8541666666666666,0.81,0.02598808879263671,37674770.0
1013,Canada,2022-11-01,3337.0,31.0,4.037,41.4,16.984,10.797,0.026195647557583114,0.23177083333333334,0.024370059067623167,0.00015187758666514788,0.5552654444958042,0.2534881431411198,0.21428571428571427,0.8541666666666666,0.81,0.02598808879263671,37674770.0
1014,Canada,2022-11-02,2573.0,42.0,4.037,41.4,16.984,10.797,0.026195647557583114,0.23177083333333334,0.024370059067623167,0.00015187758666514788,0.5552654444958042,0.2534881431411198,0.21428571428571427,0.8541666666666666,0.81,0.02598808879263671,37674770.0
1015,Canada,2022-11-03,8612.0,158.0,4.037,41.4,16.984,10.797,0.026195647557583114,0.23177083333333334,0.024370059067623167,0.00015187758666514788,0.5552654444958042,0.2534881431411198,0.21428571428571427,0.8541666666666666,0.81,0.02598808879263671,37674770.0
1016,Canada,2022-11-04,1406.0,26.0,4.037,41.4,16.984,10.797,0.026195647557583114,0.23177083333333334,0.024370059067623167,0.00015187758666514788,0.5552654444958042,0.2534881431411198,0.21428571428571427,0.8541666666666666,0.81,0.02598808879263671,37674770.0
1017,Canada,2022-11-05,0.0,0.0,4.037,41.4,16.984,10.797,0.026195647557583114,0.23177083333333334,0.024370059067623167,0.00015187758666514788,0.5552654444958042,0.2534881431411198,0.21428571428571427,0.8541666666666666,0.81,0.02598808879263671,37674770.0
1018,Canada,2022-11-06,0.0,0.0,4.037,41.4,16.984,10.797,0.026195647557583114,0.23177083333333334,0.024370059067623167,0.00015187758666514788,0.5552654444958042,0.2534881431411198,0.21428571428571427,0.8541666666666666,0.81,0.02598808879263671,37674770.0
1019,Canada,2022-11-07,3733.0,41.0,4.037,41.4,16.984,10.797,0.026195647557583114,0.23177083333333334,0.024370059067623167,0.00015187758666514788,0.5552654444958042,0.2534881431411198,0.21428571428571427,0.8541666666666666,0.81,0.02598808879263671,37674770.0
1020,Canada,2022-11-08,2883.0,58.0,4.037,41.4,16.984,10.797,0.026195647557583114,0.23177083333333334,0.024370059067623167,0.00015187758666514788,0.5552654444958042,0.2534881431411198,0.21428571428571427,0.8541666666666666,0.81,0.02598808879263671,37674770.0
1021,Canada,2022-11-09,2025.0,57.0,4.037,41.4,16.984,10.797,0.026195647557583114,0.23177083333333334,0.024370059067623167,0.00015187758666514788,0.5552654444958042,0.2534881431411198,0.21428571428571427,0.8541666666666666,0.81,0.02598808879263671,37674770.0
1022,Canada,2022-11-10,7682.0,153.0,4.037,41.4,16.984,10.797,0.026195647557583114,0.23177083333333334,0.024370059067623167,0.00015187758666514788,0.5552654444958042,0.2534881431411198,0.21428571428571427,0.8541666666666666,0.81,0.02598808879263671,37674770.0
1023,Canada,2022-11-11,1081.0,32.0,4.037,41.4,16.984,10.797,0.026195647557583114,0.23177083333333334,0.024370059067623167,0.00015187758666514788,0.5552654444958042,0.2534881431411198,0.21428571428571427,0.8541666666666666,0.81,0.02598808879263671,37674770.0
1024,Canada,2022-11-12,680.0,9.0,4.037,41.4,16.984,10.797,0.026195647557583114,0.23177083333333334,0.024370059067623167,0.00015187758666514788,0.5552654444958042,0.2534881431411198,0.21428571428571427,0.8541666666666666,0.81,0.02598808879263671,37674770.0
1025,Canada,2022-11-13,514.0,1.0,4.037,41.4,16.984,10.797,0.026195647557583114,0.23177083333333334,0.024370059067623167,0.00015187758666514788,0.5552654444958042,0.2534881431411198,0.21428571428571427,0.8541666666666666,0.81,0.02598808879263671,37674770.0
1026,Canada,2022-11-14,520.0,2.0,4.037,41.4,16.984,10.797,0.026195647557583114,0.23177083333333334,0.024370059067623167,0.00015187758666514788,0.5552654444958042,0.2534881431411198,0.21428571428571427,0.8541666666666666,0.81,0.02598808879263671,37674770.0
1027,Canada,2022-11-15,4950.0,135.0,4.037,41.4,16.984,10.797,0.026195647557583114,0.23177083333333334,0.024370059067623167,0.00015187758666514788,0.5552654444958042,0.2534881431411198,0.21428571428571427,0.8541666666666666,0.81,0.02598808879263671,37674770.0
1028,Canada,2022-11-16,2515.0,98.0,4.037,41.4,16.984,10.797,0.026195647557583114,0.23177083333333334,0.024370059067623167,0.00015187758666514788,0.5552654444958042,0.2534881431411198,0.21428571428571427,0.8541666666666666,0.81,0.02598808879263671,37674770.0
1029,Canada,2022-11-17,6001.0,144.0,4.037,41.4,16.984,10.797,0.026195647557583114,0.23177083333333334,0.024370059067623167,0.00015187758666514788,0.5552654444958042,0.2534881431411198,0.21428571428571427,0.8541666666666666,0.81,0.02598808879263671,37674770.0
1030,Canada,2022-11-18,1006.0,21.0,4.037,41.4,16.984,10.797,0.026195647557583114,0.23177083333333334,0.024370059067623167,0.00015187758666514788,0.5552654444958042,0.2534881431411198,0.21428571428571427,0.8541666666666666,0.81,0.02598808879263671,37674770.0
1031,Canada,2022-11-19,665.0,6.0,4.037,41.4,16.984,10.797,0.026195647557583114,0.23177083333333334,0.024370059067623167,0.00015187758666514788,0.5552654444958042,0.2534881431411198,0.21428571428571427,0.8541666666666666,0.81,0.02598808879263671,37674770.0
1032,Canada,2022-11-20,584.0,0.0,4.037,41.4,16.984,10.797,0.026195647557583114,0.23177083333333334,0.024370059067623167,0.00015187758666514788,0.5552654444958042,0.2534881431411198,0.21428571428571427,0.8541666666666666,0.81,0.02598808879263671,37674770.0
1033,Canada,2022-11-21,1822.0,29.0,4.037,41.4,16.984,10.797,0.026195647557583114,0.23177083333333334,0.024370059067623167,0.00015187758666514788,0.5552654444958042,0.2534881431411198,0.21428571428571427,0.8541666666666666,0.81,0.02598808879263671,37674770.0
1034,Canada,2022-11-22,1456.0,24.0,4.037,41.4,16.984,10.797,0.026195647557583114,0.23177083333333334,0.024370059067623167,0.00015187758666514788,0.5552654444958042,0.2534881431411198,0.21428571428571427,0.8541666666666666,0.81,0.02598808879263671,37674770.0
1035,Canada,2022-11-23,2680.0,42.0,4.037,41.4,16.984,10.797,0.026195647557583114,0.23177083333333334,0.024370059067623167,0.00015187758666514788,0.5552654444958042,0.2534881431411198,0.21428571428571427,0.8541666666666666,0.81,0.02598808879263671,37674770.0
1036,Canada,2022-11-24,1672.0,67.0,4.037,41.4,16.984,10.797,0.026195647557583114,0.23177083333333334,0.024370059067623167,0.00015187758666514788,0.5552654444958042,0.2534881431411198,0.21428571428571427,0.8541666666666666,0.81,0.02598808879263671,37674770.0
1037,Canada,2022-11-25,1304.0,12.0,4.037,41.4,16.984,10.797,0.026195647557583114,0.23177083333333334,0.024370059067623167,0.00015187758666514788,0.5552654444958042,0.2534881431411198,0.21428571428571427,0.8541666666666666,0.81,0.02598808879263671,37674770.0
1038,Canada,2022-11-26,0.0,0.0,4.037,41.4,16.984,10.797,0.026195647557583114,0.23177083333333334,0.024370059067623167,0.00015187758666514788,0.5552654444958042,0.2534881431411198,0.21428571428571427,0.8541666666666666,0.81,0.02598808879263671,37674770.0
1039,Canada,2022-11-27,0.0,0.0,4.037,41.4,16.984,10.797,0.026195647557583114,0.23177083333333334,0.024370059067623167,0.00015187758666514788,0.5552654444958042,0.2534881431411198,0.21428571428571427,0.8541666666666666,0.81,0.02598808879263671,37674770.0
1040,Canada,2022-11-28,2012.0,61.0,4.037,41.4,16.984,10.797,0.026195647557583114,0.23177083333333334,0.024370059067623167,0.00015187758666514788,0.5552654444958042,0.2534881431411198,0.21428571428571427,0.8541666666666666,0.81,0.02598808879263671,37674770.0
1041,Canada,2022-11-29,553.0,0.0,4.037,41.4,16.984,10.797,0.026195647557583114,0.23177083333333334,0.024370059067623167,0.00015187758666514788,0.5552654444958042,0.2534881431411198,0.21428571428571427,0.8541666666666666,0.81,0.02598808879263671,37674770.0
1042,Canada,2022-11-30,1315.0,79.0,4.037,41.4,16.984,10.797,0.026195647557583114,0.23177083333333334,0.024370059067623167,0.00015187758666514788,0.5552654444958042,0.2534881431411198,0.21428571428571427,0.8541666666666666,0.81,0.02598808879263671,37674770.0
1043,Canada,2022-12-01,12417.0,131.0,4.037,41.4,16.984,10.797,0.026195647557583114,0.23177083333333334,0.024370059067623167,0.00015187758666514788,0.5552654444958042,0.2534881431411198,0.21428571428571427,0.8541666666666666,0.81,0.02598808879263671,37674770.0
1044,Canada,2022-12-02,69.0,0.0,4.037,41.4,16.984,10.797,0.026195647557583114,0.23177083333333334,0.024370059067623167,0.00015187758666514788,0.5552654444958042,0.2534881431411198,0.21428571428571427,0.8541666666666666,0.81,0.02598808879263671,37674770.0
1045,Canada,2022-12-03,0.0,0.0,4.037,41.4,16.984,10.797,0.026195647557583114,0.23177083333333334,0.024370059067623167,0.00015187758666514788,0.5552654444958042,0.2534881431411198,0.21428571428571427,0.8541666666666666,0.81,0.02598808879263671,37674770.0
1046,Canada,2022-12-04,0.0,0.0,4.037,41.4,16.984,10.797,0.026195647557583114,0.23177083333333334,0.024370059067623167,0.00015187758666514788,0.5552654444958042,0.2534881431411198,0.21428571428571427,0.8541666666666666,0.81,0.02598808879263671,37674770.0
1047,Canada,2022-12-05,8089.0,164.0,4.037,41.4,16.984,10.797,0.026195647557583114,0.23177083333333334,0.024370059067623167,0.00015187758666514788,0.5552654444958042,0.2534881431411198,0.21428571428571427,0.8541666666666666,0.81,0.02598808879263671,37674770.0
1048,Canada,2022-12-06,0.0,0.0,4.037,41.4,16.984,10.797,0.026195647557583114,0.23177083333333334,0.024370059067623167,0.00015187758666514788,0.5552654444958042,0.2534881431411198,0.21428571428571427,0.8541666666666666,0.81,0.02598808879263671,37674770.0
1049,Canada,2022-12-07,2848.0,52.0,4.037,41.4,16.984,10.797,0.026195647557583114,0.23177083333333334,0.024370059067623167,0.00015187758666514788,0.5552654444958042,0.2534881431411198,0.21428571428571427,0.8541666666666666,0.81,0.02598808879263671,37674770.0
1050,Canada,2022-12-08,5282.0,69.0,4.037,41.4,16.984,10.797,0.026195647557583114,0.23177083333333334,0.024370059067623167,0.00015187758666514788,0.5552654444958042,0.2534881431411198,0.21428571428571427,0.8541666666666666,0.81,0.02598808879263671,37674770.0
1051,Canada,2022-12-09,1903.0,56.0,4.037,41.4,16.984,10.797,0.026195647557583114,0.23177083333333334,0.024370059067623167,0.00015187758666514788,0.5552654444958042,0.2534881431411198,0.21428571428571427,0.8541666666666666,0.81,0.02598808879263671,37674770.0
1052,Canada,2022-12-10,948.0,19.0,4.037,41.4,16.984,10.797,0.026195647557583114,0.23177083333333334,0.024370059067623167,0.00015187758666514788,0.5552654444958042,0.2534881431411198,0.21428571428571427,0.8541666666666666,0.81,0.02598808879263671,37674770.0
1053,Canada,2022-12-11,806.0,1.0,4.037,41.4,16.984,10.797,0.026195647557583114,0.23177083333333334,0.024370059067623167,0.00015187758666514788,0.5552654444958042,0.2534881431411198,0.21428571428571427,0.8541666666666666,0.81,0.02598808879263671,37674770.0
1054,Canada,2022-12-12,3111.0,80.0,4.037,41.4,16.984,10.797,0.026195647557583114,0.23177083333333334,0.024370059067623167,0.00015187758666514788,0.5552654444958042,0.2534881431411198,0.21428571428571427,0.8541666666666666,0.81,0.02598808879263671,37674770.0
1055,Canada,2022-12-13,1820.0,25.0,4.037,41.4,16.984,10.797,0.026195647557583114,0.23177083333333334,0.024370059067623167,0.00015187758666514788,0.5552654444958042,0.2534881431411198,0.21428571428571427,0.8541666666666666,0.81,0.02598808879263671,37674770.0
1056,Canada,2022-12-14,2337.0,58.0,4.037,41.4,16.984,10.797,0.026195647557583114,0.23177083333333334,0.024370059067623167,0.00015187758666514788,0.5552654444958042,0.2534881431411198,0.21428571428571427,0.8541666666666666,0.81,0.02598808879263671,37674770.0
1057,Canada,2022-12-15,2231.0,124.0,4.037,41.4,16.984,10.797,0.026195647557583114,0.23177083333333334,0.024370059067623167,0.00015187758666514788,0.5552654444958042,0.2534881431411198,0.21428571428571427,0.8541666666666666,0.81,0.02598808879263671,37674770.0
1058,Canada,2022-12-16,1646.0,19.0,4.037,41.4,16.984,10.797,0.026195647557583114,0.23177083333333334,0.024370059067623167,0.00015187758666514788,0.5552654444958042,0.2534881431411198,0.21428571428571427,0.8541666666666666,0.81,0.02598808879263671,37674770.0
1059,Canada,2022-12-17,1035.0,4.0,4.037,41.4,16.984,10.797,0.026195647557583114,0.23177083333333334,0.024370059067623167,0.00015187758666514788,0.5552654444958042,0.2534881431411198,0.21428571428571427,0.8541666666666666,0.81,0.02598808879263671,37674770.0
1060,Canada,2022-12-18,861.0,3.0,4.037,41.4,16.984,10.797,0.026195647557583114,0.23177083333333334,0.024370059067623167,0.00015187758666514788,0.5552654444958042,0.2534881431411198,0.21428571428571427,0.8541666666666666,0.81,0.02598808879263671,37674770.0
1061,Canada,2022-12-19,2486.0,23.0,4.037,41.4,16.984,10.797,0.026195647557583114,0.23177083333333334,0.024370059067623167,0.00015187758666514788,0.5552654444958042,0.2534881431411198,0.21428571428571427,0.8541666666666666,0.81,0.02598808879263671,37674770.0
1062,Canada,2022-12-20,1941.0,29.0,4.037,41.4,16.984,10.797,0.026195647557583114,0.23177083333333334,0.024370059067623167,0.00015187758666514788,0.5552654444958042,0.2534881431411198,0.21428571428571427,0.8541666666666666,0.81,0.02598808879263671,37674770.0
1063,Canada,2022-12-21,2355.0,59.0,4.037,41.4,16.984,10.797,0.026195647557583114,0.23177083333333334,0.024370059067623167,0.00015187758666514788,0.5552654444958042,0.2534881431411198,0.21428571428571427,0.8541666666666666,0.81,0.02598808879263671,37674770.0
1064,Canada,2022-12-22,8861.0,75.0,4.037,41.4,16.984,10.797,0.026195647557583114,0.23177083333333334,0.024370059067623167,0.00015187758666514788,0.5552654444958042,0.2534881431411198,0.21428571428571427,0.8541666666666666,0.81,0.02598808879263671,37674770.0
1065,Canada,2022-12-23,4338.0,146.0,4.037,41.4,16.984,10.797,0.026195647557583114,0.23177083333333334,0.024370059067623167,0.00015187758666514788,0.5552654444958042,0.2534881431411198,0.21428571428571427,0.8541666666666666,0.81,0.02598808879263671,37674770.0
1066,Canada,2022-12-24,0.0,0.0,4.037,41.4,16.984,10.797,0.026195647557583114,0.23177083333333334,0.024370059067623167,0.00015187758666514788,0.5552654444958042,0.2534881431411198,0.21428571428571427,0.8541666666666666,0.81,0.02598808879263671,37674770.0
1067,Canada,2022-12-25,0.0,0.0,4.037,41.4,16.984,10.797,0.026195647557583114,0.23177083333333334,0.024370059067623167,0.00015187758666514788,0.5552654444958042,0.2534881431411198,0.21428571428571427,0.8541666666666666,0.81,0.02598808879263671,37674770.0
1068,Canada,2022-12-26,1712.0,11.0,4.037,41.4,16.984,10.797,0.026195647557583114,0.23177083333333334,0.024370059067623167,0.00015187758666514788,0.5552654444958042,0.2534881431411198,0.21428571428571427,0.8541666666666666,0.81,0.02598808879263671,37674770.0
1069,Canada,2022-12-27,768.0,2.0,4.037,41.4,16.984,10.797,0.026195647557583114,0.23177083333333334,0.024370059067623167,0.00015187758666514788,0.5552654444958042,0.2534881431411198,0.21428571428571427,0.8541666666666666,0.81,0.02598808879263671,37674770.0
1070,Canada,2022-12-28,952.0,16.0,4.037,41.4,16.984,10.797,0.026195647557583114,0.23177083333333334,0.024370059067623167,0.00015187758666514788,0.5552654444958042,0.2534881431411198,0.21428571428571427,0.8541666666666666,0.81,0.02598808879263671,37674770.0
1071,Canada,2022-12-29,1108.0,50.0,4.037,41.4,16.984,10.797,0.026195647557583114,0.23177083333333334,0.024370059067623167,0.00015187758666514788,0.5552654444958042,0.2534881431411198,0.21428571428571427,0.8541666666666666,0.81,0.02598808879263671,37674770.0
1072,Canada,2022-12-30,1981.0,11.0,4.037,41.4,16.984,10.797,0.026195647557583114,0.23177083333333334,0.024370059067623167,0.00015187758666514788,0.5552654444958042,0.2534881431411198,0.21428571428571427,0.8541666666666666,0.81,0.02598808879263671,37674770.0
1073,Canada,2022-12-31,811.0,9.0,4.037,41.4,16.984,10.797,0.026195647557583114,0.23177083333333334,0.024370059067623167,0.00015187758666514788,0.5552654444958042,0.2534881431411198,0.21428571428571427,0.8541666666666666,0.81,0.02598808879263671,37674770.0
1074,Canada,2023-01-01,600.0,2.0,4.037,41.4,16.984,10.797,0.026195647557583114,0.23177083333333334,0.024370059067623167,0.00015187758666514788,0.5552654444958042,0.2534881431411198,0.21428571428571427,0.8541666666666666,0.81,0.02598808879263671,37674770.0
1075,Canada,2023-01-02,457.0,0.0,4.037,41.4,16.984,10.797,0.026195647557583114,0.23177083333333334,0.024370059067623167,0.00015187758666514788,0.5552654444958042,0.2534881431411198,0.21428571428571427,0.8541666666666666,0.81,0.02598808879263671,37674770.0
1076,Canada,2023-01-03,1563.0,2.0,4.037,41.4,16.984,10.797,0.026195647557583114,0.23177083333333334,0.024370059067623167,0.00015187758666514788,0.5552654444958042,0.2534881431411198,0.21428571428571427,0.8541666666666666,0.81,0.02598808879263671,37674770.0
1077,Canada,2023-01-04,1171.0,6.0,4.037,41.4,16.984,10.797,0.026195647557583114,0.23177083333333334,0.024370059067623167,0.00015187758666514788,0.5552654444958042,0.2534881431411198,0.21428571428571427,0.8541666666666666,0.81,0.02598808879263671,37674770.0
1078,Canada,2023-01-05,11357.0,194.0,4.037,41.4,16.984,10.797,0.026195647557583114,0.23177083333333334,0.024370059067623167,0.00015187758666514788,0.5552654444958042,0.2534881431411198,0.21428571428571427,0.8541666666666666,0.81,0.02598808879263671,37674770.0
1079,Canada,2023-01-06,3415.0,83.0,4.037,41.4,16.984,10.797,0.026195647557583114,0.23177083333333334,0.024370059067623167,0.00015187758666514788,0.5552654444958042,0.2534881431411198,0.21428571428571427,0.8541666666666666,0.81,0.02598808879263671,37674770.0
1080,Canada,2023-01-07,752.0,17.0,4.037,41.4,16.984,10.797,0.026195647557583114,0.23177083333333334,0.024370059067623167,0.00015187758666514788,0.5552654444958042,0.2534881431411198,0.21428571428571427,0.8541666666666666,0.81,0.02598808879263671,37674770.0
1081,Canada,2023-01-08,555.0,1.0,4.037,41.4,16.984,10.797,0.026195647557583114,0.23177083333333334,0.024370059067623167,0.00015187758666514788,0.5552654444958042,0.2534881431411198,0.21428571428571427,0.8541666666666666,0.81,0.02598808879263671,37674770.0
1082,Canada,2023-01-09,3967.0,188.0,4.037,41.4,16.984,10.797,0.026195647557583114,0.23177083333333334,0.024370059067623167,0.00015187758666514788,0.5552654444958042,0.2534881431411198,0.21428571428571427,0.8541666666666666,0.81,0.02598808879263671,37674770.0
1083,Canada,2023-01-10,1423.0,29.0,4.037,41.4,16.984,10.797,0.026195647557583114,0.23177083333333334,0.024370059067623167,0.00015187758666514788,0.5552654444958042,0.2534881431411198,0.21428571428571427,0.8541666666666666,0.81,0.02598808879263671,37674770.0
1084,Canada,2023-01-11,1344.0,34.0,4.037,41.4,16.984,10.797,0.026195647557583114,0.23177083333333334,0.024370059067623167,0.00015187758666514788,0.5552654444958042,0.2534881431411198,0.21428571428571427,0.8541666666666666,0.81,0.02598808879263671,37674770.0
1085,Canada,2023-01-12,4723.0,154.0,4.037,41.4,16.984,10.797,0.026195647557583114,0.23177083333333334,0.024370059067623167,0.00015187758666514788,0.5552654444958042,0.2534881431411198,0.21428571428571427,0.8541666666666666,0.81,0.02598808879263671,37674770.0
1086,Canada,2023-01-13,1066.0,12.0,4.037,41.4,16.984,10.797,0.026195647557583114,0.23177083333333334,0.024370059067623167,0.00015187758666514788,0.5552654444958042,0.2534881431411198,0.21428571428571427,0.8541666666666666,0.81,0.02598808879263671,37674770.0
1087,Canada,2023-01-14,513.0,9.0,4.037,41.4,16.984,10.797,0.026195647557583114,0.23177083333333334,0.024370059067623167,0.00015187758666514788,0.5552654444958042,0.2534881431411198,0.21428571428571427,0.8541666666666666,0.81,0.02598808879263671,37674770.0
1088,Canada,2023-01-15,0.0,0.0,4.037,41.4,16.984,10.797,0.026195647557583114,0.23177083333333334,0.024370059067623167,0.00015187758666514788,0.5552654444958042,0.2534881431411198,0.21428571428571427,0.8541666666666666,0.81,0.02598808879263671,37674770.0
1089,Canada,2023-01-16,2745.0,45.0,4.037,41.4,16.984,10.797,0.026195647557583114,0.23177083333333334,0.024370059067623167,0.00015187758666514788,0.5552654444958042,0.2534881431411198,0.21428571428571427,0.8541666666666666,0.81,0.02598808879263671,37674770.0
1090,Canada,2023-01-17,1168.0,18.0,4.037,41.4,16.984,10.797,0.026195647557583114,0.23177083333333334,0.024370059067623167,0.00015187758666514788,0.5552654444958042,0.2534881431411198,0.21428571428571427,0.8541666666666666,0.81,0.02598808879263671,37674770.0
1091,Canada,2023-01-18,1456.0,31.0,4.037,41.4,16.984,10.797,0.026195647557583114,0.23177083333333334,0.024370059067623167,0.00015187758666514788,0.5552654444958042,0.2534881431411198,0.21428571428571427,0.8541666666666666,0.81,0.02598808879263671,37674770.0
1092,Canada,2023-01-19,6230.0,161.0,4.037,41.4,16.984,10.797,0.026195647557583114,0.23177083333333334,0.024370059067623167,0.00015187758666514788,0.5552654444958042,0.2534881431411198,0.21428571428571427,0.8541666666666666,0.81,0.02598808879263671,37674770.0
1093,Canada,2023-01-20,321.0,13.0,4.037,41.4,16.984,10.797,0.026195647557583114,0.23177083333333334,0.024370059067623167,0.00015187758666514788,0.5552654444958042,0.2534881431411198,0.21428571428571427,0.8541666666666666,0.81,0.02598808879263671,37674770.0
1094,Canada,2023-01-21,993.0,11.0,4.037,41.4,16.984,10.797,0.026195647557583114,0.23177083333333334,0.024370059067623167,0.00015187758666514788,0.5552654444958042,0.2534881431411198,0.21428571428571427,0.8541666666666666,0.81,0.02598808879263671,37674770.0
1095,Canada,2023-01-22,318.0,0.0,4.037,41.4,16.984,10.797,0.026195647557583114,0.23177083333333334,0.024370059067623167,0.00015187758666514788,0.5552654444958042,0.2534881431411198,0.21428571428571427,0.8541666666666666,0.81,0.02598808879263671,37674770.0
1096,Canada,2023-01-23,2519.0,55.0,4.037,41.4,16.984,10.797,0.026195647557583114,0.23177083333333334,0.024370059067623167,0.00015187758666514788,0.5552654444958042,0.2534881431411198,0.21428571428571427,0.8541666666666666,0.81,0.02598808879263671,37674770.0
1097,Canada,2023-01-24,1059.0,24.0,4.037,41.4,16.984,10.797,0.026195647557583114,0.23177083333333334,0.024370059067623167,0.00015187758666514788,0.5552654444958042,0.2534881431411198,0.21428571428571427,0.8541666666666666,0.81,0.02598808879263671,37674770.0
1098,Canada,2023-01-25,1169.0,17.0,4.037,41.4,16.984,10.797,0.026195647557583114,0.23177083333333334,0.024370059067623167,0.00015187758666514788,0.5552654444958042,0.2534881431411198,0.21428571428571427,0.8541666666666666,0.81,0.02598808879263671,37674770.0
1099,Canada,2023-01-26,4426.0,135.0,4.037,41.4,16.984,10.797,0.026195647557583114,0.23177083333333334,0.024370059067623167,0.00015187758666514788,0.5552654444958042,0.2534881431411198,0.21428571428571427,0.8541666666666666,0.81,0.02598808879263671,37674770.0
1100,Canada,2023-01-27,627.0,24.0,4.037,41.4,16.984,10.797,0.026195647557583114,0.23177083333333334,0.024370059067623167,0.00015187758666514788,0.5552654444958042,0.2534881431411198,0.21428571428571427,0.8541666666666666,0.81,0.02598808879263671,37674770.0
1101,Canada,2023-01-28,415.0,4.0,4.037,41.4,16.984,10.797,0.026195647557583114,0.23177083333333334,0.024370059067623167,0.00015187758666514788,0.5552654444958042,0.2534881431411198,0.21428571428571427,0.8541666666666666,0.81,0.02598808879263671,37674770.0
1102,Canada,2023-01-29,314.0,0.0,4.037,41.4,16.984,10.797,0.026195647557583114,0.23177083333333334,0.024370059067623167,0.00015187758666514788,0.5552654444958042,0.2534881431411198,0.21428571428571427,0.8541666666666666,0.81,0.02598808879263671,37674770.0
1103,Canada,2023-01-30,1382.0,34.0,4.037,41.4,16.984,10.797,0.026195647557583114,0.23177083333333334,0.024370059067623167,0.00015187758666514788,0.5552654444958042,0.2534881431411198,0.21428571428571427,0.8541666666666666,0.81,0.02598808879263671,37674770.0
1104,Canada,2023-01-31,924.0,20.0,4.037,41.4,16.984,10.797,0.026195647557583114,0.23177083333333334,0.024370059067623167,0.00015187758666514788,0.5552654444958042,0.2534881431411198,0.21428571428571427,0.8541666666666666,0.81,0.02598808879263671,37674770.0
1105,Canada,2023-02-01,1172.0,29.0,4.037,41.4,16.984,10.797,0.026195647557583114,0.23177083333333334,0.024370059067623167,0.00015187758666514788,0.5552654444958042,0.2534881431411198,0.21428571428571427,0.8541666666666666,0.81,0.02598808879263671,37674770.0
1106,Canada,2023-02-02,4303.0,99.0,4.037,41.4,16.984,10.797,0.026195647557583114,0.23177083333333334,0.024370059067623167,0.00015187758666514788,0.5552654444958042,0.2534881431411198,0.21428571428571427,0.8541666666666666,0.81,0.02598808879263671,37674770.0
1107,Canada,2023-02-03,721.0,15.0,4.037,41.4,16.984,10.797,0.026195647557583114,0.23177083333333334,0.024370059067623167,0.00015187758666514788,0.5552654444958042,0.2534881431411198,0.21428571428571427,0.8541666666666666,0.81,0.02598808879263671,37674770.0
1108,Canada,2023-02-04,0.0,0.0,4.037,41.4,16.984,10.797,0.026195647557583114,0.23177083333333334,0.024370059067623167,0.00015187758666514788,0.5552654444958042,0.2534881431411198,0.21428571428571427,0.8541666666666666,0.81,0.02598808879263671,37674770.0
1109,Canada,2023-02-05,0.0,0.0,4.037,41.4,16.984,10.797,0.026195647557583114,0.23177083333333334,0.024370059067623167,0.00015187758666514788,0.5552654444958042,0.2534881431411198,0.21428571428571427,0.8541666666666666,0.81,0.02598808879263671,37674770.0
1110,Canada,2023-02-06,1697.0,67.0,4.037,41.4,16.984,10.797,0.026195647557583114,0.23177083333333334,0.024370059067623167,0.00015187758666514788,0.5552654444958042,0.2534881431411198,0.21428571428571427,0.8541666666666666,0.81,0.02598808879263671,37674770.0
1111,Canada,2023-02-07,1990.0,28.0,4.037,41.4,16.984,10.797,0.026195647557583114,0.23177083333333334,0.024370059067623167,0.00015187758666514788,0.5552654444958042,0.2534881431411198,0.21428571428571427,0.8541666666666666,0.81,0.02598808879263671,37674770.0
1112,Canada,2023-02-08,1155.0,28.0,4.037,41.4,16.984,10.797,0.026195647557583114,0.23177083333333334,0.024370059067623167,0.00015187758666514788,0.5552654444958042,0.2534881431411198,0.21428571428571427,0.8541666666666666,0.81,0.02598808879263671,37674770.0
1113,Canada,2023-02-09,3154.0,77.0,4.037,41.4,16.984,10.797,0.026195647557583114,0.23177083333333334,0.024370059067623167,0.00015187758666514788,0.5552654444958042,0.2534881431411198,0.21428571428571427,0.8541666666666666,0.81,0.02598808879263671,37674770.0
1114,Canada,2023-02-10,831.0,13.0,4.037,41.4,16.984,10.797,0.026195647557583114,0.23177083333333334,0.024370059067623167,0.00015187758666514788,0.5552654444958042,0.2534881431411198,0.21428571428571427,0.8541666666666666,0.81,0.02598808879263671,37674770.0
1115,Canada,2023-02-11,494.0,2.0,4.037,41.4,16.984,10.797,0.026195647557583114,0.23177083333333334,0.024370059067623167,0.00015187758666514788,0.5552654444958042,0.2534881431411198,0.21428571428571427,0.8541666666666666,0.81,0.02598808879263671,37674770.0
1116,Canada,2023-02-12,414.0,0.0,4.037,41.4,16.984,10.797,0.026195647557583114,0.23177083333333334,0.024370059067623167,0.00015187758666514788,0.5552654444958042,0.2534881431411198,0.21428571428571427,0.8541666666666666,0.81,0.02598808879263671,37674770.0
1117,Canada,2023-02-13,1528.0,68.0,4.037,41.4,16.984,10.797,0.026195647557583114,0.23177083333333334,0.024370059067623167,0.00015187758666514788,0.5552654444958042,0.2534881431411198,0.21428571428571427,0.8541666666666666,0.81,0.02598808879263671,37674770.0
1118,Canada,2023-02-14,957.0,11.0,4.037,41.4,16.984,10.797,0.026195647557583114,0.23177083333333334,0.024370059067623167,0.00015187758666514788,0.5552654444958042,0.2534881431411198,0.21428571428571427,0.8541666666666666,0.81,0.02598808879263671,37674770.0
1119,Canada,2023-02-15,999.0,33.0,4.037,41.4,16.984,10.797,0.026195647557583114,0.23177083333333334,0.024370059067623167,0.00015187758666514788,0.5552654444958042,0.2534881431411198,0.21428571428571427,0.8541666666666666,0.81,0.02598808879263671,37674770.0
1120,Canada,2023-02-16,6040.0,88.0,4.037,41.4,16.984,10.797,0.026195647557583114,0.23177083333333334,0.024370059067623167,0.00015187758666514788,0.5552654444958042,0.2534881431411198,0.21428571428571427,0.8541666666666666,0.81,0.02598808879263671,37674770.0
1121,Canada,2023-02-17,826.0,6.0,4.037,41.4,16.984,10.797,0.026195647557583114,0.23177083333333334,0.024370059067623167,0.00015187758666514788,0.5552654444958042,0.2534881431411198,0.21428571428571427,0.8541666666666666,0.81,0.02598808879263671,37674770.0
1122,Canada,2023-02-18,413.0,9.0,4.037,41.4,16.984,10.797,0.026195647557583114,0.23177083333333334,0.024370059067623167,0.00015187758666514788,0.5552654444958042,0.2534881431411198,0.21428571428571427,0.8541666666666666,0.81,0.02598808879263671,37674770.0
1123,Canada,2023-02-19,394.0,0.0,4.037,41.4,16.984,10.797,0.026195647557583114,0.23177083333333334,0.024370059067623167,0.00015187758666514788,0.5552654444958042,0.2534881431411198,0.21428571428571427,0.8541666666666666,0.81,0.02598808879263671,37674770.0
1124,Canada,2023-02-20,1927.0,84.0,4.037,41.4,16.984,10.797,0.026195647557583114,0.23177083333333334,0.024370059067623167,0.00015187758666514788,0.5552654444958042,0.2534881431411198,0.21428571428571427,0.8541666666666666,0.81,0.02598808879263671,37674770.0
1125,Canada,2023-02-21,796.0,10.0,4.037,41.4,16.984,10.797,0.026195647557583114,0.23177083333333334,0.024370059067623167,0.00015187758666514788,0.5552654444958042,0.2534881431411198,0.21428571428571427,0.8541666666666666,0.81,0.02598808879263671,37674770.0
1126,Canada,2023-02-22,1117.0,25.0,4.037,41.4,16.984,10.797,0.026195647557583114,0.23177083333333334,0.024370059067623167,0.00015187758666514788,0.5552654444958042,0.2534881431411198,0.21428571428571427,0.8541666666666666,0.81,0.02598808879263671,37674770.0
1127,Canada,2023-02-23,4292.0,105.0,4.037,41.4,16.984,10.797,0.026195647557583114,0.23177083333333334,0.024370059067623167,0.00015187758666514788,0.5552654444958042,0.2534881431411198,0.21428571428571427,0.8541666666666666,0.81,0.02598808879263671,37674770.0
1128,Canada,2023-02-24,730.0,10.0,4.037,41.4,16.984,10.797,0.026195647557583114,0.23177083333333334,0.024370059067623167,0.00015187758666514788,0.5552654444958042,0.2534881431411198,0.21428571428571427,0.8541666666666666,0.81,0.02598808879263671,37674770.0
1129,Canada,2023-02-25,449.0,7.0,4.037,41.4,16.984,10.797,0.026195647557583114,0.23177083333333334,0.024370059067623167,0.00015187758666514788,0.5552654444958042,0.2534881431411198,0.21428571428571427,0.8541666666666666,0.81,0.02598808879263671,37674770.0
1130,Canada,2023-02-26,327.0,0.0,4.037,41.4,16.984,10.797,0.026195647557583114,0.23177083333333334,0.024370059067623167,0.00015187758666514788,0.5552654444958042,0.2534881431411198,0.21428571428571427,0.8541666666666666,0.81,0.02598808879263671,37674770.0
1131,Canada,2023-02-27,1190.0,22.0,4.037,41.4,16.984,10.797,0.026195647557583114,0.23177083333333334,0.024370059067623167,0.00015187758666514788,0.5552654444958042,0.2534881431411198,0.21428571428571427,0.8541666666666666,0.81,0.02598808879263671,37674770.0
1132,Canada,2023-02-28,776.0,8.0,4.037,41.4,16.984,10.797,0.026195647557583114,0.23177083333333334,0.024370059067623167,0.00015187758666514788,0.5552654444958042,0.2534881431411198,0.21428571428571427,0.8541666666666666,0.81,0.02598808879263671,37674770.0
1133,Canada,2023-03-01,989.0,50.0,4.037,41.4,16.984,10.797,0.026195647557583114,0.23177083333333334,0.024370059067623167,0.00015187758666514788,0.5552654444958042,0.2534881431411198,0.21428571428571427,0.8541666666666666,0.81,0.02598808879263671,37674770.0
1134,Canada,2023-03-02,4661.0,81.0,4.037,41.4,16.984,10.797,0.026195647557583114,0.23177083333333334,0.024370059067623167,0.00015187758666514788,0.5552654444958042,0.2534881431411198,0.21428571428571427,0.8541666666666666,0.81,0.02598808879263671,37674770.0
1135,Canada,2023-03-03,586.0,12.0,4.037,41.4,16.984,10.797,0.026195647557583114,0.23177083333333334,0.024370059067623167,0.00015187758666514788,0.5552654444958042,0.2534881431411198,0.21428571428571427,0.8541666666666666,0.81,0.02598808879263671,37674770.0
1136,Canada,2023-03-04,416.0,7.0,4.037,41.4,16.984,10.797,0.026195647557583114,0.23177083333333334,0.024370059067623167,0.00015187758666514788,0.5552654444958042,0.2534881431411198,0.21428571428571427,0.8541666666666666,0.81,0.02598808879263671,37674770.0
1137,Canada,2023-03-05,293.0,0.0,4.037,41.4,16.984,10.797,0.026195647557583114,0.23177083333333334,0.024370059067623167,0.00015187758666514788,0.5552654444958042,0.2534881431411198,0.21428571428571427,0.8541666666666666,0.81,0.02598808879263671,37674770.0
1138,Canada,2023-03-06,1677.0,37.0,4.037,41.4,16.984,10.797,0.026195647557583114,0.23177083333333334,0.024370059067623167,0.00015187758666514788,0.5552654444958042,0.2534881431411198,0.21428571428571427,0.8541666666666666,0.81,0.02598808879263671,37674770.0
1139,Canada,2023-03-07,791.0,13.0,4.037,41.4,16.984,10.797,0.026195647557583114,0.23177083333333334,0.024370059067623167,0.00015187758666514788,0.5552654444958042,0.2534881431411198,0.21428571428571427,0.8541666666666666,0.81,0.02598808879263671,37674770.0
