,country,date,confirmed,fatalities,population_density,median_age,aged_65_older,aged_70_older,population,yearly_change,net_change,density,land_area,migrants,rert_rate,med_age,urban_pop,world_share,r_population
0,France,2020-01-24,2.0,0.0,122.578,42.0,19.718,13.079,0.045365247886413614,0.05729166666666667,0.010582682344136674,0.004518358203288149,0.03343477721933434,0.038255938902771874,0.2714285714285714,0.875,0.82,0.045479155387114244,65244628.0
1,France,2020-01-25,1.0,0.0,122.578,42.0,19.718,13.079,0.045365247886413614,0.05729166666666667,0.010582682344136674,0.004518358203288149,0.03343477721933434,0.038255938902771874,0.2714285714285714,0.875,0.82,0.045479155387114244,65244628.0
2,France,2020-01-26,0.0,0.0,122.578,42.0,19.718,13.079,0.045365247886413614,0.05729166666666667,0.010582682344136674,0.004518358203288149,0.03343477721933434,0.038255938902771874,0.2714285714285714,0.875,0.82,0.045479155387114244,65244628.0
3,France,2020-01-27,0.0,0.0,122.578,42.0,19.718,13.079,0.045365247886413614,0.05729166666666667,0.010582682344136674,0.004518358203288149,0.03343477721933434,0.038255938902771874,0.2714285714285714,0.875,0.82,0.045479155387114244,65244628.0
4,France,2020-01-28,1.0,0.0,122.578,42.0,19.718,13.079,0.045365247886413614,0.05729166666666667,0.010582682344136674,0.004518358203288149,0.03343477721933434,0.038255938902771874,0.2714285714285714,0.875,0.82,0.045479155387114244,65244628.0
5,France,2020-01-29,1.0,0.0,122.578,42.0,19.718,13.079,0.045365247886413614,0.05729166666666667,0.010582682344136674,0.004518358203288149,0.03343477721933434,0.038255938902771874,0.2714285714285714,0.875,0.82,0.045479155387114244,65244628.0
6,France,2020-01-30,0.0,0.0,122.578,42.0,19.718,13.079,0.045365247886413614,0.05729166666666667,0.010582682344136674,0.004518358203288149,0.03343477721933434,0.038255938902771874,0.2714285714285714,0.875,0.82,0.045479155387114244,65244628.0
7,France,2020-01-31,0.0,0.0,122.578,42.0,19.718,13.079,0.045365247886413614,0.05729166666666667,0.010582682344136674,0.004518358203288149,0.03343477721933434,0.038255938902771874,0.2714285714285714,0.875,0.82,0.045479155387114244,65244628.0
8,France,2020-02-01,1.0,0.0,122.578,42.0,19.718,13.079,0.045365247886413614,0.05729166666666667,0.010582682344136674,0.004518358203288149,0.03343477721933434,0.038255938902771874,0.2714285714285714,0.875,0.82,0.045479155387114244,65244628.0
9,France,2020-02-02,0.0,0.0,122.578,42.0,19.718,13.079,0.045365247886413614,0.05729166666666667,0.010582682344136674,0.004518358203288149,0.03343477721933434,0.038255938902771874,0.2714285714285714,0.875,0.82,0.045479155387114244,65244628.0
10,France,2020-02-03,0.0,0.0,122.578,42.0,19.718,13.079,0.045365247886413614,0.05729166666666667,0.010582682344136674,0.004518358203288149,0.03343477721933434,0.038255938902771874,0.2714285714285714,0.875,0.82,0.045479155387114244,65244628.0
11,France,2020-02-04,0.0,0.0,122.578,42.0,19.718,13.079,0.045365247886413614,0.05729166666666667,0.010582682344136674,0.004518358203288149,0.03343477721933434,0.038255938902771874,0.2714285714285714,0.875,0.82,0.045479155387114244,65244628.0
12,France,2020-02-05,0.0,0.0,122.578,42.0,19.718,13.079,0.045365247886413614,0.05729166666666667,0.010582682344136674,0.004518358203288149,0.03343477721933434,0.038255938902771874,0.2714285714285714,0.875,0.82,0.045479155387114244,65244628.0
13,France,2020-02-06,0.0,0.0,122.578,42.0,19.718,13.079,0.045365247886413614,0.05729166666666667,0.010582682344136674,0.004518358203288149,0.03343477721933434,0.038255938902771874,0.2714285714285714,0.875,0.82,0.045479155387114244,65244628.0
14,France,2020-02-07,0.0,0.0,122.578,42.0,19.718,13.079,0.045365247886413614,0.05729166666666667,0.010582682344136674,0.004518358203288149,0.03343477721933434,0.038255938902771874,0.2714285714285714,0.875,0.82,0.045479155387114244,65244628.0
15,France,2020-02-08,5.0,0.0,122.578,42.0,19.718,13.079,0.045365247886413614,0.05729166666666667,0.010582682344136674,0.004518358203288149,0.03343477721933434,0.038255938902771874,0.2714285714285714,0.875,0.82,0.045479155387114244,65244628.0
16,France,2020-02-09,0.0,0.0,122.578,42.0,19.718,13.079,0.045365247886413614,0.05729166666666667,0.010582682344136674,0.004518358203288149,0.03343477721933434,0.038255938902771874,0.2714285714285714,0.875,0.82,0.045479155387114244,65244628.0
17,France,2020-02-10,0.0,0.0,122.578,42.0,19.718,13.079,0.045365247886413614,0.05729166666666667,0.010582682344136674,0.004518358203288149,0.03343477721933434,0.038255938902771874,0.2714285714285714,0.875,0.82,0.045479155387114244,65244628.0
18,France,2020-02-11,0.0,0.0,122.578,42.0,19.718,13.079,0.045365247886413614,0.05729166666666667,0.010582682344136674,0.004518358203288149,0.03343477721933434,0.038255938902771874,0.2714285714285714,0.875,0.82,0.045479155387114244,65244628.0
19,France,2020-02-12,0.0,0.0,122.578,42.0,19.718,13.079,0.045365247886413614,0.05729166666666667,0.010582682344136674,0.004518358203288149,0.03343477721933434,0.038255938902771874,0.2714285714285714,0.875,0.82,0.045479155387114244,65244628.0
20,France,2020-02-13,0.0,0.0,122.578,42.0,19.718,13.079,0.045365247886413614,0.05729166666666667,0.010582682344136674,0.004518358203288149,0.03343477721933434,0.038255938902771874,0.2714285714285714,0.875,0.82,0.045479155387114244,65244628.0
21,France,2020-02-14,0.0,0.0,122.578,42.0,19.718,13.079,0.045365247886413614,0.05729166666666667,0.010582682344136674,0.004518358203288149,0.03343477721933434,0.038255938902771874,0.2714285714285714,0.875,0.82,0.045479155387114244,65244628.0
22,France,2020-02-15,1.0,1.0,122.578,42.0,19.718,13.079,0.045365247886413614,0.05729166666666667,0.010582682344136674,0.004518358203288149,0.03343477721933434,0.038255938902771874,0.2714285714285714,0.875,0.82,0.045479155387114244,65244628.0
23,France,2020-02-16,0.0,0.0,122.578,42.0,19.718,13.079,0.045365247886413614,0.05729166666666667,0.010582682344136674,0.004518358203288149,0.03343477721933434,0.038255938902771874,0.2714285714285714,0.875,0.82,0.045479155387114244,65244628.0
24,France,2020-02-17,0.0,0.0,122.578,42.0,19.718,13.079,0.045365247886413614,0.05729166666666667,0.010582682344136674,0.004518358203288149,0.03343477721933434,0.038255938902771874,0.2714285714285714,0.875,0.82,0.045479155387114244,65244628.0
25,France,2020-02-18,0.0,0.0,122.578,42.0,19.718,13.079,0.045365247886413614,0.05729166666666667,0.010582682344136674,0.004518358203288149,0.03343477721933434,0.038255938902771874,0.2714285714285714,0.875,0.82,0.045479155387114244,65244628.0
26,France,2020-02-19,0.0,0.0,122.578,42.0,19.718,13.079,0.045365247886413614,0.05729166666666667,0.010582682344136674,0.004518358203288149,0.03343477721933434,0.038255938902771874,0.2714285714285714,0.875,0.82,0.045479155387114244,65244628.0
27,France,2020-02-20,0.0,0.0,122.578,42.0,19.718,13.079,0.045365247886413614,0.05729166666666667,0.010582682344136674,0.004518358203288149,0.03343477721933434,0.038255938902771874,0.2714285714285714,0.875,0.82,0.045479155387114244,65244628.0
28,France,2020-02-21,0.0,0.0,122.578,42.0,19.718,13.079,0.045365247886413614,0.05729166666666667,0.010582682344136674,0.004518358203288149,0.03343477721933434,0.038255938902771874,0.2714285714285714,0.875,0.82,0.045479155387114244,65244628.0
29,France,2020-02-22,0.0,0.0,122.578,42.0,19.718,13.079,0.045365247886413614,0.05729166666666667,0.010582682344136674,0.004518358203288149,0.03343477721933434,0.038255938902771874,0.2714285714285714,0.875,0.82,0.045479155387114244,65244628.0
30,France,2020-02-23,0.0,0.0,122.578,42.0,19.718,13.079,0.045365247886413614,0.05729166666666667,0.010582682344136674,0.004518358203288149,0.03343477721933434,0.038255938902771874,0.2714285714285714,0.875,0.82,0.045479155387114244,65244628.0
31,France,2020-02-24,0.0,0.0,122.578,42.0,19.718,13.079,0.045365247886413614,0.05729166666666667,0.010582682344136674,0.004518358203288149,0.03343477721933434,0.038255938902771874,0.2714285714285714,0.875,0.82,0.045479155387114244,65244628.0
32,France,2020-02-25,2.0,0.0,122.578,42.0,19.718,13.079,0.045365247886413614,0.05729166666666667,0.010582682344136674,0.004518358203288149,0.03343477721933434,0.038255938902771874,0.2714285714285714,0.875,0.82,0.045479155387114244,65244628.0
33,France,2020-02-26,4.0,1.0,122.578,42.0,19.718,13.079,0.045365247886413614,0.05729166666666667,0.010582682344136674,0.004518358203288149,0.03343477721933434,0.038255938902771874,0.2714285714285714,0.875,0.82,0.045479155387114244,65244628.0
34,France,2020-02-27,20.0,0.0,122.578,42.0,19.718,13.079,0.045365247886413614,0.05729166666666667,0.010582682344136674,0.004518358203288149,0.03343477721933434,0.038255938902771874,0.2714285714285714,0.875,0.82,0.045479155387114244,65244628.0
35,France,2020-02-28,19.0,0.0,122.578,42.0,19.718,13.079,0.045365247886413614,0.05729166666666667,0.010582682344136674,0.004518358203288149,0.03343477721933434,0.038255938902771874,0.2714285714285714,0.875,0.82,0.045479155387114244,65244628.0
36,France,2020-02-29,43.0,0.0,122.578,42.0,19.718,13.079,0.045365247886413614,0.05729166666666667,0.010582682344136674,0.004518358203288149,0.03343477721933434,0.038255938902771874,0.2714285714285714,0.875,0.82,0.045479155387114244,65244628.0
37,France,2020-03-01,30.0,0.0,122.578,42.0,19.718,13.079,0.045365247886413614,0.05729166666666667,0.010582682344136674,0.004518358203288149,0.03343477721933434,0.038255938902771874,0.2714285714285714,0.875,0.82,0.045479155387114244,65244628.0
38,France,2020-03-02,61.0,1.0,122.578,42.0,19.718,13.079,0.045365247886413614,0.05729166666666667,0.010582682344136674,0.004518358203288149,0.03343477721933434,0.038255938902771874,0.2714285714285714,0.875,0.82,0.045479155387114244,65244628.0
39,France,2020-03-03,21.0,1.0,122.578,42.0,19.718,13.079,0.045365247886413614,0.05729166666666667,0.010582682344136674,0.004518358203288149,0.03343477721933434,0.038255938902771874,0.2714285714285714,0.875,0.82,0.045479155387114244,65244628.0
40,France,2020-03-04,76.0,0.0,122.578,42.0,19.718,13.079,0.045365247886413614,0.05729166666666667,0.010582682344136674,0.004518358203288149,0.03343477721933434,0.038255938902771874,0.2714285714285714,0.875,0.82,0.045479155387114244,65244628.0
41,France,2020-03-05,138.0,3.0,122.578,42.0,19.718,13.079,0.045365247886413614,0.05729166666666667,0.010582682344136674,0.004518358203288149,0.03343477721933434,0.038255938902771874,0.2714285714285714,0.875,0.82,0.045479155387114244,65244628.0
42,France,2020-03-06,190.0,2.0,122.578,42.0,19.718,13.079,0.045365247886413614,0.05729166666666667,0.010582682344136674,0.004518358203288149,0.03343477721933434,0.038255938902771874,0.2714285714285714,0.875,0.82,0.045479155387114244,65244628.0
43,France,2020-03-07,332.0,7.0,122.578,42.0,19.718,13.079,0.045365247886413614,0.05729166666666667,0.010582682344136674,0.004518358203288149,0.03343477721933434,0.038255938902771874,0.2714285714285714,0.875,0.82,0.045479155387114244,65244628.0
44,France,2020-03-08,177.0,3.0,122.578,42.0,19.718,13.079,0.045365247886413614,0.05729166666666667,0.010582682344136674,0.004518358203288149,0.03343477721933434,0.038255938902771874,0.2714285714285714,0.875,0.82,0.045479155387114244,65244628.0
45,France,2020-03-09,286.0,6.0,122.578,42.0,19.718,13.079,0.045365247886413614,0.05729166666666667,0.010582682344136674,0.004518358203288149,0.03343477721933434,0.038255938902771874,0.2714285714285714,0.875,0.82,0.045479155387114244,65244628.0
46,France,2020-03-10,372.0,8.0,122.578,42.0,19.718,13.079,0.045365247886413614,0.05729166666666667,0.010582682344136674,0.004518358203288149,0.03343477721933434,0.038255938902771874,0.2714285714285714,0.875,0.82,0.045479155387114244,65244628.0
47,France,2020-03-11,510.0,15.0,122.578,42.0,19.718,13.079,0.045365247886413614,0.05729166666666667,0.010582682344136674,0.004518358203288149,0.03343477721933434,0.038255938902771874,0.2714285714285714,0.875,0.82,0.045479155387114244,65244628.0
48,France,2020-03-12,0.0,0.0,122.578,42.0,19.718,13.079,0.045365247886413614,0.05729166666666667,0.010582682344136674,0.004518358203288149,0.03343477721933434,0.038255938902771874,0.2714285714285714,0.875,0.82,0.045479155387114244,65244628.0
49,France,2020-03-13,1385.0,31.0,122.578,42.0,19.718,13.079,0.045365247886413614,0.05729166666666667,0.010582682344136674,0.004518358203288149,0.03343477721933434,0.038255938902771874,0.2714285714285714,0.875,0.82,0.045479155387114244,65244628.0
50,France,2020-03-14,815.0,12.0,122.578,42.0,19.718,13.079,0.045365247886413614,0.05729166666666667,0.010582682344136674,0.004518358203288149,0.03343477721933434,0.038255938902771874,0.2714285714285714,0.875,0.82,0.045479155387114244,65244628.0
51,France,2020-03-15,36.0,0.0,122.578,42.0,19.718,13.079,0.045365247886413614,0.05729166666666667,0.010582682344136674,0.004518358203288149,0.03343477721933434,0.038255938902771874,0.2714285714285714,0.875,0.82,0.045479155387114244,65244628.0
52,France,2020-03-16,2151.0,58.0,122.578,42.0,19.718,13.079,0.045365247886413614,0.05729166666666667,0.010582682344136674,0.004518358203288149,0.03343477721933434,0.038255938902771874,0.2714285714285714,0.875,0.82,0.045479155387114244,65244628.0
53,France,2020-03-17,1032.0,0.0,122.578,42.0,19.718,13.079,0.045365247886413614,0.05729166666666667,0.010582682344136674,0.004518358203288149,0.03343477721933434,0.038255938902771874,0.2714285714285714,0.875,0.82,0.045479155387114244,65244628.0
54,France,2020-03-18,1409.0,0.0,122.578,42.0,19.718,13.079,0.045365247886413614,0.05729166666666667,0.010582682344136674,0.004518358203288149,0.03343477721933434,0.038255938902771874,0.2714285714285714,0.875,0.82,0.045479155387114244,65244628.0
55,France,2020-03-19,1841.0,95.0,122.578,42.0,19.718,13.079,0.045365247886413614,0.05729166666666667,0.010582682344136674,0.004518358203288149,0.03343477721933434,0.038255938902771874,0.2714285714285714,0.875,0.82,0.045479155387114244,65244628.0
56,France,2020-03-20,1783.0,207.0,122.578,42.0,19.718,13.079,0.045365247886413614,0.05729166666666667,0.010582682344136674,0.004518358203288149,0.03343477721933434,0.038255938902771874,0.2714285714285714,0.875,0.82,0.045479155387114244,65244628.0
57,France,2020-03-21,1699.0,112.0,122.578,42.0,19.718,13.079,0.045365247886413614,0.05729166666666667,0.010582682344136674,0.004518358203288149,0.03343477721933434,0.038255938902771874,0.2714285714285714,0.875,0.82,0.045479155387114244,65244628.0
58,France,2020-03-22,2295.0,113.0,122.578,42.0,19.718,13.079,0.045365247886413614,0.05729166666666667,0.010582682344136674,0.004518358203288149,0.03343477721933434,0.038255938902771874,0.2714285714285714,0.875,0.82,0.045479155387114244,65244628.0
59,France,2020-03-23,3355.0,186.0,122.578,42.0,19.718,13.079,0.045365247886413614,0.05729166666666667,0.010582682344136674,0.004518358203288149,0.03343477721933434,0.038255938902771874,0.2714285714285714,0.875,0.82,0.045479155387114244,65244628.0
60,France,2020-03-24,2243.0,240.0,122.578,42.0,19.718,13.079,0.045365247886413614,0.05729166666666667,0.010582682344136674,0.004518358203288149,0.03343477721933434,0.038255938902771874,0.2714285714285714,0.875,0.82,0.045479155387114244,65244628.0
61,France,2020-03-25,2955.0,231.0,122.578,42.0,19.718,13.079,0.045365247886413614,0.05729166666666667,0.010582682344136674,0.004518358203288149,0.03343477721933434,0.038255938902771874,0.2714285714285714,0.875,0.82,0.045479155387114244,65244628.0
62,France,2020-03-26,3916.0,364.0,122.578,42.0,19.718,13.079,0.045365247886413614,0.05729166666666667,0.010582682344136674,0.004518358203288149,0.03343477721933434,0.038255938902771874,0.2714285714285714,0.875,0.82,0.045479155387114244,65244628.0
63,France,2020-03-27,3792.0,299.0,122.578,42.0,19.718,13.079,0.045365247886413614,0.05729166666666667,0.010582682344136674,0.004518358203288149,0.03343477721933434,0.038255938902771874,0.2714285714285714,0.875,0.82,0.045479155387114244,65244628.0
64,France,2020-03-28,4648.0,318.0,122.578,42.0,19.718,13.079,0.045365247886413614,0.05729166666666667,0.010582682344136674,0.004518358203288149,0.03343477721933434,0.038255938902771874,0.2714285714285714,0.875,0.82,0.045479155387114244,65244628.0
65,France,2020-03-29,2603.0,294.0,122.578,42.0,19.718,13.079,0.045365247886413614,0.05729166666666667,0.010582682344136674,0.004518358203288149,0.03343477721933434,0.038255938902771874,0.2714285714285714,0.875,0.82,0.045479155387114244,65244628.0
66,France,2020-03-30,4343.0,417.0,122.578,42.0,19.718,13.079,0.045365247886413614,0.05729166666666667,0.010582682344136674,0.004518358203288149,0.03343477721933434,0.038255938902771874,0.2714285714285714,0.875,0.82,0.045479155387114244,65244628.0
67,France,2020-03-31,7635.0,501.0,122.578,42.0,19.718,13.079,0.045365247886413614,0.05729166666666667,0.010582682344136674,0.004518358203288149,0.03343477721933434,0.038255938902771874,0.2714285714285714,0.875,0.82,0.045479155387114244,65244628.0
68,France,2020-04-01,4843.0,1253.0,122.578,42.0,19.718,13.079,0.045365247886413614,0.05729166666666667,0.010582682344136674,0.004518358203288149,0.03343477721933434,0.038255938902771874,0.2714285714285714,0.875,0.82,0.045479155387114244,65244628.0
69,France,2020-04-02,2100.0,609.0,122.578,42.0,19.718,13.079,0.045365247886413614,0.05729166666666667,0.010582682344136674,0.004518358203288149,0.03343477721933434,0.038255938902771874,0.2714285714285714,0.875,0.82,0.045479155387114244,65244628.0
70,France,2020-04-03,5223.0,1122.0,122.578,42.0,19.718,13.079,0.045365247886413614,0.05729166666666667,0.010582682344136674,0.004518358203288149,0.03343477721933434,0.038255938902771874,0.2714285714285714,0.875,0.82,0.045479155387114244,65244628.0
71,France,2020-04-04,0.0,1052.0,122.578,42.0,19.718,13.079,0.045365247886413614,0.05729166666666667,0.010582682344136674,0.004518358203288149,0.03343477721933434,0.038255938902771874,0.2714285714285714,0.875,0.82,0.045479155387114244,65244628.0
72,France,2020-04-05,846.0,519.0,122.578,42.0,19.718,13.079,0.045365247886413614,0.05729166666666667,0.010582682344136674,0.004518358203288149,0.03343477721933434,0.038255938902771874,0.2714285714285714,0.875,0.82,0.045479155387114244,65244628.0
73,France,2020-04-06,2658.0,833.0,122.578,42.0,19.718,13.079,0.045365247886413614,0.05729166666666667,0.010582682344136674,0.004518358203288149,0.03343477721933434,0.038255938902771874,0.2714285714285714,0.875,0.82,0.045479155387114244,65244628.0
74,France,2020-04-07,0.0,1416.0,122.578,42.0,19.718,13.079,0.045365247886413614,0.05729166666666667,0.010582682344136674,0.004518358203288149,0.03343477721933434,0.038255938902771874,0.2714285714285714,0.875,0.82,0.045479155387114244,65244628.0
75,France,2020-04-08,3851.0,544.0,122.578,42.0,19.718,13.079,0.045365247886413614,0.05729166666666667,0.010582682344136674,0.004518358203288149,0.03343477721933434,0.038255938902771874,0.2714285714285714,0.875,0.82,0.045479155387114244,65244628.0
76,France,2020-04-09,3784.0,1340.0,122.578,42.0,19.718,13.079,0.045365247886413614,0.05729166666666667,0.010582682344136674,0.004518358203288149,0.03343477721933434,0.038255938902771874,0.2714285714285714,0.875,0.82,0.045479155387114244,65244628.0
77,France,2020-04-10,1566.0,985.0,122.578,42.0,19.718,13.079,0.045365247886413614,0.05729166666666667,0.010582682344136674,0.004518358203288149,0.03343477721933434,0.038255938902771874,0.2714285714285714,0.875,0.82,0.045479155387114244,65244628.0
78,France,2020-04-11,1445.0,636.0,122.578,42.0,19.718,13.079,0.045365247886413614,0.05729166666666667,0.010582682344136674,0.004518358203288149,0.03343477721933434,0.038255938902771874,0.2714285714285714,0.875,0.82,0.045479155387114244,65244628.0
79,France,2020-04-12,50745.0,561.0,122.578,42.0,19.718,13.079,0.045365247886413614,0.05729166666666667,0.010582682344136674,0.004518358203288149,0.03343477721933434,0.038255938902771874,0.2714285714285714,0.875,0.82,0.045479155387114244,65244628.0
80,France,2020-04-13,3139.0,573.0,122.578,42.0,19.718,13.079,0.045365247886413614,0.05729166666666667,0.010582682344136674,0.004518358203288149,0.03343477721933434,0.038255938902771874,0.2714285714285714,0.875,0.82,0.045479155387114244,65244628.0
81,France,2020-04-14,17448.0,743.0,122.578,42.0,19.718,13.079,0.045365247886413614,0.05729166666666667,0.010582682344136674,0.004518358203288149,0.03343477721933434,0.038255938902771874,0.2714285714285714,0.875,0.82,0.045479155387114244,65244628.0
82,France,2020-04-15,3207.0,1438.0,122.578,42.0,19.718,13.079,0.045365247886413614,0.05729166666666667,0.010582682344136674,0.004518358203288149,0.03343477721933434,0.038255938902771874,0.2714285714285714,0.875,0.82,0.045479155387114244,65244628.0
83,France,2020-04-16,12578.0,753.0,122.578,42.0,19.718,13.079,0.045365247886413614,0.05729166666666667,0.010582682344136674,0.004518358203288149,0.03343477721933434,0.038255938902771874,0.2714285714285714,0.875,0.82,0.045479155387114244,65244628.0
84,France,2020-04-17,1891.0,761.0,122.578,42.0,19.718,13.079,0.045365247886413614,0.05729166666666667,0.010582682344136674,0.004518358203288149,0.03343477721933434,0.038255938902771874,0.2714285714285714,0.875,0.82,0.045479155387114244,65244628.0
85,France,2020-04-18,3804.0,641.0,122.578,42.0,19.718,13.079,0.045365247886413614,0.05729166666666667,0.010582682344136674,0.004518358203288149,0.03343477721933434,0.038255938902771874,0.2714285714285714,0.875,0.82,0.045479155387114244,65244628.0
86,France,2020-04-19,1094.0,389.0,122.578,42.0,19.718,13.079,0.045365247886413614,0.05729166666666667,0.010582682344136674,0.004518358203288149,0.03343477721933434,0.038255938902771874,0.2714285714285714,0.875,0.82,0.045479155387114244,65244628.0
87,France,2020-04-20,2446.0,547.0,122.578,42.0,19.718,13.079,0.045365247886413614,0.05729166666666667,0.010582682344136674,0.004518358203288149,0.03343477721933434,0.038255938902771874,0.2714285714285714,0.875,0.82,0.045479155387114244,65244628.0
88,France,2020-04-21,2666.0,528.0,122.578,42.0,19.718,13.079,0.045365247886413614,0.05729166666666667,0.010582682344136674,0.004518358203288149,0.03343477721933434,0.038255938902771874,0.2714285714285714,0.875,0.82,0.045479155387114244,65244628.0
89,France,2020-04-22,1798.0,544.0,122.578,42.0,19.718,13.079,0.045365247886413614,0.05729166666666667,0.010582682344136674,0.004518358203288149,0.03343477721933434,0.038255938902771874,0.2714285714285714,0.875,0.82,0.045479155387114244,65244628.0
90,France,2020-04-23,0.0,516.0,122.578,42.0,19.718,13.079,0.045365247886413614,0.05729166666666667,0.010582682344136674,0.004518358203288149,0.03343477721933434,0.038255938902771874,0.2714285714285714,0.875,0.82,0.045479155387114244,65244628.0
91,France,2020-04-24,2811.0,389.0,122.578,42.0,19.718,13.079,0.045365247886413614,0.05729166666666667,0.010582682344136674,0.004518358203288149,0.03343477721933434,0.038255938902771874,0.2714285714285714,0.875,0.82,0.045479155387114244,65244628.0
92,France,2020-04-25,1678.0,369.0,122.578,42.0,19.718,13.079,0.045365247886413614,0.05729166666666667,0.010582682344136674,0.004518358203288149,0.03343477721933434,0.038255938902771874,0.2714285714285714,0.875,0.82,0.045479155387114244,65244628.0
93,France,2020-04-26,633.0,243.0,122.578,42.0,19.718,13.079,0.045365247886413614,0.05729166666666667,0.010582682344136674,0.004518358203288149,0.03343477721933434,0.038255938902771874,0.2714285714285714,0.875,0.82,0.045479155387114244,65244628.0
94,France,2020-04-27,3686.0,437.0,122.578,42.0,19.718,13.079,0.045365247886413614,0.05729166666666667,0.010582682344136674,0.004518358203288149,0.03343477721933434,0.038255938902771874,0.2714285714285714,0.875,0.82,0.045479155387114244,65244628.0
95,France,2020-04-28,3131.0,367.0,122.578,42.0,19.718,13.079,0.045365247886413614,0.05729166666666667,0.010582682344136674,0.004518358203288149,0.03343477721933434,0.038255938902771874,0.2714285714285714,0.875,0.82,0.045479155387114244,65244628.0
96,France,2020-04-29,0.0,426.0,122.578,42.0,19.718,13.079,0.045365247886413614,0.05729166666666667,0.010582682344136674,0.004518358203288149,0.03343477721933434,0.038255938902771874,0.2714285714285714,0.875,0.82,0.045479155387114244,65244628.0
97,France,2020-04-30,1218.0,289.0,122.578,42.0,19.718,13.079,0.045365247886413614,0.05729166666666667,0.010582682344136674,0.004518358203288149,0.03343477721933434,0.038255938902771874,0.2714285714285714,0.875,0.82,0.045479155387114244,65244628.0
98,France,2020-05-01,526.0,217.0,122.578,42.0,19.718,13.079,0.045365247886413614,0.05729166666666667,0.010582682344136674,0.004518358203288149,0.03343477721933434,0.038255938902771874,0.2714285714285714,0.875,0.82,0.045479155387114244,65244628.0
99,France,2020-05-02,792.0,197.0,122.578,42.0,19.718,13.079,0.045365247886413614,0.05729166666666667,0.010582682344136674,0.004518358203288149,0.03343477721933434,0.038255938902771874,0.2714285714285714,0.875,0.82,0.045479155387114244,65244628.0
100,France,2020-05-03,361.0,135.0,122.578,42.0,19.718,13.079,0.045365247886413614,0.05729166666666667,0.010582682344136674,0.004518358203288149,0.03343477721933434,0.038255938902771874,0.2714285714285714,0.875,0.82,0.045479155387114244,65244628.0
101,France,2020-05-04,562.0,306.0,122.578,42.0,19.718,13.079,0.045365247886413614,0.05729166666666667,0.010582682344136674,0.004518358203288149,0.03343477721933434,0.038255938902771874,0.2714285714285714,0.875,0.82,0.045479155387114244,65244628.0
102,France,2020-05-05,1115.0,333.0,122.578,42.0,19.718,13.079,0.045365247886413614,0.05729166666666667,0.010582682344136674,0.004518358203288149,0.03343477721933434,0.038255938902771874,0.2714285714285714,0.875,0.82,0.045479155387114244,65244628.0
103,France,2020-05-06,4136.0,275.0,122.578,42.0,19.718,13.079,0.045365247886413614,0.05729166666666667,0.010582682344136674,0.004518358203288149,0.03343477721933434,0.038255938902771874,0.2714285714285714,0.875,0.82,0.045479155387114244,65244628.0
104,France,2020-05-07,741.0,179.0,122.578,42.0,19.718,13.079,0.045365247886413614,0.05729166666666667,0.010582682344136674,0.004518358203288149,0.03343477721933434,0.038255938902771874,0.2714285714285714,0.875,0.82,0.045479155387114244,65244628.0
105,France,2020-05-08,531.0,242.0,122.578,42.0,19.718,13.079,0.045365247886413614,0.05729166666666667,0.010582682344136674,0.004518358203288149,0.03343477721933434,0.038255938902771874,0.2714285714285714,0.875,0.82,0.045479155387114244,65244628.0
106,France,2020-05-09,528.0,80.0,122.578,42.0,19.718,13.079,0.045365247886413614,0.05729166666666667,0.010582682344136674,0.004518358203288149,0.03343477721933434,0.038255938902771874,0.2714285714285714,0.875,0.82,0.045479155387114244,65244628.0
107,France,2020-05-10,249.0,70.0,122.578,42.0,19.718,13.079,0.045365247886413614,0.05729166666666667,0.010582682344136674,0.004518358203288149,0.03343477721933434,0.038255938902771874,0.2714285714285714,0.875,0.82,0.045479155387114244,65244628.0
108,France,2020-05-11,315.0,263.0,122.578,42.0,19.718,13.079,0.045365247886413614,0.05729166666666667,0.010582682344136674,0.004518358203288149,0.03343477721933434,0.038255938902771874,0.2714285714285714,0.875,0.82,0.045479155387114244,65244628.0
109,France,2020-05-12,753.0,348.0,122.578,42.0,19.718,13.079,0.045365247886413614,0.05729166666666667,0.010582682344136674,0.004518358203288149,0.03343477721933434,0.038255938902771874,0.2714285714285714,0.875,0.82,0.045479155387114244,65244628.0
110,France,2020-05-13,521.0,85.0,122.578,42.0,19.718,13.079,0.045365247886413614,0.05729166666666667,0.010582682344136674,0.004518358203288149,0.03343477721933434,0.038255938902771874,0.2714285714285714,0.875,0.82,0.045479155387114244,65244628.0
111,France,2020-05-14,642.0,351.0,122.578,42.0,19.718,13.079,0.045365247886413614,0.05729166666666667,0.010582682344136674,0.004518358203288149,0.03343477721933434,0.038255938902771874,0.2714285714285714,0.875,0.82,0.045479155387114244,65244628.0
112,France,2020-05-15,513.0,102.0,122.578,42.0,19.718,13.079,0.045365247886413614,0.05729166666666667,0.010582682344136674,0.004518358203288149,0.03343477721933434,0.038255938902771874,0.2714285714285714,0.875,0.82,0.045479155387114244,65244628.0
113,France,2020-05-16,415.0,98.0,122.578,42.0,19.718,13.079,0.045365247886413614,0.05729166666666667,0.010582682344136674,0.004518358203288149,0.03343477721933434,0.038255938902771874,0.2714285714285714,0.875,0.82,0.045479155387114244,65244628.0
114,France,2020-05-17,140.0,483.0,122.578,42.0,19.718,13.079,0.045365247886413614,0.05729166666666667,0.010582682344136674,0.004518358203288149,0.03343477721933434,0.038255938902771874,0.2714285714285714,0.875,0.82,0.045479155387114244,65244628.0
115,France,2020-05-18,444.0,129.0,122.578,42.0,19.718,13.079,0.045365247886413614,0.05729166666666667,0.010582682344136674,0.004518358203288149,0.03343477721933434,0.038255938902771874,0.2714285714285714,0.875,0.82,0.045479155387114244,65244628.0
116,France,2020-05-19,501.0,0.0,122.578,42.0,19.718,13.079,0.045365247886413614,0.05729166666666667,0.010582682344136674,0.004518358203288149,0.03343477721933434,0.038255938902771874,0.2714285714285714,0.875,0.82,0.045479155387114244,65244628.0
117,France,2020-05-20,481.0,111.0,122.578,42.0,19.718,13.079,0.045365247886413614,0.05729166666666667,0.010582682344136674,0.004518358203288149,0.03343477721933434,0.038255938902771874,0.2714285714285714,0.875,0.82,0.045479155387114244,65244628.0
118,France,2020-05-21,267.0,82.0,122.578,42.0,19.718,13.079,0.045365247886413614,0.05729166666666667,0.010582682344136674,0.004518358203288149,0.03343477721933434,0.038255938902771874,0.2714285714285714,0.875,0.82,0.045479155387114244,65244628.0
119,France,2020-05-22,756.0,148.0,122.578,42.0,19.718,13.079,0.045365247886413614,0.05729166666666667,0.010582682344136674,0.004518358203288149,0.03343477721933434,0.038255938902771874,0.2714285714285714,0.875,0.82,0.045479155387114244,65244628.0
120,France,2020-05-23,546.0,86.0,122.578,42.0,19.718,13.079,0.045365247886413614,0.05729166666666667,0.010582682344136674,0.004518358203288149,0.03343477721933434,0.038255938902771874,0.2714285714285714,0.875,0.82,0.045479155387114244,65244628.0
121,France,2020-05-24,0.0,0.0,122.578,42.0,19.718,13.079,0.045365247886413614,0.05729166666666667,0.010582682344136674,0.004518358203288149,0.03343477721933434,0.038255938902771874,0.2714285714285714,0.875,0.82,0.045479155387114244,65244628.0
122,France,2020-05-25,325.0,89.0,122.578,42.0,19.718,13.079,0.045365247886413614,0.05729166666666667,0.010582682344136674,0.004518358203288149,0.03343477721933434,0.038255938902771874,0.2714285714285714,0.875,0.82,0.045479155387114244,65244628.0
123,France,2020-05-26,255.0,137.0,122.578,42.0,19.718,13.079,0.045365247886413614,0.05729166666666667,0.010582682344136674,0.004518358203288149,0.03343477721933434,0.038255938902771874,0.2714285714285714,0.875,0.82,0.045479155387114244,65244628.0
124,France,2020-05-27,173.0,1.0,122.578,42.0,19.718,13.079,0.045365247886413614,0.05729166666666667,0.010582682344136674,0.004518358203288149,0.03343477721933434,0.038255938902771874,0.2714285714285714,0.875,0.82,0.045479155387114244,65244628.0
125,France,2020-05-28,3342.0,67.0,122.578,42.0,19.718,13.079,0.045365247886413614,0.05729166666666667,0.010582682344136674,0.004518358203288149,0.03343477721933434,0.038255938902771874,0.2714285714285714,0.875,0.82,0.045479155387114244,65244628.0
126,France,2020-05-29,594.0,51.0,122.578,42.0,19.718,13.079,0.045365247886413614,0.05729166666666667,0.010582682344136674,0.004518358203288149,0.03343477721933434,0.038255938902771874,0.2714285714285714,0.875,0.82,0.045479155387114244,65244628.0
127,France,2020-05-30,1794.0,57.0,122.578,42.0,19.718,13.079,0.045365247886413614,0.05729166666666667,0.010582682344136674,0.004518358203288149,0.03343477721933434,0.038255938902771874,0.2714285714285714,0.875,0.82,0.045479155387114244,65244628.0
128,France,2020-05-31,232.0,31.0,122.578,42.0,19.718,13.079,0.045365247886413614,0.05729166666666667,0.010582682344136674,0.004518358203288149,0.03343477721933434,0.038255938902771874,0.2714285714285714,0.875,0.82,0.045479155387114244,65244628.0
129,France,2020-06-01,406.0,32.0,122.578,42.0,19.718,13.079,0.045365247886413614,0.05729166666666667,0.010582682344136674,0.004518358203288149,0.03343477721933434,0.038255938902771874,0.2714285714285714,0.875,0.82,0.045479155387114244,65244628.0
130,France,2020-06-02,0.0,106.0,122.578,42.0,19.718,13.079,0.045365247886413614,0.05729166666666667,0.010582682344136674,0.004518358203288149,0.03343477721933434,0.038255938902771874,0.2714285714285714,0.875,0.82,0.045479155387114244,65244628.0
131,France,2020-06-03,0.0,81.0,122.578,42.0,19.718,13.079,0.045365247886413614,0.05729166666666667,0.010582682344136674,0.004518358203288149,0.03343477721933434,0.038255938902771874,0.2714285714285714,0.875,0.82,0.045479155387114244,65244628.0
132,France,2020-06-04,4360.0,45.0,122.578,42.0,19.718,13.079,0.045365247886413614,0.05729166666666667,0.010582682344136674,0.004518358203288149,0.03343477721933434,0.038255938902771874,0.2714285714285714,0.875,0.82,0.045479155387114244,65244628.0
133,France,2020-06-05,581.0,45.0,122.578,42.0,19.718,13.079,0.045365247886413614,0.05729166666666667,0.010582682344136674,0.004518358203288149,0.03343477721933434,0.038255938902771874,0.2714285714285714,0.875,0.82,0.045479155387114244,65244628.0
134,France,2020-06-06,572.0,31.0,122.578,42.0,19.718,13.079,0.045365247886413614,0.05729166666666667,0.010582682344136674,0.004518358203288149,0.03343477721933434,0.038255938902771874,0.2714285714285714,0.875,0.82,0.045479155387114244,65244628.0
135,France,2020-06-07,341.0,13.0,122.578,42.0,19.718,13.079,0.045365247886413614,0.05729166666666667,0.010582682344136674,0.004518358203288149,0.03343477721933434,0.038255938902771874,0.2714285714285714,0.875,0.82,0.045479155387114244,65244628.0
136,France,2020-06-08,274.0,55.0,122.578,42.0,19.718,13.079,0.045365247886413614,0.05729166666666667,0.010582682344136674,0.004518358203288149,0.03343477721933434,0.038255938902771874,0.2714285714285714,0.875,0.82,0.045479155387114244,65244628.0
137,France,2020-06-09,552.0,88.0,122.578,42.0,19.718,13.079,0.045365247886413614,0.05729166666666667,0.010582682344136674,0.004518358203288149,0.03343477721933434,0.038255938902771874,0.2714285714285714,0.875,0.82,0.045479155387114244,65244628.0
138,France,2020-06-10,625.0,21.0,122.578,42.0,19.718,13.079,0.045365247886413614,0.05729166666666667,0.010582682344136674,0.004518358203288149,0.03343477721933434,0.038255938902771874,0.2714285714285714,0.875,0.82,0.045479155387114244,65244628.0
139,France,2020-06-11,364.0,27.0,122.578,42.0,19.718,13.079,0.045365247886413614,0.05729166666666667,0.010582682344136674,0.004518358203288149,0.03343477721933434,0.038255938902771874,0.2714285714285714,0.875,0.82,0.045479155387114244,65244628.0
140,France,2020-06-12,801.0,28.0,122.578,42.0,19.718,13.079,0.045365247886413614,0.05729166666666667,0.010582682344136674,0.004518358203288149,0.03343477721933434,0.038255938902771874,0.2714285714285714,0.875,0.82,0.045479155387114244,65244628.0
141,France,2020-06-13,497.0,24.0,122.578,42.0,19.718,13.079,0.045365247886413614,0.05729166666666667,0.010582682344136674,0.004518358203288149,0.03343477721933434,0.038255938902771874,0.2714285714285714,0.875,0.82,0.045479155387114244,65244628.0
142,France,2020-06-14,390.0,10.0,122.578,42.0,19.718,13.079,0.045365247886413614,0.05729166666666667,0.010582682344136674,0.004518358203288149,0.03343477721933434,0.038255938902771874,0.2714285714285714,0.875,0.82,0.045479155387114244,65244628.0
143,France,2020-06-15,136.0,28.0,122.578,42.0,19.718,13.079,0.045365247886413614,0.05729166666666667,0.010582682344136674,0.004518358203288149,0.03343477721933434,0.038255938902771874,0.2714285714285714,0.875,0.82,0.045479155387114244,65244628.0
144,France,2020-06-16,663.0,114.0,122.578,42.0,19.718,13.079,0.045365247886413614,0.05729166666666667,0.010582682344136674,0.004518358203288149,0.03343477721933434,0.038255938902771874,0.2714285714285714,0.875,0.82,0.045479155387114244,65244628.0
145,France,2020-06-17,489.0,25.0,122.578,42.0,19.718,13.079,0.045365247886413614,0.05729166666666667,0.010582682344136674,0.004518358203288149,0.03343477721933434,0.038255938902771874,0.2714285714285714,0.875,0.82,0.045479155387114244,65244628.0
146,France,2020-06-18,586.0,28.0,122.578,42.0,19.718,13.079,0.045365247886413614,0.05729166666666667,0.010582682344136674,0.004518358203288149,0.03343477721933434,0.038255938902771874,0.2714285714285714,0.875,0.82,0.045479155387114244,65244628.0
147,France,2020-06-19,787.0,14.0,122.578,42.0,19.718,13.079,0.045365247886413614,0.05729166666666667,0.010582682344136674,0.004518358203288149,0.03343477721933434,0.038255938902771874,0.2714285714285714,0.875,0.82,0.045479155387114244,65244628.0
148,France,2020-06-20,619.0,18.0,122.578,42.0,19.718,13.079,0.045365247886413614,0.05729166666666667,0.010582682344136674,0.004518358203288149,0.03343477721933434,0.038255938902771874,0.2714285714285714,0.875,0.82,0.045479155387114244,65244628.0
149,France,2020-06-21,343.0,6.0,122.578,42.0,19.718,13.079,0.045365247886413614,0.05729166666666667,0.010582682344136674,0.004518358203288149,0.03343477721933434,0.038255938902771874,0.2714285714285714,0.875,0.82,0.045479155387114244,65244628.0
150,France,2020-06-22,142.0,24.0,122.578,42.0,19.718,13.079,0.045365247886413614,0.05729166666666667,0.010582682344136674,0.004518358203288149,0.03343477721933434,0.038255938902771874,0.2714285714285714,0.875,0.82,0.045479155387114244,65244628.0
151,France,2020-06-23,698.0,54.0,122.578,42.0,19.718,13.079,0.045365247886413614,0.05729166666666667,0.010582682344136674,0.004518358203288149,0.03343477721933434,0.038255938902771874,0.2714285714285714,0.875,0.82,0.045479155387114244,65244628.0
152,France,2020-06-24,268.0,13.0,122.578,42.0,19.718,13.079,0.045365247886413614,0.05729166666666667,0.010582682344136674,0.004518358203288149,0.03343477721933434,0.038255938902771874,0.2714285714285714,0.875,0.82,0.045479155387114244,65244628.0
153,France,2020-06-25,255.0,19.0,122.578,42.0,19.718,13.079,0.045365247886413614,0.05729166666666667,0.010582682344136674,0.004518358203288149,0.03343477721933434,0.038255938902771874,0.2714285714285714,0.875,0.82,0.045479155387114244,65244628.0
154,France,2020-06-26,1263.0,26.0,122.578,42.0,19.718,13.079,0.045365247886413614,0.05729166666666667,0.010582682344136674,0.004518358203288149,0.03343477721933434,0.038255938902771874,0.2714285714285714,0.875,0.82,0.045479155387114244,65244628.0
155,France,2020-06-27,448.0,1.0,122.578,42.0,19.718,13.079,0.045365247886413614,0.05729166666666667,0.010582682344136674,0.004518358203288149,0.03343477721933434,0.038255938902771874,0.2714285714285714,0.875,0.82,0.045479155387114244,65244628.0
156,France,2020-06-28,0.0,0.0,122.578,42.0,19.718,13.079,0.045365247886413614,0.05729166666666667,0.010582682344136674,0.004518358203288149,0.03343477721933434,0.038255938902771874,0.2714285714285714,0.875,0.82,0.045479155387114244,65244628.0
157,France,2020-06-29,645.0,35.0,122.578,42.0,19.718,13.079,0.045365247886413614,0.05729166666666667,0.010582682344136674,0.004518358203288149,0.03343477721933434,0.038255938902771874,0.2714285714285714,0.875,0.82,0.045479155387114244,65244628.0
158,France,2020-06-30,442.0,30.0,122.578,42.0,19.718,13.079,0.045365247886413614,0.05729166666666667,0.010582682344136674,0.004518358203288149,0.03343477721933434,0.038255938902771874,0.2714285714285714,0.875,0.82,0.045479155387114244,65244628.0
159,France,2020-07-01,990.0,19.0,122.578,42.0,19.718,13.079,0.045365247886413614,0.05729166666666667,0.010582682344136674,0.004518358203288149,0.03343477721933434,0.038255938902771874,0.2714285714285714,0.875,0.82,0.045479155387114244,65244628.0
160,France,2020-07-02,539.0,13.0,122.578,42.0,19.718,13.079,0.045365247886413614,0.05729166666666667,0.010582682344136674,0.004518358203288149,0.03343477721933434,0.038255938902771874,0.2714285714285714,0.875,0.82,0.045479155387114244,65244628.0
161,France,2020-07-03,539.0,18.0,122.578,42.0,19.718,13.079,0.045365247886413614,0.05729166666666667,0.010582682344136674,0.004518358203288149,0.03343477721933434,0.038255938902771874,0.2714285714285714,0.875,0.82,0.045479155387114244,65244628.0
162,France,2020-07-04,358.0,0.0,122.578,42.0,19.718,13.079,0.045365247886413614,0.05729166666666667,0.010582682344136674,0.004518358203288149,0.03343477721933434,0.038255938902771874,0.2714285714285714,0.875,0.82,0.045479155387114244,65244628.0
163,France,2020-07-05,12.0,0.0,122.578,42.0,19.718,13.079,0.045365247886413614,0.05729166666666667,0.010582682344136674,0.004518358203288149,0.03343477721933434,0.038255938902771874,0.2714285714285714,0.875,0.82,0.045479155387114244,65244628.0
164,France,2020-07-06,1018.0,30.0,122.578,42.0,19.718,13.079,0.045365247886413614,0.05729166666666667,0.010582682344136674,0.004518358203288149,0.03343477721933434,0.038255938902771874,0.2714285714285714,0.875,0.82,0.045479155387114244,65244628.0
165,France,2020-07-07,454.0,11.0,122.578,42.0,19.718,13.079,0.045365247886413614,0.05729166666666667,0.010582682344136674,0.004518358203288149,0.03343477721933434,0.038255938902771874,0.2714285714285714,0.875,0.82,0.045479155387114244,65244628.0
166,France,2020-07-08,822.0,31.0,122.578,42.0,19.718,13.079,0.045365247886413614,0.05729166666666667,0.010582682344136674,0.004518358203288149,0.03343477721933434,0.038255938902771874,0.2714285714285714,0.875,0.82,0.045479155387114244,65244628.0
167,France,2020-07-09,444.0,16.0,122.578,42.0,19.718,13.079,0.045365247886413614,0.05729166666666667,0.010582682344136674,0.004518358203288149,0.03343477721933434,0.038255938902771874,0.2714285714285714,0.875,0.82,0.045479155387114244,65244628.0
168,France,2020-07-10,714.0,26.0,122.578,42.0,19.718,13.079,0.045365247886413614,0.05729166666666667,0.010582682344136674,0.004518358203288149,0.03343477721933434,0.038255938902771874,0.2714285714285714,0.875,0.82,0.045479155387114244,65244628.0
169,France,2020-07-11,251.0,3.0,122.578,42.0,19.718,13.079,0.045365247886413614,0.05729166666666667,0.010582682344136674,0.004518358203288149,0.03343477721933434,0.038255938902771874,0.2714285714285714,0.875,0.82,0.045479155387114244,65244628.0
170,France,2020-07-12,16.0,0.0,122.578,42.0,19.718,13.079,0.045365247886413614,0.05729166666666667,0.010582682344136674,0.004518358203288149,0.03343477721933434,0.038255938902771874,0.2714285714285714,0.875,0.82,0.045479155387114244,65244628.0
171,France,2020-07-13,1423.0,23.0,122.578,42.0,19.718,13.079,0.045365247886413614,0.05729166666666667,0.010582682344136674,0.004518358203288149,0.03343477721933434,0.038255938902771874,0.2714285714285714,0.875,0.82,0.045479155387114244,65244628.0
172,France,2020-07-14,62.0,2.0,122.578,42.0,19.718,13.079,0.045365247886413614,0.05729166666666667,0.010582682344136674,0.004518358203288149,0.03343477721933434,0.038255938902771874,0.2714285714285714,0.875,0.82,0.045479155387114244,65244628.0
173,France,2020-07-15,726.0,88.0,122.578,42.0,19.718,13.079,0.045365247886413614,0.05729166666666667,0.010582682344136674,0.004518358203288149,0.03343477721933434,0.038255938902771874,0.2714285714285714,0.875,0.82,0.045479155387114244,65244628.0
174,France,2020-07-16,569.0,17.0,122.578,42.0,19.718,13.079,0.045365247886413614,0.05729166666666667,0.010582682344136674,0.004518358203288149,0.03343477721933434,0.038255938902771874,0.2714285714285714,0.875,0.82,0.045479155387114244,65244628.0
175,France,2020-07-17,824.0,13.0,122.578,42.0,19.718,13.079,0.045365247886413614,0.05729166666666667,0.010582682344136674,0.004518358203288149,0.03343477721933434,0.038255938902771874,0.2714285714285714,0.875,0.82,0.045479155387114244,65244628.0
176,France,2020-07-18,165.0,3.0,122.578,42.0,19.718,13.079,0.045365247886413614,0.05729166666666667,0.010582682344136674,0.004518358203288149,0.03343477721933434,0.038255938902771874,0.2714285714285714,0.875,0.82,0.045479155387114244,65244628.0
177,France,2020-07-19,4.0,0.0,122.578,42.0,19.718,13.079,0.045365247886413614,0.05729166666666667,0.010582682344136674,0.004518358203288149,0.03343477721933434,0.038255938902771874,0.2714285714285714,0.875,0.82,0.045479155387114244,65244628.0
178,France,2020-07-20,1911.0,24.0,122.578,42.0,19.718,13.079,0.045365247886413614,0.05729166666666667,0.010582682344136674,0.004518358203288149,0.03343477721933434,0.038255938902771874,0.2714285714285714,0.875,0.82,0.045479155387114244,65244628.0
179,France,2020-07-21,595.0,0.0,122.578,42.0,19.718,13.079,0.045365247886413614,0.05729166666666667,0.010582682344136674,0.004518358203288149,0.03343477721933434,0.038255938902771874,0.2714285714285714,0.875,0.82,0.045479155387114244,65244628.0
180,France,2020-07-22,921.0,6.0,122.578,42.0,19.718,13.079,0.045365247886413614,0.05729166666666667,0.010582682344136674,0.004518358203288149,0.03343477721933434,0.038255938902771874,0.2714285714285714,0.875,0.82,0.045479155387114244,65244628.0
181,France,2020-07-23,1236.0,11.0,122.578,42.0,19.718,13.079,0.045365247886413614,0.05729166666666667,0.010582682344136674,0.004518358203288149,0.03343477721933434,0.038255938902771874,0.2714285714285714,0.875,0.82,0.045479155387114244,65244628.0
182,France,2020-07-24,1091.0,10.0,122.578,42.0,19.718,13.079,0.045365247886413614,0.05729166666666667,0.010582682344136674,0.004518358203288149,0.03343477721933434,0.038255938902771874,0.2714285714285714,0.875,0.82,0.045479155387114244,65244628.0
183,France,2020-07-25,84.0,0.0,122.578,42.0,19.718,13.079,0.045365247886413614,0.05729166666666667,0.010582682344136674,0.004518358203288149,0.03343477721933434,0.038255938902771874,0.2714285714285714,0.875,0.82,0.045479155387114244,65244628.0
184,France,2020-07-26,4.0,0.0,122.578,42.0,19.718,13.079,0.045365247886413614,0.05729166666666667,0.010582682344136674,0.004518358203288149,0.03343477721933434,0.038255938902771874,0.2714285714285714,0.875,0.82,0.045479155387114244,65244628.0
185,France,2020-07-27,2488.0,18.0,122.578,42.0,19.718,13.079,0.045365247886413614,0.05729166666666667,0.010582682344136674,0.004518358203288149,0.03343477721933434,0.038255938902771874,0.2714285714285714,0.875,0.82,0.045479155387114244,65244628.0
186,France,2020-07-28,564.0,13.0,122.578,42.0,19.718,13.079,0.045365247886413614,0.05729166666666667,0.010582682344136674,0.004518358203288149,0.03343477721933434,0.038255938902771874,0.2714285714285714,0.875,0.82,0.045479155387114244,65244628.0
187,France,2020-07-29,1470.0,14.0,122.578,42.0,19.718,13.079,0.045365247886413614,0.05729166666666667,0.010582682344136674,0.004518358203288149,0.03343477721933434,0.038255938902771874,0.2714285714285714,0.875,0.82,0.045479155387114244,65244628.0
188,France,2020-07-30,1394.0,16.0,122.578,42.0,19.718,13.079,0.045365247886413614,0.05729166666666667,0.010582682344136674,0.004518358203288149,0.03343477721933434,0.038255938902771874,0.2714285714285714,0.875,0.82,0.045479155387114244,65244628.0
189,France,2020-07-31,1303.0,11.0,122.578,42.0,19.718,13.079,0.045365247886413614,0.05729166666666667,0.010582682344136674,0.004518358203288149,0.03343477721933434,0.038255938902771874,0.2714285714285714,0.875,0.82,0.045479155387114244,65244628.0
190,France,2020-08-01,62.0,0.0,122.578,42.0,19.718,13.079,0.045365247886413614,0.05729166666666667,0.010582682344136674,0.004518358203288149,0.03343477721933434,0.038255938902771874,0.2714285714285714,0.875,0.82,0.045479155387114244,65244628.0
191,France,2020-08-02,3.0,0.0,122.578,42.0,19.718,13.079,0.045365247886413614,0.05729166666666667,0.010582682344136674,0.004518358203288149,0.03343477721933434,0.038255938902771874,0.2714285714285714,0.875,0.82,0.045479155387114244,65244628.0
192,France,2020-08-03,3361.0,30.0,122.578,42.0,19.718,13.079,0.045365247886413614,0.05729166666666667,0.010582682344136674,0.004518358203288149,0.03343477721933434,0.038255938902771874,0.2714285714285714,0.875,0.82,0.045479155387114244,65244628.0
193,France,2020-08-04,969.0,2.0,122.578,42.0,19.718,13.079,0.045365247886413614,0.05729166666666667,0.010582682344136674,0.004518358203288149,0.03343477721933434,0.038255938902771874,0.2714285714285714,0.875,0.82,0.045479155387114244,65244628.0
194,France,2020-08-05,1708.0,11.0,122.578,42.0,19.718,13.079,0.045365247886413614,0.05729166666666667,0.010582682344136674,0.004518358203288149,0.03343477721933434,0.038255938902771874,0.2714285714285714,0.875,0.82,0.045479155387114244,65244628.0
195,France,2020-08-06,1601.0,4.0,122.578,42.0,19.718,13.079,0.045365247886413614,0.05729166666666667,0.010582682344136674,0.004518358203288149,0.03343477721933434,0.038255938902771874,0.2714285714285714,0.875,0.82,0.045479155387114244,65244628.0
196,France,2020-08-07,2382.0,13.0,122.578,42.0,19.718,13.079,0.045365247886413614,0.05729166666666667,0.010582682344136674,0.004518358203288149,0.03343477721933434,0.038255938902771874,0.2714285714285714,0.875,0.82,0.045479155387114244,65244628.0
197,France,2020-08-08,69.0,1.0,122.578,42.0,19.718,13.079,0.045365247886413614,0.05729166666666667,0.010582682344136674,0.004518358203288149,0.03343477721933434,0.038255938902771874,0.2714285714285714,0.875,0.82,0.045479155387114244,65244628.0
198,France,2020-08-09,6.0,0.0,122.578,42.0,19.718,13.079,0.045365247886413614,0.05729166666666667,0.010582682344136674,0.004518358203288149,0.03343477721933434,0.038255938902771874,0.2714285714285714,0.875,0.82,0.045479155387114244,65244628.0
199,France,2020-08-10,4717.0,15.0,122.578,42.0,19.718,13.079,0.045365247886413614,0.05729166666666667,0.010582682344136674,0.004518358203288149,0.03343477721933434,0.038255938902771874,0.2714285714285714,0.875,0.82,0.045479155387114244,65244628.0
200,France,2020-08-11,1408.0,13.0,122.578,42.0,19.718,13.079,0.045365247886413614,0.05729166666666667,0.010582682344136674,0.004518358203288149,0.03343477721933434,0.038255938902771874,0.2714285714285714,0.875,0.82,0.045479155387114244,65244628.0
201,France,2020-08-12,2577.0,19.0,122.578,42.0,19.718,13.079,0.045365247886413614,0.05729166666666667,0.010582682344136674,0.004518358203288149,0.03343477721933434,0.038255938902771874,0.2714285714285714,0.875,0.82,0.045479155387114244,65244628.0
202,France,2020-08-13,2670.0,17.0,122.578,42.0,19.718,13.079,0.045365247886413614,0.05729166666666667,0.010582682344136674,0.004518358203288149,0.03343477721933434,0.038255938902771874,0.2714285714285714,0.875,0.82,0.045479155387114244,65244628.0
203,France,2020-08-14,2887.0,19.0,122.578,42.0,19.718,13.079,0.045365247886413614,0.05729166666666667,0.010582682344136674,0.004518358203288149,0.03343477721933434,0.038255938902771874,0.2714285714285714,0.875,0.82,0.045479155387114244,65244628.0
204,France,2020-08-15,3210.0,1.0,122.578,42.0,19.718,13.079,0.045365247886413614,0.05729166666666667,0.010582682344136674,0.004518358203288149,0.03343477721933434,0.038255938902771874,0.2714285714285714,0.875,0.82,0.045479155387114244,65244628.0
205,France,2020-08-16,3020.0,2.0,122.578,42.0,19.718,13.079,0.045365247886413614,0.05729166666666667,0.010582682344136674,0.004518358203288149,0.03343477721933434,0.038255938902771874,0.2714285714285714,0.875,0.82,0.045479155387114244,65244628.0
206,France,2020-08-17,590.0,19.0,122.578,42.0,19.718,13.079,0.045365247886413614,0.05729166666666667,0.010582682344136674,0.004518358203288149,0.03343477721933434,0.038255938902771874,0.2714285714285714,0.875,0.82,0.045479155387114244,65244628.0
207,France,2020-08-18,2118.0,22.0,122.578,42.0,19.718,13.079,0.045365247886413614,0.05729166666666667,0.010582682344136674,0.004518358203288149,0.03343477721933434,0.038255938902771874,0.2714285714285714,0.875,0.82,0.045479155387114244,65244628.0
208,France,2020-08-19,3787.0,18.0,122.578,42.0,19.718,13.079,0.045365247886413614,0.05729166666666667,0.010582682344136674,0.004518358203288149,0.03343477721933434,0.038255938902771874,0.2714285714285714,0.875,0.82,0.045479155387114244,65244628.0
209,France,2020-08-20,4800.0,11.0,122.578,42.0,19.718,13.079,0.045365247886413614,0.05729166666666667,0.010582682344136674,0.004518358203288149,0.03343477721933434,0.038255938902771874,0.2714285714285714,0.875,0.82,0.045479155387114244,65244628.0
210,France,2020-08-21,4954.0,24.0,122.578,42.0,19.718,13.079,0.045365247886413614,0.05729166666666667,0.010582682344136674,0.004518358203288149,0.03343477721933434,0.038255938902771874,0.2714285714285714,0.875,0.82,0.045479155387114244,65244628.0
211,France,2020-08-22,3474.0,9.0,122.578,42.0,19.718,13.079,0.045365247886413614,0.05729166666666667,0.010582682344136674,0.004518358203288149,0.03343477721933434,0.038255938902771874,0.2714285714285714,0.875,0.82,0.045479155387114244,65244628.0
212,France,2020-08-23,4735.0,0.0,122.578,42.0,19.718,13.079,0.045365247886413614,0.05729166666666667,0.010582682344136674,0.004518358203288149,0.03343477721933434,0.038255938902771874,0.2714285714285714,0.875,0.82,0.045479155387114244,65244628.0
213,France,2020-08-24,1976.0,16.0,122.578,42.0,19.718,13.079,0.045365247886413614,0.05729166666666667,0.010582682344136674,0.004518358203288149,0.03343477721933434,0.038255938902771874,0.2714285714285714,0.875,0.82,0.045479155387114244,65244628.0
214,France,2020-08-25,3432.0,19.0,122.578,42.0,19.718,13.079,0.045365247886413614,0.05729166666666667,0.010582682344136674,0.004518358203288149,0.03343477721933434,0.038255938902771874,0.2714285714285714,0.875,0.82,0.045479155387114244,65244628.0
215,France,2020-08-26,244.0,0.0,122.578,42.0,19.718,13.079,0.045365247886413614,0.05729166666666667,0.010582682344136674,0.004518358203288149,0.03343477721933434,0.038255938902771874,0.2714285714285714,0.875,0.82,0.045479155387114244,65244628.0
216,France,2020-08-27,11226.0,35.0,122.578,42.0,19.718,13.079,0.045365247886413614,0.05729166666666667,0.010582682344136674,0.004518358203288149,0.03343477721933434,0.038255938902771874,0.2714285714285714,0.875,0.82,0.045479155387114244,65244628.0
217,France,2020-08-28,7558.0,18.0,122.578,42.0,19.718,13.079,0.045365247886413614,0.05729166666666667,0.010582682344136674,0.004518358203288149,0.03343477721933434,0.038255938902771874,0.2714285714285714,0.875,0.82,0.045479155387114244,65244628.0
218,France,2020-08-29,5460.0,6.0,122.578,42.0,19.718,13.079,0.045365247886413614,0.05729166666666667,0.010582682344136674,0.004518358203288149,0.03343477721933434,0.038255938902771874,0.2714285714285714,0.875,0.82,0.045479155387114244,65244628.0
219,France,2020-08-30,5382.0,3.0,122.578,42.0,19.718,13.079,0.045365247886413614,0.05729166666666667,0.010582682344136674,0.004518358203288149,0.03343477721933434,0.038255938902771874,0.2714285714285714,0.875,0.82,0.045479155387114244,65244628.0
220,France,2020-08-31,3022.0,31.0,122.578,42.0,19.718,13.079,0.045365247886413614,0.05729166666666667,0.010582682344136674,0.004518358203288149,0.03343477721933434,0.038255938902771874,0.2714285714285714,0.875,0.82,0.045479155387114244,65244628.0
221,France,2020-09-01,5104.0,27.0,122.578,42.0,19.718,13.079,0.045365247886413614,0.05729166666666667,0.010582682344136674,0.004518358203288149,0.03343477721933434,0.038255938902771874,0.2714285714285714,0.875,0.82,0.045479155387114244,65244628.0
222,France,2020-09-02,7038.0,26.0,122.578,42.0,19.718,13.079,0.045365247886413614,0.05729166666666667,0.010582682344136674,0.004518358203288149,0.03343477721933434,0.038255938902771874,0.2714285714285714,0.875,0.82,0.045479155387114244,65244628.0
223,France,2020-09-03,7119.0,17.0,122.578,42.0,19.718,13.079,0.045365247886413614,0.05729166666666667,0.010582682344136674,0.004518358203288149,0.03343477721933434,0.038255938902771874,0.2714285714285714,0.875,0.82,0.045479155387114244,65244628.0
224,France,2020-09-04,8788.0,0.0,122.578,42.0,19.718,13.079,0.045365247886413614,0.05729166666666667,0.010582682344136674,0.004518358203288149,0.03343477721933434,0.038255938902771874,0.2714285714285714,0.875,0.82,0.045479155387114244,65244628.0
225,France,2020-09-05,8594.0,12.0,122.578,42.0,19.718,13.079,0.045365247886413614,0.05729166666666667,0.010582682344136674,0.004518358203288149,0.03343477721933434,0.038255938902771874,0.2714285714285714,0.875,0.82,0.045479155387114244,65244628.0
226,France,2020-09-06,7015.0,4.0,122.578,42.0,19.718,13.079,0.045365247886413614,0.05729166666666667,0.010582682344136674,0.004518358203288149,0.03343477721933434,0.038255938902771874,0.2714285714285714,0.875,0.82,0.045479155387114244,65244628.0
227,France,2020-09-07,4184.0,23.0,122.578,42.0,19.718,13.079,0.045365247886413614,0.05729166666666667,0.010582682344136674,0.004518358203288149,0.03343477721933434,0.038255938902771874,0.2714285714285714,0.875,0.82,0.045479155387114244,65244628.0
228,France,2020-09-08,6738.0,38.0,122.578,42.0,19.718,13.079,0.045365247886413614,0.05729166666666667,0.010582682344136674,0.004518358203288149,0.03343477721933434,0.038255938902771874,0.2714285714285714,0.875,0.82,0.045479155387114244,65244628.0
229,France,2020-09-09,8577.0,32.0,122.578,42.0,19.718,13.079,0.045365247886413614,0.05729166666666667,0.010582682344136674,0.004518358203288149,0.03343477721933434,0.038255938902771874,0.2714285714285714,0.875,0.82,0.045479155387114244,65244628.0
230,France,2020-09-10,9699.0,19.0,122.578,42.0,19.718,13.079,0.045365247886413614,0.05729166666666667,0.010582682344136674,0.004518358203288149,0.03343477721933434,0.038255938902771874,0.2714285714285714,0.875,0.82,0.045479155387114244,65244628.0
231,France,2020-09-11,9433.0,80.0,122.578,42.0,19.718,13.079,0.045365247886413614,0.05729166666666667,0.010582682344136674,0.004518358203288149,0.03343477721933434,0.038255938902771874,0.2714285714285714,0.875,0.82,0.045479155387114244,65244628.0
232,France,2020-09-12,11336.0,18.0,122.578,42.0,19.718,13.079,0.045365247886413614,0.05729166666666667,0.010582682344136674,0.004518358203288149,0.03343477721933434,0.038255938902771874,0.2714285714285714,0.875,0.82,0.045479155387114244,65244628.0
233,France,2020-09-13,6345.0,5.0,122.578,42.0,19.718,13.079,0.045365247886413614,0.05729166666666667,0.010582682344136674,0.004518358203288149,0.03343477721933434,0.038255938902771874,0.2714285714285714,0.875,0.82,0.045479155387114244,65244628.0
234,France,2020-09-14,6174.0,34.0,122.578,42.0,19.718,13.079,0.045365247886413614,0.05729166666666667,0.010582682344136674,0.004518358203288149,0.03343477721933434,0.038255938902771874,0.2714285714285714,0.875,0.82,0.045479155387114244,65244628.0
235,France,2020-09-15,7826.0,50.0,122.578,42.0,19.718,13.079,0.045365247886413614,0.05729166666666667,0.010582682344136674,0.004518358203288149,0.03343477721933434,0.038255938902771874,0.2714285714285714,0.875,0.82,0.045479155387114244,65244628.0
236,France,2020-09-16,10267.0,48.0,122.578,42.0,19.718,13.079,0.045365247886413614,0.05729166666666667,0.010582682344136674,0.004518358203288149,0.03343477721933434,0.038255938902771874,0.2714285714285714,0.875,0.82,0.045479155387114244,65244628.0
237,France,2020-09-17,10239.0,47.0,122.578,42.0,19.718,13.079,0.045365247886413614,0.05729166666666667,0.010582682344136674,0.004518358203288149,0.03343477721933434,0.038255938902771874,0.2714285714285714,0.875,0.82,0.045479155387114244,65244628.0
238,France,2020-09-18,13221.0,154.0,122.578,42.0,19.718,13.079,0.045365247886413614,0.05729166666666667,0.010582682344136674,0.004518358203288149,0.03343477721933434,0.038255938902771874,0.2714285714285714,0.875,0.82,0.045479155387114244,65244628.0
239,France,2020-09-19,13400.0,25.0,122.578,42.0,19.718,13.079,0.045365247886413614,0.05729166666666667,0.010582682344136674,0.004518358203288149,0.03343477721933434,0.038255938902771874,0.2714285714285714,0.875,0.82,0.045479155387114244,65244628.0
240,France,2020-09-20,10536.0,11.0,122.578,42.0,19.718,13.079,0.045365247886413614,0.05729166666666667,0.010582682344136674,0.004518358203288149,0.03343477721933434,0.038255938902771874,0.2714285714285714,0.875,0.82,0.045479155387114244,65244628.0
241,France,2020-09-21,5539.0,53.0,122.578,42.0,19.718,13.079,0.045365247886413614,0.05729166666666667,0.010582682344136674,0.004518358203288149,0.03343477721933434,0.038255938902771874,0.2714285714285714,0.875,0.82,0.045479155387114244,65244628.0
242,France,2020-09-22,9961.0,79.0,122.578,42.0,19.718,13.079,0.045365247886413614,0.05729166666666667,0.010582682344136674,0.004518358203288149,0.03343477721933434,0.038255938902771874,0.2714285714285714,0.875,0.82,0.045479155387114244,65244628.0
243,France,2020-09-23,13156.0,43.0,122.578,42.0,19.718,13.079,0.045365247886413614,0.05729166666666667,0.010582682344136674,0.004518358203288149,0.03343477721933434,0.038255938902771874,0.2714285714285714,0.875,0.82,0.045479155387114244,65244628.0
244,France,2020-09-24,15905.0,48.0,122.578,42.0,19.718,13.079,0.045365247886413614,0.05729166666666667,0.010582682344136674,0.004518358203288149,0.03343477721933434,0.038255938902771874,0.2714285714285714,0.875,0.82,0.045479155387114244,65244628.0
245,France,2020-09-25,15994.0,150.0,122.578,42.0,19.718,13.079,0.045365247886413614,0.05729166666666667,0.010582682344136674,0.004518358203288149,0.03343477721933434,0.038255938902771874,0.2714285714285714,0.875,0.82,0.045479155387114244,65244628.0
246,France,2020-09-26,14219.0,39.0,122.578,42.0,19.718,13.079,0.045365247886413614,0.05729166666666667,0.010582682344136674,0.004518358203288149,0.03343477721933434,0.038255938902771874,0.2714285714285714,0.875,0.82,0.045479155387114244,65244628.0
247,France,2020-09-27,10635.0,27.0,122.578,42.0,19.718,13.079,0.045365247886413614,0.05729166666666667,0.010582682344136674,0.004518358203288149,0.03343477721933434,0.038255938902771874,0.2714285714285714,0.875,0.82,0.045479155387114244,65244628.0
248,France,2020-09-28,4299.0,84.0,122.578,42.0,19.718,13.079,0.045365247886413614,0.05729166666666667,0.010582682344136674,0.004518358203288149,0.03343477721933434,0.038255938902771874,0.2714285714285714,0.875,0.82,0.045479155387114244,65244628.0
249,France,2020-09-29,7856.0,72.0,122.578,42.0,19.718,13.079,0.045365247886413614,0.05729166666666667,0.010582682344136674,0.004518358203288149,0.03343477721933434,0.038255938902771874,0.2714285714285714,0.875,0.82,0.045479155387114244,65244628.0
250,France,2020-09-30,14242.0,80.0,122.578,42.0,19.718,13.079,0.045365247886413614,0.05729166666666667,0.010582682344136674,0.004518358203288149,0.03343477721933434,0.038255938902771874,0.2714285714285714,0.875,0.82,0.045479155387114244,65244628.0
251,France,2020-10-01,13025.0,57.0,122.578,42.0,19.718,13.079,0.045365247886413614,0.05729166666666667,0.010582682344136674,0.004518358203288149,0.03343477721933434,0.038255938902771874,0.2714285714285714,0.875,0.82,0.045479155387114244,65244628.0
252,France,2020-10-02,12324.0,135.0,122.578,42.0,19.718,13.079,0.045365247886413614,0.05729166666666667,0.010582682344136674,0.004518358203288149,0.03343477721933434,0.038255938902771874,0.2714285714285714,0.875,0.82,0.045479155387114244,65244628.0
253,France,2020-10-03,16514.0,25.0,122.578,42.0,19.718,13.079,0.045365247886413614,0.05729166666666667,0.010582682344136674,0.004518358203288149,0.03343477721933434,0.038255938902771874,0.2714285714285714,0.875,0.82,0.045479155387114244,65244628.0
254,France,2020-10-04,12504.0,32.0,122.578,42.0,19.718,13.079,0.045365247886413614,0.05729166666666667,0.010582682344136674,0.004518358203288149,0.03343477721933434,0.038255938902771874,0.2714285714285714,0.875,0.82,0.045479155387114244,65244628.0
255,France,2020-10-05,5375.0,70.0,122.578,42.0,19.718,13.079,0.045365247886413614,0.05729166666666667,0.010582682344136674,0.004518358203288149,0.03343477721933434,0.038255938902771874,0.2714285714285714,0.875,0.82,0.045479155387114244,65244628.0
256,France,2020-10-06,11310.0,87.0,122.578,42.0,19.718,13.079,0.045365247886413614,0.05729166666666667,0.010582682344136674,0.004518358203288149,0.03343477721933434,0.038255938902771874,0.2714285714285714,0.875,0.82,0.045479155387114244,65244628.0
257,France,2020-10-07,18823.0,79.0,122.578,42.0,19.718,13.079,0.045365247886413614,0.05729166666666667,0.010582682344136674,0.004518358203288149,0.03343477721933434,0.038255938902771874,0.2714285714285714,0.875,0.82,0.045479155387114244,65244628.0
258,France,2020-10-08,17340.0,73.0,122.578,42.0,19.718,13.079,0.045365247886413614,0.05729166666666667,0.010582682344136674,0.004518358203288149,0.03343477721933434,0.038255938902771874,0.2714285714285714,0.875,0.82,0.045479155387114244,65244628.0
259,France,2020-10-09,20697.0,110.0,122.578,42.0,19.718,13.079,0.045365247886413614,0.05729166666666667,0.010582682344136674,0.004518358203288149,0.03343477721933434,0.038255938902771874,0.2714285714285714,0.875,0.82,0.045479155387114244,65244628.0
260,France,2020-10-10,26677.0,35.0,122.578,42.0,19.718,13.079,0.045365247886413614,0.05729166666666667,0.010582682344136674,0.004518358203288149,0.03343477721933434,0.038255938902771874,0.2714285714285714,0.875,0.82,0.045479155387114244,65244628.0
261,France,2020-10-11,15994.0,46.0,122.578,42.0,19.718,13.079,0.045365247886413614,0.05729166666666667,0.010582682344136674,0.004518358203288149,0.03343477721933434,0.038255938902771874,0.2714285714285714,0.875,0.82,0.045479155387114244,65244628.0
262,France,2020-10-12,8715.0,96.0,122.578,42.0,19.718,13.079,0.045365247886413614,0.05729166666666667,0.010582682344136674,0.004518358203288149,0.03343477721933434,0.038255938902771874,0.2714285714285714,0.875,0.82,0.045479155387114244,65244628.0
263,France,2020-10-13,13626.0,128.0,122.578,42.0,19.718,13.079,0.045365247886413614,0.05729166666666667,0.010582682344136674,0.004518358203288149,0.03343477721933434,0.038255938902771874,0.2714285714285714,0.875,0.82,0.045479155387114244,65244628.0
264,France,2020-10-14,22643.0,104.0,122.578,42.0,19.718,13.079,0.045365247886413614,0.05729166666666667,0.010582682344136674,0.004518358203288149,0.03343477721933434,0.038255938902771874,0.2714285714285714,0.875,0.82,0.045479155387114244,65244628.0
265,France,2020-10-15,29757.0,85.0,122.578,42.0,19.718,13.079,0.045365247886413614,0.05729166666666667,0.010582682344136674,0.004518358203288149,0.03343477721933434,0.038255938902771874,0.2714285714285714,0.875,0.82,0.045479155387114244,65244628.0
266,France,2020-10-16,25410.0,178.0,122.578,42.0,19.718,13.079,0.045365247886413614,0.05729166666666667,0.010582682344136674,0.004518358203288149,0.03343477721933434,0.038255938902771874,0.2714285714285714,0.875,0.82,0.045479155387114244,65244628.0
267,France,2020-10-17,32139.0,73.0,122.578,42.0,19.718,13.079,0.045365247886413614,0.05729166666666667,0.010582682344136674,0.004518358203288149,0.03343477721933434,0.038255938902771874,0.2714285714285714,0.875,0.82,0.045479155387114244,65244628.0
268,France,2020-10-18,29837.0,85.0,122.578,42.0,19.718,13.079,0.045365247886413614,0.05729166666666667,0.010582682344136674,0.004518358203288149,0.03343477721933434,0.038255938902771874,0.2714285714285714,0.875,0.82,0.045479155387114244,65244628.0
269,France,2020-10-19,13538.0,146.0,122.578,42.0,19.718,13.079,0.045365247886413614,0.05729166666666667,0.010582682344136674,0.004518358203288149,0.03343477721933434,0.038255938902771874,0.2714285714285714,0.875,0.82,0.045479155387114244,65244628.0
270,France,2020-10-20,20376.0,281.0,122.578,42.0,19.718,13.079,0.045365247886413614,0.05729166666666667,0.010582682344136674,0.004518358203288149,0.03343477721933434,0.038255938902771874,0.2714285714285714,0.875,0.82,0.045479155387114244,65244628.0
271,France,2020-10-21,26797.0,165.0,122.578,42.0,19.718,13.079,0.045365247886413614,0.05729166666666667,0.010582682344136674,0.004518358203288149,0.03343477721933434,0.038255938902771874,0.2714285714285714,0.875,0.82,0.045479155387114244,65244628.0
272,France,2020-10-22,40813.0,154.0,122.578,42.0,19.718,13.079,0.045365247886413614,0.05729166666666667,0.010582682344136674,0.004518358203288149,0.03343477721933434,0.038255938902771874,0.2714285714285714,0.875,0.82,0.045479155387114244,65244628.0
273,France,2020-10-23,42213.0,299.0,122.578,42.0,19.718,13.079,0.045365247886413614,0.05729166666666667,0.010582682344136674,0.004518358203288149,0.03343477721933434,0.038255938902771874,0.2714285714285714,0.875,0.82,0.045479155387114244,65244628.0
274,France,2020-10-24,45265.0,136.0,122.578,42.0,19.718,13.079,0.045365247886413614,0.05729166666666667,0.010582682344136674,0.004518358203288149,0.03343477721933434,0.038255938902771874,0.2714285714285714,0.875,0.82,0.045479155387114244,65244628.0
275,France,2020-10-25,6554.0,0.0,122.578,42.0,19.718,13.079,0.045365247886413614,0.05729166666666667,0.010582682344136674,0.004518358203288149,0.03343477721933434,0.038255938902771874,0.2714285714285714,0.875,0.82,0.045479155387114244,65244628.0
276,France,2020-10-26,72438.0,383.0,122.578,42.0,19.718,13.079,0.045365247886413614,0.05729166666666667,0.010582682344136674,0.004518358203288149,0.03343477721933434,0.038255938902771874,0.2714285714285714,0.875,0.82,0.045479155387114244,65244628.0
277,France,2020-10-27,34458.0,528.0,122.578,42.0,19.718,13.079,0.045365247886413614,0.05729166666666667,0.010582682344136674,0.004518358203288149,0.03343477721933434,0.038255938902771874,0.2714285714285714,0.875,0.82,0.045479155387114244,65244628.0
278,France,2020-10-28,36719.0,256.0,122.578,42.0,19.718,13.079,0.045365247886413614,0.05729166666666667,0.010582682344136674,0.004518358203288149,0.03343477721933434,0.038255938902771874,0.2714285714285714,0.875,0.82,0.045479155387114244,65244628.0
279,France,2020-10-29,46636.0,233.0,122.578,42.0,19.718,13.079,0.045365247886413614,0.05729166666666667,0.010582682344136674,0.004518358203288149,0.03343477721933434,0.038255938902771874,0.2714285714285714,0.875,0.82,0.045479155387114244,65244628.0
280,France,2020-10-30,49473.0,547.0,122.578,42.0,19.718,13.079,0.045365247886413614,0.05729166666666667,0.010582682344136674,0.004518358203288149,0.03343477721933434,0.038255938902771874,0.2714285714285714,0.875,0.82,0.045479155387114244,65244628.0
281,France,2020-10-31,35101.0,222.0,122.578,42.0,19.718,13.079,0.045365247886413614,0.05729166666666667,0.010582682344136674,0.004518358203288149,0.03343477721933434,0.038255938902771874,0.2714285714285714,0.875,0.82,0.045479155387114244,65244628.0
282,France,2020-11-01,46179.0,231.0,122.578,42.0,19.718,13.079,0.045365247886413614,0.05729166666666667,0.010582682344136674,0.004518358203288149,0.03343477721933434,0.038255938902771874,0.2714285714285714,0.875,0.82,0.045479155387114244,65244628.0
283,France,2020-11-02,104707.0,419.0,122.578,42.0,19.718,13.079,0.045365247886413614,0.05729166666666667,0.010582682344136674,0.004518358203288149,0.03343477721933434,0.038255938902771874,0.2714285714285714,0.875,0.82,0.045479155387114244,65244628.0
284,France,2020-11-03,72298.0,1279.0,122.578,42.0,19.718,13.079,0.045365247886413614,0.05729166666666667,0.010582682344136674,0.004518358203288149,0.03343477721933434,0.038255938902771874,0.2714285714285714,0.875,0.82,0.045479155387114244,65244628.0
285,France,2020-11-04,0.0,0.0,122.578,42.0,19.718,13.079,0.045365247886413614,0.05729166666666667,0.010582682344136674,0.004518358203288149,0.03343477721933434,0.038255938902771874,0.2714285714285714,0.875,0.82,0.045479155387114244,65244628.0
286,France,2020-11-05,57352.0,357.0,122.578,42.0,19.718,13.079,0.045365247886413614,0.05729166666666667,0.010582682344136674,0.004518358203288149,0.03343477721933434,0.038255938902771874,0.2714285714285714,0.875,0.82,0.045479155387114244,65244628.0
287,France,2020-11-06,60711.0,829.0,122.578,42.0,19.718,13.079,0.045365247886413614,0.05729166666666667,0.010582682344136674,0.004518358203288149,0.03343477721933434,0.038255938902771874,0.2714285714285714,0.875,0.82,0.045479155387114244,65244628.0
288,France,2020-11-07,86655.0,303.0,122.578,42.0,19.718,13.079,0.045365247886413614,0.05729166666666667,0.010582682344136674,0.004518358203288149,0.03343477721933434,0.038255938902771874,0.2714285714285714,0.875,0.82,0.045479155387114244,65244628.0
289,France,2020-11-08,38562.0,270.0,122.578,42.0,19.718,13.079,0.045365247886413614,0.05729166666666667,0.010582682344136674,0.004518358203288149,0.03343477721933434,0.038255938902771874,0.2714285714285714,0.875,0.82,0.045479155387114244,65244628.0
290,France,2020-11-09,20739.0,550.0,122.578,42.0,19.718,13.079,0.045365247886413614,0.05729166666666667,0.010582682344136674,0.004518358203288149,0.03343477721933434,0.038255938902771874,0.2714285714285714,0.875,0.82,0.045479155387114244,65244628.0
291,France,2020-11-10,22322.0,1228.0,122.578,42.0,19.718,13.079,0.045365247886413614,0.05729166666666667,0.010582682344136674,0.004518358203288149,0.03343477721933434,0.038255938902771874,0.2714285714285714,0.875,0.82,0.045479155387114244,65244628.0
292,France,2020-11-11,36061.0,328.0,122.578,42.0,19.718,13.079,0.045365247886413614,0.05729166666666667,0.010582682344136674,0.004518358203288149,0.03343477721933434,0.038255938902771874,0.2714285714285714,0.875,0.82,0.045479155387114244,65244628.0
293,France,2020-11-12,32388.0,415.0,122.578,42.0,19.718,13.079,0.045365247886413614,0.05729166666666667,0.010582682344136674,0.004518358203288149,0.03343477721933434,0.038255938902771874,0.2714285714285714,0.875,0.82,0.045479155387114244,65244628.0
294,France,2020-11-13,23914.0,932.0,122.578,42.0,19.718,13.079,0.045365247886413614,0.05729166666666667,0.010582682344136674,0.004518358203288149,0.03343477721933434,0.038255938902771874,0.2714285714285714,0.875,0.82,0.045479155387114244,65244628.0
295,France,2020-11-14,31957.0,353.0,122.578,42.0,19.718,13.079,0.045365247886413614,0.05729166666666667,0.010582682344136674,0.004518358203288149,0.03343477721933434,0.038255938902771874,0.2714285714285714,0.875,0.82,0.045479155387114244,65244628.0
296,France,2020-11-15,27192.0,303.0,122.578,42.0,19.718,13.079,0.045365247886413614,0.05729166666666667,0.010582682344136674,0.004518358203288149,0.03343477721933434,0.038255938902771874,0.2714285714285714,0.875,0.82,0.045479155387114244,65244628.0
297,France,2020-11-16,9635.0,508.0,122.578,42.0,19.718,13.079,0.045365247886413614,0.05729166666666667,0.010582682344136674,0.004518358203288149,0.03343477721933434,0.038255938902771874,0.2714285714285714,0.875,0.82,0.045479155387114244,65244628.0
298,France,2020-11-17,45361.0,1221.0,122.578,42.0,19.718,13.079,0.045365247886413614,0.05729166666666667,0.010582682344136674,0.004518358203288149,0.03343477721933434,0.038255938902771874,0.2714285714285714,0.875,0.82,0.045479155387114244,65244628.0
299,France,2020-11-18,28619.0,430.0,122.578,42.0,19.718,13.079,0.045365247886413614,0.05729166666666667,0.010582682344136674,0.004518358203288149,0.03343477721933434,0.038255938902771874,0.2714285714285714,0.875,0.82,0.045479155387114244,65244628.0
300,France,2020-11-19,20560.0,417.0,122.578,42.0,19.718,13.079,0.045365247886413614,0.05729166666666667,0.010582682344136674,0.004518358203288149,0.03343477721933434,0.038255938902771874,0.2714285714285714,0.875,0.82,0.045479155387114244,65244628.0
301,France,2020-11-20,23102.0,1140.0,122.578,42.0,19.718,13.079,0.045365247886413614,0.05729166666666667,0.010582682344136674,0.004518358203288149,0.03343477721933434,0.038255938902771874,0.2714285714285714,0.875,0.82,0.045479155387114244,65244628.0
302,France,2020-11-21,17668.0,252.0,122.578,42.0,19.718,13.079,0.045365247886413614,0.05729166666666667,0.010582682344136674,0.004518358203288149,0.03343477721933434,0.038255938902771874,0.2714285714285714,0.875,0.82,0.045479155387114244,65244628.0
303,France,2020-11-22,13130.0,214.0,122.578,42.0,19.718,13.079,0.045365247886413614,0.05729166666666667,0.010582682344136674,0.004518358203288149,0.03343477721933434,0.038255938902771874,0.2714285714285714,0.875,0.82,0.045479155387114244,65244628.0
304,France,2020-11-23,4754.0,501.0,122.578,42.0,19.718,13.079,0.045365247886413614,0.05729166666666667,0.010582682344136674,0.004518358203288149,0.03343477721933434,0.038255938902771874,0.2714285714285714,0.875,0.82,0.045479155387114244,65244628.0
305,France,2020-11-24,9690.0,1009.0,122.578,42.0,19.718,13.079,0.045365247886413614,0.05729166666666667,0.010582682344136674,0.004518358203288149,0.03343477721933434,0.038255938902771874,0.2714285714285714,0.875,0.82,0.045479155387114244,65244628.0
306,France,2020-11-25,16488.0,388.0,122.578,42.0,19.718,13.079,0.045365247886413614,0.05729166666666667,0.010582682344136674,0.004518358203288149,0.03343477721933434,0.038255938902771874,0.2714285714285714,0.875,0.82,0.045479155387114244,65244628.0
307,France,2020-11-26,12901.0,329.0,122.578,42.0,19.718,13.079,0.045365247886413614,0.05729166666666667,0.010582682344136674,0.004518358203288149,0.03343477721933434,0.038255938902771874,0.2714285714285714,0.875,0.82,0.045479155387114244,65244628.0
308,France,2020-11-27,12561.0,958.0,122.578,42.0,19.718,13.079,0.045365247886413614,0.05729166666666667,0.010582682344136674,0.004518358203288149,0.03343477721933434,0.038255938902771874,0.2714285714285714,0.875,0.82,0.045479155387114244,65244628.0
309,France,2020-11-28,12477.0,212.0,122.578,42.0,19.718,13.079,0.045365247886413614,0.05729166666666667,0.010582682344136674,0.004518358203288149,0.03343477721933434,0.038255938902771874,0.2714285714285714,0.875,0.82,0.045479155387114244,65244628.0
310,France,2020-11-29,9763.0,198.0,122.578,42.0,19.718,13.079,0.045365247886413614,0.05729166666666667,0.010582682344136674,0.004518358203288149,0.03343477721933434,0.038255938902771874,0.2714285714285714,0.875,0.82,0.045479155387114244,65244628.0
311,France,2020-11-30,4030.0,406.0,122.578,42.0,19.718,13.079,0.045365247886413614,0.05729166666666667,0.010582682344136674,0.004518358203288149,0.03343477721933434,0.038255938902771874,0.2714285714285714,0.875,0.82,0.045479155387114244,65244628.0
312,France,2020-12-01,8256.0,776.0,122.578,42.0,19.718,13.079,0.045365247886413614,0.05729166666666667,0.010582682344136674,0.004518358203288149,0.03343477721933434,0.038255938902771874,0.2714285714285714,0.875,0.82,0.045479155387114244,65244628.0
313,France,2020-12-02,14071.0,310.0,122.578,42.0,19.718,13.079,0.045365247886413614,0.05729166666666667,0.010582682344136674,0.004518358203288149,0.03343477721933434,0.038255938902771874,0.2714285714285714,0.875,0.82,0.045479155387114244,65244628.0
314,France,2020-12-03,12605.0,323.0,122.578,42.0,19.718,13.079,0.045365247886413614,0.05729166666666667,0.010582682344136674,0.004518358203288149,0.03343477721933434,0.038255938902771874,0.2714285714285714,0.875,0.82,0.045479155387114244,65244628.0
315,France,2020-12-04,11300.0,629.0,122.578,42.0,19.718,13.079,0.045365247886413614,0.05729166666666667,0.010582682344136674,0.004518358203288149,0.03343477721933434,0.038255938902771874,0.2714285714285714,0.875,0.82,0.045479155387114244,65244628.0
316,France,2020-12-05,12882.0,212.0,122.578,42.0,19.718,13.079,0.045365247886413614,0.05729166666666667,0.010582682344136674,0.004518358203288149,0.03343477721933434,0.038255938902771874,0.2714285714285714,0.875,0.82,0.045479155387114244,65244628.0
317,France,2020-12-06,10949.0,174.0,122.578,42.0,19.718,13.079,0.045365247886413614,0.05729166666666667,0.010582682344136674,0.004518358203288149,0.03343477721933434,0.038255938902771874,0.2714285714285714,0.875,0.82,0.045479155387114244,65244628.0
318,France,2020-12-07,3411.0,366.0,122.578,42.0,19.718,13.079,0.045365247886413614,0.05729166666666667,0.010582682344136674,0.004518358203288149,0.03343477721933434,0.038255938902771874,0.2714285714285714,0.875,0.82,0.045479155387114244,65244628.0
319,France,2020-12-08,13819.0,831.0,122.578,42.0,19.718,13.079,0.045365247886413614,0.05729166666666667,0.010582682344136674,0.004518358203288149,0.03343477721933434,0.038255938902771874,0.2714285714285714,0.875,0.82,0.045479155387114244,65244628.0
320,France,2020-12-09,14595.0,293.0,122.578,42.0,19.718,13.079,0.045365247886413614,0.05729166666666667,0.010582682344136674,0.004518358203288149,0.03343477721933434,0.038255938902771874,0.2714285714285714,0.875,0.82,0.045479155387114244,65244628.0
321,France,2020-12-10,13750.0,295.0,122.578,42.0,19.718,13.079,0.045365247886413614,0.05729166666666667,0.010582682344136674,0.004518358203288149,0.03343477721933434,0.038255938902771874,0.2714285714285714,0.875,0.82,0.045479155387114244,65244628.0
322,France,2020-12-11,13406.0,628.0,122.578,42.0,19.718,13.079,0.045365247886413614,0.05729166666666667,0.010582682344136674,0.004518358203288149,0.03343477721933434,0.038255938902771874,0.2714285714285714,0.875,0.82,0.045479155387114244,65244628.0
323,France,2020-12-12,13947.0,193.0,122.578,42.0,19.718,13.079,0.045365247886413614,0.05729166666666667,0.010582682344136674,0.004518358203288149,0.03343477721933434,0.038255938902771874,0.2714285714285714,0.875,0.82,0.045479155387114244,65244628.0
324,France,2020-12-13,11533.0,150.0,122.578,42.0,19.718,13.079,0.045365247886413614,0.05729166666666667,0.010582682344136674,0.004518358203288149,0.03343477721933434,0.038255938902771874,0.2714285714285714,0.875,0.82,0.045479155387114244,65244628.0
325,France,2020-12-14,3063.0,371.0,122.578,42.0,19.718,13.079,0.045365247886413614,0.05729166666666667,0.010582682344136674,0.004518358203288149,0.03343477721933434,0.038255938902771874,0.2714285714285714,0.875,0.82,0.045479155387114244,65244628.0
326,France,2020-12-15,11601.0,790.0,122.578,42.0,19.718,13.079,0.045365247886413614,0.05729166666666667,0.010582682344136674,0.004518358203288149,0.03343477721933434,0.038255938902771874,0.2714285714285714,0.875,0.82,0.045479155387114244,65244628.0
327,France,2020-12-16,17615.0,289.0,122.578,42.0,19.718,13.079,0.045365247886413614,0.05729166666666667,0.010582682344136674,0.004518358203288149,0.03343477721933434,0.038255938902771874,0.2714285714285714,0.875,0.82,0.045479155387114244,65244628.0
328,France,2020-12-17,18254.0,258.0,122.578,42.0,19.718,13.079,0.045365247886413614,0.05729166666666667,0.010582682344136674,0.004518358203288149,0.03343477721933434,0.038255938902771874,0.2714285714285714,0.875,0.82,0.045479155387114244,65244628.0
329,France,2020-12-18,15811.0,610.0,122.578,42.0,19.718,13.079,0.045365247886413614,0.05729166666666667,0.010582682344136674,0.004518358203288149,0.03343477721933434,0.038255938902771874,0.2714285714285714,0.875,0.82,0.045479155387114244,65244628.0
330,France,2020-12-19,17428.0,189.0,122.578,42.0,19.718,13.079,0.045365247886413614,0.05729166666666667,0.010582682344136674,0.004518358203288149,0.03343477721933434,0.038255938902771874,0.2714285714285714,0.875,0.82,0.045479155387114244,65244628.0
331,France,2020-12-20,12858.0,131.0,122.578,42.0,19.718,13.079,0.045365247886413614,0.05729166666666667,0.010582682344136674,0.004518358203288149,0.03343477721933434,0.038255938902771874,0.2714285714285714,0.875,0.82,0.045479155387114244,65244628.0
332,France,2020-12-21,5797.0,351.0,122.578,42.0,19.718,13.079,0.045365247886413614,0.05729166666666667,0.010582682344136674,0.004518358203288149,0.03343477721933434,0.038255938902771874,0.2714285714285714,0.875,0.82,0.045479155387114244,65244628.0
333,France,2020-12-22,11795.0,802.0,122.578,42.0,19.718,13.079,0.045365247886413614,0.05729166666666667,0.010582682344136674,0.004518358203288149,0.03343477721933434,0.038255938902771874,0.2714285714285714,0.875,0.82,0.045479155387114244,65244628.0
334,France,2020-12-23,14929.0,276.0,122.578,42.0,19.718,13.079,0.045365247886413614,0.05729166666666667,0.010582682344136674,0.004518358203288149,0.03343477721933434,0.038255938902771874,0.2714285714285714,0.875,0.82,0.045479155387114244,65244628.0
335,France,2020-12-24,21634.0,290.0,122.578,42.0,19.718,13.079,0.045365247886413614,0.05729166666666667,0.010582682344136674,0.004518358203288149,0.03343477721933434,0.038255938902771874,0.2714285714285714,0.875,0.82,0.045479155387114244,65244628.0
336,France,2020-12-25,20262.0,159.0,122.578,42.0,19.718,13.079,0.045365247886413614,0.05729166666666667,0.010582682344136674,0.004518358203288149,0.03343477721933434,0.038255938902771874,0.2714285714285714,0.875,0.82,0.045479155387114244,65244628.0
337,France,2020-12-26,3093.0,146.0,122.578,42.0,19.718,13.079,0.045365247886413614,0.05729166666666667,0.010582682344136674,0.004518358203288149,0.03343477721933434,0.038255938902771874,0.2714285714285714,0.875,0.82,0.045479155387114244,65244628.0
338,France,2020-12-27,8867.0,173.0,122.578,42.0,19.718,13.079,0.045365247886413614,0.05729166666666667,0.010582682344136674,0.004518358203288149,0.03343477721933434,0.038255938902771874,0.2714285714285714,0.875,0.82,0.045479155387114244,65244628.0
339,France,2020-12-28,2960.0,363.0,122.578,42.0,19.718,13.079,0.045365247886413614,0.05729166666666667,0.010582682344136674,0.004518358203288149,0.03343477721933434,0.038255938902771874,0.2714285714285714,0.875,0.82,0.045479155387114244,65244628.0
340,France,2020-12-29,11395.0,969.0,122.578,42.0,19.718,13.079,0.045365247886413614,0.05729166666666667,0.010582682344136674,0.004518358203288149,0.03343477721933434,0.038255938902771874,0.2714285714285714,0.875,0.82,0.045479155387114244,65244628.0
341,France,2020-12-30,26457.0,303.0,122.578,42.0,19.718,13.079,0.045365247886413614,0.05729166666666667,0.010582682344136674,0.004518358203288149,0.03343477721933434,0.038255938902771874,0.2714285714285714,0.875,0.82,0.045479155387114244,65244628.0
342,France,2020-12-31,19927.0,251.0,122.578,42.0,19.718,13.079,0.045365247886413614,0.05729166666666667,0.010582682344136674,0.004518358203288149,0.03343477721933434,0.038255938902771874,0.2714285714285714,0.875,0.82,0.045479155387114244,65244628.0
343,France,2021-01-01,19358.0,133.0,122.578,42.0,19.718,13.079,0.045365247886413614,0.05729166666666667,0.010582682344136674,0.004518358203288149,0.03343477721933434,0.038255938902771874,0.2714285714285714,0.875,0.82,0.045479155387114244,65244628.0
344,France,2021-01-02,3466.0,156.0,122.578,42.0,19.718,13.079,0.045365247886413614,0.05729166666666667,0.010582682344136674,0.004518358203288149,0.03343477721933434,0.038255938902771874,0.2714285714285714,0.875,0.82,0.045479155387114244,65244628.0
345,France,2021-01-03,12489.0,116.0,122.578,42.0,19.718,13.079,0.045365247886413614,0.05729166666666667,0.010582682344136674,0.004518358203288149,0.03343477721933434,0.038255938902771874,0.2714285714285714,0.875,0.82,0.045479155387114244,65244628.0
346,France,2021-01-04,4022.0,378.0,122.578,42.0,19.718,13.079,0.045365247886413614,0.05729166666666667,0.010582682344136674,0.004518358203288149,0.03343477721933434,0.038255938902771874,0.2714285714285714,0.875,0.82,0.045479155387114244,65244628.0
347,France,2021-01-05,20733.0,868.0,122.578,42.0,19.718,13.079,0.045365247886413614,0.05729166666666667,0.010582682344136674,0.004518358203288149,0.03343477721933434,0.038255938902771874,0.2714285714285714,0.875,0.82,0.045479155387114244,65244628.0
348,France,2021-01-06,25143.0,282.0,122.578,42.0,19.718,13.079,0.045365247886413614,0.05729166666666667,0.010582682344136674,0.004518358203288149,0.03343477721933434,0.038255938902771874,0.2714285714285714,0.875,0.82,0.045479155387114244,65244628.0
349,France,2021-01-07,21703.0,276.0,122.578,42.0,19.718,13.079,0.045365247886413614,0.05729166666666667,0.010582682344136674,0.004518358203288149,0.03343477721933434,0.038255938902771874,0.2714285714285714,0.875,0.82,0.045479155387114244,65244628.0
350,France,2021-01-08,19814.0,590.0,122.578,42.0,19.718,13.079,0.045365247886413614,0.05729166666666667,0.010582682344136674,0.004518358203288149,0.03343477721933434,0.038255938902771874,0.2714285714285714,0.875,0.82,0.045479155387114244,65244628.0
351,France,2021-01-09,20177.0,168.0,122.578,42.0,19.718,13.079,0.045365247886413614,0.05729166666666667,0.010582682344136674,0.004518358203288149,0.03343477721933434,0.038255938902771874,0.2714285714285714,0.875,0.82,0.045479155387114244,65244628.0
352,France,2021-01-10,15944.0,151.0,122.578,42.0,19.718,13.079,0.045365247886413614,0.05729166666666667,0.010582682344136674,0.004518358203288149,0.03343477721933434,0.038255938902771874,0.2714285714285714,0.875,0.82,0.045479155387114244,65244628.0
353,France,2021-01-11,3717.0,310.0,122.578,42.0,19.718,13.079,0.045365247886413614,0.05729166666666667,0.010582682344136674,0.004518358203288149,0.03343477721933434,0.038255938902771874,0.2714285714285714,0.875,0.82,0.045479155387114244,65244628.0
354,France,2021-01-12,19694.0,742.0,122.578,42.0,19.718,13.079,0.045365247886413614,0.05729166666666667,0.010582682344136674,0.004518358203288149,0.03343477721933434,0.038255938902771874,0.2714285714285714,0.875,0.82,0.045479155387114244,65244628.0
355,France,2021-01-13,23852.0,229.0,122.578,42.0,19.718,13.079,0.045365247886413614,0.05729166666666667,0.010582682344136674,0.004518358203288149,0.03343477721933434,0.038255938902771874,0.2714285714285714,0.875,0.82,0.045479155387114244,65244628.0
356,France,2021-01-14,21228.0,282.0,122.578,42.0,19.718,13.079,0.045365247886413614,0.05729166666666667,0.010582682344136674,0.004518358203288149,0.03343477721933434,0.038255938902771874,0.2714285714285714,0.875,0.82,0.045479155387114244,65244628.0
357,France,2021-01-15,21271.0,636.0,122.578,42.0,19.718,13.079,0.045365247886413614,0.05729166666666667,0.010582682344136674,0.004518358203288149,0.03343477721933434,0.038255938902771874,0.2714285714285714,0.875,0.82,0.045479155387114244,65244628.0
358,France,2021-01-16,21406.0,193.0,122.578,42.0,19.718,13.079,0.045365247886413614,0.05729166666666667,0.010582682344136674,0.004518358203288149,0.03343477721933434,0.038255938902771874,0.2714285714285714,0.875,0.82,0.045479155387114244,65244628.0
359,France,2021-01-17,16642.0,141.0,122.578,42.0,19.718,13.079,0.045365247886413614,0.05729166666666667,0.010582682344136674,0.004518358203288149,0.03343477721933434,0.038255938902771874,0.2714285714285714,0.875,0.82,0.045479155387114244,65244628.0
360,France,2021-01-18,3736.0,403.0,122.578,42.0,19.718,13.079,0.045365247886413614,0.05729166666666667,0.010582682344136674,0.004518358203288149,0.03343477721933434,0.038255938902771874,0.2714285714285714,0.875,0.82,0.045479155387114244,65244628.0
361,France,2021-01-19,24023.0,656.0,122.578,42.0,19.718,13.079,0.045365247886413614,0.05729166666666667,0.010582682344136674,0.004518358203288149,0.03343477721933434,0.038255938902771874,0.2714285714285714,0.875,0.82,0.045479155387114244,65244628.0
362,France,2021-01-20,26758.0,310.0,122.578,42.0,19.718,13.079,0.045365247886413614,0.05729166666666667,0.010582682344136674,0.004518358203288149,0.03343477721933434,0.038255938902771874,0.2714285714285714,0.875,0.82,0.045479155387114244,65244628.0
363,France,2021-01-21,22587.0,346.0,122.578,42.0,19.718,13.079,0.045365247886413614,0.05729166666666667,0.010582682344136674,0.004518358203288149,0.03343477721933434,0.038255938902771874,0.2714285714285714,0.875,0.82,0.045479155387114244,65244628.0
364,France,2021-01-22,23292.0,649.0,122.578,42.0,19.718,13.079,0.045365247886413614,0.05729166666666667,0.010582682344136674,0.004518358203288149,0.03343477721933434,0.038255938902771874,0.2714285714285714,0.875,0.82,0.045479155387114244,65244628.0
365,France,2021-01-23,24093.0,230.0,122.578,42.0,19.718,13.079,0.045365247886413614,0.05729166666666667,0.010582682344136674,0.004518358203288149,0.03343477721933434,0.038255938902771874,0.2714285714285714,0.875,0.82,0.045479155387114244,65244628.0
366,France,2021-01-24,18436.0,172.0,122.578,42.0,19.718,13.079,0.045365247886413614,0.05729166666666667,0.010582682344136674,0.004518358203288149,0.03343477721933434,0.038255938902771874,0.2714285714285714,0.875,0.82,0.045479155387114244,65244628.0
367,France,2021-01-25,4240.0,445.0,122.578,42.0,19.718,13.079,0.045365247886413614,0.05729166666666667,0.010582682344136674,0.004518358203288149,0.03343477721933434,0.038255938902771874,0.2714285714285714,0.875,0.82,0.045479155387114244,65244628.0
368,France,2021-01-26,22086.0,612.0,122.578,42.0,19.718,13.079,0.045365247886413614,0.05729166666666667,0.010582682344136674,0.004518358203288149,0.03343477721933434,0.038255938902771874,0.2714285714285714,0.875,0.82,0.045479155387114244,65244628.0
369,France,2021-01-27,26916.0,350.0,122.578,42.0,19.718,13.079,0.045365247886413614,0.05729166666666667,0.010582682344136674,0.004518358203288149,0.03343477721933434,0.038255938902771874,0.2714285714285714,0.875,0.82,0.045479155387114244,65244628.0
370,France,2021-01-28,23770.0,344.0,122.578,42.0,19.718,13.079,0.045365247886413614,0.05729166666666667,0.010582682344136674,0.004518358203288149,0.03343477721933434,0.038255938902771874,0.2714285714285714,0.875,0.82,0.045479155387114244,65244628.0
371,France,2021-01-29,23205.0,821.0,122.578,42.0,19.718,13.079,0.045365247886413614,0.05729166666666667,0.010582682344136674,0.004518358203288149,0.03343477721933434,0.038255938902771874,0.2714285714285714,0.875,0.82,0.045479155387114244,65244628.0
372,France,2021-01-30,24045.0,241.0,122.578,42.0,19.718,13.079,0.045365247886413614,0.05729166666666667,0.010582682344136674,0.004518358203288149,0.03343477721933434,0.038255938902771874,0.2714285714285714,0.875,0.82,0.045479155387114244,65244628.0
373,France,2021-01-31,19336.0,195.0,122.578,42.0,19.718,13.079,0.045365247886413614,0.05729166666666667,0.010582682344136674,0.004518358203288149,0.03343477721933434,0.038255938902771874,0.2714285714285714,0.875,0.82,0.045479155387114244,65244628.0
374,France,2021-02-01,4347.0,455.0,122.578,42.0,19.718,13.079,0.045365247886413614,0.05729166666666667,0.010582682344136674,0.004518358203288149,0.03343477721933434,0.038255938902771874,0.2714285714285714,0.875,0.82,0.045479155387114244,65244628.0
375,France,2021-02-02,23337.0,726.0,122.578,42.0,19.718,13.079,0.045365247886413614,0.05729166666666667,0.010582682344136674,0.004518358203288149,0.03343477721933434,0.038255938902771874,0.2714285714285714,0.875,0.82,0.045479155387114244,65244628.0
376,France,2021-02-03,26362.0,357.0,122.578,42.0,19.718,13.079,0.045365247886413614,0.05729166666666667,0.010582682344136674,0.004518358203288149,0.03343477721933434,0.038255938902771874,0.2714285714285714,0.875,0.82,0.045479155387114244,65244628.0
377,France,2021-02-04,0.0,0.0,122.578,42.0,19.718,13.079,0.045365247886413614,0.05729166666666667,0.010582682344136674,0.004518358203288149,0.03343477721933434,0.038255938902771874,0.2714285714285714,0.875,0.82,0.045479155387114244,65244628.0
378,France,2021-02-05,45587.0,1008.0,122.578,42.0,19.718,13.079,0.045365247886413614,0.05729166666666667,0.010582682344136674,0.004518358203288149,0.03343477721933434,0.038255938902771874,0.2714285714285714,0.875,0.82,0.045479155387114244,65244628.0
379,France,2021-02-06,20586.0,191.0,122.578,42.0,19.718,13.079,0.045365247886413614,0.05729166666666667,0.010582682344136674,0.004518358203288149,0.03343477721933434,0.038255938902771874,0.2714285714285714,0.875,0.82,0.045479155387114244,65244628.0
380,France,2021-02-07,19715.0,171.0,122.578,42.0,19.718,13.079,0.045365247886413614,0.05729166666666667,0.010582682344136674,0.004518358203288149,0.03343477721933434,0.038255938902771874,0.2714285714285714,0.875,0.82,0.045479155387114244,65244628.0
381,France,2021-02-08,4317.0,458.0,122.578,42.0,19.718,13.079,0.045365247886413614,0.05729166666666667,0.010582682344136674,0.004518358203288149,0.03343477721933434,0.038255938902771874,0.2714285714285714,0.875,0.82,0.045479155387114244,65244628.0
382,France,2021-02-09,19004.0,724.0,122.578,42.0,19.718,13.079,0.045365247886413614,0.05729166666666667,0.010582682344136674,0.004518358203288149,0.03343477721933434,0.038255938902771874,0.2714285714285714,0.875,0.82,0.045479155387114244,65244628.0
383,France,2021-02-10,25387.0,296.0,122.578,42.0,19.718,13.079,0.045365247886413614,0.05729166666666667,0.010582682344136674,0.004518358203288149,0.03343477721933434,0.038255938902771874,0.2714285714285714,0.875,0.82,0.045479155387114244,65244628.0
384,France,2021-02-11,21063.0,360.0,122.578,42.0,19.718,13.079,0.045365247886413614,0.05729166666666667,0.010582682344136674,0.004518358203288149,0.03343477721933434,0.038255938902771874,0.2714285714285714,0.875,0.82,0.045479155387114244,65244628.0
385,France,2021-02-12,20701.0,645.0,122.578,42.0,19.718,13.079,0.045365247886413614,0.05729166666666667,0.010582682344136674,0.004518358203288149,0.03343477721933434,0.038255938902771874,0.2714285714285714,0.875,0.82,0.045479155387114244,65244628.0
386,France,2021-02-13,21231.0,199.0,122.578,42.0,19.718,13.079,0.045365247886413614,0.05729166666666667,0.010582682344136674,0.004518358203288149,0.03343477721933434,0.038255938902771874,0.2714285714285714,0.875,0.82,0.045479155387114244,65244628.0
387,France,2021-02-14,16675.0,167.0,122.578,42.0,19.718,13.079,0.045365247886413614,0.05729166666666667,0.010582682344136674,0.004518358203288149,0.03343477721933434,0.038255938902771874,0.2714285714285714,0.875,0.82,0.045479155387114244,65244628.0
388,France,2021-02-15,4376.0,412.0,122.578,42.0,19.718,13.079,0.045365247886413614,0.05729166666666667,0.010582682344136674,0.004518358203288149,0.03343477721933434,0.038255938902771874,0.2714285714285714,0.875,0.82,0.045479155387114244,65244628.0
389,France,2021-02-16,19590.0,586.0,122.578,42.0,19.718,13.079,0.045365247886413614,0.05729166666666667,0.010582682344136674,0.004518358203288149,0.03343477721933434,0.038255938902771874,0.2714285714285714,0.875,0.82,0.045479155387114244,65244628.0
390,France,2021-02-17,25018.0,310.0,122.578,42.0,19.718,13.079,0.045365247886413614,0.05729166666666667,0.010582682344136674,0.004518358203288149,0.03343477721933434,0.038255938902771874,0.2714285714285714,0.875,0.82,0.045479155387114244,65244628.0
391,France,2021-02-18,22501.0,271.0,122.578,42.0,19.718,13.079,0.045365247886413614,0.05729166666666667,0.010582682344136674,0.004518358203288149,0.03343477721933434,0.038255938902771874,0.2714285714285714,0.875,0.82,0.045479155387114244,65244628.0
392,France,2021-02-19,24116.0,571.0,122.578,42.0,19.718,13.079,0.045365247886413614,0.05729166666666667,0.010582682344136674,0.004518358203288149,0.03343477721933434,0.038255938902771874,0.2714285714285714,0.875,0.82,0.045479155387114244,65244628.0
393,France,2021-02-20,22371.0,157.0,122.578,42.0,19.718,13.079,0.045365247886413614,0.05729166666666667,0.010582682344136674,0.004518358203288149,0.03343477721933434,0.038255938902771874,0.2714285714285714,0.875,0.82,0.045479155387114244,65244628.0
394,France,2021-02-21,22046.0,159.0,122.578,42.0,19.718,13.079,0.045365247886413614,0.05729166666666667,0.010582682344136674,0.004518358203288149,0.03343477721933434,0.038255938902771874,0.2714285714285714,0.875,0.82,0.045479155387114244,65244628.0
395,France,2021-02-22,4646.0,333.0,122.578,42.0,19.718,13.079,0.045365247886413614,0.05729166666666667,0.010582682344136674,0.004518358203288149,0.03343477721933434,0.038255938902771874,0.2714285714285714,0.875,0.82,0.045479155387114244,65244628.0
396,France,2021-02-23,20185.0,431.0,122.578,42.0,19.718,13.079,0.045365247886413614,0.05729166666666667,0.010582682344136674,0.004518358203288149,0.03343477721933434,0.038255938902771874,0.2714285714285714,0.875,0.82,0.045479155387114244,65244628.0
397,France,2021-02-24,31519.0,277.0,122.578,42.0,19.718,13.079,0.045365247886413614,0.05729166666666667,0.010582682344136674,0.004518358203288149,0.03343477721933434,0.038255938902771874,0.2714285714285714,0.875,0.82,0.045479155387114244,65244628.0
398,France,2021-02-25,25403.0,261.0,122.578,42.0,19.718,13.079,0.045365247886413614,0.05729166666666667,0.010582682344136674,0.004518358203288149,0.03343477721933434,0.038255938902771874,0.2714285714285714,0.875,0.82,0.045479155387114244,65244628.0
399,France,2021-02-26,25207.0,539.0,122.578,42.0,19.718,13.079,0.045365247886413614,0.05729166666666667,0.010582682344136674,0.004518358203288149,0.03343477721933434,0.038255938902771874,0.2714285714285714,0.875,0.82,0.045479155387114244,65244628.0
400,France,2021-02-27,24110.0,185.0,122.578,42.0,19.718,13.079,0.045365247886413614,0.05729166666666667,0.010582682344136674,0.004518358203288149,0.03343477721933434,0.038255938902771874,0.2714285714285714,0.875,0.82,0.045479155387114244,65244628.0
401,France,2021-02-28,19952.0,122.0,122.578,42.0,19.718,13.079,0.045365247886413614,0.05729166666666667,0.010582682344136674,0.004518358203288149,0.03343477721933434,0.038255938902771874,0.2714285714285714,0.875,0.82,0.045479155387114244,65244628.0
402,France,2021-03-01,4703.0,375.0,122.578,42.0,19.718,13.079,0.045365247886413614,0.05729166666666667,0.010582682344136674,0.004518358203288149,0.03343477721933434,0.038255938902771874,0.2714285714285714,0.875,0.82,0.045479155387114244,65244628.0
403,France,2021-03-02,22857.0,417.0,122.578,42.0,19.718,13.079,0.045365247886413614,0.05729166666666667,0.010582682344136674,0.004518358203288149,0.03343477721933434,0.038255938902771874,0.2714285714285714,0.875,0.82,0.045479155387114244,65244628.0
404,France,2021-03-03,26788.0,322.0,122.578,42.0,19.718,13.079,0.045365247886413614,0.05729166666666667,0.010582682344136674,0.004518358203288149,0.03343477721933434,0.038255938902771874,0.2714285714285714,0.875,0.82,0.045479155387114244,65244628.0
405,France,2021-03-04,25279.0,293.0,122.578,42.0,19.718,13.079,0.045365247886413614,0.05729166666666667,0.010582682344136674,0.004518358203288149,0.03343477721933434,0.038255938902771874,0.2714285714285714,0.875,0.82,0.045479155387114244,65244628.0
406,France,2021-03-05,23507.0,439.0,122.578,42.0,19.718,13.079,0.045365247886413614,0.05729166666666667,0.010582682344136674,0.004518358203288149,0.03343477721933434,0.038255938902771874,0.2714285714285714,0.875,0.82,0.045479155387114244,65244628.0
407,France,2021-03-06,23392.0,170.0,122.578,42.0,19.718,13.079,0.045365247886413614,0.05729166666666667,0.010582682344136674,0.004518358203288149,0.03343477721933434,0.038255938902771874,0.2714285714285714,0.875,0.82,0.045479155387114244,65244628.0
408,France,2021-03-07,21825.0,130.0,122.578,42.0,19.718,13.079,0.045365247886413614,0.05729166666666667,0.010582682344136674,0.004518358203288149,0.03343477721933434,0.038255938902771874,0.2714285714285714,0.875,0.82,0.045479155387114244,65244628.0
409,France,2021-03-08,5502.0,359.0,122.578,42.0,19.718,13.079,0.045365247886413614,0.05729166666666667,0.010582682344136674,0.004518358203288149,0.03343477721933434,0.038255938902771874,0.2714285714285714,0.875,0.82,0.045479155387114244,65244628.0
410,France,2021-03-09,23127.0,368.0,122.578,42.0,19.718,13.079,0.045365247886413614,0.05729166666666667,0.010582682344136674,0.004518358203288149,0.03343477721933434,0.038255938902771874,0.2714285714285714,0.875,0.82,0.045479155387114244,65244628.0
411,France,2021-03-10,29627.0,331.0,122.578,42.0,19.718,13.079,0.045365247886413614,0.05729166666666667,0.010582682344136674,0.004518358203288149,0.03343477721933434,0.038255938902771874,0.2714285714285714,0.875,0.82,0.045479155387114244,65244628.0
412,France,2021-03-11,28033.0,265.0,122.578,42.0,19.718,13.079,0.045365247886413614,0.05729166666666667,0.010582682344136674,0.004518358203288149,0.03343477721933434,0.038255938902771874,0.2714285714285714,0.875,0.82,0.045479155387114244,65244628.0
413,France,2021-03-12,25038.0,223.0,122.578,42.0,19.718,13.079,0.045365247886413614,0.05729166666666667,0.010582682344136674,0.004518358203288149,0.03343477721933434,0.038255938902771874,0.2714285714285714,0.875,0.82,0.045479155387114244,65244628.0
414,France,2021-03-13,29759.0,169.0,122.578,42.0,19.718,13.079,0.045365247886413614,0.05729166666666667,0.010582682344136674,0.004518358203288149,0.03343477721933434,0.038255938902771874,0.2714285714285714,0.875,0.82,0.045479155387114244,65244628.0
415,France,2021-03-14,26428.0,141.0,122.578,42.0,19.718,13.079,0.045365247886413614,0.05729166666666667,0.010582682344136674,0.004518358203288149,0.03343477721933434,0.038255938902771874,0.2714285714285714,0.875,0.82,0.045479155387114244,65244628.0
416,France,2021-03-15,6444.0,333.0,122.578,42.0,19.718,13.079,0.045365247886413614,0.05729166666666667,0.010582682344136674,0.004518358203288149,0.03343477721933434,0.038255938902771874,0.2714285714285714,0.875,0.82,0.045479155387114244,65244628.0
417,France,2021-03-16,30002.0,408.0,122.578,42.0,19.718,13.079,0.045365247886413614,0.05729166666666667,0.010582682344136674,0.004518358203288149,0.03343477721933434,0.038255938902771874,0.2714285714285714,0.875,0.82,0.045479155387114244,65244628.0
418,France,2021-03-17,38468.0,241.0,122.578,42.0,19.718,13.079,0.045365247886413614,0.05729166666666667,0.010582682344136674,0.004518358203288149,0.03343477721933434,0.038255938902771874,0.2714285714285714,0.875,0.82,0.045479155387114244,65244628.0
419,France,2021-03-18,35031.0,268.0,122.578,42.0,19.718,13.079,0.045365247886413614,0.05729166666666667,0.010582682344136674,0.004518358203288149,0.03343477721933434,0.038255938902771874,0.2714285714285714,0.875,0.82,0.045479155387114244,65244628.0
420,France,2021-03-19,35088.0,285.0,122.578,42.0,19.718,13.079,0.045365247886413614,0.05729166666666667,0.010582682344136674,0.004518358203288149,0.03343477721933434,0.038255938902771874,0.2714285714285714,0.875,0.82,0.045479155387114244,65244628.0
421,France,2021-03-20,35327.0,176.0,122.578,42.0,19.718,13.079,0.045365247886413614,0.05729166666666667,0.010582682344136674,0.004518358203288149,0.03343477721933434,0.038255938902771874,0.2714285714285714,0.875,0.82,0.045479155387114244,65244628.0
422,France,2021-03-21,30653.0,138.0,122.578,42.0,19.718,13.079,0.045365247886413614,0.05729166666666667,0.010582682344136674,0.004518358203288149,0.03343477721933434,0.038255938902771874,0.2714285714285714,0.875,0.82,0.045479155387114244,65244628.0
423,France,2021-03-22,15792.0,343.0,122.578,42.0,19.718,13.079,0.045365247886413614,0.05729166666666667,0.010582682344136674,0.004518358203288149,0.03343477721933434,0.038255938902771874,0.2714285714285714,0.875,0.82,0.045479155387114244,65244628.0
424,France,2021-03-23,14678.0,287.0,122.578,42.0,19.718,13.079,0.045365247886413614,0.05729166666666667,0.010582682344136674,0.004518358203288149,0.03343477721933434,0.038255938902771874,0.2714285714285714,0.875,0.82,0.045479155387114244,65244628.0
425,France,2021-03-24,65373.0,245.0,122.578,42.0,19.718,13.079,0.045365247886413614,0.05729166666666667,0.010582682344136674,0.004518358203288149,0.03343477721933434,0.038255938902771874,0.2714285714285714,0.875,0.82,0.045479155387114244,65244628.0
426,France,2021-03-25,45641.0,225.0,122.578,42.0,19.718,13.079,0.045365247886413614,0.05729166666666667,0.010582682344136674,0.004518358203288149,0.03343477721933434,0.038255938902771874,0.2714285714285714,0.875,0.82,0.045479155387114244,65244628.0
427,France,2021-03-26,41869.0,897.0,122.578,42.0,19.718,13.079,0.045365247886413614,0.05729166666666667,0.010582682344136674,0.004518358203288149,0.03343477721933434,0.038255938902771874,0.2714285714285714,0.875,0.82,0.045479155387114244,65244628.0
428,France,2021-03-27,42619.0,190.0,122.578,42.0,19.718,13.079,0.045365247886413614,0.05729166666666667,0.010582682344136674,0.004518358203288149,0.03343477721933434,0.038255938902771874,0.2714285714285714,0.875,0.82,0.045479155387114244,65244628.0
429,France,2021-03-28,37119.0,131.0,122.578,42.0,19.718,13.079,0.045365247886413614,0.05729166666666667,0.010582682344136674,0.004518358203288149,0.03343477721933434,0.038255938902771874,0.2714285714285714,0.875,0.82,0.045479155387114244,65244628.0
430,France,2021-03-29,9094.0,360.0,122.578,42.0,19.718,13.079,0.045365247886413614,0.05729166666666667,0.010582682344136674,0.004518358203288149,0.03343477721933434,0.038255938902771874,0.2714285714285714,0.875,0.82,0.045479155387114244,65244628.0
431,France,2021-03-30,30702.0,381.0,122.578,42.0,19.718,13.079,0.045365247886413614,0.05729166666666667,0.010582682344136674,0.004518358203288149,0.03343477721933434,0.038255938902771874,0.2714285714285714,0.875,0.82,0.045479155387114244,65244628.0
432,France,2021-03-31,59038.0,303.0,122.578,42.0,19.718,13.079,0.045365247886413614,0.05729166666666667,0.010582682344136674,0.004518358203288149,0.03343477721933434,0.038255938902771874,0.2714285714285714,0.875,0.82,0.045479155387114244,65244628.0
433,France,2021-04-01,50659.0,308.0,122.578,42.0,19.718,13.079,0.045365247886413614,0.05729166666666667,0.010582682344136674,0.004518358203288149,0.03343477721933434,0.038255938902771874,0.2714285714285714,0.875,0.82,0.045479155387114244,65244628.0
434,France,2021-04-02,46677.0,332.0,122.578,42.0,19.718,13.079,0.045365247886413614,0.05729166666666667,0.010582682344136674,0.004518358203288149,0.03343477721933434,0.038255938902771874,0.2714285714285714,0.875,0.82,0.045479155387114244,65244628.0
435,France,2021-04-03,165.0,186.0,122.578,42.0,19.718,13.079,0.045365247886413614,0.05729166666666667,0.010582682344136674,0.004518358203288149,0.03343477721933434,0.038255938902771874,0.2714285714285714,0.875,0.82,0.045479155387114244,65244628.0
436,France,2021-04-04,80629.0,185.0,122.578,42.0,19.718,13.079,0.045365247886413614,0.05729166666666667,0.010582682344136674,0.004518358203288149,0.03343477721933434,0.038255938902771874,0.2714285714285714,0.875,0.82,0.045479155387114244,65244628.0
437,France,2021-04-05,10793.0,197.0,122.578,42.0,19.718,13.079,0.045365247886413614,0.05729166666666667,0.010582682344136674,0.004518358203288149,0.03343477721933434,0.038255938902771874,0.2714285714285714,0.875,0.82,0.045479155387114244,65244628.0
438,France,2021-04-06,8045.0,426.0,122.578,42.0,19.718,13.079,0.045365247886413614,0.05729166666666667,0.010582682344136674,0.004518358203288149,0.03343477721933434,0.038255938902771874,0.2714285714285714,0.875,0.82,0.045479155387114244,65244628.0
439,France,2021-04-07,922.0,421.0,122.578,42.0,19.718,13.079,0.045365247886413614,0.05729166666666667,0.010582682344136674,0.004518358203288149,0.03343477721933434,0.038255938902771874,0.2714285714285714,0.875,0.82,0.045479155387114244,65244628.0
440,France,2021-04-08,97028.0,343.0,122.578,42.0,19.718,13.079,0.045365247886413614,0.05729166666666667,0.010582682344136674,0.004518358203288149,0.03343477721933434,0.038255938902771874,0.2714285714285714,0.875,0.82,0.045479155387114244,65244628.0
441,France,2021-04-09,153.0,330.0,122.578,42.0,19.718,13.079,0.045365247886413614,0.05729166666666667,0.010582682344136674,0.004518358203288149,0.03343477721933434,0.038255938902771874,0.2714285714285714,0.875,0.82,0.045479155387114244,65244628.0
442,France,2021-04-10,1403.0,207.0,122.578,42.0,19.718,13.079,0.045365247886413614,0.05729166666666667,0.010582682344136674,0.004518358203288149,0.03343477721933434,0.038255938902771874,0.2714285714285714,0.875,0.82,0.045479155387114244,65244628.0
443,France,2021-04-11,117900.0,176.0,122.578,42.0,19.718,13.079,0.045365247886413614,0.05729166666666667,0.010582682344136674,0.004518358203288149,0.03343477721933434,0.038255938902771874,0.2714285714285714,0.875,0.82,0.045479155387114244,65244628.0
444,France,2021-04-12,8536.0,385.0,122.578,42.0,19.718,13.079,0.045365247886413614,0.05729166666666667,0.010582682344136674,0.004518358203288149,0.03343477721933434,0.038255938902771874,0.2714285714285714,0.875,0.82,0.045479155387114244,65244628.0
445,France,2021-04-13,39113.0,345.0,122.578,42.0,19.718,13.079,0.045365247886413614,0.05729166666666667,0.010582682344136674,0.004518358203288149,0.03343477721933434,0.038255938902771874,0.2714285714285714,0.875,0.82,0.045479155387114244,65244628.0
446,France,2021-04-14,43505.0,297.0,122.578,42.0,19.718,13.079,0.045365247886413614,0.05729166666666667,0.010582682344136674,0.004518358203288149,0.03343477721933434,0.038255938902771874,0.2714285714285714,0.875,0.82,0.045479155387114244,65244628.0
447,France,2021-04-15,38045.0,296.0,122.578,42.0,19.718,13.079,0.045365247886413614,0.05729166666666667,0.010582682344136674,0.004518358203288149,0.03343477721933434,0.038255938902771874,0.2714285714285714,0.875,0.82,0.045479155387114244,65244628.0
448,France,2021-04-16,36442.0,331.0,122.578,42.0,19.718,13.079,0.045365247886413614,0.05729166666666667,0.010582682344136674,0.004518358203288149,0.03343477721933434,0.038255938902771874,0.2714285714285714,0.875,0.82,0.045479155387114244,65244628.0
449,France,2021-04-17,35861.0,189.0,122.578,42.0,19.718,13.079,0.045365247886413614,0.05729166666666667,0.010582682344136674,0.004518358203288149,0.03343477721933434,0.038255938902771874,0.2714285714285714,0.875,0.82,0.045479155387114244,65244628.0
450,France,2021-04-18,29377.0,140.0,122.578,42.0,19.718,13.079,0.045365247886413614,0.05729166666666667,0.010582682344136674,0.004518358203288149,0.03343477721933434,0.038255938902771874,0.2714285714285714,0.875,0.82,0.045479155387114244,65244628.0
451,France,2021-04-19,6696.0,447.0,122.578,42.0,19.718,13.079,0.045365247886413614,0.05729166666666667,0.010582682344136674,0.004518358203288149,0.03343477721933434,0.038255938902771874,0.2714285714285714,0.875,0.82,0.045479155387114244,65244628.0
452,France,2021-04-20,44063.0,388.0,122.578,42.0,19.718,13.079,0.045365247886413614,0.05729166666666667,0.010582682344136674,0.004518358203288149,0.03343477721933434,0.038255938902771874,0.2714285714285714,0.875,0.82,0.045479155387114244,65244628.0
453,France,2021-04-21,34921.0,313.0,122.578,42.0,19.718,13.079,0.045365247886413614,0.05729166666666667,0.010582682344136674,0.004518358203288149,0.03343477721933434,0.038255938902771874,0.2714285714285714,0.875,0.82,0.045479155387114244,65244628.0
454,France,2021-04-22,33400.0,283.0,122.578,42.0,19.718,13.079,0.045365247886413614,0.05729166666666667,0.010582682344136674,0.004518358203288149,0.03343477721933434,0.038255938902771874,0.2714285714285714,0.875,0.82,0.045479155387114244,65244628.0
455,France,2021-04-23,32340.0,332.0,122.578,42.0,19.718,13.079,0.045365247886413614,0.05729166666666667,0.010582682344136674,0.004518358203288149,0.03343477721933434,0.038255938902771874,0.2714285714285714,0.875,0.82,0.045479155387114244,65244628.0
456,France,2021-04-24,32633.0,217.0,122.578,42.0,19.718,13.079,0.045365247886413614,0.05729166666666667,0.010582682344136674,0.004518358203288149,0.03343477721933434,0.038255938902771874,0.2714285714285714,0.875,0.82,0.045479155387114244,65244628.0
457,France,2021-04-25,24505.0,145.0,122.578,42.0,19.718,13.079,0.045365247886413614,0.05729166666666667,0.010582682344136674,0.004518358203288149,0.03343477721933434,0.038255938902771874,0.2714285714285714,0.875,0.82,0.045479155387114244,65244628.0
458,France,2021-04-26,5952.0,398.0,122.578,42.0,19.718,13.079,0.045365247886413614,0.05729166666666667,0.010582682344136674,0.004518358203288149,0.03343477721933434,0.038255938902771874,0.2714285714285714,0.875,0.82,0.045479155387114244,65244628.0
459,France,2021-04-27,30317.0,347.0,122.578,42.0,19.718,13.079,0.045365247886413614,0.05729166666666667,0.010582682344136674,0.004518358203288149,0.03343477721933434,0.038255938902771874,0.2714285714285714,0.875,0.82,0.045479155387114244,65244628.0
460,France,2021-04-28,31539.0,315.0,122.578,42.0,19.718,13.079,0.045365247886413614,0.05729166666666667,0.010582682344136674,0.004518358203288149,0.03343477721933434,0.038255938902771874,0.2714285714285714,0.875,0.82,0.045479155387114244,65244628.0
461,France,2021-04-29,26538.0,306.0,122.578,42.0,19.718,13.079,0.045365247886413614,0.05729166666666667,0.010582682344136674,0.004518358203288149,0.03343477721933434,0.038255938902771874,0.2714285714285714,0.875,0.82,0.045479155387114244,65244628.0
462,France,2021-04-30,24299.0,290.0,122.578,42.0,19.718,13.079,0.045365247886413614,0.05729166666666667,0.010582682344136674,0.004518358203288149,0.03343477721933434,0.038255938902771874,0.2714285714285714,0.875,0.82,0.045479155387114244,65244628.0
463,France,2021-05-01,25670.0,192.0,122.578,42.0,19.718,13.079,0.045365247886413614,0.05729166666666667,0.010582682344136674,0.004518358203288149,0.03343477721933434,0.038255938902771874,0.2714285714285714,0.875,0.82,0.045479155387114244,65244628.0
464,France,2021-05-02,9921.0,114.0,122.578,42.0,19.718,13.079,0.045365247886413614,0.05729166666666667,0.010582682344136674,0.004518358203288149,0.03343477721933434,0.038255938902771874,0.2714285714285714,0.875,0.82,0.045479155387114244,65244628.0
465,France,2021-05-03,3760.0,311.0,122.578,42.0,19.718,13.079,0.045365247886413614,0.05729166666666667,0.010582682344136674,0.004518358203288149,0.03343477721933434,0.038255938902771874,0.2714285714285714,0.875,0.82,0.045479155387114244,65244628.0
466,France,2021-05-04,24371.0,257.0,122.578,42.0,19.718,13.079,0.045365247886413614,0.05729166666666667,0.010582682344136674,0.004518358203288149,0.03343477721933434,0.038255938902771874,0.2714285714285714,0.875,0.82,0.045479155387114244,65244628.0
467,France,2021-05-05,26000.0,244.0,122.578,42.0,19.718,13.079,0.045365247886413614,0.05729166666666667,0.010582682344136674,0.004518358203288149,0.03343477721933434,0.038255938902771874,0.2714285714285714,0.875,0.82,0.045479155387114244,65244628.0
468,France,2021-05-06,21712.0,219.0,122.578,42.0,19.718,13.079,0.045365247886413614,0.05729166666666667,0.010582682344136674,0.004518358203288149,0.03343477721933434,0.038255938902771874,0.2714285714285714,0.875,0.82,0.045479155387114244,65244628.0
469,France,2021-05-07,19124.0,251.0,122.578,42.0,19.718,13.079,0.045365247886413614,0.05729166666666667,0.010582682344136674,0.004518358203288149,0.03343477721933434,0.038255938902771874,0.2714285714285714,0.875,0.82,0.045479155387114244,65244628.0
470,France,2021-05-08,20779.0,176.0,122.578,42.0,19.718,13.079,0.045365247886413614,0.05729166666666667,0.010582682344136674,0.004518358203288149,0.03343477721933434,0.038255938902771874,0.2714285714285714,0.875,0.82,0.045479155387114244,65244628.0
471,France,2021-05-09,9128.0,115.0,122.578,42.0,19.718,13.079,0.045365247886413614,0.05729166666666667,0.010582682344136674,0.004518358203288149,0.03343477721933434,0.038255938902771874,0.2714285714285714,0.875,0.82,0.045479155387114244,65244628.0
472,France,2021-05-10,3292.0,292.0,122.578,42.0,19.718,13.079,0.045365247886413614,0.05729166666666667,0.010582682344136674,0.004518358203288149,0.03343477721933434,0.038255938902771874,0.2714285714285714,0.875,0.82,0.045479155387114244,65244628.0
473,France,2021-05-11,19791.0,251.0,122.578,42.0,19.718,13.079,0.045365247886413614,0.05729166666666667,0.010582682344136674,0.004518358203288149,0.03343477721933434,0.038255938902771874,0.2714285714285714,0.875,0.82,0.045479155387114244,65244628.0
474,France,2021-05-12,21498.0,184.0,122.578,42.0,19.718,13.079,0.045365247886413614,0.05729166666666667,0.010582682344136674,0.004518358203288149,0.03343477721933434,0.038255938902771874,0.2714285714285714,0.875,0.82,0.045479155387114244,65244628.0
475,France,2021-05-13,19461.0,131.0,122.578,42.0,19.718,13.079,0.045365247886413614,0.05729166666666667,0.010582682344136674,0.004518358203288149,0.03343477721933434,0.038255938902771874,0.2714285714285714,0.875,0.82,0.045479155387114244,65244628.0
476,France,2021-05-14,7025.0,173.0,122.578,42.0,19.718,13.079,0.045365247886413614,0.05729166666666667,0.010582682344136674,0.004518358203288149,0.03343477721933434,0.038255938902771874,0.2714285714285714,0.875,0.82,0.045479155387114244,65244628.0
477,France,2021-05-15,15685.0,112.0,122.578,42.0,19.718,13.079,0.045365247886413614,0.05729166666666667,0.010582682344136674,0.004518358203288149,0.03343477721933434,0.038255938902771874,0.2714285714285714,0.875,0.82,0.045479155387114244,65244628.0
478,France,2021-05-16,14026.0,81.0,122.578,42.0,19.718,13.079,0.045365247886413614,0.05729166666666667,0.010582682344136674,0.004518358203288149,0.03343477721933434,0.038255938902771874,0.2714285714285714,0.875,0.82,0.045479155387114244,65244628.0
479,France,2021-05-17,3350.0,196.0,122.578,42.0,19.718,13.079,0.045365247886413614,0.05729166666666667,0.010582682344136674,0.004518358203288149,0.03343477721933434,0.038255938902771874,0.2714285714285714,0.875,0.82,0.045479155387114244,65244628.0
480,France,2021-05-18,17210.0,228.0,122.578,42.0,19.718,13.079,0.045365247886413614,0.05729166666666667,0.010582682344136674,0.004518358203288149,0.03343477721933434,0.038255938902771874,0.2714285714285714,0.875,0.82,0.045479155387114244,65244628.0
481,France,2021-05-19,19050.0,141.0,122.578,42.0,19.718,13.079,0.045365247886413614,0.05729166666666667,0.010582682344136674,0.004518358203288149,0.03343477721933434,0.038255938902771874,0.2714285714285714,0.875,0.82,0.045479155387114244,65244628.0
482,France,2021-05-20,0.0,133.0,122.578,42.0,19.718,13.079,0.045365247886413614,0.05729166666666667,0.010582682344136674,0.004518358203288149,0.03343477721933434,0.038255938902771874,0.2714285714285714,0.875,0.82,0.045479155387114244,65244628.0
483,France,2021-05-21,12800.0,123.0,122.578,42.0,19.718,13.079,0.045365247886413614,0.05729166666666667,0.010582682344136674,0.004518358203288149,0.03343477721933434,0.038255938902771874,0.2714285714285714,0.875,0.82,0.045479155387114244,65244628.0
484,France,2021-05-22,12611.0,89.0,122.578,42.0,19.718,13.079,0.045365247886413614,0.05729166666666667,0.010582682344136674,0.004518358203288149,0.03343477721933434,0.038255938902771874,0.2714285714285714,0.875,0.82,0.045479155387114244,65244628.0
485,France,2021-05-23,9766.0,71.0,122.578,42.0,19.718,13.079,0.045365247886413614,0.05729166666666667,0.010582682344136674,0.004518358203288149,0.03343477721933434,0.038255938902771874,0.2714285714285714,0.875,0.82,0.045479155387114244,65244628.0
486,France,2021-05-24,2229.0,62.0,122.578,42.0,19.718,13.079,0.045365247886413614,0.05729166666666667,0.010582682344136674,0.004518358203288149,0.03343477721933434,0.038255938902771874,0.2714285714285714,0.875,0.82,0.045479155387114244,65244628.0
487,France,2021-05-25,3155.0,221.0,122.578,42.0,19.718,13.079,0.045365247886413614,0.05729166666666667,0.010582682344136674,0.004518358203288149,0.03343477721933434,0.038255938902771874,0.2714285714285714,0.875,0.82,0.045479155387114244,65244628.0
488,France,2021-05-26,12646.0,144.0,122.578,42.0,19.718,13.079,0.045365247886413614,0.05729166666666667,0.010582682344136674,0.004518358203288149,0.03343477721933434,0.038255938902771874,0.2714285714285714,0.875,0.82,0.045479155387114244,65244628.0
489,France,2021-05-27,13933.0,142.0,122.578,42.0,19.718,13.079,0.045365247886413614,0.05729166666666667,0.010582682344136674,0.004518358203288149,0.03343477721933434,0.038255938902771874,0.2714285714285714,0.875,0.82,0.045479155387114244,65244628.0
490,France,2021-05-28,11268.0,125.0,122.578,42.0,19.718,13.079,0.045365247886413614,0.05729166666666667,0.010582682344136674,0.004518358203288149,0.03343477721933434,0.038255938902771874,0.2714285714285714,0.875,0.82,0.045479155387114244,65244628.0
491,France,2021-05-29,11526.0,68.0,122.578,42.0,19.718,13.079,0.045365247886413614,0.05729166666666667,0.010582682344136674,0.004518358203288149,0.03343477721933434,0.038255938902771874,0.2714285714285714,0.875,0.82,0.045479155387114244,65244628.0
492,France,2021-05-30,8662.0,44.0,122.578,42.0,19.718,13.079,0.045365247886413614,0.05729166666666667,0.010582682344136674,0.004518358203288149,0.03343477721933434,0.038255938902771874,0.2714285714285714,0.875,0.82,0.045479155387114244,65244628.0
493,France,2021-05-31,360.0,126.0,122.578,42.0,19.718,13.079,0.045365247886413614,0.05729166666666667,0.010582682344136674,0.004518358203288149,0.03343477721933434,0.038255938902771874,0.2714285714285714,0.875,0.82,0.045479155387114244,65244628.0
494,France,2021-06-01,9848.0,134.0,122.578,42.0,19.718,13.079,0.045365247886413614,0.05729166666666667,0.010582682344136674,0.004518358203288149,0.03343477721933434,0.038255938902771874,0.2714285714285714,0.875,0.82,0.045479155387114244,65244628.0
495,France,2021-06-02,1350.0,96.0,122.578,42.0,19.718,13.079,0.045365247886413614,0.05729166666666667,0.010582682344136674,0.004518358203288149,0.03343477721933434,0.038255938902771874,0.2714285714285714,0.875,0.82,0.045479155387114244,65244628.0
496,France,2021-06-03,15554.0,70.0,122.578,42.0,19.718,13.079,0.045365247886413614,0.05729166666666667,0.010582682344136674,0.004518358203288149,0.03343477721933434,0.038255938902771874,0.2714285714285714,0.875,0.82,0.045479155387114244,65244628.0
497,France,2021-06-04,6953.0,88.0,122.578,42.0,19.718,13.079,0.045365247886413614,0.05729166666666667,0.010582682344136674,0.004518358203288149,0.03343477721933434,0.038255938902771874,0.2714285714285714,0.875,0.82,0.045479155387114244,65244628.0
498,France,2021-06-05,6654.0,57.0,122.578,42.0,19.718,13.079,0.045365247886413614,0.05729166666666667,0.010582682344136674,0.004518358203288149,0.03343477721933434,0.038255938902771874,0.2714285714285714,0.875,0.82,0.045479155387114244,65244628.0
499,France,2021-06-06,5180.0,32.0,122.578,42.0,19.718,13.079,0.045365247886413614,0.05729166666666667,0.010582682344136674,0.004518358203288149,0.03343477721933434,0.038255938902771874,0.2714285714285714,0.875,0.82,0.045479155387114244,65244628.0
500,France,2021-06-07,1164.0,64.0,122.578,42.0,19.718,13.079,0.045365247886413614,0.05729166666666667,0.010582682344136674,0.004518358203288149,0.03343477721933434,0.038255938902771874,0.2714285714285714,0.875,0.82,0.045479155387114244,65244628.0
501,France,2021-06-08,6018.0,75.0,122.578,42.0,19.718,13.079,0.045365247886413614,0.05729166666666667,0.010582682344136674,0.004518358203288149,0.03343477721933434,0.038255938902771874,0.2714285714285714,0.875,0.82,0.045479155387114244,65244628.0
502,France,2021-06-09,5557.0,65.0,122.578,42.0,19.718,13.079,0.045365247886413614,0.05729166666666667,0.010582682344136674,0.004518358203288149,0.03343477721933434,0.038255938902771874,0.2714285714285714,0.875,0.82,0.045479155387114244,65244628.0
503,France,2021-06-10,4475.0,68.0,122.578,42.0,19.718,13.079,0.045365247886413614,0.05729166666666667,0.010582682344136674,0.004518358203288149,0.03343477721933434,0.038255938902771874,0.2714285714285714,0.875,0.82,0.045479155387114244,65244628.0
504,France,2021-06-11,3871.0,74.0,122.578,42.0,19.718,13.079,0.045365247886413614,0.05729166666666667,0.010582682344136674,0.004518358203288149,0.03343477721933434,0.038255938902771874,0.2714285714285714,0.875,0.82,0.045479155387114244,65244628.0
505,France,2021-06-12,3972.0,34.0,122.578,42.0,19.718,13.079,0.045365247886413614,0.05729166666666667,0.010582682344136674,0.004518358203288149,0.03343477721933434,0.038255938902771874,0.2714285714285714,0.875,0.82,0.045479155387114244,65244628.0
506,France,2021-06-13,2973.0,16.0,122.578,42.0,19.718,13.079,0.045365247886413614,0.05729166666666667,0.010582682344136674,0.004518358203288149,0.03343477721933434,0.038255938902771874,0.2714285714285714,0.875,0.82,0.045479155387114244,65244628.0
507,France,2021-06-14,689.0,63.0,122.578,42.0,19.718,13.079,0.045365247886413614,0.05729166666666667,0.010582682344136674,0.004518358203288149,0.03343477721933434,0.038255938902771874,0.2714285714285714,0.875,0.82,0.045479155387114244,65244628.0
508,France,2021-06-15,3235.0,80.0,122.578,42.0,19.718,13.079,0.045365247886413614,0.05729166666666667,0.010582682344136674,0.004518358203288149,0.03343477721933434,0.038255938902771874,0.2714285714285714,0.875,0.82,0.045479155387114244,65244628.0
509,France,2021-06-16,3058.0,44.0,122.578,42.0,19.718,13.079,0.045365247886413614,0.05729166666666667,0.010582682344136674,0.004518358203288149,0.03343477721933434,0.038255938902771874,0.2714285714285714,0.875,0.82,0.045479155387114244,65244628.0
510,France,2021-06-17,2044.0,56.0,122.578,42.0,19.718,13.079,0.045365247886413614,0.05729166666666667,0.010582682344136674,0.004518358203288149,0.03343477721933434,0.038255938902771874,0.2714285714285714,0.875,0.82,0.045479155387114244,65244628.0
511,France,2021-06-18,3181.0,68.0,122.578,42.0,19.718,13.079,0.045365247886413614,0.05729166666666667,0.010582682344136674,0.004518358203288149,0.03343477721933434,0.038255938902771874,0.2714285714285714,0.875,0.82,0.045479155387114244,65244628.0
512,France,2021-06-19,2624.0,22.0,122.578,42.0,19.718,13.079,0.045365247886413614,0.05729166666666667,0.010582682344136674,0.004518358203288149,0.03343477721933434,0.038255938902771874,0.2714285714285714,0.875,0.82,0.045479155387114244,65244628.0
513,France,2021-06-20,1909.0,15.0,122.578,42.0,19.718,13.079,0.045365247886413614,0.05729166666666667,0.010582682344136674,0.004518358203288149,0.03343477721933434,0.038255938902771874,0.2714285714285714,0.875,0.82,0.045479155387114244,65244628.0
514,France,2021-06-21,487.0,40.0,122.578,42.0,19.718,13.079,0.045365247886413614,0.05729166666666667,0.010582682344136674,0.004518358203288149,0.03343477721933434,0.038255938902771874,0.2714285714285714,0.875,0.82,0.045479155387114244,65244628.0
515,France,2021-06-22,2204.0,51.0,122.578,42.0,19.718,13.079,0.045365247886413614,0.05729166666666667,0.010582682344136674,0.004518358203288149,0.03343477721933434,0.038255938902771874,0.2714285714285714,0.875,0.82,0.045479155387114244,65244628.0
516,France,2021-06-23,2320.0,33.0,122.578,42.0,19.718,13.079,0.045365247886413614,0.05729166666666667,0.010582682344136674,0.004518358203288149,0.03343477721933434,0.038255938902771874,0.2714285714285714,0.875,0.82,0.045479155387114244,65244628.0
517,France,2021-06-24,2007.0,44.0,122.578,42.0,19.718,13.079,0.045365247886413614,0.05729166666666667,0.010582682344136674,0.004518358203288149,0.03343477721933434,0.038255938902771874,0.2714285714285714,0.875,0.82,0.045479155387114244,65244628.0
518,France,2021-06-25,1986.0,33.0,122.578,42.0,19.718,13.079,0.045365247886413614,0.05729166666666667,0.010582682344136674,0.004518358203288149,0.03343477721933434,0.038255938902771874,0.2714285714285714,0.875,0.82,0.045479155387114244,65244628.0
519,France,2021-06-26,2128.0,12.0,122.578,42.0,19.718,13.079,0.045365247886413614,0.05729166666666667,0.010582682344136674,0.004518358203288149,0.03343477721933434,0.038255938902771874,0.2714285714285714,0.875,0.82,0.045479155387114244,65244628.0
520,France,2021-06-27,1634.0,18.0,122.578,42.0,19.718,13.079,0.045365247886413614,0.05729166666666667,0.010582682344136674,0.004518358203288149,0.03343477721933434,0.038255938902771874,0.2714285714285714,0.875,0.82,0.045479155387114244,65244628.0
521,France,2021-06-28,509.0,44.0,122.578,42.0,19.718,13.079,0.045365247886413614,0.05729166666666667,0.010582682344136674,0.004518358203288149,0.03343477721933434,0.038255938902771874,0.2714285714285714,0.875,0.82,0.045479155387114244,65244628.0
522,France,2021-06-29,3395.0,45.0,122.578,42.0,19.718,13.079,0.045365247886413614,0.05729166666666667,0.010582682344136674,0.004518358203288149,0.03343477721933434,0.038255938902771874,0.2714285714285714,0.875,0.82,0.045479155387114244,65244628.0
523,France,2021-06-30,1376.0,25.0,122.578,42.0,19.718,13.079,0.045365247886413614,0.05729166666666667,0.010582682344136674,0.004518358203288149,0.03343477721933434,0.038255938902771874,0.2714285714285714,0.875,0.82,0.045479155387114244,65244628.0
524,France,2021-07-01,2664.0,29.0,122.578,42.0,19.718,13.079,0.045365247886413614,0.05729166666666667,0.010582682344136674,0.004518358203288149,0.03343477721933434,0.038255938902771874,0.2714285714285714,0.875,0.82,0.045479155387114244,65244628.0
525,France,2021-07-02,2683.0,24.0,122.578,42.0,19.718,13.079,0.045365247886413614,0.05729166666666667,0.010582682344136674,0.004518358203288149,0.03343477721933434,0.038255938902771874,0.2714285714285714,0.875,0.82,0.045479155387114244,65244628.0
526,France,2021-07-03,3006.0,17.0,122.578,42.0,19.718,13.079,0.045365247886413614,0.05729166666666667,0.010582682344136674,0.004518358203288149,0.03343477721933434,0.038255938902771874,0.2714285714285714,0.875,0.82,0.045479155387114244,65244628.0
527,France,2021-07-04,2605.0,11.0,122.578,42.0,19.718,13.079,0.045365247886413614,0.05729166666666667,0.010582682344136674,0.004518358203288149,0.03343477721933434,0.038255938902771874,0.2714285714285714,0.875,0.82,0.045479155387114244,65244628.0
528,France,2021-07-05,796.0,36.0,122.578,42.0,19.718,13.079,0.045365247886413614,0.05729166666666667,0.010582682344136674,0.004518358203288149,0.03343477721933434,0.038255938902771874,0.2714285714285714,0.875,0.82,0.045479155387114244,65244628.0
529,France,2021-07-06,3585.0,34.0,122.578,42.0,19.718,13.079,0.045365247886413614,0.05729166666666667,0.010582682344136674,0.004518358203288149,0.03343477721933434,0.038255938902771874,0.2714285714285714,0.875,0.82,0.045479155387114244,65244628.0
530,France,2021-07-07,4081.0,28.0,122.578,42.0,19.718,13.079,0.045365247886413614,0.05729166666666667,0.010582682344136674,0.004518358203288149,0.03343477721933434,0.038255938902771874,0.2714285714285714,0.875,0.82,0.045479155387114244,65244628.0
531,France,2021-07-08,4442.0,25.0,122.578,42.0,19.718,13.079,0.045365247886413614,0.05729166666666667,0.010582682344136674,0.004518358203288149,0.03343477721933434,0.038255938902771874,0.2714285714285714,0.875,0.82,0.045479155387114244,65244628.0
532,France,2021-07-09,4580.0,18.0,122.578,42.0,19.718,13.079,0.045365247886413614,0.05729166666666667,0.010582682344136674,0.004518358203288149,0.03343477721933434,0.038255938902771874,0.2714285714285714,0.875,0.82,0.045479155387114244,65244628.0
533,France,2021-07-10,4696.0,19.0,122.578,42.0,19.718,13.079,0.045365247886413614,0.05729166666666667,0.010582682344136674,0.004518358203288149,0.03343477721933434,0.038255938902771874,0.2714285714285714,0.875,0.82,0.045479155387114244,65244628.0
534,France,2021-07-11,4314.0,5.0,122.578,42.0,19.718,13.079,0.045365247886413614,0.05729166666666667,0.010582682344136674,0.004518358203288149,0.03343477721933434,0.038255938902771874,0.2714285714285714,0.875,0.82,0.045479155387114244,65244628.0
535,France,2021-07-12,1260.0,28.0,122.578,42.0,19.718,13.079,0.045365247886413614,0.05729166666666667,0.010582682344136674,0.004518358203288149,0.03343477721933434,0.038255938902771874,0.2714285714285714,0.875,0.82,0.045479155387114244,65244628.0
536,France,2021-07-13,6950.0,54.0,122.578,42.0,19.718,13.079,0.045365247886413614,0.05729166666666667,0.010582682344136674,0.004518358203288149,0.03343477721933434,0.038255938902771874,0.2714285714285714,0.875,0.82,0.045479155387114244,65244628.0
537,France,2021-07-14,1450.0,6.0,122.578,42.0,19.718,13.079,0.045365247886413614,0.05729166666666667,0.010582682344136674,0.004518358203288149,0.03343477721933434,0.038255938902771874,0.2714285714285714,0.875,0.82,0.045479155387114244,65244628.0
538,France,2021-07-15,11042.0,16.0,122.578,42.0,19.718,13.079,0.045365247886413614,0.05729166666666667,0.010582682344136674,0.004518358203288149,0.03343477721933434,0.038255938902771874,0.2714285714285714,0.875,0.82,0.045479155387114244,65244628.0
539,France,2021-07-16,10908.0,22.0,122.578,42.0,19.718,13.079,0.045365247886413614,0.05729166666666667,0.010582682344136674,0.004518358203288149,0.03343477721933434,0.038255938902771874,0.2714285714285714,0.875,0.82,0.045479155387114244,65244628.0
540,France,2021-07-17,11005.0,16.0,122.578,42.0,19.718,13.079,0.045365247886413614,0.05729166666666667,0.010582682344136674,0.004518358203288149,0.03343477721933434,0.038255938902771874,0.2714285714285714,0.875,0.82,0.045479155387114244,65244628.0
541,France,2021-07-18,12532.0,5.0,122.578,42.0,19.718,13.079,0.045365247886413614,0.05729166666666667,0.010582682344136674,0.004518358203288149,0.03343477721933434,0.038255938902771874,0.2714285714285714,0.875,0.82,0.045479155387114244,65244628.0
542,France,2021-07-19,4151.0,20.0,122.578,42.0,19.718,13.079,0.045365247886413614,0.05729166666666667,0.010582682344136674,0.004518358203288149,0.03343477721933434,0.038255938902771874,0.2714285714285714,0.875,0.82,0.045479155387114244,65244628.0
543,France,2021-07-20,18181.0,33.0,122.578,42.0,19.718,13.079,0.045365247886413614,0.05729166666666667,0.010582682344136674,0.004518358203288149,0.03343477721933434,0.038255938902771874,0.2714285714285714,0.875,0.82,0.045479155387114244,65244628.0
544,France,2021-07-21,21539.0,22.0,122.578,42.0,19.718,13.079,0.045365247886413614,0.05729166666666667,0.010582682344136674,0.004518358203288149,0.03343477721933434,0.038255938902771874,0.2714285714285714,0.875,0.82,0.045479155387114244,65244628.0
545,France,2021-07-22,22061.0,11.0,122.578,42.0,19.718,13.079,0.045365247886413614,0.05729166666666667,0.010582682344136674,0.004518358203288149,0.03343477721933434,0.038255938902771874,0.2714285714285714,0.875,0.82,0.045479155387114244,65244628.0
546,France,2021-07-23,19409.0,37.0,122.578,42.0,19.718,13.079,0.045365247886413614,0.05729166666666667,0.010582682344136674,0.004518358203288149,0.03343477721933434,0.038255938902771874,0.2714285714285714,0.875,0.82,0.045479155387114244,65244628.0
547,France,2021-07-24,25688.0,22.0,122.578,42.0,19.718,13.079,0.045365247886413614,0.05729166666666667,0.010582682344136674,0.004518358203288149,0.03343477721933434,0.038255938902771874,0.2714285714285714,0.875,0.82,0.045479155387114244,65244628.0
548,France,2021-07-25,15242.0,6.0,122.578,42.0,19.718,13.079,0.045365247886413614,0.05729166666666667,0.010582682344136674,0.004518358203288149,0.03343477721933434,0.038255938902771874,0.2714285714285714,0.875,0.82,0.045479155387114244,65244628.0
549,France,2021-07-26,5307.0,45.0,122.578,42.0,19.718,13.079,0.045365247886413614,0.05729166666666667,0.010582682344136674,0.004518358203288149,0.03343477721933434,0.038255938902771874,0.2714285714285714,0.875,0.82,0.045479155387114244,65244628.0
550,France,2021-07-27,27024.0,28.0,122.578,42.0,19.718,13.079,0.045365247886413614,0.05729166666666667,0.010582682344136674,0.004518358203288149,0.03343477721933434,0.038255938902771874,0.2714285714285714,0.875,0.82,0.045479155387114244,65244628.0
551,France,2021-07-28,27781.0,44.0,122.578,42.0,19.718,13.079,0.045365247886413614,0.05729166666666667,0.010582682344136674,0.004518358203288149,0.03343477721933434,0.038255938902771874,0.2714285714285714,0.875,0.82,0.045479155387114244,65244628.0
552,France,2021-07-29,25190.0,28.0,122.578,42.0,19.718,13.079,0.045365247886413614,0.05729166666666667,0.010582682344136674,0.004518358203288149,0.03343477721933434,0.038255938902771874,0.2714285714285714,0.875,0.82,0.045479155387114244,65244628.0
553,France,2021-07-30,24309.0,63.0,122.578,42.0,19.718,13.079,0.045365247886413614,0.05729166666666667,0.010582682344136674,0.004518358203288149,0.03343477721933434,0.038255938902771874,0.2714285714285714,0.875,0.82,0.045479155387114244,65244628.0
554,France,2021-07-31,23689.0,43.0,122.578,42.0,19.718,13.079,0.045365247886413614,0.05729166666666667,0.010582682344136674,0.004518358203288149,0.03343477721933434,0.038255938902771874,0.2714285714285714,0.875,0.82,0.045479155387114244,65244628.0
555,France,2021-08-01,19714.0,18.0,122.578,42.0,19.718,13.079,0.045365247886413614,0.05729166666666667,0.010582682344136674,0.004518358203288149,0.03343477721933434,0.038255938902771874,0.2714285714285714,0.875,0.82,0.045479155387114244,65244628.0
556,France,2021-08-02,8160.0,53.0,122.578,42.0,19.718,13.079,0.045365247886413614,0.05729166666666667,0.010582682344136674,0.004518358203288149,0.03343477721933434,0.038255938902771874,0.2714285714285714,0.875,0.82,0.045479155387114244,65244628.0
557,France,2021-08-03,23919.0,59.0,122.578,42.0,19.718,13.079,0.045365247886413614,0.05729166666666667,0.010582682344136674,0.004518358203288149,0.03343477721933434,0.038255938902771874,0.2714285714285714,0.875,0.82,0.045479155387114244,65244628.0
558,France,2021-08-04,28784.0,49.0,122.578,42.0,19.718,13.079,0.045365247886413614,0.05729166666666667,0.010582682344136674,0.004518358203288149,0.03343477721933434,0.038255938902771874,0.2714285714285714,0.875,0.82,0.045479155387114244,65244628.0
559,France,2021-08-05,26460.0,52.0,122.578,42.0,19.718,13.079,0.045365247886413614,0.05729166666666667,0.010582682344136674,0.004518358203288149,0.03343477721933434,0.038255938902771874,0.2714285714285714,0.875,0.82,0.045479155387114244,65244628.0
560,France,2021-08-06,25077.0,64.0,122.578,42.0,19.718,13.079,0.045365247886413614,0.05729166666666667,0.010582682344136674,0.004518358203288149,0.03343477721933434,0.038255938902771874,0.2714285714285714,0.875,0.82,0.045479155387114244,65244628.0
561,France,2021-08-07,25857.0,32.0,122.578,42.0,19.718,13.079,0.045365247886413614,0.05729166666666667,0.010582682344136674,0.004518358203288149,0.03343477721933434,0.038255938902771874,0.2714285714285714,0.875,0.82,0.045479155387114244,65244628.0
562,France,2021-08-08,20460.0,31.0,122.578,42.0,19.718,13.079,0.045365247886413614,0.05729166666666667,0.010582682344136674,0.004518358203288149,0.03343477721933434,0.038255938902771874,0.2714285714285714,0.875,0.82,0.045479155387114244,65244628.0
563,France,2021-08-09,5775.0,75.0,122.578,42.0,19.718,13.079,0.045365247886413614,0.05729166666666667,0.010582682344136674,0.004518358203288149,0.03343477721933434,0.038255938902771874,0.2714285714285714,0.875,0.82,0.045479155387114244,65244628.0
564,France,2021-08-10,27815.0,70.0,122.578,42.0,19.718,13.079,0.045365247886413614,0.05729166666666667,0.010582682344136674,0.004518358203288149,0.03343477721933434,0.038255938902771874,0.2714285714285714,0.875,0.82,0.045479155387114244,65244628.0
565,France,2021-08-11,31852.0,58.0,122.578,42.0,19.718,13.079,0.045365247886413614,0.05729166666666667,0.010582682344136674,0.004518358203288149,0.03343477721933434,0.038255938902771874,0.2714285714285714,0.875,0.82,0.045479155387114244,65244628.0
566,France,2021-08-12,28554.0,77.0,122.578,42.0,19.718,13.079,0.045365247886413614,0.05729166666666667,0.010582682344136674,0.004518358203288149,0.03343477721933434,0.038255938902771874,0.2714285714285714,0.875,0.82,0.045479155387114244,65244628.0
567,France,2021-08-13,26453.0,90.0,122.578,42.0,19.718,13.079,0.045365247886413614,0.05729166666666667,0.010582682344136674,0.004518358203288149,0.03343477721933434,0.038255938902771874,0.2714285714285714,0.875,0.82,0.045479155387114244,65244628.0
568,France,2021-08-14,24427.0,53.0,122.578,42.0,19.718,13.079,0.045365247886413614,0.05729166666666667,0.010582682344136674,0.004518358203288149,0.03343477721933434,0.038255938902771874,0.2714285714285714,0.875,0.82,0.045479155387114244,65244628.0
569,France,2021-08-15,21269.0,44.0,122.578,42.0,19.718,13.079,0.045365247886413614,0.05729166666666667,0.010582682344136674,0.004518358203288149,0.03343477721933434,0.038255938902771874,0.2714285714285714,0.875,0.82,0.045479155387114244,65244628.0
570,France,2021-08-16,11186.0,107.0,122.578,42.0,19.718,13.079,0.045365247886413614,0.05729166666666667,0.010582682344136674,0.004518358203288149,0.03343477721933434,0.038255938902771874,0.2714285714285714,0.875,0.82,0.045479155387114244,65244628.0
571,France,2021-08-17,22959.0,111.0,122.578,42.0,19.718,13.079,0.045365247886413614,0.05729166666666667,0.010582682344136674,0.004518358203288149,0.03343477721933434,0.038255938902771874,0.2714285714285714,0.875,0.82,0.045479155387114244,65244628.0
572,France,2021-08-18,28405.0,122.0,122.578,42.0,19.718,13.079,0.045365247886413614,0.05729166666666667,0.010582682344136674,0.004518358203288149,0.03343477721933434,0.038255938902771874,0.2714285714285714,0.875,0.82,0.045479155387114244,65244628.0
573,France,2021-08-19,23973.0,129.0,122.578,42.0,19.718,13.079,0.045365247886413614,0.05729166666666667,0.010582682344136674,0.004518358203288149,0.03343477721933434,0.038255938902771874,0.2714285714285714,0.875,0.82,0.045479155387114244,65244628.0
574,France,2021-08-20,22319.0,85.0,122.578,42.0,19.718,13.079,0.045365247886413614,0.05729166666666667,0.010582682344136674,0.004518358203288149,0.03343477721933434,0.038255938902771874,0.2714285714285714,0.875,0.82,0.045479155387114244,65244628.0
575,France,2021-08-21,22712.0,112.0,122.578,42.0,19.718,13.079,0.045365247886413614,0.05729166666666667,0.010582682344136674,0.004518358203288149,0.03343477721933434,0.038255938902771874,0.2714285714285714,0.875,0.82,0.045479155387114244,65244628.0
576,France,2021-08-22,17300.0,115.0,122.578,42.0,19.718,13.079,0.045365247886413614,0.05729166666666667,0.010582682344136674,0.004518358203288149,0.03343477721933434,0.038255938902771874,0.2714285714285714,0.875,0.82,0.045479155387114244,65244628.0
577,France,2021-08-23,5166.0,109.0,122.578,42.0,19.718,13.079,0.045365247886413614,0.05729166666666667,0.010582682344136674,0.004518358203288149,0.03343477721933434,0.038255938902771874,0.2714285714285714,0.875,0.82,0.045479155387114244,65244628.0
578,France,2021-08-24,24853.0,157.0,122.578,42.0,19.718,13.079,0.045365247886413614,0.05729166666666667,0.010582682344136674,0.004518358203288149,0.03343477721933434,0.038255938902771874,0.2714285714285714,0.875,0.82,0.045479155387114244,65244628.0
579,France,2021-08-25,23706.0,103.0,122.578,42.0,19.718,13.079,0.045365247886413614,0.05729166666666667,0.010582682344136674,0.004518358203288149,0.03343477721933434,0.038255938902771874,0.2714285714285714,0.875,0.82,0.045479155387114244,65244628.0
580,France,2021-08-26,19683.0,122.0,122.578,42.0,19.718,13.079,0.045365247886413614,0.05729166666666667,0.010582682344136674,0.004518358203288149,0.03343477721933434,0.038255938902771874,0.2714285714285714,0.875,0.82,0.045479155387114244,65244628.0
581,France,2021-08-27,457.0,106.0,122.578,42.0,19.718,13.079,0.045365247886413614,0.05729166666666667,0.010582682344136674,0.004518358203288149,0.03343477721933434,0.038255938902771874,0.2714285714285714,0.875,0.82,0.045479155387114244,65244628.0
582,France,2021-08-28,35630.0,74.0,122.578,42.0,19.718,13.079,0.045365247886413614,0.05729166666666667,0.010582682344136674,0.004518358203288149,0.03343477721933434,0.038255938902771874,0.2714285714285714,0.875,0.82,0.045479155387114244,65244628.0
583,France,2021-08-29,13630.0,53.0,122.578,42.0,19.718,13.079,0.045365247886413614,0.05729166666666667,0.010582682344136674,0.004518358203288149,0.03343477721933434,0.038255938902771874,0.2714285714285714,0.875,0.82,0.045479155387114244,65244628.0
584,France,2021-08-30,7688.0,113.0,122.578,42.0,19.718,13.079,0.045365247886413614,0.05729166666666667,0.010582682344136674,0.004518358203288149,0.03343477721933434,0.038255938902771874,0.2714285714285714,0.875,0.82,0.045479155387114244,65244628.0
585,France,2021-08-31,24.0,135.0,122.578,42.0,19.718,13.079,0.045365247886413614,0.05729166666666667,0.010582682344136674,0.004518358203288149,0.03343477721933434,0.038255938902771874,0.2714285714285714,0.875,0.82,0.045479155387114244,65244628.0
586,France,2021-09-01,33129.0,95.0,122.578,42.0,19.718,13.079,0.045365247886413614,0.05729166666666667,0.010582682344136674,0.004518358203288149,0.03343477721933434,0.038255938902771874,0.2714285714285714,0.875,0.82,0.045479155387114244,65244628.0
587,France,2021-09-02,14153.0,109.0,122.578,42.0,19.718,13.079,0.045365247886413614,0.05729166666666667,0.010582682344136674,0.004518358203288149,0.03343477721933434,0.038255938902771874,0.2714285714285714,0.875,0.82,0.045479155387114244,65244628.0
588,France,2021-09-03,15224.0,95.0,122.578,42.0,19.718,13.079,0.045365247886413614,0.05729166666666667,0.010582682344136674,0.004518358203288149,0.03343477721933434,0.038255938902771874,0.2714285714285714,0.875,0.82,0.045479155387114244,65244628.0
589,France,2021-09-04,13336.0,83.0,122.578,42.0,19.718,13.079,0.045365247886413614,0.05729166666666667,0.010582682344136674,0.004518358203288149,0.03343477721933434,0.038255938902771874,0.2714285714285714,0.875,0.82,0.045479155387114244,65244628.0
590,France,2021-09-05,10410.0,49.0,122.578,42.0,19.718,13.079,0.045365247886413614,0.05729166666666667,0.010582682344136674,0.004518358203288149,0.03343477721933434,0.038255938902771874,0.2714285714285714,0.875,0.82,0.045479155387114244,65244628.0
591,France,2021-09-06,3050.0,129.0,122.578,42.0,19.718,13.079,0.045365247886413614,0.05729166666666667,0.010582682344136674,0.004518358203288149,0.03343477721933434,0.038255938902771874,0.2714285714285714,0.875,0.82,0.045479155387114244,65244628.0
592,France,2021-09-07,14534.0,108.0,122.578,42.0,19.718,13.079,0.045365247886413614,0.05729166666666667,0.010582682344136674,0.004518358203288149,0.03343477721933434,0.038255938902771874,0.2714285714285714,0.875,0.82,0.045479155387114244,65244628.0
593,France,2021-09-08,5922.0,153.0,122.578,42.0,19.718,13.079,0.045365247886413614,0.05729166666666667,0.010582682344136674,0.004518358203288149,0.03343477721933434,0.038255938902771874,0.2714285714285714,0.875,0.82,0.045479155387114244,65244628.0
594,France,2021-09-09,18070.0,92.0,122.578,42.0,19.718,13.079,0.045365247886413614,0.05729166666666667,0.010582682344136674,0.004518358203288149,0.03343477721933434,0.038255938902771874,0.2714285714285714,0.875,0.82,0.045479155387114244,65244628.0
595,France,2021-09-10,9966.0,94.0,122.578,42.0,19.718,13.079,0.045365247886413614,0.05729166666666667,0.010582682344136674,0.004518358203288149,0.03343477721933434,0.038255938902771874,0.2714285714285714,0.875,0.82,0.045479155387114244,65244628.0
596,France,2021-09-11,9601.0,46.0,122.578,42.0,19.718,13.079,0.045365247886413614,0.05729166666666667,0.010582682344136674,0.004518358203288149,0.03343477721933434,0.038255938902771874,0.2714285714285714,0.875,0.82,0.045479155387114244,65244628.0
597,France,2021-09-12,7679.0,29.0,122.578,42.0,19.718,13.079,0.045365247886413614,0.05729166666666667,0.010582682344136674,0.004518358203288149,0.03343477721933434,0.038255938902771874,0.2714285714285714,0.875,0.82,0.045479155387114244,65244628.0
598,France,2021-09-13,2062.0,97.0,122.578,42.0,19.718,13.079,0.045365247886413614,0.05729166666666667,0.010582682344136674,0.004518358203288149,0.03343477721933434,0.038255938902771874,0.2714285714285714,0.875,0.82,0.045479155387114244,65244628.0
599,France,2021-09-14,14065.0,200.0,122.578,42.0,19.718,13.079,0.045365247886413614,0.05729166666666667,0.010582682344136674,0.004518358203288149,0.03343477721933434,0.038255938902771874,0.2714285714285714,0.875,0.82,0.045479155387114244,65244628.0
600,France,2021-09-15,383.0,14.0,122.578,42.0,19.718,13.079,0.045365247886413614,0.05729166666666667,0.010582682344136674,0.004518358203288149,0.03343477721933434,0.038255938902771874,0.2714285714285714,0.875,0.82,0.045479155387114244,65244628.0
601,France,2021-09-16,13272.0,36.0,122.578,42.0,19.718,13.079,0.045365247886413614,0.05729166666666667,0.010582682344136674,0.004518358203288149,0.03343477721933434,0.038255938902771874,0.2714285714285714,0.875,0.82,0.045479155387114244,65244628.0
602,France,2021-09-17,7373.0,92.0,122.578,42.0,19.718,13.079,0.045365247886413614,0.05729166666666667,0.010582682344136674,0.004518358203288149,0.03343477721933434,0.038255938902771874,0.2714285714285714,0.875,0.82,0.045479155387114244,65244628.0
603,France,2021-09-18,7414.0,42.0,122.578,42.0,19.718,13.079,0.045365247886413614,0.05729166666666667,0.010582682344136674,0.004518358203288149,0.03343477721933434,0.038255938902771874,0.2714285714285714,0.875,0.82,0.045479155387114244,65244628.0
604,France,2021-09-19,5814.0,28.0,122.578,42.0,19.718,13.079,0.045365247886413614,0.05729166666666667,0.010582682344136674,0.004518358203288149,0.03343477721933434,0.038255938902771874,0.2714285714285714,0.875,0.82,0.045479155387114244,65244628.0
605,France,2021-09-20,1475.0,60.0,122.578,42.0,19.718,13.079,0.045365247886413614,0.05729166666666667,0.010582682344136674,0.004518358203288149,0.03343477721933434,0.038255938902771874,0.2714285714285714,0.875,0.82,0.045479155387114244,65244628.0
606,France,2021-09-21,7983.0,125.0,122.578,42.0,19.718,13.079,0.045365247886413614,0.05729166666666667,0.010582682344136674,0.004518358203288149,0.03343477721933434,0.038255938902771874,0.2714285714285714,0.875,0.82,0.045479155387114244,65244628.0
607,France,2021-09-22,6794.0,60.0,122.578,42.0,19.718,13.079,0.045365247886413614,0.05729166666666667,0.010582682344136674,0.004518358203288149,0.03343477721933434,0.038255938902771874,0.2714285714285714,0.875,0.82,0.045479155387114244,65244628.0
608,France,2021-09-23,6229.0,66.0,122.578,42.0,19.718,13.079,0.045365247886413614,0.05729166666666667,0.010582682344136674,0.004518358203288149,0.03343477721933434,0.038255938902771874,0.2714285714285714,0.875,0.82,0.045479155387114244,65244628.0
609,France,2021-09-24,6675.0,82.0,122.578,42.0,19.718,13.079,0.045365247886413614,0.05729166666666667,0.010582682344136674,0.004518358203288149,0.03343477721933434,0.038255938902771874,0.2714285714285714,0.875,0.82,0.045479155387114244,65244628.0
610,France,2021-09-25,5216.0,0.0,122.578,42.0,19.718,13.079,0.045365247886413614,0.05729166666666667,0.010582682344136674,0.004518358203288149,0.03343477721933434,0.038255938902771874,0.2714285714285714,0.875,0.82,0.045479155387114244,65244628.0
611,France,2021-09-26,4706.0,14.0,122.578,42.0,19.718,13.079,0.045365247886413614,0.05729166666666667,0.010582682344136674,0.004518358203288149,0.03343477721933434,0.038255938902771874,0.2714285714285714,0.875,0.82,0.045479155387114244,65244628.0
612,France,2021-09-27,1309.0,84.0,122.578,42.0,19.718,13.079,0.045365247886413614,0.05729166666666667,0.010582682344136674,0.004518358203288149,0.03343477721933434,0.038255938902771874,0.2714285714285714,0.875,0.82,0.045479155387114244,65244628.0
613,France,2021-09-28,6765.0,58.0,122.578,42.0,19.718,13.079,0.045365247886413614,0.05729166666666667,0.010582682344136674,0.004518358203288149,0.03343477721933434,0.038255938902771874,0.2714285714285714,0.875,0.82,0.045479155387114244,65244628.0
614,France,2021-09-29,5900.0,43.0,122.578,42.0,19.718,13.079,0.045365247886413614,0.05729166666666667,0.010582682344136674,0.004518358203288149,0.03343477721933434,0.038255938902771874,0.2714285714285714,0.875,0.82,0.045479155387114244,65244628.0
615,France,2021-09-30,5204.0,61.0,122.578,42.0,19.718,13.079,0.045365247886413614,0.05729166666666667,0.010582682344136674,0.004518358203288149,0.03343477721933434,0.038255938902771874,0.2714285714285714,0.875,0.82,0.045479155387114244,65244628.0
616,France,2021-10-01,4935.0,49.0,122.578,42.0,19.718,13.079,0.045365247886413614,0.05729166666666667,0.010582682344136674,0.004518358203288149,0.03343477721933434,0.038255938902771874,0.2714285714285714,0.875,0.82,0.045479155387114244,65244628.0
617,France,2021-10-02,4948.0,30.0,122.578,42.0,19.718,13.079,0.045365247886413614,0.05729166666666667,0.010582682344136674,0.004518358203288149,0.03343477721933434,0.038255938902771874,0.2714285714285714,0.875,0.82,0.045479155387114244,65244628.0
618,France,2021-10-03,3744.0,9.0,122.578,42.0,19.718,13.079,0.045365247886413614,0.05729166666666667,0.010582682344136674,0.004518358203288149,0.03343477721933434,0.038255938902771874,0.2714285714285714,0.875,0.82,0.045479155387114244,65244628.0
619,France,2021-10-04,1138.0,55.0,122.578,42.0,19.718,13.079,0.045365247886413614,0.05729166666666667,0.010582682344136674,0.004518358203288149,0.03343477721933434,0.038255938902771874,0.2714285714285714,0.875,0.82,0.045479155387114244,65244628.0
620,France,2021-10-05,5582.0,62.0,122.578,42.0,19.718,13.079,0.045365247886413614,0.05729166666666667,0.010582682344136674,0.004518358203288149,0.03343477721933434,0.038255938902771874,0.2714285714285714,0.875,0.82,0.045479155387114244,65244628.0
621,France,2021-10-06,4570.0,59.0,122.578,42.0,19.718,13.079,0.045365247886413614,0.05729166666666667,0.010582682344136674,0.004518358203288149,0.03343477721933434,0.038255938902771874,0.2714285714285714,0.875,0.82,0.045479155387114244,65244628.0
622,France,2021-10-07,5006.0,37.0,122.578,42.0,19.718,13.079,0.045365247886413614,0.05729166666666667,0.010582682344136674,0.004518358203288149,0.03343477721933434,0.038255938902771874,0.2714285714285714,0.875,0.82,0.045479155387114244,65244628.0
623,France,2021-10-08,4470.0,43.0,122.578,42.0,19.718,13.079,0.045365247886413614,0.05729166666666667,0.010582682344136674,0.004518358203288149,0.03343477721933434,0.038255938902771874,0.2714285714285714,0.875,0.82,0.045479155387114244,65244628.0
624,France,2021-10-09,4734.0,15.0,122.578,42.0,19.718,13.079,0.045365247886413614,0.05729166666666667,0.010582682344136674,0.004518358203288149,0.03343477721933434,0.038255938902771874,0.2714285714285714,0.875,0.82,0.045479155387114244,65244628.0
625,France,2021-10-10,3991.0,8.0,122.578,42.0,19.718,13.079,0.045365247886413614,0.05729166666666667,0.010582682344136674,0.004518358203288149,0.03343477721933434,0.038255938902771874,0.2714285714285714,0.875,0.82,0.045479155387114244,65244628.0
626,France,2021-10-11,1120.0,35.0,122.578,42.0,19.718,13.079,0.045365247886413614,0.05729166666666667,0.010582682344136674,0.004518358203288149,0.03343477721933434,0.038255938902771874,0.2714285714285714,0.875,0.82,0.045479155387114244,65244628.0
627,France,2021-10-12,5880.0,53.0,122.578,42.0,19.718,13.079,0.045365247886413614,0.05729166666666667,0.010582682344136674,0.004518358203288149,0.03343477721933434,0.038255938902771874,0.2714285714285714,0.875,0.82,0.045479155387114244,65244628.0
628,France,2021-10-13,1359.0,35.0,122.578,42.0,19.718,13.079,0.045365247886413614,0.05729166666666667,0.010582682344136674,0.004518358203288149,0.03343477721933434,0.038255938902771874,0.2714285714285714,0.875,0.82,0.045479155387114244,65244628.0
629,France,2021-10-14,9474.0,29.0,122.578,42.0,19.718,13.079,0.045365247886413614,0.05729166666666667,0.010582682344136674,0.004518358203288149,0.03343477721933434,0.038255938902771874,0.2714285714285714,0.875,0.82,0.045479155387114244,65244628.0
630,France,2021-10-15,6099.0,36.0,122.578,42.0,19.718,13.079,0.045365247886413614,0.05729166666666667,0.010582682344136674,0.004518358203288149,0.03343477721933434,0.038255938902771874,0.2714285714285714,0.875,0.82,0.045479155387114244,65244628.0
631,France,2021-10-16,4899.0,15.0,122.578,42.0,19.718,13.079,0.045365247886413614,0.05729166666666667,0.010582682344136674,0.004518358203288149,0.03343477721933434,0.038255938902771874,0.2714285714285714,0.875,0.82,0.045479155387114244,65244628.0
632,France,2021-10-17,3778.0,5.0,122.578,42.0,19.718,13.079,0.045365247886413614,0.05729166666666667,0.010582682344136674,0.004518358203288149,0.03343477721933434,0.038255938902771874,0.2714285714285714,0.875,0.82,0.045479155387114244,65244628.0
633,France,2021-10-18,1057.0,46.0,122.578,42.0,19.718,13.079,0.045365247886413614,0.05729166666666667,0.010582682344136674,0.004518358203288149,0.03343477721933434,0.038255938902771874,0.2714285714285714,0.875,0.82,0.045479155387114244,65244628.0
634,France,2021-10-19,5945.0,39.0,122.578,42.0,19.718,13.079,0.045365247886413614,0.05729166666666667,0.010582682344136674,0.004518358203288149,0.03343477721933434,0.038255938902771874,0.2714285714285714,0.875,0.82,0.045479155387114244,65244628.0
635,France,2021-10-20,6036.0,26.0,122.578,42.0,19.718,13.079,0.045365247886413614,0.05729166666666667,0.010582682344136674,0.004518358203288149,0.03343477721933434,0.038255938902771874,0.2714285714285714,0.875,0.82,0.045479155387114244,65244628.0
636,France,2021-10-21,6127.0,37.0,122.578,42.0,19.718,13.079,0.045365247886413614,0.05729166666666667,0.010582682344136674,0.004518358203288149,0.03343477721933434,0.038255938902771874,0.2714285714285714,0.875,0.82,0.045479155387114244,65244628.0
637,France,2021-10-22,6366.0,29.0,122.578,42.0,19.718,13.079,0.045365247886413614,0.05729166666666667,0.010582682344136674,0.004518358203288149,0.03343477721933434,0.038255938902771874,0.2714285714285714,0.875,0.82,0.045479155387114244,65244628.0
638,France,2021-10-23,6291.0,23.0,122.578,42.0,19.718,13.079,0.045365247886413614,0.05729166666666667,0.010582682344136674,0.004518358203288149,0.03343477721933434,0.038255938902771874,0.2714285714285714,0.875,0.82,0.045479155387114244,65244628.0
639,France,2021-10-24,5005.0,4.0,122.578,42.0,19.718,13.079,0.045365247886413614,0.05729166666666667,0.010582682344136674,0.004518358203288149,0.03343477721933434,0.038255938902771874,0.2714285714285714,0.875,0.82,0.045479155387114244,65244628.0
640,France,2021-10-25,1295.0,43.0,122.578,42.0,19.718,13.079,0.045365247886413614,0.05729166666666667,0.010582682344136674,0.004518358203288149,0.03343477721933434,0.038255938902771874,0.2714285714285714,0.875,0.82,0.045479155387114244,65244628.0
641,France,2021-10-26,6635.0,38.0,122.578,42.0,19.718,13.079,0.045365247886413614,0.05729166666666667,0.010582682344136674,0.004518358203288149,0.03343477721933434,0.038255938902771874,0.2714285714285714,0.875,0.82,0.045479155387114244,65244628.0
642,France,2021-10-27,6999.0,37.0,122.578,42.0,19.718,13.079,0.045365247886413614,0.05729166666666667,0.010582682344136674,0.004518358203288149,0.03343477721933434,0.038255938902771874,0.2714285714285714,0.875,0.82,0.045479155387114244,65244628.0
643,France,2021-10-28,5990.0,30.0,122.578,42.0,19.718,13.079,0.045365247886413614,0.05729166666666667,0.010582682344136674,0.004518358203288149,0.03343477721933434,0.038255938902771874,0.2714285714285714,0.875,0.82,0.045479155387114244,65244628.0
644,France,2021-10-29,6433.0,29.0,122.578,42.0,19.718,13.079,0.045365247886413614,0.05729166666666667,0.010582682344136674,0.004518358203288149,0.03343477721933434,0.038255938902771874,0.2714285714285714,0.875,0.82,0.045479155387114244,65244628.0
645,France,2021-10-30,7360.0,22.0,122.578,42.0,19.718,13.079,0.045365247886413614,0.05729166666666667,0.010582682344136674,0.004518358203288149,0.03343477721933434,0.038255938902771874,0.2714285714285714,0.875,0.82,0.045479155387114244,65244628.0
646,France,2021-10-31,6329.0,12.0,122.578,42.0,19.718,13.079,0.045365247886413614,0.05729166666666667,0.010582682344136674,0.004518358203288149,0.03343477721933434,0.038255938902771874,0.2714285714285714,0.875,0.82,0.045479155387114244,65244628.0
647,France,2021-11-01,1866.0,6.0,122.578,42.0,19.718,13.079,0.045365247886413614,0.05729166666666667,0.010582682344136674,0.004518358203288149,0.03343477721933434,0.038255938902771874,0.2714285714285714,0.875,0.82,0.045479155387114244,65244628.0
648,France,2021-11-02,2039.0,87.0,122.578,42.0,19.718,13.079,0.045365247886413614,0.05729166666666667,0.010582682344136674,0.004518358203288149,0.03343477721933434,0.038255938902771874,0.2714285714285714,0.875,0.82,0.045479155387114244,65244628.0
649,France,2021-11-03,10230.0,38.0,122.578,42.0,19.718,13.079,0.045365247886413614,0.05729166666666667,0.010582682344136674,0.004518358203288149,0.03343477721933434,0.038255938902771874,0.2714285714285714,0.875,0.82,0.045479155387114244,65244628.0
650,France,2021-11-04,9344.0,46.0,122.578,42.0,19.718,13.079,0.045365247886413614,0.05729166666666667,0.010582682344136674,0.004518358203288149,0.03343477721933434,0.038255938902771874,0.2714285714285714,0.875,0.82,0.045479155387114244,65244628.0
651,France,2021-11-05,8998.0,26.0,122.578,42.0,19.718,13.079,0.045365247886413614,0.05729166666666667,0.010582682344136674,0.004518358203288149,0.03343477721933434,0.038255938902771874,0.2714285714285714,0.875,0.82,0.045479155387114244,65244628.0
652,France,2021-11-06,9605.0,25.0,122.578,42.0,19.718,13.079,0.045365247886413614,0.05729166666666667,0.010582682344136674,0.004518358203288149,0.03343477721933434,0.038255938902771874,0.2714285714285714,0.875,0.82,0.045479155387114244,65244628.0
653,France,2021-11-07,8547.0,10.0,122.578,42.0,19.718,13.079,0.045365247886413614,0.05729166666666667,0.010582682344136674,0.004518358203288149,0.03343477721933434,0.038255938902771874,0.2714285714285714,0.875,0.82,0.045479155387114244,65244628.0
654,France,2021-11-08,2197.0,57.0,122.578,42.0,19.718,13.079,0.045365247886413614,0.05729166666666667,0.010582682344136674,0.004518358203288149,0.03343477721933434,0.038255938902771874,0.2714285714285714,0.875,0.82,0.045479155387114244,65244628.0
655,France,2021-11-09,12511.0,44.0,122.578,42.0,19.718,13.079,0.045365247886413614,0.05729166666666667,0.010582682344136674,0.004518358203288149,0.03343477721933434,0.038255938902771874,0.2714285714285714,0.875,0.82,0.045479155387114244,65244628.0
656,France,2021-11-10,11883.0,33.0,122.578,42.0,19.718,13.079,0.045365247886413614,0.05729166666666667,0.010582682344136674,0.004518358203288149,0.03343477721933434,0.038255938902771874,0.2714285714285714,0.875,0.82,0.045479155387114244,65244628.0
657,France,2021-11-11,12603.0,17.0,122.578,42.0,19.718,13.079,0.045365247886413614,0.05729166666666667,0.010582682344136674,0.004518358203288149,0.03343477721933434,0.038255938902771874,0.2714285714285714,0.875,0.82,0.045479155387114244,65244628.0
658,France,2021-11-12,3860.0,48.0,122.578,42.0,19.718,13.079,0.045365247886413614,0.05729166666666667,0.010582682344136674,0.004518358203288149,0.03343477721933434,0.038255938902771874,0.2714285714285714,0.875,0.82,0.045479155387114244,65244628.0
659,France,2021-11-13,14646.0,16.0,122.578,42.0,19.718,13.079,0.045365247886413614,0.05729166666666667,0.010582682344136674,0.004518358203288149,0.03343477721933434,0.038255938902771874,0.2714285714285714,0.875,0.82,0.045479155387114244,65244628.0
660,France,2021-11-14,12496.0,17.0,122.578,42.0,19.718,13.079,0.045365247886413614,0.05729166666666667,0.010582682344136674,0.004518358203288149,0.03343477721933434,0.038255938902771874,0.2714285714285714,0.875,0.82,0.045479155387114244,65244628.0
661,France,2021-11-15,3259.0,75.0,122.578,42.0,19.718,13.079,0.045365247886413614,0.05729166666666667,0.010582682344136674,0.004518358203288149,0.03343477721933434,0.038255938902771874,0.2714285714285714,0.875,0.82,0.045479155387114244,65244628.0
662,France,2021-11-16,19778.0,47.0,122.578,42.0,19.718,13.079,0.045365247886413614,0.05729166666666667,0.010582682344136674,0.004518358203288149,0.03343477721933434,0.038255938902771874,0.2714285714285714,0.875,0.82,0.045479155387114244,65244628.0
663,France,2021-11-17,20294.0,56.0,122.578,42.0,19.718,13.079,0.045365247886413614,0.05729166666666667,0.010582682344136674,0.004518358203288149,0.03343477721933434,0.038255938902771874,0.2714285714285714,0.875,0.82,0.045479155387114244,65244628.0
664,France,2021-11-18,20366.0,52.0,122.578,42.0,19.718,13.079,0.045365247886413614,0.05729166666666667,0.010582682344136674,0.004518358203288149,0.03343477721933434,0.038255938902771874,0.2714285714285714,0.875,0.82,0.045479155387114244,65244628.0
665,France,2021-11-19,21220.0,50.0,122.578,42.0,19.718,13.079,0.045365247886413614,0.05729166666666667,0.010582682344136674,0.004518358203288149,0.03343477721933434,0.038255938902771874,0.2714285714285714,0.875,0.82,0.045479155387114244,65244628.0
666,France,2021-11-20,22678.0,23.0,122.578,42.0,19.718,13.079,0.045365247886413614,0.05729166666666667,0.010582682344136674,0.004518358203288149,0.03343477721933434,0.038255938902771874,0.2714285714285714,0.875,0.82,0.045479155387114244,65244628.0
667,France,2021-11-21,19749.0,15.0,122.578,42.0,19.718,13.079,0.045365247886413614,0.05729166666666667,0.010582682344136674,0.004518358203288149,0.03343477721933434,0.038255938902771874,0.2714285714285714,0.875,0.82,0.045479155387114244,65244628.0
668,France,2021-11-22,5291.0,97.0,122.578,42.0,19.718,13.079,0.045365247886413614,0.05729166666666667,0.010582682344136674,0.004518358203288149,0.03343477721933434,0.038255938902771874,0.2714285714285714,0.875,0.82,0.045479155387114244,65244628.0
669,France,2021-11-23,30454.0,84.0,122.578,42.0,19.718,13.079,0.045365247886413614,0.05729166666666667,0.010582682344136674,0.004518358203288149,0.03343477721933434,0.038255938902771874,0.2714285714285714,0.875,0.82,0.045479155387114244,65244628.0
670,France,2021-11-24,32591.0,81.0,122.578,42.0,19.718,13.079,0.045365247886413614,0.05729166666666667,0.010582682344136674,0.004518358203288149,0.03343477721933434,0.038255938902771874,0.2714285714285714,0.875,0.82,0.045479155387114244,65244628.0
671,France,2021-11-25,33464.0,72.0,122.578,42.0,19.718,13.079,0.045365247886413614,0.05729166666666667,0.010582682344136674,0.004518358203288149,0.03343477721933434,0.038255938902771874,0.2714285714285714,0.875,0.82,0.045479155387114244,65244628.0
672,France,2021-11-26,34436.0,60.0,122.578,42.0,19.718,13.079,0.045365247886413614,0.05729166666666667,0.010582682344136674,0.004518358203288149,0.03343477721933434,0.038255938902771874,0.2714285714285714,0.875,0.82,0.045479155387114244,65244628.0
673,France,2021-11-27,37057.0,32.0,122.578,42.0,19.718,13.079,0.045365247886413614,0.05729166666666667,0.010582682344136674,0.004518358203288149,0.03343477721933434,0.038255938902771874,0.2714285714285714,0.875,0.82,0.045479155387114244,65244628.0
674,France,2021-11-28,31581.0,21.0,122.578,42.0,19.718,13.079,0.045365247886413614,0.05729166666666667,0.010582682344136674,0.004518358203288149,0.03343477721933434,0.038255938902771874,0.2714285714285714,0.875,0.82,0.045479155387114244,65244628.0
675,France,2021-11-29,8507.0,126.0,122.578,42.0,19.718,13.079,0.045365247886413614,0.05729166666666667,0.010582682344136674,0.004518358203288149,0.03343477721933434,0.038255938902771874,0.2714285714285714,0.875,0.82,0.045479155387114244,65244628.0
676,France,2021-11-30,47201.0,115.0,122.578,42.0,19.718,13.079,0.045365247886413614,0.05729166666666667,0.010582682344136674,0.004518358203288149,0.03343477721933434,0.038255938902771874,0.2714285714285714,0.875,0.82,0.045479155387114244,65244628.0
677,France,2021-12-01,49610.0,96.0,122.578,42.0,19.718,13.079,0.045365247886413614,0.05729166666666667,0.010582682344136674,0.004518358203288149,0.03343477721933434,0.038255938902771874,0.2714285714285714,0.875,0.82,0.045479155387114244,65244628.0
678,France,2021-12-02,48416.0,103.0,122.578,42.0,19.718,13.079,0.045365247886413614,0.05729166666666667,0.010582682344136674,0.004518358203288149,0.03343477721933434,0.038255938902771874,0.2714285714285714,0.875,0.82,0.045479155387114244,65244628.0
679,France,2021-12-03,49858.0,127.0,122.578,42.0,19.718,13.079,0.045365247886413614,0.05729166666666667,0.010582682344136674,0.004518358203288149,0.03343477721933434,0.038255938902771874,0.2714285714285714,0.875,0.82,0.045479155387114244,65244628.0
680,France,2021-12-04,51464.0,48.0,122.578,42.0,19.718,13.079,0.045365247886413614,0.05729166666666667,0.010582682344136674,0.004518358203288149,0.03343477721933434,0.038255938902771874,0.2714285714285714,0.875,0.82,0.045479155387114244,65244628.0
681,France,2021-12-05,42153.0,27.0,122.578,42.0,19.718,13.079,0.045365247886413614,0.05729166666666667,0.010582682344136674,0.004518358203288149,0.03343477721933434,0.038255938902771874,0.2714285714285714,0.875,0.82,0.045479155387114244,65244628.0
682,France,2021-12-06,11578.0,195.0,122.578,42.0,19.718,13.079,0.045365247886413614,0.05729166666666667,0.010582682344136674,0.004518358203288149,0.03343477721933434,0.038255938902771874,0.2714285714285714,0.875,0.82,0.045479155387114244,65244628.0
683,France,2021-12-07,59019.0,172.0,122.578,42.0,19.718,13.079,0.045365247886413614,0.05729166666666667,0.010582682344136674,0.004518358203288149,0.03343477721933434,0.038255938902771874,0.2714285714285714,0.875,0.82,0.045479155387114244,65244628.0
684,France,2021-12-08,61340.0,133.0,122.578,42.0,19.718,13.079,0.045365247886413614,0.05729166666666667,0.010582682344136674,0.004518358203288149,0.03343477721933434,0.038255938902771874,0.2714285714285714,0.875,0.82,0.045479155387114244,65244628.0
685,France,2021-12-09,56854.0,136.0,122.578,42.0,19.718,13.079,0.045365247886413614,0.05729166666666667,0.010582682344136674,0.004518358203288149,0.03343477721933434,0.038255938902771874,0.2714285714285714,0.875,0.82,0.045479155387114244,65244628.0
686,France,2021-12-10,55140.0,148.0,122.578,42.0,19.718,13.079,0.045365247886413614,0.05729166666666667,0.010582682344136674,0.004518358203288149,0.03343477721933434,0.038255938902771874,0.2714285714285714,0.875,0.82,0.045479155387114244,65244628.0
687,France,2021-12-11,53919.0,67.0,122.578,42.0,19.718,13.079,0.045365247886413614,0.05729166666666667,0.010582682344136674,0.004518358203288149,0.03343477721933434,0.038255938902771874,0.2714285714285714,0.875,0.82,0.045479155387114244,65244628.0
688,France,2021-12-12,43848.0,48.0,122.578,42.0,19.718,13.079,0.045365247886413614,0.05729166666666667,0.010582682344136674,0.004518358203288149,0.03343477721933434,0.038255938902771874,0.2714285714285714,0.875,0.82,0.045479155387114244,65244628.0
689,France,2021-12-13,12064.0,243.0,122.578,42.0,19.718,13.079,0.045365247886413614,0.05729166666666667,0.010582682344136674,0.004518358203288149,0.03343477721933434,0.038255938902771874,0.2714285714285714,0.875,0.82,0.045479155387114244,65244628.0
690,France,2021-12-14,63405.0,158.0,122.578,42.0,19.718,13.079,0.045365247886413614,0.05729166666666667,0.010582682344136674,0.004518358203288149,0.03343477721933434,0.038255938902771874,0.2714285714285714,0.875,0.82,0.045479155387114244,65244628.0
691,France,2021-12-15,65713.0,151.0,122.578,42.0,19.718,13.079,0.045365247886413614,0.05729166666666667,0.010582682344136674,0.004518358203288149,0.03343477721933434,0.038255938902771874,0.2714285714285714,0.875,0.82,0.045479155387114244,65244628.0
692,France,2021-12-16,60866.0,188.0,122.578,42.0,19.718,13.079,0.045365247886413614,0.05729166666666667,0.010582682344136674,0.004518358203288149,0.03343477721933434,0.038255938902771874,0.2714285714285714,0.875,0.82,0.045479155387114244,65244628.0
693,France,2021-12-17,58128.0,162.0,122.578,42.0,19.718,13.079,0.045365247886413614,0.05729166666666667,0.010582682344136674,0.004518358203288149,0.03343477721933434,0.038255938902771874,0.2714285714285714,0.875,0.82,0.045479155387114244,65244628.0
694,France,2021-12-18,58536.0,85.0,122.578,42.0,19.718,13.079,0.045365247886413614,0.05729166666666667,0.010582682344136674,0.004518358203288149,0.03343477721933434,0.038255938902771874,0.2714285714285714,0.875,0.82,0.045479155387114244,65244628.0
695,France,2021-12-19,48473.0,75.0,122.578,42.0,19.718,13.079,0.045365247886413614,0.05729166666666667,0.010582682344136674,0.004518358203288149,0.03343477721933434,0.038255938902771874,0.2714285714285714,0.875,0.82,0.045479155387114244,65244628.0
696,France,2021-12-20,15075.0,224.0,122.578,42.0,19.718,13.079,0.045365247886413614,0.05729166666666667,0.010582682344136674,0.004518358203288149,0.03343477721933434,0.038255938902771874,0.2714285714285714,0.875,0.82,0.045479155387114244,65244628.0
697,France,2021-12-21,72857.0,229.0,122.578,42.0,19.718,13.079,0.045365247886413614,0.05729166666666667,0.010582682344136674,0.004518358203288149,0.03343477721933434,0.038255938902771874,0.2714285714285714,0.875,0.82,0.045479155387114244,65244628.0
698,France,2021-12-22,84272.0,170.0,122.578,42.0,19.718,13.079,0.045365247886413614,0.05729166666666667,0.010582682344136674,0.004518358203288149,0.03343477721933434,0.038255938902771874,0.2714285714285714,0.875,0.82,0.045479155387114244,65244628.0
699,France,2021-12-23,91608.0,179.0,122.578,42.0,19.718,13.079,0.045365247886413614,0.05729166666666667,0.010582682344136674,0.004518358203288149,0.03343477721933434,0.038255938902771874,0.2714285714285714,0.875,0.82,0.045479155387114244,65244628.0
700,France,2021-12-24,94124.0,167.0,122.578,42.0,19.718,13.079,0.045365247886413614,0.05729166666666667,0.010582682344136674,0.004518358203288149,0.03343477721933434,0.038255938902771874,0.2714285714285714,0.875,0.82,0.045479155387114244,65244628.0
701,France,2021-12-25,104611.0,84.0,122.578,42.0,19.718,13.079,0.045365247886413614,0.05729166666666667,0.010582682344136674,0.004518358203288149,0.03343477721933434,0.038255938902771874,0.2714285714285714,0.875,0.82,0.045479155387114244,65244628.0
702,France,2021-12-26,27697.0,96.0,122.578,42.0,19.718,13.079,0.045365247886413614,0.05729166666666667,0.010582682344136674,0.004518358203288149,0.03343477721933434,0.038255938902771874,0.2714285714285714,0.875,0.82,0.045479155387114244,65244628.0
703,France,2021-12-27,30459.0,256.0,122.578,42.0,19.718,13.079,0.045365247886413614,0.05729166666666667,0.010582682344136674,0.004518358203288149,0.03343477721933434,0.038255938902771874,0.2714285714285714,0.875,0.82,0.045479155387114244,65244628.0
704,France,2021-12-28,179808.0,290.0,122.578,42.0,19.718,13.079,0.045365247886413614,0.05729166666666667,0.010582682344136674,0.004518358203288149,0.03343477721933434,0.038255938902771874,0.2714285714285714,0.875,0.82,0.045479155387114244,65244628.0
705,France,2021-12-29,208099.0,184.0,122.578,42.0,19.718,13.079,0.045365247886413614,0.05729166666666667,0.010582682344136674,0.004518358203288149,0.03343477721933434,0.038255938902771874,0.2714285714285714,0.875,0.82,0.045479155387114244,65244628.0
706,France,2021-12-30,206544.0,182.0,122.578,42.0,19.718,13.079,0.045365247886413614,0.05729166666666667,0.010582682344136674,0.004518358203288149,0.03343477721933434,0.038255938902771874,0.2714285714285714,0.875,0.82,0.045479155387114244,65244628.0
707,France,2021-12-31,232200.0,189.0,122.578,42.0,19.718,13.079,0.045365247886413614,0.05729166666666667,0.010582682344136674,0.004518358203288149,0.03343477721933434,0.038255938902771874,0.2714285714285714,0.875,0.82,0.045479155387114244,65244628.0
708,France,2022-01-01,219126.0,110.0,122.578,42.0,19.718,13.079,0.045365247886413614,0.05729166666666667,0.010582682344136674,0.004518358203288149,0.03343477721933434,0.038255938902771874,0.2714285714285714,0.875,0.82,0.045479155387114244,65244628.0
709,France,2022-01-02,58432.0,91.0,122.578,42.0,19.718,13.079,0.045365247886413614,0.05729166666666667,0.010582682344136674,0.004518358203288149,0.03343477721933434,0.038255938902771874,0.2714285714285714,0.875,0.82,0.045479155387114244,65244628.0
710,France,2022-01-03,67461.0,270.0,122.578,42.0,19.718,13.079,0.045365247886413614,0.05729166666666667,0.010582682344136674,0.004518358203288149,0.03343477721933434,0.038255938902771874,0.2714285714285714,0.875,0.82,0.045479155387114244,65244628.0
711,France,2022-01-04,271746.0,351.0,122.578,42.0,19.718,13.079,0.045365247886413614,0.05729166666666667,0.010582682344136674,0.004518358203288149,0.03343477721933434,0.038255938902771874,0.2714285714285714,0.875,0.82,0.045479155387114244,65244628.0
712,France,2022-01-05,332252.0,246.0,122.578,42.0,19.718,13.079,0.045365247886413614,0.05729166666666667,0.010582682344136674,0.004518358203288149,0.03343477721933434,0.038255938902771874,0.2714285714285714,0.875,0.82,0.045479155387114244,65244628.0
713,France,2022-01-06,262787.0,205.0,122.578,42.0,19.718,13.079,0.045365247886413614,0.05729166666666667,0.010582682344136674,0.004518358203288149,0.03343477721933434,0.038255938902771874,0.2714285714285714,0.875,0.82,0.045479155387114244,65244628.0
714,France,2022-01-07,328214.0,193.0,122.578,42.0,19.718,13.079,0.045365247886413614,0.05729166666666667,0.010582682344136674,0.004518358203288149,0.03343477721933434,0.038255938902771874,0.2714285714285714,0.875,0.82,0.045479155387114244,65244628.0
715,France,2022-01-08,303669.0,142.0,122.578,42.0,19.718,13.079,0.045365247886413614,0.05729166666666667,0.010582682344136674,0.004518358203288149,0.03343477721933434,0.038255938902771874,0.2714285714285714,0.875,0.82,0.045479155387114244,65244628.0
716,France,2022-01-09,296097.0,90.0,122.578,42.0,19.718,13.079,0.045365247886413614,0.05729166666666667,0.010582682344136674,0.004518358203288149,0.03343477721933434,0.038255938902771874,0.2714285714285714,0.875,0.82,0.045479155387114244,65244628.0
717,France,2022-01-10,93896.0,280.0,122.578,42.0,19.718,13.079,0.045365247886413614,0.05729166666666667,0.010582682344136674,0.004518358203288149,0.03343477721933434,0.038255938902771874,0.2714285714285714,0.875,0.82,0.045479155387114244,65244628.0
718,France,2022-01-11,368379.0,341.0,122.578,42.0,19.718,13.079,0.045365247886413614,0.05729166666666667,0.010582682344136674,0.004518358203288149,0.03343477721933434,0.038255938902771874,0.2714285714285714,0.875,0.82,0.045479155387114244,65244628.0
719,France,2022-01-12,361719.0,246.0,122.578,42.0,19.718,13.079,0.045365247886413614,0.05729166666666667,0.010582682344136674,0.004518358203288149,0.03343477721933434,0.038255938902771874,0.2714285714285714,0.875,0.82,0.045479155387114244,65244628.0
720,France,2022-01-13,308221.0,226.0,122.578,42.0,19.718,13.079,0.045365247886413614,0.05729166666666667,0.010582682344136674,0.004518358203288149,0.03343477721933434,0.038255938902771874,0.2714285714285714,0.875,0.82,0.045479155387114244,65244628.0
721,France,2022-01-14,329371.0,191.0,122.578,42.0,19.718,13.079,0.045365247886413614,0.05729166666666667,0.010582682344136674,0.004518358203288149,0.03343477721933434,0.038255938902771874,0.2714285714285714,0.875,0.82,0.045479155387114244,65244628.0
722,France,2022-01-15,324580.0,148.0,122.578,42.0,19.718,13.079,0.045365247886413614,0.05729166666666667,0.010582682344136674,0.004518358203288149,0.03343477721933434,0.038255938902771874,0.2714285714285714,0.875,0.82,0.045479155387114244,65244628.0
723,France,2022-01-16,278129.0,81.0,122.578,42.0,19.718,13.079,0.045365247886413614,0.05729166666666667,0.010582682344136674,0.004518358203288149,0.03343477721933434,0.038255938902771874,0.2714285714285714,0.875,0.82,0.045479155387114244,65244628.0
724,France,2022-01-17,102169.0,313.0,122.578,42.0,19.718,13.079,0.045365247886413614,0.05729166666666667,0.010582682344136674,0.004518358203288149,0.03343477721933434,0.038255938902771874,0.2714285714285714,0.875,0.82,0.045479155387114244,65244628.0
725,France,2022-01-18,464769.0,375.0,122.578,42.0,19.718,13.079,0.045365247886413614,0.05729166666666667,0.010582682344136674,0.004518358203288149,0.03343477721933434,0.038255938902771874,0.2714285714285714,0.875,0.82,0.045479155387114244,65244628.0
726,France,2022-01-19,436167.0,12.0,122.578,42.0,19.718,13.079,0.045365247886413614,0.05729166666666667,0.010582682344136674,0.004518358203288149,0.03343477721933434,0.038255938902771874,0.2714285714285714,0.875,0.82,0.045479155387114244,65244628.0
727,France,2022-01-20,426943.0,464.0,122.578,42.0,19.718,13.079,0.045365247886413614,0.05729166666666667,0.010582682344136674,0.004518358203288149,0.03343477721933434,0.038255938902771874,0.2714285714285714,0.875,0.82,0.045479155387114244,65244628.0
728,France,2022-01-21,400851.0,233.0,122.578,42.0,19.718,13.079,0.045365247886413614,0.05729166666666667,0.010582682344136674,0.004518358203288149,0.03343477721933434,0.038255938902771874,0.2714285714285714,0.875,0.82,0.045479155387114244,65244628.0
729,France,2022-01-22,389320.0,167.0,122.578,42.0,19.718,13.079,0.045365247886413614,0.05729166666666667,0.010582682344136674,0.004518358203288149,0.03343477721933434,0.038255938902771874,0.2714285714285714,0.875,0.82,0.045479155387114244,65244628.0
730,France,2022-01-23,301614.0,115.0,122.578,42.0,19.718,13.079,0.045365247886413614,0.05729166666666667,0.010582682344136674,0.004518358203288149,0.03343477721933434,0.038255938902771874,0.2714285714285714,0.875,0.82,0.045479155387114244,65244628.0
731,France,2022-01-24,108481.0,393.0,122.578,42.0,19.718,13.079,0.045365247886413614,0.05729166666666667,0.010582682344136674,0.004518358203288149,0.03343477721933434,0.038255938902771874,0.2714285714285714,0.875,0.82,0.045479155387114244,65244628.0
732,France,2022-01-25,502507.0,469.0,122.578,42.0,19.718,13.079,0.045365247886413614,0.05729166666666667,0.010582682344136674,0.004518358203288149,0.03343477721933434,0.038255938902771874,0.2714285714285714,0.875,0.82,0.045479155387114244,65244628.0
733,France,2022-01-26,427136.0,256.0,122.578,42.0,19.718,13.079,0.045365247886413614,0.05729166666666667,0.010582682344136674,0.004518358203288149,0.03343477721933434,0.038255938902771874,0.2714285714285714,0.875,0.82,0.045479155387114244,65244628.0
734,France,2022-01-27,392617.0,269.0,122.578,42.0,19.718,13.079,0.045365247886413614,0.05729166666666667,0.010582682344136674,0.004518358203288149,0.03343477721933434,0.038255938902771874,0.2714285714285714,0.875,0.82,0.045479155387114244,65244628.0
735,France,2022-01-28,353503.0,263.0,122.578,42.0,19.718,13.079,0.045365247886413614,0.05729166666666667,0.010582682344136674,0.004518358203288149,0.03343477721933434,0.038255938902771874,0.2714285714285714,0.875,0.82,0.045479155387114244,65244628.0
736,France,2022-01-29,332398.0,178.0,122.578,42.0,19.718,13.079,0.045365247886413614,0.05729166666666667,0.010582682344136674,0.004518358203288149,0.03343477721933434,0.038255938902771874,0.2714285714285714,0.875,0.82,0.045479155387114244,65244628.0
737,France,2022-01-30,249448.0,127.0,122.578,42.0,19.718,13.079,0.045365247886413614,0.05729166666666667,0.010582682344136674,0.004518358203288149,0.03343477721933434,0.038255938902771874,0.2714285714285714,0.875,0.82,0.045479155387114244,65244628.0
738,France,2022-01-31,86376.0,361.0,122.578,42.0,19.718,13.079,0.045365247886413614,0.05729166666666667,0.010582682344136674,0.004518358203288149,0.03343477721933434,0.038255938902771874,0.2714285714285714,0.875,0.82,0.045479155387114244,65244628.0
739,France,2022-02-01,413177.0,368.0,122.578,42.0,19.718,13.079,0.045365247886413614,0.05729166666666667,0.010582682344136674,0.004518358203288149,0.03343477721933434,0.038255938902771874,0.2714285714285714,0.875,0.82,0.045479155387114244,65244628.0
740,France,2022-02-02,315363.0,276.0,122.578,42.0,19.718,13.079,0.045365247886413614,0.05729166666666667,0.010582682344136674,0.004518358203288149,0.03343477721933434,0.038255938902771874,0.2714285714285714,0.875,0.82,0.045479155387114244,65244628.0
741,France,2022-02-03,274352.0,264.0,122.578,42.0,19.718,13.079,0.045365247886413614,0.05729166666666667,0.010582682344136674,0.004518358203288149,0.03343477721933434,0.038255938902771874,0.2714285714285714,0.875,0.82,0.045479155387114244,65244628.0
742,France,2022-02-04,241049.0,355.0,122.578,42.0,19.718,13.079,0.045365247886413614,0.05729166666666667,0.010582682344136674,0.004518358203288149,0.03343477721933434,0.038255938902771874,0.2714285714285714,0.875,0.82,0.045479155387114244,65244628.0
743,France,2022-02-05,214542.0,170.0,122.578,42.0,19.718,13.079,0.045365247886413614,0.05729166666666667,0.010582682344136674,0.004518358203288149,0.03343477721933434,0.038255938902771874,0.2714285714285714,0.875,0.82,0.045479155387114244,65244628.0
744,France,2022-02-06,155439.0,129.0,122.578,42.0,19.718,13.079,0.045365247886413614,0.05729166666666667,0.010582682344136674,0.004518358203288149,0.03343477721933434,0.038255938902771874,0.2714285714285714,0.875,0.82,0.045479155387114244,65244628.0
745,France,2022-02-07,46001.0,417.0,122.578,42.0,19.718,13.079,0.045365247886413614,0.05729166666666667,0.010582682344136674,0.004518358203288149,0.03343477721933434,0.038255938902771874,0.2714285714285714,0.875,0.82,0.045479155387114244,65244628.0
746,France,2022-02-08,235267.0,691.0,122.578,42.0,19.718,13.079,0.045365247886413614,0.05729166666666667,0.010582682344136674,0.004518358203288149,0.03343477721933434,0.038255938902771874,0.2714285714285714,0.875,0.82,0.045479155387114244,65244628.0
747,France,2022-02-09,0.0,0.0,122.578,42.0,19.718,13.079,0.045365247886413614,0.05729166666666667,0.010582682344136674,0.004518358203288149,0.03343477721933434,0.038255938902771874,0.2714285714285714,0.875,0.82,0.045479155387114244,65244628.0
748,France,2022-02-10,333226.0,655.0,122.578,42.0,19.718,13.079,0.045365247886413614,0.05729166666666667,0.010582682344136674,0.004518358203288149,0.03343477721933434,0.038255938902771874,0.2714285714285714,0.875,0.82,0.045479155387114244,65244628.0
749,France,2022-02-11,131376.0,269.0,122.578,42.0,19.718,13.079,0.045365247886413614,0.05729166666666667,0.010582682344136674,0.004518358203288149,0.03343477721933434,0.038255938902771874,0.2714285714285714,0.875,0.82,0.045479155387114244,65244628.0
750,France,2022-02-12,118611.0,161.0,122.578,42.0,19.718,13.079,0.045365247886413614,0.05729166666666667,0.010582682344136674,0.004518358203288149,0.03343477721933434,0.038255938902771874,0.2714285714285714,0.875,0.82,0.045479155387114244,65244628.0
751,France,2022-02-13,86562.0,107.0,122.578,42.0,19.718,13.079,0.045365247886413614,0.05729166666666667,0.010582682344136674,0.004518358203288149,0.03343477721933434,0.038255938902771874,0.2714285714285714,0.875,0.82,0.045479155387114244,65244628.0
752,France,2022-02-14,26475.0,385.0,122.578,42.0,19.718,13.079,0.045365247886413614,0.05729166666666667,0.010582682344136674,0.004518358203288149,0.03343477721933434,0.038255938902771874,0.2714285714285714,0.875,0.82,0.045479155387114244,65244628.0
753,France,2022-02-15,0.0,0.0,122.578,42.0,19.718,13.079,0.045365247886413614,0.05729166666666667,0.010582682344136674,0.004518358203288149,0.03343477721933434,0.038255938902771874,0.2714285714285714,0.875,0.82,0.045479155387114244,65244628.0
754,France,2022-02-16,240988.0,666.0,122.578,42.0,19.718,13.079,0.045365247886413614,0.05729166666666667,0.010582682344136674,0.004518358203288149,0.03343477721933434,0.038255938902771874,0.2714285714285714,0.875,0.82,0.045479155387114244,65244628.0
755,France,2022-02-17,92446.0,287.0,122.578,42.0,19.718,13.079,0.045365247886413614,0.05729166666666667,0.010582682344136674,0.004518358203288149,0.03343477721933434,0.038255938902771874,0.2714285714285714,0.875,0.82,0.045479155387114244,65244628.0
756,France,2022-02-18,82639.0,305.0,122.578,42.0,19.718,13.079,0.045365247886413614,0.05729166666666667,0.010582682344136674,0.004518358203288149,0.03343477721933434,0.038255938902771874,0.2714285714285714,0.875,0.82,0.045479155387114244,65244628.0
757,France,2022-02-19,76552.0,147.0,122.578,42.0,19.718,13.079,0.045365247886413614,0.05729166666666667,0.010582682344136674,0.004518358203288149,0.03343477721933434,0.038255938902771874,0.2714285714285714,0.875,0.82,0.045479155387114244,65244628.0
758,France,2022-02-20,59003.0,1.0,122.578,42.0,19.718,13.079,0.045365247886413614,0.05729166666666667,0.010582682344136674,0.004518358203288149,0.03343477721933434,0.038255938902771874,0.2714285714285714,0.875,0.82,0.045479155387114244,65244628.0
759,France,2022-02-21,17195.0,23.0,122.578,42.0,19.718,13.079,0.045365247886413614,0.05729166666666667,0.010582682344136674,0.004518358203288149,0.03343477721933434,0.038255938902771874,0.2714285714285714,0.875,0.82,0.045479155387114244,65244628.0
760,France,2022-02-22,97382.0,658.0,122.578,42.0,19.718,13.079,0.045365247886413614,0.05729166666666667,0.010582682344136674,0.004518358203288149,0.03343477721933434,0.038255938902771874,0.2714285714285714,0.875,0.82,0.045479155387114244,65244628.0
761,France,2022-02-23,66833.0,213.0,122.578,42.0,19.718,13.079,0.045365247886413614,0.05729166666666667,0.010582682344136674,0.004518358203288149,0.03343477721933434,0.038255938902771874,0.2714285714285714,0.875,0.82,0.045479155387114244,65244628.0
762,France,2022-02-24,66805.0,281.0,122.578,42.0,19.718,13.079,0.045365247886413614,0.05729166666666667,0.010582682344136674,0.004518358203288149,0.03343477721933434,0.038255938902771874,0.2714285714285714,0.875,0.82,0.045479155387114244,65244628.0
763,France,2022-02-25,58138.0,188.0,122.578,42.0,19.718,13.079,0.045365247886413614,0.05729166666666667,0.010582682344136674,0.004518358203288149,0.03343477721933434,0.038255938902771874,0.2714285714285714,0.875,0.82,0.045479155387114244,65244628.0
764,France,2022-02-26,53623.0,101.0,122.578,42.0,19.718,13.079,0.045365247886413614,0.05729166666666667,0.010582682344136674,0.004518358203288149,0.03343477721933434,0.038255938902771874,0.2714285714285714,0.875,0.82,0.045479155387114244,65244628.0
765,France,2022-02-27,42600.0,76.0,122.578,42.0,19.718,13.079,0.045365247886413614,0.05729166666666667,0.010582682344136674,0.004518358203288149,0.03343477721933434,0.038255938902771874,0.2714285714285714,0.875,0.82,0.045479155387114244,65244628.0
766,France,2022-02-28,13483.0,232.0,122.578,42.0,19.718,13.079,0.045365247886413614,0.05729166666666667,0.010582682344136674,0.004518358203288149,0.03343477721933434,0.038255938902771874,0.2714285714285714,0.875,0.82,0.045479155387114244,65244628.0
767,France,2022-03-01,79794.0,209.0,122.578,42.0,19.718,13.079,0.045365247886413614,0.05729166666666667,0.010582682344136674,0.004518358203288149,0.03343477721933434,0.038255938902771874,0.2714285714285714,0.875,0.82,0.045479155387114244,65244628.0
768,France,2022-03-02,57697.0,186.0,122.578,42.0,19.718,13.079,0.045365247886413614,0.05729166666666667,0.010582682344136674,0.004518358203288149,0.03343477721933434,0.038255938902771874,0.2714285714285714,0.875,0.82,0.045479155387114244,65244628.0
769,France,2022-03-03,60282.0,180.0,122.578,42.0,19.718,13.079,0.045365247886413614,0.05729166666666667,0.010582682344136674,0.004518358203288149,0.03343477721933434,0.038255938902771874,0.2714285714285714,0.875,0.82,0.045479155387114244,65244628.0
770,France,2022-03-04,57789.0,181.0,122.578,42.0,19.718,13.079,0.045365247886413614,0.05729166666666667,0.010582682344136674,0.004518358203288149,0.03343477721933434,0.038255938902771874,0.2714285714285714,0.875,0.82,0.045479155387114244,65244628.0
771,France,2022-03-05,53678.0,120.0,122.578,42.0,19.718,13.079,0.045365247886413614,0.05729166666666667,0.010582682344136674,0.004518358203288149,0.03343477721933434,0.038255938902771874,0.2714285714285714,0.875,0.82,0.045479155387114244,65244628.0
772,France,2022-03-06,45328.0,32.0,122.578,42.0,19.718,13.079,0.045365247886413614,0.05729166666666667,0.010582682344136674,0.004518358203288149,0.03343477721933434,0.038255938902771874,0.2714285714285714,0.875,0.82,0.045479155387114244,65244628.0
773,France,2022-03-07,14496.0,176.0,122.578,42.0,19.718,13.079,0.045365247886413614,0.05729166666666667,0.010582682344136674,0.004518358203288149,0.03343477721933434,0.038255938902771874,0.2714285714285714,0.875,0.82,0.045479155387114244,65244628.0
774,France,2022-03-08,93050.0,167.0,122.578,42.0,19.718,13.079,0.045365247886413614,0.05729166666666667,0.010582682344136674,0.004518358203288149,0.03343477721933434,0.038255938902771874,0.2714285714285714,0.875,0.82,0.045479155387114244,65244628.0
775,France,2022-03-09,69190.0,155.0,122.578,42.0,19.718,13.079,0.045365247886413614,0.05729166666666667,0.010582682344136674,0.004518358203288149,0.03343477721933434,0.038255938902771874,0.2714285714285714,0.875,0.82,0.045479155387114244,65244628.0
776,France,2022-03-10,74818.0,107.0,122.578,42.0,19.718,13.079,0.045365247886413614,0.05729166666666667,0.010582682344136674,0.004518358203288149,0.03343477721933434,0.038255938902771874,0.2714285714285714,0.875,0.82,0.045479155387114244,65244628.0
777,France,2022-03-11,72399.0,149.0,122.578,42.0,19.718,13.079,0.045365247886413614,0.05729166666666667,0.010582682344136674,0.004518358203288149,0.03343477721933434,0.038255938902771874,0.2714285714285714,0.875,0.82,0.045479155387114244,65244628.0
778,France,2022-03-12,70524.0,50.0,122.578,42.0,19.718,13.079,0.045365247886413614,0.05729166666666667,0.010582682344136674,0.004518358203288149,0.03343477721933434,0.038255938902771874,0.2714285714285714,0.875,0.82,0.045479155387114244,65244628.0
779,France,2022-03-13,59036.0,28.0,122.578,42.0,19.718,13.079,0.045365247886413614,0.05729166666666667,0.010582682344136674,0.004518358203288149,0.03343477721933434,0.038255938902771874,0.2714285714285714,0.875,0.82,0.045479155387114244,65244628.0
780,France,2022-03-14,22158.0,187.0,122.578,42.0,19.718,13.079,0.045365247886413614,0.05729166666666667,0.010582682344136674,0.004518358203288149,0.03343477721933434,0.038255938902771874,0.2714285714285714,0.875,0.82,0.045479155387114244,65244628.0
781,France,2022-03-15,116618.0,146.0,122.578,42.0,19.718,13.079,0.045365247886413614,0.05729166666666667,0.010582682344136674,0.004518358203288149,0.03343477721933434,0.038255938902771874,0.2714285714285714,0.875,0.82,0.045479155387114244,65244628.0
782,France,2022-03-16,108832.0,173.0,122.578,42.0,19.718,13.079,0.045365247886413614,0.05729166666666667,0.010582682344136674,0.004518358203288149,0.03343477721933434,0.038255938902771874,0.2714285714285714,0.875,0.82,0.045479155387114244,65244628.0
783,France,2022-03-17,101747.0,116.0,122.578,42.0,19.718,13.079,0.045365247886413614,0.05729166666666667,0.010582682344136674,0.004518358203288149,0.03343477721933434,0.038255938902771874,0.2714285714285714,0.875,0.82,0.045479155387114244,65244628.0
784,France,2022-03-18,97579.0,112.0,122.578,42.0,19.718,13.079,0.045365247886413614,0.05729166666666667,0.010582682344136674,0.004518358203288149,0.03343477721933434,0.038255938902771874,0.2714285714285714,0.875,0.82,0.045479155387114244,65244628.0
785,France,2022-03-19,98104.0,62.0,122.578,42.0,19.718,13.079,0.045365247886413614,0.05729166666666667,0.010582682344136674,0.004518358203288149,0.03343477721933434,0.038255938902771874,0.2714285714285714,0.875,0.82,0.045479155387114244,65244628.0
786,France,2022-03-20,81283.0,30.0,122.578,42.0,19.718,13.079,0.045365247886413614,0.05729166666666667,0.010582682344136674,0.004518358203288149,0.03343477721933434,0.038255938902771874,0.2714285714285714,0.875,0.82,0.045479155387114244,65244628.0
787,France,2022-03-21,24231.0,152.0,122.578,42.0,19.718,13.079,0.045365247886413614,0.05729166666666667,0.010582682344136674,0.004518358203288149,0.03343477721933434,0.038255938902771874,0.2714285714285714,0.875,0.82,0.045479155387114244,65244628.0
788,France,2022-03-22,180777.0,133.0,122.578,42.0,19.718,13.079,0.045365247886413614,0.05729166666666667,0.010582682344136674,0.004518358203288149,0.03343477721933434,0.038255938902771874,0.2714285714285714,0.875,0.82,0.045479155387114244,65244628.0
789,France,2022-03-23,154054.0,114.0,122.578,42.0,19.718,13.079,0.045365247886413614,0.05729166666666667,0.010582682344136674,0.004518358203288149,0.03343477721933434,0.038255938902771874,0.2714285714285714,0.875,0.82,0.045479155387114244,65244628.0
790,France,2022-03-24,140141.0,111.0,122.578,42.0,19.718,13.079,0.045365247886413614,0.05729166666666667,0.010582682344136674,0.004518358203288149,0.03343477721933434,0.038255938902771874,0.2714285714285714,0.875,0.82,0.045479155387114244,65244628.0
791,France,2022-03-25,143571.0,121.0,122.578,42.0,19.718,13.079,0.045365247886413614,0.05729166666666667,0.010582682344136674,0.004518358203288149,0.03343477721933434,0.038255938902771874,0.2714285714285714,0.875,0.82,0.045479155387114244,65244628.0
792,France,2022-03-26,139517.0,67.0,122.578,42.0,19.718,13.079,0.045365247886413614,0.05729166666666667,0.010582682344136674,0.004518358203288149,0.03343477721933434,0.038255938902771874,0.2714285714285714,0.875,0.82,0.045479155387114244,65244628.0
793,France,2022-03-27,110174.0,41.0,122.578,42.0,19.718,13.079,0.045365247886413614,0.05729166666666667,0.010582682344136674,0.004518358203288149,0.03343477721933434,0.038255938902771874,0.2714285714285714,0.875,0.82,0.045479155387114244,65244628.0
794,France,2022-03-28,29582.0,149.0,122.578,42.0,19.718,13.079,0.045365247886413614,0.05729166666666667,0.010582682344136674,0.004518358203288149,0.03343477721933434,0.038255938902771874,0.2714285714285714,0.875,0.82,0.045479155387114244,65244628.0
795,France,2022-03-29,217480.0,164.0,122.578,42.0,19.718,13.079,0.045365247886413614,0.05729166666666667,0.010582682344136674,0.004518358203288149,0.03343477721933434,0.038255938902771874,0.2714285714285714,0.875,0.82,0.045479155387114244,65244628.0
796,France,2022-03-30,169024.0,149.0,122.578,42.0,19.718,13.079,0.045365247886413614,0.05729166666666667,0.010582682344136674,0.004518358203288149,0.03343477721933434,0.038255938902771874,0.2714285714285714,0.875,0.82,0.045479155387114244,65244628.0
797,France,2022-03-31,169697.0,139.0,122.578,42.0,19.718,13.079,0.045365247886413614,0.05729166666666667,0.010582682344136674,0.004518358203288149,0.03343477721933434,0.038255938902771874,0.2714285714285714,0.875,0.82,0.045479155387114244,65244628.0
798,France,2022-04-01,148629.0,134.0,122.578,42.0,19.718,13.079,0.045365247886413614,0.05729166666666667,0.010582682344136674,0.004518358203288149,0.03343477721933434,0.038255938902771874,0.2714285714285714,0.875,0.82,0.045479155387114244,65244628.0
799,France,2022-04-02,132114.0,68.0,122.578,42.0,19.718,13.079,0.045365247886413614,0.05729166666666667,0.010582682344136674,0.004518358203288149,0.03343477721933434,0.038255938902771874,0.2714285714285714,0.875,0.82,0.045479155387114244,65244628.0
800,France,2022-04-03,102266.0,31.0,122.578,42.0,19.718,13.079,0.045365247886413614,0.05729166666666667,0.010582682344136674,0.004518358203288149,0.03343477721933434,0.038255938902771874,0.2714285714285714,0.875,0.82,0.045479155387114244,65244628.0
801,France,2022-04-04,32038.0,158.0,122.578,42.0,19.718,13.079,0.045365247886413614,0.05729166666666667,0.010582682344136674,0.004518358203288149,0.03343477721933434,0.038255938902771874,0.2714285714285714,0.875,0.82,0.045479155387114244,65244628.0
802,France,2022-04-05,209627.0,131.0,122.578,42.0,19.718,13.079,0.045365247886413614,0.05729166666666667,0.010582682344136674,0.004518358203288149,0.03343477721933434,0.038255938902771874,0.2714285714285714,0.875,0.82,0.045479155387114244,65244628.0
803,France,2022-04-06,150954.0,117.0,122.578,42.0,19.718,13.079,0.045365247886413614,0.05729166666666667,0.010582682344136674,0.004518358203288149,0.03343477721933434,0.038255938902771874,0.2714285714285714,0.875,0.82,0.045479155387114244,65244628.0
804,France,2022-04-07,159024.0,105.0,122.578,42.0,19.718,13.079,0.045365247886413614,0.05729166666666667,0.010582682344136674,0.004518358203288149,0.03343477721933434,0.038255938902771874,0.2714285714285714,0.875,0.82,0.045479155387114244,65244628.0
805,France,2022-04-08,148768.0,139.0,122.578,42.0,19.718,13.079,0.045365247886413614,0.05729166666666667,0.010582682344136674,0.004518358203288149,0.03343477721933434,0.038255938902771874,0.2714285714285714,0.875,0.82,0.045479155387114244,65244628.0
806,France,2022-04-09,141690.0,87.0,122.578,42.0,19.718,13.079,0.045365247886413614,0.05729166666666667,0.010582682344136674,0.004518358203288149,0.03343477721933434,0.038255938902771874,0.2714285714285714,0.875,0.82,0.045479155387114244,65244628.0
807,France,2022-04-10,107654.0,45.0,122.578,42.0,19.718,13.079,0.045365247886413614,0.05729166666666667,0.010582682344136674,0.004518358203288149,0.03343477721933434,0.038255938902771874,0.2714285714285714,0.875,0.82,0.045479155387114244,65244628.0
808,France,2022-04-11,25492.0,178.0,122.578,42.0,19.718,13.079,0.045365247886413614,0.05729166666666667,0.010582682344136674,0.004518358203288149,0.03343477721933434,0.038255938902771874,0.2714285714285714,0.875,0.82,0.045479155387114244,65244628.0
809,France,2022-04-12,190762.0,159.0,122.578,42.0,19.718,13.079,0.045365247886413614,0.05729166666666667,0.010582682344136674,0.004518358203288149,0.03343477721933434,0.038255938902771874,0.2714285714285714,0.875,0.82,0.045479155387114244,65244628.0
810,France,2022-04-13,146426.0,152.0,122.578,42.0,19.718,13.079,0.045365247886413614,0.05729166666666667,0.010582682344136674,0.004518358203288149,0.03343477721933434,0.038255938902771874,0.2714285714285714,0.875,0.82,0.045479155387114244,65244628.0
811,France,2022-04-14,137564.0,133.0,122.578,42.0,19.718,13.079,0.045365247886413614,0.05729166666666667,0.010582682344136674,0.004518358203288149,0.03343477721933434,0.038255938902771874,0.2714285714285714,0.875,0.82,0.045479155387114244,65244628.0
812,France,2022-04-15,125394.0,151.0,122.578,42.0,19.718,13.079,0.045365247886413614,0.05729166666666667,0.010582682344136674,0.004518358203288149,0.03343477721933434,0.038255938902771874,0.2714285714285714,0.875,0.82,0.045479155387114244,65244628.0
813,France,2022-04-16,111583.0,61.0,122.578,42.0,19.718,13.079,0.045365247886413614,0.05729166666666667,0.010582682344136674,0.004518358203288149,0.03343477721933434,0.038255938902771874,0.2714285714285714,0.875,0.82,0.045479155387114244,65244628.0
814,France,2022-04-17,86650.0,35.0,122.578,42.0,19.718,13.079,0.045365247886413614,0.05729166666666667,0.010582682344136674,0.004518358203288149,0.03343477721933434,0.038255938902771874,0.2714285714285714,0.875,0.82,0.045479155387114244,65244628.0
815,France,2022-04-18,19810.0,48.0,122.578,42.0,19.718,13.079,0.045365247886413614,0.05729166666666667,0.010582682344136674,0.004518358203288149,0.03343477721933434,0.038255938902771874,0.2714285714285714,0.875,0.82,0.045479155387114244,65244628.0
816,France,2022-04-19,25465.0,182.0,122.578,42.0,19.718,13.079,0.045365247886413614,0.05729166666666667,0.010582682344136674,0.004518358203288149,0.03343477721933434,0.038255938902771874,0.2714285714285714,0.875,0.82,0.045479155387114244,65244628.0
817,France,2022-04-20,155711.0,227.0,122.578,42.0,19.718,13.079,0.045365247886413614,0.05729166666666667,0.010582682344136674,0.004518358203288149,0.03343477721933434,0.038255938902771874,0.2714285714285714,0.875,0.82,0.045479155387114244,65244628.0
818,France,2022-04-21,104007.0,185.0,122.578,42.0,19.718,13.079,0.045365247886413614,0.05729166666666667,0.010582682344136674,0.004518358203288149,0.03343477721933434,0.038255938902771874,0.2714285714285714,0.875,0.82,0.045479155387114244,65244628.0
819,France,2022-04-22,88389.0,146.0,122.578,42.0,19.718,13.079,0.045365247886413614,0.05729166666666667,0.010582682344136674,0.004518358203288149,0.03343477721933434,0.038255938902771874,0.2714285714285714,0.875,0.82,0.045479155387114244,65244628.0
820,France,2022-04-23,80571.0,75.0,122.578,42.0,19.718,13.079,0.045365247886413614,0.05729166666666667,0.010582682344136674,0.004518358203288149,0.03343477721933434,0.038255938902771874,0.2714285714285714,0.875,0.82,0.045479155387114244,65244628.0
821,France,2022-04-24,58954.0,40.0,122.578,42.0,19.718,13.079,0.045365247886413614,0.05729166666666667,0.010582682344136674,0.004518358203288149,0.03343477721933434,0.038255938902771874,0.2714285714285714,0.875,0.82,0.045479155387114244,65244628.0
822,France,2022-04-25,14032.0,197.0,122.578,42.0,19.718,13.079,0.045365247886413614,0.05729166666666667,0.010582682344136674,0.004518358203288149,0.03343477721933434,0.038255938902771874,0.2714285714285714,0.875,0.82,0.045479155387114244,65244628.0
823,France,2022-04-26,97498.0,170.0,122.578,42.0,19.718,13.079,0.045365247886413614,0.05729166666666667,0.010582682344136674,0.004518358203288149,0.03343477721933434,0.038255938902771874,0.2714285714285714,0.875,0.82,0.045479155387114244,65244628.0
824,France,2022-04-27,67711.0,152.0,122.578,42.0,19.718,13.079,0.045365247886413614,0.05729166666666667,0.010582682344136674,0.004518358203288149,0.03343477721933434,0.038255938902771874,0.2714285714285714,0.875,0.82,0.045479155387114244,65244628.0
825,France,2022-04-28,60007.0,132.0,122.578,42.0,19.718,13.079,0.045365247886413614,0.05729166666666667,0.010582682344136674,0.004518358203288149,0.03343477721933434,0.038255938902771874,0.2714285714285714,0.875,0.82,0.045479155387114244,65244628.0
826,France,2022-04-29,52919.0,158.0,122.578,42.0,19.718,13.079,0.045365247886413614,0.05729166666666667,0.010582682344136674,0.004518358203288149,0.03343477721933434,0.038255938902771874,0.2714285714285714,0.875,0.82,0.045479155387114244,65244628.0
827,France,2022-04-30,49482.0,61.0,122.578,42.0,19.718,13.079,0.045365247886413614,0.05729166666666667,0.010582682344136674,0.004518358203288149,0.03343477721933434,0.038255938902771874,0.2714285714285714,0.875,0.82,0.045479155387114244,65244628.0
828,France,2022-05-01,36726.0,32.0,122.578,42.0,19.718,13.079,0.045365247886413614,0.05729166666666667,0.010582682344136674,0.004518358203288149,0.03343477721933434,0.038255938902771874,0.2714285714285714,0.875,0.82,0.045479155387114244,65244628.0
829,France,2022-05-02,8737.0,180.0,122.578,42.0,19.718,13.079,0.045365247886413614,0.05729166666666667,0.010582682344136674,0.004518358203288149,0.03343477721933434,0.038255938902771874,0.2714285714285714,0.875,0.82,0.045479155387114244,65244628.0
830,France,2022-05-03,67017.0,120.0,122.578,42.0,19.718,13.079,0.045365247886413614,0.05729166666666667,0.010582682344136674,0.004518358203288149,0.03343477721933434,0.038255938902771874,0.2714285714285714,0.875,0.82,0.045479155387114244,65244628.0
831,France,2022-05-04,47925.0,114.0,122.578,42.0,19.718,13.079,0.045365247886413614,0.05729166666666667,0.010582682344136674,0.004518358203288149,0.03343477721933434,0.038255938902771874,0.2714285714285714,0.875,0.82,0.045479155387114244,65244628.0
832,France,2022-05-05,44331.0,122.0,122.578,42.0,19.718,13.079,0.045365247886413614,0.05729166666666667,0.010582682344136674,0.004518358203288149,0.03343477721933434,0.038255938902771874,0.2714285714285714,0.875,0.82,0.045479155387114244,65244628.0
833,France,2022-05-06,40224.0,110.0,122.578,42.0,19.718,13.079,0.045365247886413614,0.05729166666666667,0.010582682344136674,0.004518358203288149,0.03343477721933434,0.038255938902771874,0.2714285714285714,0.875,0.82,0.045479155387114244,65244628.0
834,France,2022-05-07,37958.0,62.0,122.578,42.0,19.718,13.079,0.045365247886413614,0.05729166666666667,0.010582682344136674,0.004518358203288149,0.03343477721933434,0.038255938902771874,0.2714285714285714,0.875,0.82,0.045479155387114244,65244628.0
835,France,2022-05-08,29324.0,54.0,122.578,42.0,19.718,13.079,0.045365247886413614,0.05729166666666667,0.010582682344136674,0.004518358203288149,0.03343477721933434,0.038255938902771874,0.2714285714285714,0.875,0.82,0.045479155387114244,65244628.0
836,France,2022-05-09,7354.0,132.0,122.578,42.0,19.718,13.079,0.045365247886413614,0.05729166666666667,0.010582682344136674,0.004518358203288149,0.03343477721933434,0.038255938902771874,0.2714285714285714,0.875,0.82,0.045479155387114244,65244628.0
837,France,2022-05-10,56449.0,123.0,122.578,42.0,19.718,13.079,0.045365247886413614,0.05729166666666667,0.010582682344136674,0.004518358203288149,0.03343477721933434,0.038255938902771874,0.2714285714285714,0.875,0.82,0.045479155387114244,65244628.0
838,France,2022-05-11,40299.0,96.0,122.578,42.0,19.718,13.079,0.045365247886413614,0.05729166666666667,0.010582682344136674,0.004518358203288149,0.03343477721933434,0.038255938902771874,0.2714285714285714,0.875,0.82,0.045479155387114244,65244628.0
839,France,2022-05-12,36148.0,84.0,122.578,42.0,19.718,13.079,0.045365247886413614,0.05729166666666667,0.010582682344136674,0.004518358203288149,0.03343477721933434,0.038255938902771874,0.2714285714285714,0.875,0.82,0.045479155387114244,65244628.0
840,France,2022-05-13,32773.0,98.0,122.578,42.0,19.718,13.079,0.045365247886413614,0.05729166666666667,0.010582682344136674,0.004518358203288149,0.03343477721933434,0.038255938902771874,0.2714285714285714,0.875,0.82,0.045479155387114244,65244628.0
841,France,2022-05-14,30459.0,11.0,122.578,42.0,19.718,13.079,0.045365247886413614,0.05729166666666667,0.010582682344136674,0.004518358203288149,0.03343477721933434,0.038255938902771874,0.2714285714285714,0.875,0.82,0.045479155387114244,65244628.0
842,France,2022-05-15,22844.0,7.0,122.578,42.0,19.718,13.079,0.045365247886413614,0.05729166666666667,0.010582682344136674,0.004518358203288149,0.03343477721933434,0.038255938902771874,0.2714285714285714,0.875,0.82,0.045479155387114244,65244628.0
843,France,2022-05-16,5936.0,203.0,122.578,42.0,19.718,13.079,0.045365247886413614,0.05729166666666667,0.010582682344136674,0.004518358203288149,0.03343477721933434,0.038255938902771874,0.2714285714285714,0.875,0.82,0.045479155387114244,65244628.0
844,France,2022-05-17,43727.0,90.0,122.578,42.0,19.718,13.079,0.045365247886413614,0.05729166666666667,0.010582682344136674,0.004518358203288149,0.03343477721933434,0.038255938902771874,0.2714285714285714,0.875,0.82,0.045479155387114244,65244628.0
845,France,2022-05-18,64016.0,80.0,122.578,42.0,19.718,13.079,0.045365247886413614,0.05729166666666667,0.010582682344136674,0.004518358203288149,0.03343477721933434,0.038255938902771874,0.2714285714285714,0.875,0.82,0.045479155387114244,65244628.0
846,France,2022-05-19,27842.0,67.0,122.578,42.0,19.718,13.079,0.045365247886413614,0.05729166666666667,0.010582682344136674,0.004518358203288149,0.03343477721933434,0.038255938902771874,0.2714285714285714,0.875,0.82,0.045479155387114244,65244628.0
847,France,2022-05-20,24332.0,65.0,122.578,42.0,19.718,13.079,0.045365247886413614,0.05729166666666667,0.010582682344136674,0.004518358203288149,0.03343477721933434,0.038255938902771874,0.2714285714285714,0.875,0.82,0.045479155387114244,65244628.0
848,France,2022-05-21,22507.0,2.0,122.578,42.0,19.718,13.079,0.045365247886413614,0.05729166666666667,0.010582682344136674,0.004518358203288149,0.03343477721933434,0.038255938902771874,0.2714285714285714,0.875,0.82,0.045479155387114244,65244628.0
849,France,2022-05-22,16965.0,3.0,122.578,42.0,19.718,13.079,0.045365247886413614,0.05729166666666667,0.010582682344136674,0.004518358203288149,0.03343477721933434,0.038255938902771874,0.2714285714285714,0.875,0.82,0.045479155387114244,65244628.0
850,France,2022-05-23,0.0,132.0,122.578,42.0,19.718,13.079,0.045365247886413614,0.05729166666666667,0.010582682344136674,0.004518358203288149,0.03343477721933434,0.038255938902771874,0.2714285714285714,0.875,0.82,0.045479155387114244,65244628.0
851,France,2022-05-24,32029.0,88.0,122.578,42.0,19.718,13.079,0.045365247886413614,0.05729166666666667,0.010582682344136674,0.004518358203288149,0.03343477721933434,0.038255938902771874,0.2714285714285714,0.875,0.82,0.045479155387114244,65244628.0
852,France,2022-05-25,22006.0,51.0,122.578,42.0,19.718,13.079,0.045365247886413614,0.05729166666666667,0.010582682344136674,0.004518358203288149,0.03343477721933434,0.038255938902771874,0.2714285714285714,0.875,0.82,0.045479155387114244,65244628.0
853,France,2022-05-26,21234.0,28.0,122.578,42.0,19.718,13.079,0.045365247886413614,0.05729166666666667,0.010582682344136674,0.004518358203288149,0.03343477721933434,0.038255938902771874,0.2714285714285714,0.875,0.82,0.045479155387114244,65244628.0
854,France,2022-05-27,4811.0,45.0,122.578,42.0,19.718,13.079,0.045365247886413614,0.05729166666666667,0.010582682344136674,0.004518358203288149,0.03343477721933434,0.038255938902771874,0.2714285714285714,0.875,0.82,0.045479155387114244,65244628.0
855,France,2022-05-28,23582.0,0.0,122.578,42.0,19.718,13.079,0.045365247886413614,0.05729166666666667,0.010582682344136674,0.004518358203288149,0.03343477721933434,0.038255938902771874,0.2714285714285714,0.875,0.82,0.045479155387114244,65244628.0
856,France,2022-05-29,16440.0,1.0,122.578,42.0,19.718,13.079,0.045365247886413614,0.05729166666666667,0.010582682344136674,0.004518358203288149,0.03343477721933434,0.038255938902771874,0.2714285714285714,0.875,0.82,0.045479155387114244,65244628.0
857,France,2022-05-30,4673.0,121.0,122.578,42.0,19.718,13.079,0.045365247886413614,0.05729166666666667,0.010582682344136674,0.004518358203288149,0.03343477721933434,0.038255938902771874,0.2714285714285714,0.875,0.82,0.045479155387114244,65244628.0
858,France,2022-05-31,35142.0,76.0,122.578,42.0,19.718,13.079,0.045365247886413614,0.05729166666666667,0.010582682344136674,0.004518358203288149,0.03343477721933434,0.038255938902771874,0.2714285714285714,0.875,0.82,0.045479155387114244,65244628.0
859,France,2022-06-01,26164.0,58.0,122.578,42.0,19.718,13.079,0.045365247886413614,0.05729166666666667,0.010582682344136674,0.004518358203288149,0.03343477721933434,0.038255938902771874,0.2714285714285714,0.875,0.82,0.045479155387114244,65244628.0
860,France,2022-06-02,25365.0,41.0,122.578,42.0,19.718,13.079,0.045365247886413614,0.05729166666666667,0.010582682344136674,0.004518358203288149,0.03343477721933434,0.038255938902771874,0.2714285714285714,0.875,0.82,0.045479155387114244,65244628.0
861,France,2022-06-03,25130.0,38.0,122.578,42.0,19.718,13.079,0.045365247886413614,0.05729166666666667,0.010582682344136674,0.004518358203288149,0.03343477721933434,0.038255938902771874,0.2714285714285714,0.875,0.82,0.045479155387114244,65244628.0
862,France,2022-06-04,25172.0,3.0,122.578,42.0,19.718,13.079,0.045365247886413614,0.05729166666666667,0.010582682344136674,0.004518358203288149,0.03343477721933434,0.038255938902771874,0.2714285714285714,0.875,0.82,0.045479155387114244,65244628.0
863,France,2022-06-05,20542.0,3.0,122.578,42.0,19.718,13.079,0.045365247886413614,0.05729166666666667,0.010582682344136674,0.004518358203288149,0.03343477721933434,0.038255938902771874,0.2714285714285714,0.875,0.82,0.045479155387114244,65244628.0
864,France,2022-06-06,6184.0,0.0,122.578,42.0,19.718,13.079,0.045365247886413614,0.05729166666666667,0.010582682344136674,0.004518358203288149,0.03343477721933434,0.038255938902771874,0.2714285714285714,0.875,0.82,0.045479155387114244,65244628.0
865,France,2022-06-07,11665.0,121.0,122.578,42.0,19.718,13.079,0.045365247886413614,0.05729166666666667,0.010582682344136674,0.004518358203288149,0.03343477721933434,0.038255938902771874,0.2714285714285714,0.875,0.82,0.045479155387114244,65244628.0
866,France,2022-06-08,53802.0,77.0,122.578,42.0,19.718,13.079,0.045365247886413614,0.05729166666666667,0.010582682344136674,0.004518358203288149,0.03343477721933434,0.038255938902771874,0.2714285714285714,0.875,0.82,0.045479155387114244,65244628.0
867,France,2022-06-09,40151.0,42.0,122.578,42.0,19.718,13.079,0.045365247886413614,0.05729166666666667,0.010582682344136674,0.004518358203288149,0.03343477721933434,0.038255938902771874,0.2714285714285714,0.875,0.82,0.045479155387114244,65244628.0
868,France,2022-06-10,94.0,0.0,122.578,42.0,19.718,13.079,0.045365247886413614,0.05729166666666667,0.010582682344136674,0.004518358203288149,0.03343477721933434,0.038255938902771874,0.2714285714285714,0.875,0.82,0.045479155387114244,65244628.0
869,France,2022-06-11,0.0,39.0,122.578,42.0,19.718,13.079,0.045365247886413614,0.05729166666666667,0.010582682344136674,0.004518358203288149,0.03343477721933434,0.038255938902771874,0.2714285714285714,0.875,0.82,0.045479155387114244,65244628.0
870,France,2022-06-12,0.0,0.0,122.578,42.0,19.718,13.079,0.045365247886413614,0.05729166666666667,0.010582682344136674,0.004518358203288149,0.03343477721933434,0.038255938902771874,0.2714285714285714,0.875,0.82,0.045479155387114244,65244628.0
871,France,2022-06-13,0.0,0.0,122.578,42.0,19.718,13.079,0.045365247886413614,0.05729166666666667,0.010582682344136674,0.004518358203288149,0.03343477721933434,0.038255938902771874,0.2714285714285714,0.875,0.82,0.045479155387114244,65244628.0
872,France,2022-06-14,176536.0,149.0,122.578,42.0,19.718,13.079,0.045365247886413614,0.05729166666666667,0.010582682344136674,0.004518358203288149,0.03343477721933434,0.038255938902771874,0.2714285714285714,0.875,0.82,0.045479155387114244,65244628.0
873,France,2022-06-15,51954.0,49.0,122.578,42.0,19.718,13.079,0.045365247886413614,0.05729166666666667,0.010582682344136674,0.004518358203288149,0.03343477721933434,0.038255938902771874,0.2714285714285714,0.875,0.82,0.045479155387114244,65244628.0
874,France,2022-06-16,53081.0,49.0,122.578,42.0,19.718,13.079,0.045365247886413614,0.05729166666666667,0.010582682344136674,0.004518358203288149,0.03343477721933434,0.038255938902771874,0.2714285714285714,0.875,0.82,0.045479155387114244,65244628.0
875,France,2022-06-17,50605.0,43.0,122.578,42.0,19.718,13.079,0.045365247886413614,0.05729166666666667,0.010582682344136674,0.004518358203288149,0.03343477721933434,0.038255938902771874,0.2714285714285714,0.875,0.82,0.045479155387114244,65244628.0
876,France,2022-06-18,0.0,0.0,122.578,42.0,19.718,13.079,0.045365247886413614,0.05729166666666667,0.010582682344136674,0.004518358203288149,0.03343477721933434,0.038255938902771874,0.2714285714285714,0.875,0.82,0.045479155387114244,65244628.0
877,France,2022-06-19,0.0,0.0,122.578,42.0,19.718,13.079,0.045365247886413614,0.05729166666666667,0.010582682344136674,0.004518358203288149,0.03343477721933434,0.038255938902771874,0.2714285714285714,0.875,0.82,0.045479155387114244,65244628.0
878,France,2022-06-20,101957.0,67.0,122.578,42.0,19.718,13.079,0.045365247886413614,0.05729166666666667,0.010582682344136674,0.004518358203288149,0.03343477721933434,0.038255938902771874,0.2714285714285714,0.875,0.82,0.045479155387114244,65244628.0
879,France,2022-06-21,95317.0,56.0,122.578,42.0,19.718,13.079,0.045365247886413614,0.05729166666666667,0.010582682344136674,0.004518358203288149,0.03343477721933434,0.038255938902771874,0.2714285714285714,0.875,0.82,0.045479155387114244,65244628.0
880,France,2022-06-22,77967.0,66.0,122.578,42.0,19.718,13.079,0.045365247886413614,0.05729166666666667,0.010582682344136674,0.004518358203288149,0.03343477721933434,0.038255938902771874,0.2714285714285714,0.875,0.82,0.045479155387114244,65244628.0
881,France,2022-06-23,79852.0,40.0,122.578,42.0,19.718,13.079,0.045365247886413614,0.05729166666666667,0.010582682344136674,0.004518358203288149,0.03343477721933434,0.038255938902771874,0.2714285714285714,0.875,0.82,0.045479155387114244,65244628.0
882,France,2022-06-24,79262.0,49.0,122.578,42.0,19.718,13.079,0.045365247886413614,0.05729166666666667,0.010582682344136674,0.004518358203288149,0.03343477721933434,0.038255938902771874,0.2714285714285714,0.875,0.82,0.045479155387114244,65244628.0
883,France,2022-06-25,0.0,0.0,122.578,42.0,19.718,13.079,0.045365247886413614,0.05729166666666667,0.010582682344136674,0.004518358203288149,0.03343477721933434,0.038255938902771874,0.2714285714285714,0.875,0.82,0.045479155387114244,65244628.0
884,France,2022-06-26,0.0,0.0,122.578,42.0,19.718,13.079,0.045365247886413614,0.05729166666666667,0.010582682344136674,0.004518358203288149,0.03343477721933434,0.038255938902771874,0.2714285714285714,0.875,0.82,0.045479155387114244,65244628.0
885,France,2022-06-27,164828.0,89.0,122.578,42.0,19.718,13.079,0.045365247886413614,0.05729166666666667,0.010582682344136674,0.004518358203288149,0.03343477721933434,0.038255938902771874,0.2714285714285714,0.875,0.82,0.045479155387114244,65244628.0
886,France,2022-06-28,147351.0,37.0,122.578,42.0,19.718,13.079,0.045365247886413614,0.05729166666666667,0.010582682344136674,0.004518358203288149,0.03343477721933434,0.038255938902771874,0.2714285714285714,0.875,0.82,0.045479155387114244,65244628.0
887,France,2022-06-29,124724.0,48.0,122.578,42.0,19.718,13.079,0.045365247886413614,0.05729166666666667,0.010582682344136674,0.004518358203288149,0.03343477721933434,0.038255938902771874,0.2714285714285714,0.875,0.82,0.045479155387114244,65244628.0
888,France,2022-06-30,133346.0,42.0,122.578,42.0,19.718,13.079,0.045365247886413614,0.05729166666666667,0.010582682344136674,0.004518358203288149,0.03343477721933434,0.038255938902771874,0.2714285714285714,0.875,0.82,0.045479155387114244,65244628.0
889,France,2022-07-01,125066.0,52.0,122.578,42.0,19.718,13.079,0.045365247886413614,0.05729166666666667,0.010582682344136674,0.004518358203288149,0.03343477721933434,0.038255938902771874,0.2714285714285714,0.875,0.82,0.045479155387114244,65244628.0
890,France,2022-07-02,0.0,0.0,122.578,42.0,19.718,13.079,0.045365247886413614,0.05729166666666667,0.010582682344136674,0.004518358203288149,0.03343477721933434,0.038255938902771874,0.2714285714285714,0.875,0.82,0.045479155387114244,65244628.0
891,France,2022-07-03,0.0,0.0,122.578,42.0,19.718,13.079,0.045365247886413614,0.05729166666666667,0.010582682344136674,0.004518358203288149,0.03343477721933434,0.038255938902771874,0.2714285714285714,0.875,0.82,0.045479155387114244,65244628.0
892,France,2022-07-04,243248.0,141.0,122.578,42.0,19.718,13.079,0.045365247886413614,0.05729166666666667,0.010582682344136674,0.004518358203288149,0.03343477721933434,0.038255938902771874,0.2714285714285714,0.875,0.82,0.045479155387114244,65244628.0
893,France,2022-07-05,206706.0,75.0,122.578,42.0,19.718,13.079,0.045365247886413614,0.05729166666666667,0.010582682344136674,0.004518358203288149,0.03343477721933434,0.038255938902771874,0.2714285714285714,0.875,0.82,0.045479155387114244,65244628.0
894,France,2022-07-06,154615.0,53.0,122.578,42.0,19.718,13.079,0.045365247886413614,0.05729166666666667,0.010582682344136674,0.004518358203288149,0.03343477721933434,0.038255938902771874,0.2714285714285714,0.875,0.82,0.045479155387114244,65244628.0
895,France,2022-07-07,161265.0,89.0,122.578,42.0,19.718,13.079,0.045365247886413614,0.05729166666666667,0.010582682344136674,0.004518358203288149,0.03343477721933434,0.038255938902771874,0.2714285714285714,0.875,0.82,0.045479155387114244,65244628.0
896,France,2022-07-08,140997.0,74.0,122.578,42.0,19.718,13.079,0.045365247886413614,0.05729166666666667,0.010582682344136674,0.004518358203288149,0.03343477721933434,0.038255938902771874,0.2714285714285714,0.875,0.82,0.045479155387114244,65244628.0
897,France,2022-07-09,0.0,0.0,122.578,42.0,19.718,13.079,0.045365247886413614,0.05729166666666667,0.010582682344136674,0.004518358203288149,0.03343477721933434,0.038255938902771874,0.2714285714285714,0.875,0.82,0.045479155387114244,65244628.0
898,France,2022-07-10,0.0,0.0,122.578,42.0,19.718,13.079,0.045365247886413614,0.05729166666666667,0.010582682344136674,0.004518358203288149,0.03343477721933434,0.038255938902771874,0.2714285714285714,0.875,0.82,0.045479155387114244,65244628.0
899,France,2022-07-11,251337.0,162.0,122.578,42.0,19.718,13.079,0.045365247886413614,0.05729166666666667,0.010582682344136674,0.004518358203288149,0.03343477721933434,0.038255938902771874,0.2714285714285714,0.875,0.82,0.045479155387114244,65244628.0
900,France,2022-07-12,182274.0,126.0,122.578,42.0,19.718,13.079,0.045365247886413614,0.05729166666666667,0.010582682344136674,0.004518358203288149,0.03343477721933434,0.038255938902771874,0.2714285714285714,0.875,0.82,0.045479155387114244,65244628.0
901,France,2022-07-13,127642.0,109.0,122.578,42.0,19.718,13.079,0.045365247886413614,0.05729166666666667,0.010582682344136674,0.004518358203288149,0.03343477721933434,0.038255938902771874,0.2714285714285714,0.875,0.82,0.045479155387114244,65244628.0
902,France,2022-07-14,0.0,0.0,122.578,42.0,19.718,13.079,0.045365247886413614,0.05729166666666667,0.010582682344136674,0.004518358203288149,0.03343477721933434,0.038255938902771874,0.2714285714285714,0.875,0.82,0.045479155387114244,65244628.0
903,France,2022-07-15,0.0,0.0,122.578,42.0,19.718,13.079,0.045365247886413614,0.05729166666666667,0.010582682344136674,0.004518358203288149,0.03343477721933434,0.038255938902771874,0.2714285714285714,0.875,0.82,0.045479155387114244,65244628.0
904,France,2022-07-16,0.0,0.0,122.578,42.0,19.718,13.079,0.045365247886413614,0.05729166666666667,0.010582682344136674,0.004518358203288149,0.03343477721933434,0.038255938902771874,0.2714285714285714,0.875,0.82,0.045479155387114244,65244628.0
905,France,2022-07-17,0.0,0.0,122.578,42.0,19.718,13.079,0.045365247886413614,0.05729166666666667,0.010582682344136674,0.004518358203288149,0.03343477721933434,0.038255938902771874,0.2714285714285714,0.875,0.82,0.045479155387114244,65244628.0
906,France,2022-07-18,357722.0,421.0,122.578,42.0,19.718,13.079,0.045365247886413614,0.05729166666666667,0.010582682344136674,0.004518358203288149,0.03343477721933434,0.038255938902771874,0.2714285714285714,0.875,0.82,0.045479155387114244,65244628.0
907,France,2022-07-19,134483.0,144.0,122.578,42.0,19.718,13.079,0.045365247886413614,0.05729166666666667,0.010582682344136674,0.004518358203288149,0.03343477721933434,0.038255938902771874,0.2714285714285714,0.875,0.82,0.045479155387114244,65244628.0
908,France,2022-07-20,89982.0,125.0,122.578,42.0,19.718,13.079,0.045365247886413614,0.05729166666666667,0.010582682344136674,0.004518358203288149,0.03343477721933434,0.038255938902771874,0.2714285714285714,0.875,0.82,0.045479155387114244,65244628.0
909,France,2022-07-21,80869.0,133.0,122.578,42.0,19.718,13.079,0.045365247886413614,0.05729166666666667,0.010582682344136674,0.004518358203288149,0.03343477721933434,0.038255938902771874,0.2714285714285714,0.875,0.82,0.045479155387114244,65244628.0
910,France,2022-07-22,74348.0,113.0,122.578,42.0,19.718,13.079,0.045365247886413614,0.05729166666666667,0.010582682344136674,0.004518358203288149,0.03343477721933434,0.038255938902771874,0.2714285714285714,0.875,0.82,0.045479155387114244,65244628.0
911,France,2022-07-23,0.0,0.0,122.578,42.0,19.718,13.079,0.045365247886413614,0.05729166666666667,0.010582682344136674,0.004518358203288149,0.03343477721933434,0.038255938902771874,0.2714285714285714,0.875,0.82,0.045479155387114244,65244628.0
912,France,2022-07-24,0.0,0.0,122.578,42.0,19.718,13.079,0.045365247886413614,0.05729166666666667,0.010582682344136674,0.004518358203288149,0.03343477721933434,0.038255938902771874,0.2714285714285714,0.875,0.82,0.045479155387114244,65244628.0
913,France,2022-07-25,129759.0,210.0,122.578,42.0,19.718,13.079,0.045365247886413614,0.05729166666666667,0.010582682344136674,0.004518358203288149,0.03343477721933434,0.038255938902771874,0.2714285714285714,0.875,0.82,0.045479155387114244,65244628.0
914,France,2022-07-26,87788.0,119.0,122.578,42.0,19.718,13.079,0.045365247886413614,0.05729166666666667,0.010582682344136674,0.004518358203288149,0.03343477721933434,0.038255938902771874,0.2714285714285714,0.875,0.82,0.045479155387114244,65244628.0
915,France,2022-07-27,58638.0,103.0,122.578,42.0,19.718,13.079,0.045365247886413614,0.05729166666666667,0.010582682344136674,0.004518358203288149,0.03343477721933434,0.038255938902771874,0.2714285714285714,0.875,0.82,0.045479155387114244,65244628.0
916,France,2022-07-28,51594.0,112.0,122.578,42.0,19.718,13.079,0.045365247886413614,0.05729166666666667,0.010582682344136674,0.004518358203288149,0.03343477721933434,0.038255938902771874,0.2714285714285714,0.875,0.82,0.045479155387114244,65244628.0
917,France,2022-07-29,45515.0,89.0,122.578,42.0,19.718,13.079,0.045365247886413614,0.05729166666666667,0.010582682344136674,0.004518358203288149,0.03343477721933434,0.038255938902771874,0.2714285714285714,0.875,0.82,0.045479155387114244,65244628.0
918,France,2022-07-30,0.0,0.0,122.578,42.0,19.718,13.079,0.045365247886413614,0.05729166666666667,0.010582682344136674,0.004518358203288149,0.03343477721933434,0.038255938902771874,0.2714285714285714,0.875,0.82,0.045479155387114244,65244628.0
919,France,2022-07-31,0.0,0.0,122.578,42.0,19.718,13.079,0.045365247886413614,0.05729166666666667,0.010582682344136674,0.004518358203288149,0.03343477721933434,0.038255938902771874,0.2714285714285714,0.875,0.82,0.045479155387114244,65244628.0
920,France,2022-08-01,80062.0,196.0,122.578,42.0,19.718,13.079,0.045365247886413614,0.05729166666666667,0.010582682344136674,0.004518358203288149,0.03343477721933434,0.038255938902771874,0.2714285714285714,0.875,0.82,0.045479155387114244,65244628.0
921,France,2022-08-02,54734.0,101.0,122.578,42.0,19.718,13.079,0.045365247886413614,0.05729166666666667,0.010582682344136674,0.004518358203288149,0.03343477721933434,0.038255938902771874,0.2714285714285714,0.875,0.82,0.045479155387114244,65244628.0
922,France,2022-08-03,38788.0,90.0,122.578,42.0,19.718,13.079,0.045365247886413614,0.05729166666666667,0.010582682344136674,0.004518358203288149,0.03343477721933434,0.038255938902771874,0.2714285714285714,0.875,0.82,0.045479155387114244,65244628.0
923,France,2022-08-04,33799.0,87.0,122.578,42.0,19.718,13.079,0.045365247886413614,0.05729166666666667,0.010582682344136674,0.004518358203288149,0.03343477721933434,0.038255938902771874,0.2714285714285714,0.875,0.82,0.045479155387114244,65244628.0
924,France,2022-08-05,30592.0,80.0,122.578,42.0,19.718,13.079,0.045365247886413614,0.05729166666666667,0.010582682344136674,0.004518358203288149,0.03343477721933434,0.038255938902771874,0.2714285714285714,0.875,0.82,0.045479155387114244,65244628.0
925,France,2022-08-06,0.0,0.0,122.578,42.0,19.718,13.079,0.045365247886413614,0.05729166666666667,0.010582682344136674,0.004518358203288149,0.03343477721933434,0.038255938902771874,0.2714285714285714,0.875,0.82,0.045479155387114244,65244628.0
926,France,2022-08-07,0.0,0.0,122.578,42.0,19.718,13.079,0.045365247886413614,0.05729166666666667,0.010582682344136674,0.004518358203288149,0.03343477721933434,0.038255938902771874,0.2714285714285714,0.875,0.82,0.045479155387114244,65244628.0
927,France,2022-08-08,55136.0,174.0,122.578,42.0,19.718,13.079,0.045365247886413614,0.05729166666666667,0.010582682344136674,0.004518358203288149,0.03343477721933434,0.038255938902771874,0.2714285714285714,0.875,0.82,0.045479155387114244,65244628.0
928,France,2022-08-09,38230.0,111.0,122.578,42.0,19.718,13.079,0.045365247886413614,0.05729166666666667,0.010582682344136674,0.004518358203288149,0.03343477721933434,0.038255938902771874,0.2714285714285714,0.875,0.82,0.045479155387114244,65244628.0
929,France,2022-08-10,27081.0,88.0,122.578,42.0,19.718,13.079,0.045365247886413614,0.05729166666666667,0.010582682344136674,0.004518358203288149,0.03343477721933434,0.038255938902771874,0.2714285714285714,0.875,0.82,0.045479155387114244,65244628.0
930,France,2022-08-11,24312.0,80.0,122.578,42.0,19.718,13.079,0.045365247886413614,0.05729166666666667,0.010582682344136674,0.004518358203288149,0.03343477721933434,0.038255938902771874,0.2714285714285714,0.875,0.82,0.045479155387114244,65244628.0
931,France,2022-08-12,22638.0,74.0,122.578,42.0,19.718,13.079,0.045365247886413614,0.05729166666666667,0.010582682344136674,0.004518358203288149,0.03343477721933434,0.038255938902771874,0.2714285714285714,0.875,0.82,0.045479155387114244,65244628.0
932,France,2022-08-13,0.0,0.0,122.578,42.0,19.718,13.079,0.045365247886413614,0.05729166666666667,0.010582682344136674,0.004518358203288149,0.03343477721933434,0.038255938902771874,0.2714285714285714,0.875,0.82,0.045479155387114244,65244628.0
933,France,2022-08-14,0.0,0.0,122.578,42.0,19.718,13.079,0.045365247886413614,0.05729166666666667,0.010582682344136674,0.004518358203288149,0.03343477721933434,0.038255938902771874,0.2714285714285714,0.875,0.82,0.045479155387114244,65244628.0
934,France,2022-08-15,146.0,0.0,122.578,42.0,19.718,13.079,0.045365247886413614,0.05729166666666667,0.010582682344136674,0.004518358203288149,0.03343477721933434,0.038255938902771874,0.2714285714285714,0.875,0.82,0.045479155387114244,65244628.0
935,France,2022-08-16,48531.0,178.0,122.578,42.0,19.718,13.079,0.045365247886413614,0.05729166666666667,0.010582682344136674,0.004518358203288149,0.03343477721933434,0.038255938902771874,0.2714285714285714,0.875,0.82,0.045479155387114244,65244628.0
936,France,2022-08-17,35745.0,93.0,122.578,42.0,19.718,13.079,0.045365247886413614,0.05729166666666667,0.010582682344136674,0.004518358203288149,0.03343477721933434,0.038255938902771874,0.2714285714285714,0.875,0.82,0.045479155387114244,65244628.0
937,France,2022-08-18,23605.0,92.0,122.578,42.0,19.718,13.079,0.045365247886413614,0.05729166666666667,0.010582682344136674,0.004518358203288149,0.03343477721933434,0.038255938902771874,0.2714285714285714,0.875,0.82,0.045479155387114244,65244628.0
938,France,2022-08-19,20236.0,74.0,122.578,42.0,19.718,13.079,0.045365247886413614,0.05729166666666667,0.010582682344136674,0.004518358203288149,0.03343477721933434,0.038255938902771874,0.2714285714285714,0.875,0.82,0.045479155387114244,65244628.0
939,France,2022-08-20,0.0,0.0,122.578,42.0,19.718,13.079,0.045365247886413614,0.05729166666666667,0.010582682344136674,0.004518358203288149,0.03343477721933434,0.038255938902771874,0.2714285714285714,0.875,0.82,0.045479155387114244,65244628.0
940,France,2022-08-21,0.0,0.0,122.578,42.0,19.718,13.079,0.045365247886413614,0.05729166666666667,0.010582682344136674,0.004518358203288149,0.03343477721933434,0.038255938902771874,0.2714285714285714,0.875,0.82,0.045479155387114244,65244628.0
941,France,2022-08-22,38702.0,116.0,122.578,42.0,19.718,13.079,0.045365247886413614,0.05729166666666667,0.010582682344136674,0.004518358203288149,0.03343477721933434,0.038255938902771874,0.2714285714285714,0.875,0.82,0.045479155387114244,65244628.0
942,France,2022-08-23,28988.0,88.0,122.578,42.0,19.718,13.079,0.045365247886413614,0.05729166666666667,0.010582682344136674,0.004518358203288149,0.03343477721933434,0.038255938902771874,0.2714285714285714,0.875,0.82,0.045479155387114244,65244628.0
943,France,2022-08-24,21289.0,57.0,122.578,42.0,19.718,13.079,0.045365247886413614,0.05729166666666667,0.010582682344136674,0.004518358203288149,0.03343477721933434,0.038255938902771874,0.2714285714285714,0.875,0.82,0.045479155387114244,65244628.0
944,France,2022-08-25,19837.0,44.0,122.578,42.0,19.718,13.079,0.045365247886413614,0.05729166666666667,0.010582682344136674,0.004518358203288149,0.03343477721933434,0.038255938902771874,0.2714285714285714,0.875,0.82,0.045479155387114244,65244628.0
945,France,2022-08-26,18116.0,51.0,122.578,42.0,19.718,13.079,0.045365247886413614,0.05729166666666667,0.010582682344136674,0.004518358203288149,0.03343477721933434,0.038255938902771874,0.2714285714285714,0.875,0.82,0.045479155387114244,65244628.0
946,France,2022-08-27,0.0,0.0,122.578,42.0,19.718,13.079,0.045365247886413614,0.05729166666666667,0.010582682344136674,0.004518358203288149,0.03343477721933434,0.038255938902771874,0.2714285714285714,0.875,0.82,0.045479155387114244,65244628.0
947,France,2022-08-28,0.0,0.0,122.578,42.0,19.718,13.079,0.045365247886413614,0.05729166666666667,0.010582682344136674,0.004518358203288149,0.03343477721933434,0.038255938902771874,0.2714285714285714,0.875,0.82,0.045479155387114244,65244628.0
948,France,2022-08-29,35749.0,110.0,122.578,42.0,19.718,13.079,0.045365247886413614,0.05729166666666667,0.010582682344136674,0.004518358203288149,0.03343477721933434,0.038255938902771874,0.2714285714285714,0.875,0.82,0.045479155387114244,65244628.0
949,France,2022-08-30,27497.0,72.0,122.578,42.0,19.718,13.079,0.045365247886413614,0.05729166666666667,0.010582682344136674,0.004518358203288149,0.03343477721933434,0.038255938902771874,0.2714285714285714,0.875,0.82,0.045479155387114244,65244628.0
950,France,2022-08-31,19240.0,54.0,122.578,42.0,19.718,13.079,0.045365247886413614,0.05729166666666667,0.010582682344136674,0.004518358203288149,0.03343477721933434,0.038255938902771874,0.2714285714285714,0.875,0.82,0.045479155387114244,65244628.0
951,France,2022-09-01,18646.0,41.0,122.578,42.0,19.718,13.079,0.045365247886413614,0.05729166666666667,0.010582682344136674,0.004518358203288149,0.03343477721933434,0.038255938902771874,0.2714285714285714,0.875,0.82,0.045479155387114244,65244628.0
952,France,2022-09-02,16399.0,55.0,122.578,42.0,19.718,13.079,0.045365247886413614,0.05729166666666667,0.010582682344136674,0.004518358203288149,0.03343477721933434,0.038255938902771874,0.2714285714285714,0.875,0.82,0.045479155387114244,65244628.0
953,France,2022-09-03,0.0,0.0,122.578,42.0,19.718,13.079,0.045365247886413614,0.05729166666666667,0.010582682344136674,0.004518358203288149,0.03343477721933434,0.038255938902771874,0.2714285714285714,0.875,0.82,0.045479155387114244,65244628.0
954,France,2022-09-04,0.0,0.0,122.578,42.0,19.718,13.079,0.045365247886413614,0.05729166666666667,0.010582682344136674,0.004518358203288149,0.03343477721933434,0.038255938902771874,0.2714285714285714,0.875,0.82,0.045479155387114244,65244628.0
955,France,2022-09-05,31934.0,84.0,122.578,42.0,19.718,13.079,0.045365247886413614,0.05729166666666667,0.010582682344136674,0.004518358203288149,0.03343477721933434,0.038255938902771874,0.2714285714285714,0.875,0.82,0.045479155387114244,65244628.0
956,France,2022-09-06,26918.0,60.0,122.578,42.0,19.718,13.079,0.045365247886413614,0.05729166666666667,0.010582682344136674,0.004518358203288149,0.03343477721933434,0.038255938902771874,0.2714285714285714,0.875,0.82,0.045479155387114244,65244628.0
957,France,2022-09-07,20142.0,46.0,122.578,42.0,19.718,13.079,0.045365247886413614,0.05729166666666667,0.010582682344136674,0.004518358203288149,0.03343477721933434,0.038255938902771874,0.2714285714285714,0.875,0.82,0.045479155387114244,65244628.0
958,France,2022-09-08,19866.0,58.0,122.578,42.0,19.718,13.079,0.045365247886413614,0.05729166666666667,0.010582682344136674,0.004518358203288149,0.03343477721933434,0.038255938902771874,0.2714285714285714,0.875,0.82,0.045479155387114244,65244628.0
959,France,2022-09-09,19087.0,31.0,122.578,42.0,19.718,13.079,0.045365247886413614,0.05729166666666667,0.010582682344136674,0.004518358203288149,0.03343477721933434,0.038255938902771874,0.2714285714285714,0.875,0.82,0.045479155387114244,65244628.0
960,France,2022-09-10,0.0,0.0,122.578,42.0,19.718,13.079,0.045365247886413614,0.05729166666666667,0.010582682344136674,0.004518358203288149,0.03343477721933434,0.038255938902771874,0.2714285714285714,0.875,0.82,0.045479155387114244,65244628.0
961,France,2022-09-11,0.0,0.0,122.578,42.0,19.718,13.079,0.045365247886413614,0.05729166666666667,0.010582682344136674,0.004518358203288149,0.03343477721933434,0.038255938902771874,0.2714285714285714,0.875,0.82,0.045479155387114244,65244628.0
962,France,2022-09-12,40518.0,61.0,122.578,42.0,19.718,13.079,0.045365247886413614,0.05729166666666667,0.010582682344136674,0.004518358203288149,0.03343477721933434,0.038255938902771874,0.2714285714285714,0.875,0.82,0.045479155387114244,65244628.0
963,France,2022-09-13,45899.0,64.0,122.578,42.0,19.718,13.079,0.045365247886413614,0.05729166666666667,0.010582682344136674,0.004518358203288149,0.03343477721933434,0.038255938902771874,0.2714285714285714,0.875,0.82,0.045479155387114244,65244628.0
964,France,2022-09-14,29526.0,18.0,122.578,42.0,19.718,13.079,0.045365247886413614,0.05729166666666667,0.010582682344136674,0.004518358203288149,0.03343477721933434,0.038255938902771874,0.2714285714285714,0.875,0.82,0.045479155387114244,65244628.0
965,France,2022-09-15,33263.0,33.0,122.578,42.0,19.718,13.079,0.045365247886413614,0.05729166666666667,0.010582682344136674,0.004518358203288149,0.03343477721933434,0.038255938902771874,0.2714285714285714,0.875,0.82,0.045479155387114244,65244628.0
966,France,2022-09-16,28686.0,28.0,122.578,42.0,19.718,13.079,0.045365247886413614,0.05729166666666667,0.010582682344136674,0.004518358203288149,0.03343477721933434,0.038255938902771874,0.2714285714285714,0.875,0.82,0.045479155387114244,65244628.0
967,France,2022-09-17,0.0,0.0,122.578,42.0,19.718,13.079,0.045365247886413614,0.05729166666666667,0.010582682344136674,0.004518358203288149,0.03343477721933434,0.038255938902771874,0.2714285714285714,0.875,0.82,0.045479155387114244,65244628.0
968,France,2022-09-18,0.0,0.0,122.578,42.0,19.718,13.079,0.045365247886413614,0.05729166666666667,0.010582682344136674,0.004518358203288149,0.03343477721933434,0.038255938902771874,0.2714285714285714,0.875,0.82,0.045479155387114244,65244628.0
969,France,2022-09-19,61518.0,71.0,122.578,42.0,19.718,13.079,0.045365247886413614,0.05729166666666667,0.010582682344136674,0.004518358203288149,0.03343477721933434,0.038255938902771874,0.2714285714285714,0.875,0.82,0.045479155387114244,65244628.0
970,France,2022-09-20,51816.0,48.0,122.578,42.0,19.718,13.079,0.045365247886413614,0.05729166666666667,0.010582682344136674,0.004518358203288149,0.03343477721933434,0.038255938902771874,0.2714285714285714,0.875,0.82,0.045479155387114244,65244628.0
971,France,2022-09-21,38250.0,33.0,122.578,42.0,19.718,13.079,0.045365247886413614,0.05729166666666667,0.010582682344136674,0.004518358203288149,0.03343477721933434,0.038255938902771874,0.2714285714285714,0.875,0.82,0.045479155387114244,65244628.0
972,France,2022-09-22,38464.0,30.0,122.578,42.0,19.718,13.079,0.045365247886413614,0.05729166666666667,0.010582682344136674,0.004518358203288149,0.03343477721933434,0.038255938902771874,0.2714285714285714,0.875,0.82,0.045479155387114244,65244628.0
973,France,2022-09-23,37524.0,33.0,122.578,42.0,19.718,13.079,0.045365247886413614,0.05729166666666667,0.010582682344136674,0.004518358203288149,0.03343477721933434,0.038255938902771874,0.2714285714285714,0.875,0.82,0.045479155387114244,65244628.0
974,France,2022-09-24,0.0,0.0,122.578,42.0,19.718,13.079,0.045365247886413614,0.05729166666666667,0.010582682344136674,0.004518358203288149,0.03343477721933434,0.038255938902771874,0.2714285714285714,0.875,0.82,0.045479155387114244,65244628.0
975,France,2022-09-25,0.0,0.0,122.578,42.0,19.718,13.079,0.045365247886413614,0.05729166666666667,0.010582682344136674,0.004518358203288149,0.03343477721933434,0.038255938902771874,0.2714285714285714,0.875,0.82,0.045479155387114244,65244628.0
976,France,2022-09-26,76878.0,73.0,122.578,42.0,19.718,13.079,0.045365247886413614,0.05729166666666667,0.010582682344136674,0.004518358203288149,0.03343477721933434,0.038255938902771874,0.2714285714285714,0.875,0.82,0.045479155387114244,65244628.0
977,France,2022-09-27,75214.0,49.0,122.578,42.0,19.718,13.079,0.045365247886413614,0.05729166666666667,0.010582682344136674,0.004518358203288149,0.03343477721933434,0.038255938902771874,0.2714285714285714,0.875,0.82,0.045479155387114244,65244628.0
978,France,2022-09-28,51894.0,36.0,122.578,42.0,19.718,13.079,0.045365247886413614,0.05729166666666667,0.010582682344136674,0.004518358203288149,0.03343477721933434,0.038255938902771874,0.2714285714285714,0.875,0.82,0.045479155387114244,65244628.0
979,France,2022-09-29,51366.0,33.0,122.578,42.0,19.718,13.079,0.045365247886413614,0.05729166666666667,0.010582682344136674,0.004518358203288149,0.03343477721933434,0.038255938902771874,0.2714285714285714,0.875,0.82,0.045479155387114244,65244628.0
980,France,2022-09-30,48261.0,34.0,122.578,42.0,19.718,13.079,0.045365247886413614,0.05729166666666667,0.010582682344136674,0.004518358203288149,0.03343477721933434,0.038255938902771874,0.2714285714285714,0.875,0.82,0.045479155387114244,65244628.0
981,France,2022-10-01,0.0,0.0,122.578,42.0,19.718,13.079,0.045365247886413614,0.05729166666666667,0.010582682344136674,0.004518358203288149,0.03343477721933434,0.038255938902771874,0.2714285714285714,0.875,0.82,0.045479155387114244,65244628.0
982,France,2022-10-02,0.0,0.0,122.578,42.0,19.718,13.079,0.045365247886413614,0.05729166666666667,0.010582682344136674,0.004518358203288149,0.03343477721933434,0.038255938902771874,0.2714285714285714,0.875,0.82,0.045479155387114244,65244628.0
983,France,2022-10-03,92739.0,86.0,122.578,42.0,19.718,13.079,0.045365247886413614,0.05729166666666667,0.010582682344136674,0.004518358203288149,0.03343477721933434,0.038255938902771874,0.2714285714285714,0.875,0.82,0.045479155387114244,65244628.0
984,France,2022-10-04,89185.0,74.0,122.578,42.0,19.718,13.079,0.045365247886413614,0.05729166666666667,0.010582682344136674,0.004518358203288149,0.03343477721933434,0.038255938902771874,0.2714285714285714,0.875,0.82,0.045479155387114244,65244628.0
985,France,2022-10-05,66564.0,47.0,122.578,42.0,19.718,13.079,0.045365247886413614,0.05729166666666667,0.010582682344136674,0.004518358203288149,0.03343477721933434,0.038255938902771874,0.2714285714285714,0.875,0.82,0.045479155387114244,65244628.0
986,France,2022-10-06,65537.0,50.0,122.578,42.0,19.718,13.079,0.045365247886413614,0.05729166666666667,0.010582682344136674,0.004518358203288149,0.03343477721933434,0.038255938902771874,0.2714285714285714,0.875,0.82,0.045479155387114244,65244628.0
987,France,2022-10-07,61121.0,53.0,122.578,42.0,19.718,13.079,0.045365247886413614,0.05729166666666667,0.010582682344136674,0.004518358203288149,0.03343477721933434,0.038255938902771874,0.2714285714285714,0.875,0.82,0.045479155387114244,65244628.0
988,France,2022-10-08,0.0,0.0,122.578,42.0,19.718,13.079,0.045365247886413614,0.05729166666666667,0.010582682344136674,0.004518358203288149,0.03343477721933434,0.038255938902771874,0.2714285714285714,0.875,0.82,0.045479155387114244,65244628.0
989,France,2022-10-09,0.0,0.0,122.578,42.0,19.718,13.079,0.045365247886413614,0.05729166666666667,0.010582682344136674,0.004518358203288149,0.03343477721933434,0.038255938902771874,0.2714285714285714,0.875,0.82,0.045479155387114244,65244628.0
990,France,2022-10-10,109269.0,113.0,122.578,42.0,19.718,13.079,0.045365247886413614,0.05729166666666667,0.010582682344136674,0.004518358203288149,0.03343477721933434,0.038255938902771874,0.2714285714285714,0.875,0.82,0.045479155387114244,65244628.0
991,France,2022-10-11,94784.0,85.0,122.578,42.0,19.718,13.079,0.045365247886413614,0.05729166666666667,0.010582682344136674,0.004518358203288149,0.03343477721933434,0.038255938902771874,0.2714285714285714,0.875,0.82,0.045479155387114244,65244628.0
992,France,2022-10-12,67948.0,55.0,122.578,42.0,19.718,13.079,0.045365247886413614,0.05729166666666667,0.010582682344136674,0.004518358203288149,0.03343477721933434,0.038255938902771874,0.2714285714285714,0.875,0.82,0.045479155387114244,65244628.0
993,France,2022-10-13,64218.0,62.0,122.578,42.0,19.718,13.079,0.045365247886413614,0.05729166666666667,0.010582682344136674,0.004518358203288149,0.03343477721933434,0.038255938902771874,0.2714285714285714,0.875,0.82,0.045479155387114244,65244628.0
994,France,2022-10-14,58695.0,79.0,122.578,42.0,19.718,13.079,0.045365247886413614,0.05729166666666667,0.010582682344136674,0.004518358203288149,0.03343477721933434,0.038255938902771874,0.2714285714285714,0.875,0.82,0.045479155387114244,65244628.0
995,France,2022-10-15,0.0,0.0,122.578,42.0,19.718,13.079,0.045365247886413614,0.05729166666666667,0.010582682344136674,0.004518358203288149,0.03343477721933434,0.038255938902771874,0.2714285714285714,0.875,0.82,0.045479155387114244,65244628.0
996,France,2022-10-16,0.0,0.0,122.578,42.0,19.718,13.079,0.045365247886413614,0.05729166666666667,0.010582682344136674,0.004518358203288149,0.03343477721933434,0.038255938902771874,0.2714285714285714,0.875,0.82,0.045479155387114244,65244628.0
997,France,2022-10-17,106788.0,164.0,122.578,42.0,19.718,13.079,0.045365247886413614,0.05729166666666667,0.010582682344136674,0.004518358203288149,0.03343477721933434,0.038255938902771874,0.2714285714285714,0.875,0.82,0.045479155387114244,65244628.0
998,France,2022-10-18,87666.0,101.0,122.578,42.0,19.718,13.079,0.045365247886413614,0.05729166666666667,0.010582682344136674,0.004518358203288149,0.03343477721933434,0.038255938902771874,0.2714285714285714,0.875,0.82,0.045479155387114244,65244628.0
999,France,2022-10-19,63031.0,106.0,122.578,42.0,19.718,13.079,0.045365247886413614,0.05729166666666667,0.010582682344136674,0.004518358203288149,0.03343477721933434,0.038255938902771874,0.2714285714285714,0.875,0.82,0.045479155387114244,65244628.0
1000,France,2022-10-20,56793.0,69.0,122.578,42.0,19.718,13.079,0.045365247886413614,0.05729166666666667,0.010582682344136674,0.004518358203288149,0.03343477721933434,0.038255938902771874,0.2714285714285714,0.875,0.82,0.045479155387114244,65244628.0
1001,France,2022-10-21,49087.0,81.0,122.578,42.0,19.718,13.079,0.045365247886413614,0.05729166666666667,0.010582682344136674,0.004518358203288149,0.03343477721933434,0.038255938902771874,0.2714285714285714,0.875,0.82,0.045479155387114244,65244628.0
1002,France,2022-10-22,0.0,0.0,122.578,42.0,19.718,13.079,0.045365247886413614,0.05729166666666667,0.010582682344136674,0.004518358203288149,0.03343477721933434,0.038255938902771874,0.2714285714285714,0.875,0.82,0.045479155387114244,65244628.0
1003,France,2022-10-23,0.0,0.0,122.578,42.0,19.718,13.079,0.045365247886413614,0.05729166666666667,0.010582682344136674,0.004518358203288149,0.03343477721933434,0.038255938902771874,0.2714285714285714,0.875,0.82,0.045479155387114244,65244628.0
1004,France,2022-10-24,82123.0,172.0,122.578,42.0,19.718,13.079,0.045365247886413614,0.05729166666666667,0.010582682344136674,0.004518358203288149,0.03343477721933434,0.038255938902771874,0.2714285714285714,0.875,0.82,0.045479155387114244,65244628.0
1005,France,2022-10-25,59708.0,131.0,122.578,42.0,19.718,13.079,0.045365247886413614,0.05729166666666667,0.010582682344136674,0.004518358203288149,0.03343477721933434,0.038255938902771874,0.2714285714285714,0.875,0.82,0.045479155387114244,65244628.0
1006,France,2022-10-26,41185.0,60.0,122.578,42.0,19.718,13.079,0.045365247886413614,0.05729166666666667,0.010582682344136674,0.004518358203288149,0.03343477721933434,0.038255938902771874,0.2714285714285714,0.875,0.82,0.045479155387114244,65244628.0
1007,France,2022-10-27,37089.0,71.0,122.578,42.0,19.718,13.079,0.045365247886413614,0.05729166666666667,0.010582682344136674,0.004518358203288149,0.03343477721933434,0.038255938902771874,0.2714285714285714,0.875,0.82,0.045479155387114244,65244628.0
1008,France,2022-10-28,25783.0,61.0,122.578,42.0,19.718,13.079,0.045365247886413614,0.05729166666666667,0.010582682344136674,0.004518358203288149,0.03343477721933434,0.038255938902771874,0.2714285714285714,0.875,0.82,0.045479155387114244,65244628.0
1009,France,2022-10-29,0.0,0.0,122.578,42.0,19.718,13.079,0.045365247886413614,0.05729166666666667,0.010582682344136674,0.004518358203288149,0.03343477721933434,0.038255938902771874,0.2714285714285714,0.875,0.82,0.045479155387114244,65244628.0
1010,France,2022-10-30,0.0,0.0,122.578,42.0,19.718,13.079,0.045365247886413614,0.05729166666666667,0.010582682344136674,0.004518358203288149,0.03343477721933434,0.038255938902771874,0.2714285714285714,0.875,0.82,0.045479155387114244,65244628.0
1011,France,2022-10-31,42947.0,162.0,122.578,42.0,19.718,13.079,0.045365247886413614,0.05729166666666667,0.010582682344136674,0.004518358203288149,0.03343477721933434,0.038255938902771874,0.2714285714285714,0.875,0.82,0.045479155387114244,65244628.0
1012,France,2022-11-01,63.0,0.0,122.578,42.0,19.718,13.079,0.045365247886413614,0.05729166666666667,0.010582682344136674,0.004518358203288149,0.03343477721933434,0.038255938902771874,0.2714285714285714,0.875,0.82,0.045479155387114244,65244628.0
1013,France,2022-11-02,35153.0,150.0,122.578,42.0,19.718,13.079,0.045365247886413614,0.05729166666666667,0.010582682344136674,0.004518358203288149,0.03343477721933434,0.038255938902771874,0.2714285714285714,0.875,0.82,0.045479155387114244,65244628.0
1014,France,2022-11-03,42025.0,55.0,122.578,42.0,19.718,13.079,0.045365247886413614,0.05729166666666667,0.010582682344136674,0.004518358203288149,0.03343477721933434,0.038255938902771874,0.2714285714285714,0.875,0.82,0.045479155387114244,65244628.0
1015,France,2022-11-04,29438.0,78.0,122.578,42.0,19.718,13.079,0.045365247886413614,0.05729166666666667,0.010582682344136674,0.004518358203288149,0.03343477721933434,0.038255938902771874,0.2714285714285714,0.875,0.82,0.045479155387114244,65244628.0
1016,France,2022-11-05,0.0,0.0,122.578,42.0,19.718,13.079,0.045365247886413614,0.05729166666666667,0.010582682344136674,0.004518358203288149,0.03343477721933434,0.038255938902771874,0.2714285714285714,0.875,0.82,0.045479155387114244,65244628.0
1017,France,2022-11-06,0.0,0.0,122.578,42.0,19.718,13.079,0.045365247886413614,0.05729166666666667,0.010582682344136674,0.004518358203288149,0.03343477721933434,0.038255938902771874,0.2714285714285714,0.875,0.82,0.045479155387114244,65244628.0
1018,France,2022-11-07,51663.0,152.0,122.578,42.0,19.718,13.079,0.045365247886413614,0.05729166666666667,0.010582682344136674,0.004518358203288149,0.03343477721933434,0.038255938902771874,0.2714285714285714,0.875,0.82,0.045479155387114244,65244628.0
1019,France,2022-11-08,40591.0,117.0,122.578,42.0,19.718,13.079,0.045365247886413614,0.05729166666666667,0.010582682344136674,0.004518358203288149,0.03343477721933434,0.038255938902771874,0.2714285714285714,0.875,0.82,0.045479155387114244,65244628.0
1020,France,2022-11-09,28702.0,72.0,122.578,42.0,19.718,13.079,0.045365247886413614,0.05729166666666667,0.010582682344136674,0.004518358203288149,0.03343477721933434,0.038255938902771874,0.2714285714285714,0.875,0.82,0.045479155387114244,65244628.0
1021,France,2022-11-10,27068.0,53.0,122.578,42.0,19.718,13.079,0.045365247886413614,0.05729166666666667,0.010582682344136674,0.004518358203288149,0.03343477721933434,0.038255938902771874,0.2714285714285714,0.875,0.82,0.045479155387114244,65244628.0
1022,France,2022-11-11,0.0,0.0,122.578,42.0,19.718,13.079,0.045365247886413614,0.05729166666666667,0.010582682344136674,0.004518358203288149,0.03343477721933434,0.038255938902771874,0.2714285714285714,0.875,0.82,0.045479155387114244,65244628.0
1023,France,2022-11-12,0.0,0.0,122.578,42.0,19.718,13.079,0.045365247886413614,0.05729166666666667,0.010582682344136674,0.004518358203288149,0.03343477721933434,0.038255938902771874,0.2714285714285714,0.875,0.82,0.045479155387114244,65244628.0
1024,France,2022-11-13,0.0,0.0,122.578,42.0,19.718,13.079,0.045365247886413614,0.05729166666666667,0.010582682344136674,0.004518358203288149,0.03343477721933434,0.038255938902771874,0.2714285714285714,0.875,0.82,0.045479155387114244,65244628.0
1025,France,2022-11-14,65737.0,150.0,122.578,42.0,19.718,13.079,0.045365247886413614,0.05729166666666667,0.010582682344136674,0.004518358203288149,0.03343477721933434,0.038255938902771874,0.2714285714285714,0.875,0.82,0.045479155387114244,65244628.0
1026,France,2022-11-15,49453.0,120.0,122.578,42.0,19.718,13.079,0.045365247886413614,0.05729166666666667,0.010582682344136674,0.004518358203288149,0.03343477721933434,0.038255938902771874,0.2714285714285714,0.875,0.82,0.045479155387114244,65244628.0
1027,France,2022-11-16,33782.0,61.0,122.578,42.0,19.718,13.079,0.045365247886413614,0.05729166666666667,0.010582682344136674,0.004518358203288149,0.03343477721933434,0.038255938902771874,0.2714285714285714,0.875,0.82,0.045479155387114244,65244628.0
1028,France,2022-11-17,33331.0,87.0,122.578,42.0,19.718,13.079,0.045365247886413614,0.05729166666666667,0.010582682344136674,0.004518358203288149,0.03343477721933434,0.038255938902771874,0.2714285714285714,0.875,0.82,0.045479155387114244,65244628.0
1029,France,2022-11-18,37177.0,74.0,122.578,42.0,19.718,13.079,0.045365247886413614,0.05729166666666667,0.010582682344136674,0.004518358203288149,0.03343477721933434,0.038255938902771874,0.2714285714285714,0.875,0.82,0.045479155387114244,65244628.0
1030,France,2022-11-19,0.0,0.0,122.578,42.0,19.718,13.079,0.045365247886413614,0.05729166666666667,0.010582682344136674,0.004518358203288149,0.03343477721933434,0.038255938902771874,0.2714285714285714,0.875,0.82,0.045479155387114244,65244628.0
1031,France,2022-11-20,0.0,0.0,122.578,42.0,19.718,13.079,0.045365247886413614,0.05729166666666667,0.010582682344136674,0.004518358203288149,0.03343477721933434,0.038255938902771874,0.2714285714285714,0.875,0.82,0.045479155387114244,65244628.0
1032,France,2022-11-21,68058.0,175.0,122.578,42.0,19.718,13.079,0.045365247886413614,0.05729166666666667,0.010582682344136674,0.004518358203288149,0.03343477721933434,0.038255938902771874,0.2714285714285714,0.875,0.82,0.045479155387114244,65244628.0
1033,France,2022-11-22,64772.0,89.0,122.578,42.0,19.718,13.079,0.045365247886413614,0.05729166666666667,0.010582682344136674,0.004518358203288149,0.03343477721933434,0.038255938902771874,0.2714285714285714,0.875,0.82,0.045479155387114244,65244628.0
1034,France,2022-11-23,49188.0,84.0,122.578,42.0,19.718,13.079,0.045365247886413614,0.05729166666666667,0.010582682344136674,0.004518358203288149,0.03343477721933434,0.038255938902771874,0.2714285714285714,0.875,0.82,0.045479155387114244,65244628.0
1035,France,2022-11-24,50530.0,60.0,122.578,42.0,19.718,13.079,0.045365247886413614,0.05729166666666667,0.010582682344136674,0.004518358203288149,0.03343477721933434,0.038255938902771874,0.2714285714285714,0.875,0.82,0.045479155387114244,65244628.0
1036,France,2022-11-25,48629.0,68.0,122.578,42.0,19.718,13.079,0.045365247886413614,0.05729166666666667,0.010582682344136674,0.004518358203288149,0.03343477721933434,0.038255938902771874,0.2714285714285714,0.875,0.82,0.045479155387114244,65244628.0
1037,France,2022-11-26,0.0,0.0,122.578,42.0,19.718,13.079,0.045365247886413614,0.05729166666666667,0.010582682344136674,0.004518358203288149,0.03343477721933434,0.038255938902771874,0.2714285714285714,0.875,0.82,0.045479155387114244,65244628.0
1038,France,2022-11-27,0.0,0.0,122.578,42.0,19.718,13.079,0.045365247886413614,0.05729166666666667,0.010582682344136674,0.004518358203288149,0.03343477721933434,0.038255938902771874,0.2714285714285714,0.875,0.82,0.045479155387114244,65244628.0
1039,France,2022-11-28,95310.0,132.0,122.578,42.0,19.718,13.079,0.045365247886413614,0.05729166666666667,0.010582682344136674,0.004518358203288149,0.03343477721933434,0.038255938902771874,0.2714285714285714,0.875,0.82,0.045479155387114244,65244628.0
1040,France,2022-11-29,93254.0,104.0,122.578,42.0,19.718,13.079,0.045365247886413614,0.05729166666666667,0.010582682344136674,0.004518358203288149,0.03343477721933434,0.038255938902771874,0.2714285714285714,0.875,0.82,0.045479155387114244,65244628.0
1041,France,2022-11-30,66978.0,75.0,122.578,42.0,19.718,13.079,0.045365247886413614,0.05729166666666667,0.010582682344136674,0.004518358203288149,0.03343477721933434,0.038255938902771874,0.2714285714285714,0.875,0.82,0.045479155387114244,65244628.0
1042,France,2022-12-01,69253.0,76.0,122.578,42.0,19.718,13.079,0.045365247886413614,0.05729166666666667,0.010582682344136674,0.004518358203288149,0.03343477721933434,0.038255938902771874,0.2714285714285714,0.875,0.82,0.045479155387114244,65244628.0
1043,France,2022-12-02,59008.0,67.0,122.578,42.0,19.718,13.079,0.045365247886413614,0.05729166666666667,0.010582682344136674,0.004518358203288149,0.03343477721933434,0.038255938902771874,0.2714285714285714,0.875,0.82,0.045479155387114244,65244628.0
1044,France,2022-12-03,0.0,0.0,122.578,42.0,19.718,13.079,0.045365247886413614,0.05729166666666667,0.010582682344136674,0.004518358203288149,0.03343477721933434,0.038255938902771874,0.2714285714285714,0.875,0.82,0.045479155387114244,65244628.0
1045,France,2022-12-04,0.0,0.0,122.578,42.0,19.718,13.079,0.045365247886413614,0.05729166666666667,0.010582682344136674,0.004518358203288149,0.03343477721933434,0.038255938902771874,0.2714285714285714,0.875,0.82,0.045479155387114244,65244628.0
1046,France,2022-12-05,103505.0,152.0,122.578,42.0,19.718,13.079,0.045365247886413614,0.05729166666666667,0.010582682344136674,0.004518358203288149,0.03343477721933434,0.038255938902771874,0.2714285714285714,0.875,0.82,0.045479155387114244,65244628.0
1047,France,2022-12-06,105516.0,117.0,122.578,42.0,19.718,13.079,0.045365247886413614,0.05729166666666667,0.010582682344136674,0.004518358203288149,0.03343477721933434,0.038255938902771874,0.2714285714285714,0.875,0.82,0.045479155387114244,65244628.0
1048,France,2022-12-07,75752.0,93.0,122.578,42.0,19.718,13.079,0.045365247886413614,0.05729166666666667,0.010582682344136674,0.004518358203288149,0.03343477721933434,0.038255938902771874,0.2714285714285714,0.875,0.82,0.045479155387114244,65244628.0
1049,France,2022-12-08,71597.0,62.0,122.578,42.0,19.718,13.079,0.045365247886413614,0.05729166666666667,0.010582682344136674,0.004518358203288149,0.03343477721933434,0.038255938902771874,0.2714285714285714,0.875,0.82,0.045479155387114244,65244628.0
1050,France,2022-12-09,65509.0,94.0,122.578,42.0,19.718,13.079,0.045365247886413614,0.05729166666666667,0.010582682344136674,0.004518358203288149,0.03343477721933434,0.038255938902771874,0.2714285714285714,0.875,0.82,0.045479155387114244,65244628.0
1051,France,2022-12-10,0.0,0.0,122.578,42.0,19.718,13.079,0.045365247886413614,0.05729166666666667,0.010582682344136674,0.004518358203288149,0.03343477721933434,0.038255938902771874,0.2714285714285714,0.875,0.82,0.045479155387114244,65244628.0
1052,France,2022-12-11,0.0,0.0,122.578,42.0,19.718,13.079,0.045365247886413614,0.05729166666666667,0.010582682344136674,0.004518358203288149,0.03343477721933434,0.038255938902771874,0.2714285714285714,0.875,0.82,0.045479155387114244,65244628.0
1053,France,2022-12-12,119552.0,261.0,122.578,42.0,19.718,13.079,0.045365247886413614,0.05729166666666667,0.010582682344136674,0.004518358203288149,0.03343477721933434,0.038255938902771874,0.2714285714285714,0.875,0.82,0.045479155387114244,65244628.0
1054,France,2022-12-13,96347.0,136.0,122.578,42.0,19.718,13.079,0.045365247886413614,0.05729166666666667,0.010582682344136674,0.004518358203288149,0.03343477721933434,0.038255938902771874,0.2714285714285714,0.875,0.82,0.045479155387114244,65244628.0
1055,France,2022-12-14,70224.0,114.0,122.578,42.0,19.718,13.079,0.045365247886413614,0.05729166666666667,0.010582682344136674,0.004518358203288149,0.03343477721933434,0.038255938902771874,0.2714285714285714,0.875,0.82,0.045479155387114244,65244628.0
1056,France,2022-12-15,62541.0,106.0,122.578,42.0,19.718,13.079,0.045365247886413614,0.05729166666666667,0.010582682344136674,0.004518358203288149,0.03343477721933434,0.038255938902771874,0.2714285714285714,0.875,0.82,0.045479155387114244,65244628.0
1057,France,2022-12-16,56361.0,131.0,122.578,42.0,19.718,13.079,0.045365247886413614,0.05729166666666667,0.010582682344136674,0.004518358203288149,0.03343477721933434,0.038255938902771874,0.2714285714285714,0.875,0.82,0.045479155387114244,65244628.0
1058,France,2022-12-17,0.0,0.0,122.578,42.0,19.718,13.079,0.045365247886413614,0.05729166666666667,0.010582682344136674,0.004518358203288149,0.03343477721933434,0.038255938902771874,0.2714285714285714,0.875,0.82,0.045479155387114244,65244628.0
1059,France,2022-12-18,0.0,0.0,122.578,42.0,19.718,13.079,0.045365247886413614,0.05729166666666667,0.010582682344136674,0.004518358203288149,0.03343477721933434,0.038255938902771874,0.2714285714285714,0.875,0.82,0.045479155387114244,65244628.0
1060,France,2022-12-19,98021.0,258.0,122.578,42.0,19.718,13.079,0.045365247886413614,0.05729166666666667,0.010582682344136674,0.004518358203288149,0.03343477721933434,0.038255938902771874,0.2714285714285714,0.875,0.82,0.045479155387114244,65244628.0
1061,France,2022-12-20,71212.0,130.0,122.578,42.0,19.718,13.079,0.045365247886413614,0.05729166666666667,0.010582682344136674,0.004518358203288149,0.03343477721933434,0.038255938902771874,0.2714285714285714,0.875,0.82,0.045479155387114244,65244628.0
1062,France,2022-12-21,54613.0,127.0,122.578,42.0,19.718,13.079,0.045365247886413614,0.05729166666666667,0.010582682344136674,0.004518358203288149,0.03343477721933434,0.038255938902771874,0.2714285714285714,0.875,0.82,0.045479155387114244,65244628.0
1063,France,2022-12-22,49517.0,120.0,122.578,42.0,19.718,13.079,0.045365247886413614,0.05729166666666667,0.010582682344136674,0.004518358203288149,0.03343477721933434,0.038255938902771874,0.2714285714285714,0.875,0.82,0.045479155387114244,65244628.0
1064,France,2022-12-23,43766.0,158.0,122.578,42.0,19.718,13.079,0.045365247886413614,0.05729166666666667,0.010582682344136674,0.004518358203288149,0.03343477721933434,0.038255938902771874,0.2714285714285714,0.875,0.82,0.045479155387114244,65244628.0
1065,France,2022-12-24,0.0,0.0,122.578,42.0,19.718,13.079,0.045365247886413614,0.05729166666666667,0.010582682344136674,0.004518358203288149,0.03343477721933434,0.038255938902771874,0.2714285714285714,0.875,0.82,0.045479155387114244,65244628.0
1066,France,2022-12-25,0.0,0.0,122.578,42.0,19.718,13.079,0.045365247886413614,0.05729166666666667,0.010582682344136674,0.004518358203288149,0.03343477721933434,0.038255938902771874,0.2714285714285714,0.875,0.82,0.045479155387114244,65244628.0
1067,France,2022-12-26,40744.0,0.0,122.578,42.0,19.718,13.079,0.045365247886413614,0.05729166666666667,0.010582682344136674,0.004518358203288149,0.03343477721933434,0.038255938902771874,0.2714285714285714,0.875,0.82,0.045479155387114244,65244628.0
1068,France,2022-12-27,60099.0,423.0,122.578,42.0,19.718,13.079,0.045365247886413614,0.05729166666666667,0.010582682344136674,0.004518358203288149,0.03343477721933434,0.038255938902771874,0.2714285714285714,0.875,0.82,0.045479155387114244,65244628.0
1069,France,2022-12-28,26081.0,140.0,122.578,42.0,19.718,13.079,0.045365247886413614,0.05729166666666667,0.010582682344136674,0.004518358203288149,0.03343477721933434,0.038255938902771874,0.2714285714285714,0.875,0.82,0.045479155387114244,65244628.0
1070,France,2022-12-29,24436.0,132.0,122.578,42.0,19.718,13.079,0.045365247886413614,0.05729166666666667,0.010582682344136674,0.004518358203288149,0.03343477721933434,0.038255938902771874,0.2714285714285714,0.875,0.82,0.045479155387114244,65244628.0
1071,France,2022-12-30,23808.0,115.0,122.578,42.0,19.718,13.079,0.045365247886413614,0.05729166666666667,0.010582682344136674,0.004518358203288149,0.03343477721933434,0.038255938902771874,0.2714285714285714,0.875,0.82,0.045479155387114244,65244628.0
1072,France,2022-12-31,0.0,0.0,122.578,42.0,19.718,13.079,0.045365247886413614,0.05729166666666667,0.010582682344136674,0.004518358203288149,0.03343477721933434,0.038255938902771874,0.2714285714285714,0.875,0.82,0.045479155387114244,65244628.0
1073,France,2023-01-01,0.0,0.0,122.578,42.0,19.718,13.079,0.045365247886413614,0.05729166666666667,0.010582682344136674,0.004518358203288149,0.03343477721933434,0.038255938902771874,0.2714285714285714,0.875,0.82,0.045479155387114244,65244628.0
1074,France,2023-01-02,39087.0,252.0,122.578,42.0,19.718,13.079,0.045365247886413614,0.05729166666666667,0.010582682344136674,0.004518358203288149,0.03343477721933434,0.038255938902771874,0.2714285714285714,0.875,0.82,0.045479155387114244,65244628.0
1075,France,2023-01-03,23012.0,163.0,122.578,42.0,19.718,13.079,0.045365247886413614,0.05729166666666667,0.010582682344136674,0.004518358203288149,0.03343477721933434,0.038255938902771874,0.2714285714285714,0.875,0.82,0.045479155387114244,65244628.0
1076,France,2023-01-04,14105.0,123.0,122.578,42.0,19.718,13.079,0.045365247886413614,0.05729166666666667,0.010582682344136674,0.004518358203288149,0.03343477721933434,0.038255938902771874,0.2714285714285714,0.875,0.82,0.045479155387114244,65244628.0
1077,France,2023-01-05,11536.0,143.0,122.578,42.0,19.718,13.079,0.045365247886413614,0.05729166666666667,0.010582682344136674,0.004518358203288149,0.03343477721933434,0.038255938902771874,0.2714285714285714,0.875,0.82,0.045479155387114244,65244628.0
1078,France,2023-01-06,10383.0,7.0,122.578,42.0,19.718,13.079,0.045365247886413614,0.05729166666666667,0.010582682344136674,0.004518358203288149,0.03343477721933434,0.038255938902771874,0.2714285714285714,0.875,0.82,0.045479155387114244,65244628.0
1079,France,2023-01-07,0.0,0.0,122.578,42.0,19.718,13.079,0.045365247886413614,0.05729166666666667,0.010582682344136674,0.004518358203288149,0.03343477721933434,0.038255938902771874,0.2714285714285714,0.875,0.82,0.045479155387114244,65244628.0
1080,France,2023-01-08,0.0,0.0,122.578,42.0,19.718,13.079,0.045365247886413614,0.05729166666666667,0.010582682344136674,0.004518358203288149,0.03343477721933434,0.038255938902771874,0.2714285714285714,0.875,0.82,0.045479155387114244,65244628.0
1081,France,2023-01-09,17220.0,340.0,122.578,42.0,19.718,13.079,0.045365247886413614,0.05729166666666667,0.010582682344136674,0.004518358203288149,0.03343477721933434,0.038255938902771874,0.2714285714285714,0.875,0.82,0.045479155387114244,65244628.0
1082,France,2023-01-10,11773.0,115.0,122.578,42.0,19.718,13.079,0.045365247886413614,0.05729166666666667,0.010582682344136674,0.004518358203288149,0.03343477721933434,0.038255938902771874,0.2714285714285714,0.875,0.82,0.045479155387114244,65244628.0
1083,France,2023-01-11,7635.0,88.0,122.578,42.0,19.718,13.079,0.045365247886413614,0.05729166666666667,0.010582682344136674,0.004518358203288149,0.03343477721933434,0.038255938902771874,0.2714285714285714,0.875,0.82,0.045479155387114244,65244628.0
1084,France,2023-01-12,7159.0,53.0,122.578,42.0,19.718,13.079,0.045365247886413614,0.05729166666666667,0.010582682344136674,0.004518358203288149,0.03343477721933434,0.038255938902771874,0.2714285714285714,0.875,0.82,0.045479155387114244,65244628.0
1085,France,2023-01-13,6238.0,101.0,122.578,42.0,19.718,13.079,0.045365247886413614,0.05729166666666667,0.010582682344136674,0.004518358203288149,0.03343477721933434,0.038255938902771874,0.2714285714285714,0.875,0.82,0.045479155387114244,65244628.0
1086,France,2023-01-14,0.0,0.0,122.578,42.0,19.718,13.079,0.045365247886413614,0.05729166666666667,0.010582682344136674,0.004518358203288149,0.03343477721933434,0.038255938902771874,0.2714285714285714,0.875,0.82,0.045479155387114244,65244628.0
1087,France,2023-01-15,0.0,0.0,122.578,42.0,19.718,13.079,0.045365247886413614,0.05729166666666667,0.010582682344136674,0.004518358203288149,0.03343477721933434,0.038255938902771874,0.2714285714285714,0.875,0.82,0.045479155387114244,65244628.0
1088,France,2023-01-16,10830.0,116.0,122.578,42.0,19.718,13.079,0.045365247886413614,0.05729166666666667,0.010582682344136674,0.004518358203288149,0.03343477721933434,0.038255938902771874,0.2714285714285714,0.875,0.82,0.045479155387114244,65244628.0
1089,France,2023-01-17,8381.0,99.0,122.578,42.0,19.718,13.079,0.045365247886413614,0.05729166666666667,0.010582682344136674,0.004518358203288149,0.03343477721933434,0.038255938902771874,0.2714285714285714,0.875,0.82,0.045479155387114244,65244628.0
1090,France,2023-01-18,5894.0,82.0,122.578,42.0,19.718,13.079,0.045365247886413614,0.05729166666666667,0.010582682344136674,0.004518358203288149,0.03343477721933434,0.038255938902771874,0.2714285714285714,0.875,0.82,0.045479155387114244,65244628.0
1091,France,2023-01-19,4992.0,64.0,122.578,42.0,19.718,13.079,0.045365247886413614,0.05729166666666667,0.010582682344136674,0.004518358203288149,0.03343477721933434,0.038255938902771874,0.2714285714285714,0.875,0.82,0.045479155387114244,65244628.0
1092,France,2023-01-20,4475.0,44.0,122.578,42.0,19.718,13.079,0.045365247886413614,0.05729166666666667,0.010582682344136674,0.004518358203288149,0.03343477721933434,0.038255938902771874,0.2714285714285714,0.875,0.82,0.045479155387114244,65244628.0
1093,France,2023-01-21,0.0,0.0,122.578,42.0,19.718,13.079,0.045365247886413614,0.05729166666666667,0.010582682344136674,0.004518358203288149,0.03343477721933434,0.038255938902771874,0.2714285714285714,0.875,0.82,0.045479155387114244,65244628.0
1094,France,2023-01-22,0.0,0.0,122.578,42.0,19.718,13.079,0.045365247886413614,0.05729166666666667,0.010582682344136674,0.004518358203288149,0.03343477721933434,0.038255938902771874,0.2714285714285714,0.875,0.82,0.045479155387114244,65244628.0
1095,France,2023-01-23,8828.0,197.0,122.578,42.0,19.718,13.079,0.045365247886413614,0.05729166666666667,0.010582682344136674,0.004518358203288149,0.03343477721933434,0.038255938902771874,0.2714285714285714,0.875,0.82,0.045479155387114244,65244628.0
1096,France,2023-01-24,7276.0,59.0,122.578,42.0,19.718,13.079,0.045365247886413614,0.05729166666666667,0.010582682344136674,0.004518358203288149,0.03343477721933434,0.038255938902771874,0.2714285714285714,0.875,0.82,0.045479155387114244,65244628.0
1097,France,2023-01-25,5347.0,0.0,122.578,42.0,19.718,13.079,0.045365247886413614,0.05729166666666667,0.010582682344136674,0.004518358203288149,0.03343477721933434,0.038255938902771874,0.2714285714285714,0.875,0.82,0.045479155387114244,65244628.0
1098,France,2023-01-26,5287.0,50.0,122.578,42.0,19.718,13.079,0.045365247886413614,0.05729166666666667,0.010582682344136674,0.004518358203288149,0.03343477721933434,0.038255938902771874,0.2714285714285714,0.875,0.82,0.045479155387114244,65244628.0
1099,France,2023-01-27,4681.0,44.0,122.578,42.0,19.718,13.079,0.045365247886413614,0.05729166666666667,0.010582682344136674,0.004518358203288149,0.03343477721933434,0.038255938902771874,0.2714285714285714,0.875,0.82,0.045479155387114244,65244628.0
1100,France,2023-01-28,0.0,0.0,122.578,42.0,19.718,13.079,0.045365247886413614,0.05729166666666667,0.010582682344136674,0.004518358203288149,0.03343477721933434,0.038255938902771874,0.2714285714285714,0.875,0.82,0.045479155387114244,65244628.0
1101,France,2023-01-29,0.0,0.0,122.578,42.0,19.718,13.079,0.045365247886413614,0.05729166666666667,0.010582682344136674,0.004518358203288149,0.03343477721933434,0.038255938902771874,0.2714285714285714,0.875,0.82,0.045479155387114244,65244628.0
1102,France,2023-01-30,9297.0,96.0,122.578,42.0,19.718,13.079,0.045365247886413614,0.05729166666666667,0.010582682344136674,0.004518358203288149,0.03343477721933434,0.038255938902771874,0.2714285714285714,0.875,0.82,0.045479155387114244,65244628.0
1103,France,2023-01-31,6860.0,57.0,122.578,42.0,19.718,13.079,0.045365247886413614,0.05729166666666667,0.010582682344136674,0.004518358203288149,0.03343477721933434,0.038255938902771874,0.2714285714285714,0.875,0.82,0.045479155387114244,65244628.0
1104,France,2023-02-01,4506.0,53.0,122.578,42.0,19.718,13.079,0.045365247886413614,0.05729166666666667,0.010582682344136674,0.004518358203288149,0.03343477721933434,0.038255938902771874,0.2714285714285714,0.875,0.82,0.045479155387114244,65244628.0
1105,France,2023-02-02,4021.0,52.0,122.578,42.0,19.718,13.079,0.045365247886413614,0.05729166666666667,0.010582682344136674,0.004518358203288149,0.03343477721933434,0.038255938902771874,0.2714285714285714,0.875,0.82,0.045479155387114244,65244628.0
1106,France,2023-02-03,3618.0,28.0,122.578,42.0,19.718,13.079,0.045365247886413614,0.05729166666666667,0.010582682344136674,0.004518358203288149,0.03343477721933434,0.038255938902771874,0.2714285714285714,0.875,0.82,0.045479155387114244,65244628.0
1107,France,2023-02-04,0.0,0.0,122.578,42.0,19.718,13.079,0.045365247886413614,0.05729166666666667,0.010582682344136674,0.004518358203288149,0.03343477721933434,0.038255938902771874,0.2714285714285714,0.875,0.82,0.045479155387114244,65244628.0
1108,France,2023-02-05,0.0,0.0,122.578,42.0,19.718,13.079,0.045365247886413614,0.05729166666666667,0.010582682344136674,0.004518358203288149,0.03343477721933434,0.038255938902771874,0.2714285714285714,0.875,0.82,0.045479155387114244,65244628.0
1109,France,2023-02-06,6662.0,61.0,122.578,42.0,19.718,13.079,0.045365247886413614,0.05729166666666667,0.010582682344136674,0.004518358203288149,0.03343477721933434,0.038255938902771874,0.2714285714285714,0.875,0.82,0.045479155387114244,65244628.0
1110,France,2023-02-07,5024.0,42.0,122.578,42.0,19.718,13.079,0.045365247886413614,0.05729166666666667,0.010582682344136674,0.004518358203288149,0.03343477721933434,0.038255938902771874,0.2714285714285714,0.875,0.82,0.045479155387114244,65244628.0
1111,France,2023-02-08,3991.0,31.0,122.578,42.0,19.718,13.079,0.045365247886413614,0.05729166666666667,0.010582682344136674,0.004518358203288149,0.03343477721933434,0.038255938902771874,0.2714285714285714,0.875,0.82,0.045479155387114244,65244628.0
1112,France,2023-02-09,3653.0,17.0,122.578,42.0,19.718,13.079,0.045365247886413614,0.05729166666666667,0.010582682344136674,0.004518358203288149,0.03343477721933434,0.038255938902771874,0.2714285714285714,0.875,0.82,0.045479155387114244,65244628.0
1113,France,2023-02-10,3366.0,20.0,122.578,42.0,19.718,13.079,0.045365247886413614,0.05729166666666667,0.010582682344136674,0.004518358203288149,0.03343477721933434,0.038255938902771874,0.2714285714285714,0.875,0.82,0.045479155387114244,65244628.0
1114,France,2023-02-11,0.0,0.0,122.578,42.0,19.718,13.079,0.045365247886413614,0.05729166666666667,0.010582682344136674,0.004518358203288149,0.03343477721933434,0.038255938902771874,0.2714285714285714,0.875,0.82,0.045479155387114244,65244628.0
1115,France,2023-02-12,0.0,0.0,122.578,42.0,19.718,13.079,0.045365247886413614,0.05729166666666667,0.010582682344136674,0.004518358203288149,0.03343477721933434,0.038255938902771874,0.2714285714285714,0.875,0.82,0.045479155387114244,65244628.0
1116,France,2023-02-13,6362.0,50.0,122.578,42.0,19.718,13.079,0.045365247886413614,0.05729166666666667,0.010582682344136674,0.004518358203288149,0.03343477721933434,0.038255938902771874,0.2714285714285714,0.875,0.82,0.045479155387114244,65244628.0
1117,France,2023-02-14,4986.0,35.0,122.578,42.0,19.718,13.079,0.045365247886413614,0.05729166666666667,0.010582682344136674,0.004518358203288149,0.03343477721933434,0.038255938902771874,0.2714285714285714,0.875,0.82,0.045479155387114244,65244628.0
1118,France,2023-02-15,3972.0,35.0,122.578,42.0,19.718,13.079,0.045365247886413614,0.05729166666666667,0.010582682344136674,0.004518358203288149,0.03343477721933434,0.038255938902771874,0.2714285714285714,0.875,0.82,0.045479155387114244,65244628.0
1119,France,2023-02-16,4021.0,27.0,122.578,42.0,19.718,13.079,0.045365247886413614,0.05729166666666667,0.010582682344136674,0.004518358203288149,0.03343477721933434,0.038255938902771874,0.2714285714285714,0.875,0.82,0.045479155387114244,65244628.0
1120,France,2023-02-17,3589.0,28.0,122.578,42.0,19.718,13.079,0.045365247886413614,0.05729166666666667,0.010582682344136674,0.004518358203288149,0.03343477721933434,0.038255938902771874,0.2714285714285714,0.875,0.82,0.045479155387114244,65244628.0
1121,France,2023-02-18,0.0,0.0,122.578,42.0,19.718,13.079,0.045365247886413614,0.05729166666666667,0.010582682344136674,0.004518358203288149,0.03343477721933434,0.038255938902771874,0.2714285714285714,0.875,0.82,0.045479155387114244,65244628.0
1122,France,2023-02-19,0.0,0.0,122.578,42.0,19.718,13.079,0.045365247886413614,0.05729166666666667,0.010582682344136674,0.004518358203288149,0.03343477721933434,0.038255938902771874,0.2714285714285714,0.875,0.82,0.045479155387114244,65244628.0
1123,France,2023-02-20,8133.0,47.0,122.578,42.0,19.718,13.079,0.045365247886413614,0.05729166666666667,0.010582682344136674,0.004518358203288149,0.03343477721933434,0.038255938902771874,0.2714285714285714,0.875,0.82,0.045479155387114244,65244628.0
1124,France,2023-02-21,5774.0,32.0,122.578,42.0,19.718,13.079,0.045365247886413614,0.05729166666666667,0.010582682344136674,0.004518358203288149,0.03343477721933434,0.038255938902771874,0.2714285714285714,0.875,0.82,0.045479155387114244,65244628.0
1125,France,2023-02-22,4602.0,38.0,122.578,42.0,19.718,13.079,0.045365247886413614,0.05729166666666667,0.010582682344136674,0.004518358203288149,0.03343477721933434,0.038255938902771874,0.2714285714285714,0.875,0.82,0.045479155387114244,65244628.0
1126,France,2023-02-23,4489.0,19.0,122.578,42.0,19.718,13.079,0.045365247886413614,0.05729166666666667,0.010582682344136674,0.004518358203288149,0.03343477721933434,0.038255938902771874,0.2714285714285714,0.875,0.82,0.045479155387114244,65244628.0
1127,France,2023-02-24,3917.0,29.0,122.578,42.0,19.718,13.079,0.045365247886413614,0.05729166666666667,0.010582682344136674,0.004518358203288149,0.03343477721933434,0.038255938902771874,0.2714285714285714,0.875,0.82,0.045479155387114244,65244628.0
1128,France,2023-02-25,0.0,0.0,122.578,42.0,19.718,13.079,0.045365247886413614,0.05729166666666667,0.010582682344136674,0.004518358203288149,0.03343477721933434,0.038255938902771874,0.2714285714285714,0.875,0.82,0.045479155387114244,65244628.0
1129,France,2023-02-26,0.0,0.0,122.578,42.0,19.718,13.079,0.045365247886413614,0.05729166666666667,0.010582682344136674,0.004518358203288149,0.03343477721933434,0.038255938902771874,0.2714285714285714,0.875,0.82,0.045479155387114244,65244628.0
1130,France,2023-02-27,7626.0,52.0,122.578,42.0,19.718,13.079,0.045365247886413614,0.05729166666666667,0.010582682344136674,0.004518358203288149,0.03343477721933434,0.038255938902771874,0.2714285714285714,0.875,0.82,0.045479155387114244,65244628.0
1131,France,2023-02-28,5651.0,34.0,122.578,42.0,19.718,13.079,0.045365247886413614,0.05729166666666667,0.010582682344136674,0.004518358203288149,0.03343477721933434,0.038255938902771874,0.2714285714285714,0.875,0.82,0.045479155387114244,65244628.0
1132,France,2023-03-01,4525.0,25.0,122.578,42.0,19.718,13.079,0.045365247886413614,0.05729166666666667,0.010582682344136674,0.004518358203288149,0.03343477721933434,0.038255938902771874,0.2714285714285714,0.875,0.82,0.045479155387114244,65244628.0
1133,France,2023-03-02,4196.0,21.0,122.578,42.0,19.718,13.079,0.045365247886413614,0.05729166666666667,0.010582682344136674,0.004518358203288149,0.03343477721933434,0.038255938902771874,0.2714285714285714,0.875,0.82,0.045479155387114244,65244628.0
1134,France,2023-03-03,3194.0,21.0,122.578,42.0,19.718,13.079,0.045365247886413614,0.05729166666666667,0.010582682344136674,0.004518358203288149,0.03343477721933434,0.038255938902771874,0.2714285714285714,0.875,0.82,0.045479155387114244,65244628.0
1135,France,2023-03-04,0.0,0.0,122.578,42.0,19.718,13.079,0.045365247886413614,0.05729166666666667,0.010582682344136674,0.004518358203288149,0.03343477721933434,0.038255938902771874,0.2714285714285714,0.875,0.82,0.045479155387114244,65244628.0
1136,France,2023-03-05,0.0,0.0,122.578,42.0,19.718,13.079,0.045365247886413614,0.05729166666666667,0.010582682344136674,0.004518358203288149,0.03343477721933434,0.038255938902771874,0.2714285714285714,0.875,0.82,0.045479155387114244,65244628.0
1137,France,2023-03-06,8146.0,43.0,122.578,42.0,19.718,13.079,0.045365247886413614,0.05729166666666667,0.010582682344136674,0.004518358203288149,0.03343477721933434,0.038255938902771874,0.2714285714285714,0.875,0.82,0.045479155387114244,65244628.0
1138,France,2023-03-07,7063.0,24.0,122.578,42.0,19.718,13.079,0.045365247886413614,0.05729166666666667,0.010582682344136674,0.004518358203288149,0.03343477721933434,0.038255938902771874,0.2714285714285714,0.875,0.82,0.045479155387114244,65244628.0
