,country,date,confirmed,fatalities,population_density,median_age,aged_65_older,aged_70_older,population,yearly_change,net_change,density,land_area,migrants,rert_rate,med_age,urban_pop,world_share,r_population
0,Germany,2020-01-27,1.0,0.0,237.016,46.6,21.453,15.957,0.05821846853015531,0.08333333333333334,0.019644089840962047,0.009112655199908873,0.021283676306888922,0.5695628221858682,0.2285714285714286,0.9583333333333334,0.76,0.057931781266919335,83730223.0
1,Germany,2020-01-28,3.0,0.0,237.016,46.6,21.453,15.957,0.05821846853015531,0.08333333333333334,0.019644089840962047,0.009112655199908873,0.021283676306888922,0.5695628221858682,0.2285714285714286,0.9583333333333334,0.76,0.057931781266919335,83730223.0
2,Germany,2020-01-29,0.0,0.0,237.016,46.6,21.453,15.957,0.05821846853015531,0.08333333333333334,0.019644089840962047,0.009112655199908873,0.021283676306888922,0.5695628221858682,0.2285714285714286,0.9583333333333334,0.76,0.057931781266919335,83730223.0
3,Germany,2020-01-30,0.0,0.0,237.016,46.6,21.453,15.957,0.05821846853015531,0.08333333333333334,0.019644089840962047,0.009112655199908873,0.021283676306888922,0.5695628221858682,0.2285714285714286,0.9583333333333334,0.76,0.057931781266919335,83730223.0
4,Germany,2020-01-31,1.0,0.0,237.016,46.6,21.453,15.957,0.05821846853015531,0.08333333333333334,0.019644089840962047,0.009112655199908873,0.021283676306888922,0.5695628221858682,0.2285714285714286,0.9583333333333334,0.76,0.057931781266919335,83730223.0
5,Germany,2020-02-01,3.0,0.0,237.016,46.6,21.453,15.957,0.05821846853015531,0.08333333333333334,0.019644089840962047,0.009112655199908873,0.021283676306888922,0.5695628221858682,0.2285714285714286,0.9583333333333334,0.76,0.057931781266919335,83730223.0
6,Germany,2020-02-02,2.0,0.0,237.016,46.6,21.453,15.957,0.05821846853015531,0.08333333333333334,0.019644089840962047,0.009112655199908873,0.021283676306888922,0.5695628221858682,0.2285714285714286,0.9583333333333334,0.76,0.057931781266919335,83730223.0
7,Germany,2020-02-03,2.0,0.0,237.016,46.6,21.453,15.957,0.05821846853015531,0.08333333333333334,0.019644089840962047,0.009112655199908873,0.021283676306888922,0.5695628221858682,0.2285714285714286,0.9583333333333334,0.76,0.057931781266919335,83730223.0
8,Germany,2020-02-04,0.0,0.0,237.016,46.6,21.453,15.957,0.05821846853015531,0.08333333333333334,0.019644089840962047,0.009112655199908873,0.021283676306888922,0.5695628221858682,0.2285714285714286,0.9583333333333334,0.76,0.057931781266919335,83730223.0
9,Germany,2020-02-05,0.0,0.0,237.016,46.6,21.453,15.957,0.05821846853015531,0.08333333333333334,0.019644089840962047,0.009112655199908873,0.021283676306888922,0.5695628221858682,0.2285714285714286,0.9583333333333334,0.76,0.057931781266919335,83730223.0
10,Germany,2020-02-06,0.0,0.0,237.016,46.6,21.453,15.957,0.05821846853015531,0.08333333333333334,0.019644089840962047,0.009112655199908873,0.021283676306888922,0.5695628221858682,0.2285714285714286,0.9583333333333334,0.76,0.057931781266919335,83730223.0
11,Germany,2020-02-07,1.0,0.0,237.016,46.6,21.453,15.957,0.05821846853015531,0.08333333333333334,0.019644089840962047,0.009112655199908873,0.021283676306888922,0.5695628221858682,0.2285714285714286,0.9583333333333334,0.76,0.057931781266919335,83730223.0
12,Germany,2020-02-08,0.0,0.0,237.016,46.6,21.453,15.957,0.05821846853015531,0.08333333333333334,0.019644089840962047,0.009112655199908873,0.021283676306888922,0.5695628221858682,0.2285714285714286,0.9583333333333334,0.76,0.057931781266919335,83730223.0
13,Germany,2020-02-09,1.0,0.0,237.016,46.6,21.453,15.957,0.05821846853015531,0.08333333333333334,0.019644089840962047,0.009112655199908873,0.021283676306888922,0.5695628221858682,0.2285714285714286,0.9583333333333334,0.76,0.057931781266919335,83730223.0
14,Germany,2020-02-10,0.0,0.0,237.016,46.6,21.453,15.957,0.05821846853015531,0.08333333333333334,0.019644089840962047,0.009112655199908873,0.021283676306888922,0.5695628221858682,0.2285714285714286,0.9583333333333334,0.76,0.057931781266919335,83730223.0
15,Germany,2020-02-11,2.0,0.0,237.016,46.6,21.453,15.957,0.05821846853015531,0.08333333333333334,0.019644089840962047,0.009112655199908873,0.021283676306888922,0.5695628221858682,0.2285714285714286,0.9583333333333334,0.76,0.057931781266919335,83730223.0
16,Germany,2020-02-12,0.0,0.0,237.016,46.6,21.453,15.957,0.05821846853015531,0.08333333333333334,0.019644089840962047,0.009112655199908873,0.021283676306888922,0.5695628221858682,0.2285714285714286,0.9583333333333334,0.76,0.057931781266919335,83730223.0
17,Germany,2020-02-13,0.0,0.0,237.016,46.6,21.453,15.957,0.05821846853015531,0.08333333333333334,0.019644089840962047,0.009112655199908873,0.021283676306888922,0.5695628221858682,0.2285714285714286,0.9583333333333334,0.76,0.057931781266919335,83730223.0
18,Germany,2020-02-14,0.0,0.0,237.016,46.6,21.453,15.957,0.05821846853015531,0.08333333333333334,0.019644089840962047,0.009112655199908873,0.021283676306888922,0.5695628221858682,0.2285714285714286,0.9583333333333334,0.76,0.057931781266919335,83730223.0
19,Germany,2020-02-15,0.0,0.0,237.016,46.6,21.453,15.957,0.05821846853015531,0.08333333333333334,0.019644089840962047,0.009112655199908873,0.021283676306888922,0.5695628221858682,0.2285714285714286,0.9583333333333334,0.76,0.057931781266919335,83730223.0
20,Germany,2020-02-16,0.0,0.0,237.016,46.6,21.453,15.957,0.05821846853015531,0.08333333333333334,0.019644089840962047,0.009112655199908873,0.021283676306888922,0.5695628221858682,0.2285714285714286,0.9583333333333334,0.76,0.057931781266919335,83730223.0
21,Germany,2020-02-17,0.0,0.0,237.016,46.6,21.453,15.957,0.05821846853015531,0.08333333333333334,0.019644089840962047,0.009112655199908873,0.021283676306888922,0.5695628221858682,0.2285714285714286,0.9583333333333334,0.76,0.057931781266919335,83730223.0
22,Germany,2020-02-18,0.0,0.0,237.016,46.6,21.453,15.957,0.05821846853015531,0.08333333333333334,0.019644089840962047,0.009112655199908873,0.021283676306888922,0.5695628221858682,0.2285714285714286,0.9583333333333334,0.76,0.057931781266919335,83730223.0
23,Germany,2020-02-19,0.0,0.0,237.016,46.6,21.453,15.957,0.05821846853015531,0.08333333333333334,0.019644089840962047,0.009112655199908873,0.021283676306888922,0.5695628221858682,0.2285714285714286,0.9583333333333334,0.76,0.057931781266919335,83730223.0
24,Germany,2020-02-20,0.0,0.0,237.016,46.6,21.453,15.957,0.05821846853015531,0.08333333333333334,0.019644089840962047,0.009112655199908873,0.021283676306888922,0.5695628221858682,0.2285714285714286,0.9583333333333334,0.76,0.057931781266919335,83730223.0
25,Germany,2020-02-21,0.0,0.0,237.016,46.6,21.453,15.957,0.05821846853015531,0.08333333333333334,0.019644089840962047,0.009112655199908873,0.021283676306888922,0.5695628221858682,0.2285714285714286,0.9583333333333334,0.76,0.057931781266919335,83730223.0
26,Germany,2020-02-22,0.0,0.0,237.016,46.6,21.453,15.957,0.05821846853015531,0.08333333333333334,0.019644089840962047,0.009112655199908873,0.021283676306888922,0.5695628221858682,0.2285714285714286,0.9583333333333334,0.76,0.057931781266919335,83730223.0
27,Germany,2020-02-23,0.0,0.0,237.016,46.6,21.453,15.957,0.05821846853015531,0.08333333333333334,0.019644089840962047,0.009112655199908873,0.021283676306888922,0.5695628221858682,0.2285714285714286,0.9583333333333334,0.76,0.057931781266919335,83730223.0
28,Germany,2020-02-24,0.0,0.0,237.016,46.6,21.453,15.957,0.05821846853015531,0.08333333333333334,0.019644089840962047,0.009112655199908873,0.021283676306888922,0.5695628221858682,0.2285714285714286,0.9583333333333334,0.76,0.057931781266919335,83730223.0
29,Germany,2020-02-25,0.0,0.0,237.016,46.6,21.453,15.957,0.05821846853015531,0.08333333333333334,0.019644089840962047,0.009112655199908873,0.021283676306888922,0.5695628221858682,0.2285714285714286,0.9583333333333334,0.76,0.057931781266919335,83730223.0
30,Germany,2020-02-26,5.0,0.0,237.016,46.6,21.453,15.957,0.05821846853015531,0.08333333333333334,0.019644089840962047,0.009112655199908873,0.021283676306888922,0.5695628221858682,0.2285714285714286,0.9583333333333334,0.76,0.057931781266919335,83730223.0
31,Germany,2020-02-27,5.0,0.0,237.016,46.6,21.453,15.957,0.05821846853015531,0.08333333333333334,0.019644089840962047,0.009112655199908873,0.021283676306888922,0.5695628221858682,0.2285714285714286,0.9583333333333334,0.76,0.057931781266919335,83730223.0
32,Germany,2020-02-28,27.0,0.0,237.016,46.6,21.453,15.957,0.05821846853015531,0.08333333333333334,0.019644089840962047,0.009112655199908873,0.021283676306888922,0.5695628221858682,0.2285714285714286,0.9583333333333334,0.76,0.057931781266919335,83730223.0
33,Germany,2020-02-29,13.0,0.0,237.016,46.6,21.453,15.957,0.05821846853015531,0.08333333333333334,0.019644089840962047,0.009112655199908873,0.021283676306888922,0.5695628221858682,0.2285714285714286,0.9583333333333334,0.76,0.057931781266919335,83730223.0
34,Germany,2020-03-01,51.0,0.0,237.016,46.6,21.453,15.957,0.05821846853015531,0.08333333333333334,0.019644089840962047,0.009112655199908873,0.021283676306888922,0.5695628221858682,0.2285714285714286,0.9583333333333334,0.76,0.057931781266919335,83730223.0
35,Germany,2020-03-02,33.0,0.0,237.016,46.6,21.453,15.957,0.05821846853015531,0.08333333333333334,0.019644089840962047,0.009112655199908873,0.021283676306888922,0.5695628221858682,0.2285714285714286,0.9583333333333334,0.76,0.057931781266919335,83730223.0
36,Germany,2020-03-03,38.0,0.0,237.016,46.6,21.453,15.957,0.05821846853015531,0.08333333333333334,0.019644089840962047,0.009112655199908873,0.021283676306888922,0.5695628221858682,0.2285714285714286,0.9583333333333334,0.76,0.057931781266919335,83730223.0
37,Germany,2020-03-04,74.0,0.0,237.016,46.6,21.453,15.957,0.05821846853015531,0.08333333333333334,0.019644089840962047,0.009112655199908873,0.021283676306888922,0.5695628221858682,0.2285714285714286,0.9583333333333334,0.76,0.057931781266919335,83730223.0
38,Germany,2020-03-05,138.0,0.0,237.016,46.6,21.453,15.957,0.05821846853015531,0.08333333333333334,0.019644089840962047,0.009112655199908873,0.021283676306888922,0.5695628221858682,0.2285714285714286,0.9583333333333334,0.76,0.057931781266919335,83730223.0
39,Germany,2020-03-06,239.0,0.0,237.016,46.6,21.453,15.957,0.05821846853015531,0.08333333333333334,0.019644089840962047,0.009112655199908873,0.021283676306888922,0.5695628221858682,0.2285714285714286,0.9583333333333334,0.76,0.057931781266919335,83730223.0
40,Germany,2020-03-07,156.0,0.0,237.016,46.6,21.453,15.957,0.05821846853015531,0.08333333333333334,0.019644089840962047,0.009112655199908873,0.021283676306888922,0.5695628221858682,0.2285714285714286,0.9583333333333334,0.76,0.057931781266919335,83730223.0
41,Germany,2020-03-08,107.0,0.0,237.016,46.6,21.453,15.957,0.05821846853015531,0.08333333333333334,0.019644089840962047,0.009112655199908873,0.021283676306888922,0.5695628221858682,0.2285714285714286,0.9583333333333334,0.76,0.057931781266919335,83730223.0
42,Germany,2020-03-09,237.0,2.0,237.016,46.6,21.453,15.957,0.05821846853015531,0.08333333333333334,0.019644089840962047,0.009112655199908873,0.021283676306888922,0.5695628221858682,0.2285714285714286,0.9583333333333334,0.76,0.057931781266919335,83730223.0
43,Germany,2020-03-10,157.0,0.0,237.016,46.6,21.453,15.957,0.05821846853015531,0.08333333333333334,0.019644089840962047,0.009112655199908873,0.021283676306888922,0.5695628221858682,0.2285714285714286,0.9583333333333334,0.76,0.057931781266919335,83730223.0
44,Germany,2020-03-11,271.0,1.0,237.016,46.6,21.453,15.957,0.05821846853015531,0.08333333333333334,0.019644089840962047,0.009112655199908873,0.021283676306888922,0.5695628221858682,0.2285714285714286,0.9583333333333334,0.76,0.057931781266919335,83730223.0
45,Germany,2020-03-12,802.0,2.0,237.016,46.6,21.453,15.957,0.05821846853015531,0.08333333333333334,0.019644089840962047,0.009112655199908873,0.021283676306888922,0.5695628221858682,0.2285714285714286,0.9583333333333334,0.76,0.057931781266919335,83730223.0
46,Germany,2020-03-13,693.0,0.0,237.016,46.6,21.453,15.957,0.05821846853015531,0.08333333333333334,0.019644089840962047,0.009112655199908873,0.021283676306888922,0.5695628221858682,0.2285714285714286,0.9583333333333334,0.76,0.057931781266919335,83730223.0
47,Germany,2020-03-14,733.0,3.0,237.016,46.6,21.453,15.957,0.05821846853015531,0.08333333333333334,0.019644089840962047,0.009112655199908873,0.021283676306888922,0.5695628221858682,0.2285714285714286,0.9583333333333334,0.76,0.057931781266919335,83730223.0
48,Germany,2020-03-15,1043.0,4.0,237.016,46.6,21.453,15.957,0.05821846853015531,0.08333333333333334,0.019644089840962047,0.009112655199908873,0.021283676306888922,0.5695628221858682,0.2285714285714286,0.9583333333333334,0.76,0.057931781266919335,83730223.0
49,Germany,2020-03-16,1174.0,1.0,237.016,46.6,21.453,15.957,0.05821846853015531,0.08333333333333334,0.019644089840962047,0.009112655199908873,0.021283676306888922,0.5695628221858682,0.2285714285714286,0.9583333333333334,0.76,0.057931781266919335,83730223.0
50,Germany,2020-03-17,1144.0,0.0,237.016,46.6,21.453,15.957,0.05821846853015531,0.08333333333333334,0.019644089840962047,0.009112655199908873,0.021283676306888922,0.5695628221858682,0.2285714285714286,0.9583333333333334,0.76,0.057931781266919335,83730223.0
51,Germany,2020-03-18,1042.0,0.0,237.016,46.6,21.453,15.957,0.05821846853015531,0.08333333333333334,0.019644089840962047,0.009112655199908873,0.021283676306888922,0.5695628221858682,0.2285714285714286,0.9583333333333334,0.76,0.057931781266919335,83730223.0
52,Germany,2020-03-19,2801.0,8.0,237.016,46.6,21.453,15.957,0.05821846853015531,0.08333333333333334,0.019644089840962047,0.009112655199908873,0.021283676306888922,0.5695628221858682,0.2285714285714286,0.9583333333333334,0.76,0.057931781266919335,83730223.0
53,Germany,2020-03-20,2958.0,11.0,237.016,46.6,21.453,15.957,0.05821846853015531,0.08333333333333334,0.019644089840962047,0.009112655199908873,0.021283676306888922,0.5695628221858682,0.2285714285714286,0.9583333333333334,0.76,0.057931781266919335,83730223.0
54,Germany,2020-03-21,2705.0,16.0,237.016,46.6,21.453,15.957,0.05821846853015531,0.08333333333333334,0.019644089840962047,0.009112655199908873,0.021283676306888922,0.5695628221858682,0.2285714285714286,0.9583333333333334,0.76,0.057931781266919335,83730223.0
55,Germany,2020-03-22,1948.0,8.0,237.016,46.6,21.453,15.957,0.05821846853015531,0.08333333333333334,0.019644089840962047,0.009112655199908873,0.021283676306888922,0.5695628221858682,0.2285714285714286,0.9583333333333334,0.76,0.057931781266919335,83730223.0
56,Germany,2020-03-23,4062.0,31.0,237.016,46.6,21.453,15.957,0.05821846853015531,0.08333333333333334,0.019644089840962047,0.009112655199908873,0.021283676306888922,0.5695628221858682,0.2285714285714286,0.9583333333333334,0.76,0.057931781266919335,83730223.0
57,Germany,2020-03-24,4764.0,28.0,237.016,46.6,21.453,15.957,0.05821846853015531,0.08333333333333334,0.019644089840962047,0.009112655199908873,0.021283676306888922,0.5695628221858682,0.2285714285714286,0.9583333333333334,0.76,0.057931781266919335,83730223.0
58,Germany,2020-03-25,4118.0,35.0,237.016,46.6,21.453,15.957,0.05821846853015531,0.08333333333333334,0.019644089840962047,0.009112655199908873,0.021283676306888922,0.5695628221858682,0.2285714285714286,0.9583333333333334,0.76,0.057931781266919335,83730223.0
59,Germany,2020-03-26,4954.0,49.0,237.016,46.6,21.453,15.957,0.05821846853015531,0.08333333333333334,0.019644089840962047,0.009112655199908873,0.021283676306888922,0.5695628221858682,0.2285714285714286,0.9583333333333334,0.76,0.057931781266919335,83730223.0
60,Germany,2020-03-27,5780.0,55.0,237.016,46.6,21.453,15.957,0.05821846853015531,0.08333333333333334,0.019644089840962047,0.009112655199908873,0.021283676306888922,0.5695628221858682,0.2285714285714286,0.9583333333333334,0.76,0.057931781266919335,83730223.0
61,Germany,2020-03-28,6294.0,72.0,237.016,46.6,21.453,15.957,0.05821846853015531,0.08333333333333334,0.019644089840962047,0.009112655199908873,0.021283676306888922,0.5695628221858682,0.2285714285714286,0.9583333333333334,0.76,0.057931781266919335,83730223.0
62,Germany,2020-03-29,3965.0,64.0,237.016,46.6,21.453,15.957,0.05821846853015531,0.08333333333333334,0.019644089840962047,0.009112655199908873,0.021283676306888922,0.5695628221858682,0.2285714285714286,0.9583333333333334,0.76,0.057931781266919335,83730223.0
63,Germany,2020-03-30,4751.0,66.0,237.016,46.6,21.453,15.957,0.05821846853015531,0.08333333333333334,0.019644089840962047,0.009112655199908873,0.021283676306888922,0.5695628221858682,0.2285714285714286,0.9583333333333334,0.76,0.057931781266919335,83730223.0
64,Germany,2020-03-31,4615.0,128.0,237.016,46.6,21.453,15.957,0.05821846853015531,0.08333333333333334,0.019644089840962047,0.009112655199908873,0.021283676306888922,0.5695628221858682,0.2285714285714286,0.9583333333333334,0.76,0.057931781266919335,83730223.0
65,Germany,2020-04-01,5453.0,149.0,237.016,46.6,21.453,15.957,0.05821846853015531,0.08333333333333334,0.019644089840962047,0.009112655199908873,0.021283676306888922,0.5695628221858682,0.2285714285714286,0.9583333333333334,0.76,0.057931781266919335,83730223.0
66,Germany,2020-04-02,6156.0,140.0,237.016,46.6,21.453,15.957,0.05821846853015531,0.08333333333333334,0.019644089840962047,0.009112655199908873,0.021283676306888922,0.5695628221858682,0.2285714285714286,0.9583333333333334,0.76,0.057931781266919335,83730223.0
67,Germany,2020-04-03,6174.0,145.0,237.016,46.6,21.453,15.957,0.05821846853015531,0.08333333333333334,0.019644089840962047,0.009112655199908873,0.021283676306888922,0.5695628221858682,0.2285714285714286,0.9583333333333334,0.76,0.057931781266919335,83730223.0
68,Germany,2020-04-04,6082.0,141.0,237.016,46.6,21.453,15.957,0.05821846853015531,0.08333333333333334,0.019644089840962047,0.009112655199908873,0.021283676306888922,0.5695628221858682,0.2285714285714286,0.9583333333333334,0.76,0.057931781266919335,83730223.0
69,Germany,2020-04-05,5936.0,184.0,237.016,46.6,21.453,15.957,0.05821846853015531,0.08333333333333334,0.019644089840962047,0.009112655199908873,0.021283676306888922,0.5695628221858682,0.2285714285714286,0.9583333333333334,0.76,0.057931781266919335,83730223.0
70,Germany,2020-04-06,3677.0,92.0,237.016,46.6,21.453,15.957,0.05821846853015531,0.08333333333333334,0.019644089840962047,0.009112655199908873,0.021283676306888922,0.5695628221858682,0.2285714285714286,0.9583333333333334,0.76,0.057931781266919335,83730223.0
71,Germany,2020-04-07,3834.0,173.0,237.016,46.6,21.453,15.957,0.05821846853015531,0.08333333333333334,0.019644089840962047,0.009112655199908873,0.021283676306888922,0.5695628221858682,0.2285714285714286,0.9583333333333334,0.76,0.057931781266919335,83730223.0
72,Germany,2020-04-08,4003.0,254.0,237.016,46.6,21.453,15.957,0.05821846853015531,0.08333333333333334,0.019644089840962047,0.009112655199908873,0.021283676306888922,0.5695628221858682,0.2285714285714286,0.9583333333333334,0.76,0.057931781266919335,83730223.0
73,Germany,2020-04-09,4974.0,246.0,237.016,46.6,21.453,15.957,0.05821846853015531,0.08333333333333334,0.019644089840962047,0.009112655199908873,0.021283676306888922,0.5695628221858682,0.2285714285714286,0.9583333333333334,0.76,0.057931781266919335,83730223.0
74,Germany,2020-04-10,5323.0,266.0,237.016,46.6,21.453,15.957,0.05821846853015531,0.08333333333333334,0.019644089840962047,0.009112655199908873,0.021283676306888922,0.5695628221858682,0.2285714285714286,0.9583333333333334,0.76,0.057931781266919335,83730223.0
75,Germany,2020-04-11,4133.0,171.0,237.016,46.6,21.453,15.957,0.05821846853015531,0.08333333333333334,0.019644089840962047,0.009112655199908873,0.021283676306888922,0.5695628221858682,0.2285714285714286,0.9583333333333334,0.76,0.057931781266919335,83730223.0
76,Germany,2020-04-12,2821.0,129.0,237.016,46.6,21.453,15.957,0.05821846853015531,0.08333333333333334,0.019644089840962047,0.009112655199908873,0.021283676306888922,0.5695628221858682,0.2285714285714286,0.9583333333333334,0.76,0.057931781266919335,83730223.0
77,Germany,2020-04-13,2537.0,126.0,237.016,46.6,21.453,15.957,0.05821846853015531,0.08333333333333334,0.019644089840962047,0.009112655199908873,0.021283676306888922,0.5695628221858682,0.2285714285714286,0.9583333333333334,0.76,0.057931781266919335,83730223.0
78,Germany,2020-04-14,2082.0,170.0,237.016,46.6,21.453,15.957,0.05821846853015531,0.08333333333333334,0.019644089840962047,0.009112655199908873,0.021283676306888922,0.5695628221858682,0.2285714285714286,0.9583333333333334,0.76,0.057931781266919335,83730223.0
79,Germany,2020-04-15,2486.0,285.0,237.016,46.6,21.453,15.957,0.05821846853015531,0.08333333333333334,0.019644089840962047,0.009112655199908873,0.021283676306888922,0.5695628221858682,0.2285714285714286,0.9583333333333334,0.76,0.057931781266919335,83730223.0
80,Germany,2020-04-16,2866.0,315.0,237.016,46.6,21.453,15.957,0.05821846853015531,0.08333333333333334,0.019644089840962047,0.009112655199908873,0.021283676306888922,0.5695628221858682,0.2285714285714286,0.9583333333333334,0.76,0.057931781266919335,83730223.0
81,Germany,2020-04-17,3380.0,299.0,237.016,46.6,21.453,15.957,0.05821846853015531,0.08333333333333334,0.019644089840962047,0.009112655199908873,0.021283676306888922,0.5695628221858682,0.2285714285714286,0.9583333333333334,0.76,0.057931781266919335,83730223.0
82,Germany,2020-04-18,3609.0,242.0,237.016,46.6,21.453,15.957,0.05821846853015531,0.08333333333333334,0.019644089840962047,0.009112655199908873,0.021283676306888922,0.5695628221858682,0.2285714285714286,0.9583333333333334,0.76,0.057931781266919335,83730223.0
83,Germany,2020-04-19,2458.0,184.0,237.016,46.6,21.453,15.957,0.05821846853015531,0.08333333333333334,0.019644089840962047,0.009112655199908873,0.021283676306888922,0.5695628221858682,0.2285714285714286,0.9583333333333334,0.76,0.057931781266919335,83730223.0
84,Germany,2020-04-20,1775.0,110.0,237.016,46.6,21.453,15.957,0.05821846853015531,0.08333333333333334,0.019644089840962047,0.009112655199908873,0.021283676306888922,0.5695628221858682,0.2285714285714286,0.9583333333333334,0.76,0.057931781266919335,83730223.0
85,Germany,2020-04-21,1785.0,194.0,237.016,46.6,21.453,15.957,0.05821846853015531,0.08333333333333334,0.019644089840962047,0.009112655199908873,0.021283676306888922,0.5695628221858682,0.2285714285714286,0.9583333333333334,0.76,0.057931781266919335,83730223.0
86,Germany,2020-04-22,2237.0,281.0,237.016,46.6,21.453,15.957,0.05821846853015531,0.08333333333333334,0.019644089840962047,0.009112655199908873,0.021283676306888922,0.5695628221858682,0.2285714285714286,0.9583333333333334,0.76,0.057931781266919335,83730223.0
87,Germany,2020-04-23,2352.0,215.0,237.016,46.6,21.453,15.957,0.05821846853015531,0.08333333333333334,0.019644089840962047,0.009112655199908873,0.021283676306888922,0.5695628221858682,0.2285714285714286,0.9583333333333334,0.76,0.057931781266919335,83730223.0
88,Germany,2020-04-24,2337.0,227.0,237.016,46.6,21.453,15.957,0.05821846853015531,0.08333333333333334,0.019644089840962047,0.009112655199908873,0.021283676306888922,0.5695628221858682,0.2285714285714286,0.9583333333333334,0.76,0.057931781266919335,83730223.0
89,Germany,2020-04-25,2055.0,179.0,237.016,46.6,21.453,15.957,0.05821846853015531,0.08333333333333334,0.019644089840962047,0.009112655199908873,0.021283676306888922,0.5695628221858682,0.2285714285714286,0.9583333333333334,0.76,0.057931781266919335,83730223.0
90,Germany,2020-04-26,1737.0,140.0,237.016,46.6,21.453,15.957,0.05821846853015531,0.08333333333333334,0.019644089840962047,0.009112655199908873,0.021283676306888922,0.5695628221858682,0.2285714285714286,0.9583333333333334,0.76,0.057931781266919335,83730223.0
91,Germany,2020-04-27,1018.0,110.0,237.016,46.6,21.453,15.957,0.05821846853015531,0.08333333333333334,0.019644089840962047,0.009112655199908873,0.021283676306888922,0.5695628221858682,0.2285714285714286,0.9583333333333334,0.76,0.057931781266919335,83730223.0
92,Germany,2020-04-28,1144.0,163.0,237.016,46.6,21.453,15.957,0.05821846853015531,0.08333333333333334,0.019644089840962047,0.009112655199908873,0.021283676306888922,0.5695628221858682,0.2285714285714286,0.9583333333333334,0.76,0.057931781266919335,83730223.0
93,Germany,2020-04-29,1304.0,202.0,237.016,46.6,21.453,15.957,0.05821846853015531,0.08333333333333334,0.019644089840962047,0.009112655199908873,0.021283676306888922,0.5695628221858682,0.2285714285714286,0.9583333333333334,0.76,0.057931781266919335,83730223.0
94,Germany,2020-04-30,1478.0,173.0,237.016,46.6,21.453,15.957,0.05821846853015531,0.08333333333333334,0.019644089840962047,0.009112655199908873,0.021283676306888922,0.5695628221858682,0.2285714285714286,0.9583333333333334,0.76,0.057931781266919335,83730223.0
95,Germany,2020-05-01,1639.0,193.0,237.016,46.6,21.453,15.957,0.05821846853015531,0.08333333333333334,0.019644089840962047,0.009112655199908873,0.021283676306888922,0.5695628221858682,0.2285714285714286,0.9583333333333334,0.76,0.057931781266919335,83730223.0
96,Germany,2020-05-02,945.0,94.0,237.016,46.6,21.453,15.957,0.05821846853015531,0.08333333333333334,0.019644089840962047,0.009112655199908873,0.021283676306888922,0.5695628221858682,0.2285714285714286,0.9583333333333334,0.76,0.057931781266919335,83730223.0
97,Germany,2020-05-03,793.0,74.0,237.016,46.6,21.453,15.957,0.05821846853015531,0.08333333333333334,0.019644089840962047,0.009112655199908873,0.021283676306888922,0.5695628221858682,0.2285714285714286,0.9583333333333334,0.76,0.057931781266919335,83730223.0
98,Germany,2020-05-04,679.0,43.0,237.016,46.6,21.453,15.957,0.05821846853015531,0.08333333333333334,0.019644089840962047,0.009112655199908873,0.021283676306888922,0.5695628221858682,0.2285714285714286,0.9583333333333334,0.76,0.057931781266919335,83730223.0
99,Germany,2020-05-05,685.0,139.0,237.016,46.6,21.453,15.957,0.05821846853015531,0.08333333333333334,0.019644089840962047,0.009112655199908873,0.021283676306888922,0.5695628221858682,0.2285714285714286,0.9583333333333334,0.76,0.057931781266919335,83730223.0
100,Germany,2020-05-06,947.0,165.0,237.016,46.6,21.453,15.957,0.05821846853015531,0.08333333333333334,0.019644089840962047,0.009112655199908873,0.021283676306888922,0.5695628221858682,0.2285714285714286,0.9583333333333334,0.76,0.057931781266919335,83730223.0
101,Germany,2020-05-07,1284.0,123.0,237.016,46.6,21.453,15.957,0.05821846853015531,0.08333333333333334,0.019644089840962047,0.009112655199908873,0.021283676306888922,0.5695628221858682,0.2285714285714286,0.9583333333333334,0.76,0.057931781266919335,83730223.0
102,Germany,2020-05-08,1209.0,147.0,237.016,46.6,21.453,15.957,0.05821846853015531,0.08333333333333334,0.019644089840962047,0.009112655199908873,0.021283676306888922,0.5695628221858682,0.2285714285714286,0.9583333333333334,0.76,0.057931781266919335,83730223.0
103,Germany,2020-05-09,1251.0,103.0,237.016,46.6,21.453,15.957,0.05821846853015531,0.08333333333333334,0.019644089840962047,0.009112655199908873,0.021283676306888922,0.5695628221858682,0.2285714285714286,0.9583333333333334,0.76,0.057931781266919335,83730223.0
104,Germany,2020-05-10,667.0,26.0,237.016,46.6,21.453,15.957,0.05821846853015531,0.08333333333333334,0.019644089840962047,0.009112655199908873,0.021283676306888922,0.5695628221858682,0.2285714285714286,0.9583333333333334,0.76,0.057931781266919335,83730223.0
105,Germany,2020-05-11,357.0,22.0,237.016,46.6,21.453,15.957,0.05821846853015531,0.08333333333333334,0.019644089840962047,0.009112655199908873,0.021283676306888922,0.5695628221858682,0.2285714285714286,0.9583333333333334,0.76,0.057931781266919335,83730223.0
106,Germany,2020-05-12,933.0,116.0,237.016,46.6,21.453,15.957,0.05821846853015531,0.08333333333333334,0.019644089840962047,0.009112655199908873,0.021283676306888922,0.5695628221858682,0.2285714285714286,0.9583333333333334,0.76,0.057931781266919335,83730223.0
107,Germany,2020-05-13,798.0,101.0,237.016,46.6,21.453,15.957,0.05821846853015531,0.08333333333333334,0.019644089840962047,0.009112655199908873,0.021283676306888922,0.5695628221858682,0.2285714285714286,0.9583333333333334,0.76,0.057931781266919335,83730223.0
108,Germany,2020-05-14,933.0,89.0,237.016,46.6,21.453,15.957,0.05821846853015531,0.08333333333333334,0.019644089840962047,0.009112655199908873,0.021283676306888922,0.5695628221858682,0.2285714285714286,0.9583333333333334,0.76,0.057931781266919335,83730223.0
109,Germany,2020-05-15,913.0,101.0,237.016,46.6,21.453,15.957,0.05821846853015531,0.08333333333333334,0.019644089840962047,0.009112655199908873,0.021283676306888922,0.5695628221858682,0.2285714285714286,0.9583333333333334,0.76,0.057931781266919335,83730223.0
110,Germany,2020-05-16,620.0,57.0,237.016,46.6,21.453,15.957,0.05821846853015531,0.08333333333333334,0.019644089840962047,0.009112655199908873,0.021283676306888922,0.5695628221858682,0.2285714285714286,0.9583333333333334,0.76,0.057931781266919335,83730223.0
111,Germany,2020-05-17,583.0,33.0,237.016,46.6,21.453,15.957,0.05821846853015531,0.08333333333333334,0.019644089840962047,0.009112655199908873,0.021283676306888922,0.5695628221858682,0.2285714285714286,0.9583333333333334,0.76,0.057931781266919335,83730223.0
112,Germany,2020-05-18,342.0,21.0,237.016,46.6,21.453,15.957,0.05821846853015531,0.08333333333333334,0.019644089840962047,0.009112655199908873,0.021283676306888922,0.5695628221858682,0.2285714285714286,0.9583333333333334,0.76,0.057931781266919335,83730223.0
113,Germany,2020-05-19,513.0,72.0,237.016,46.6,21.453,15.957,0.05821846853015531,0.08333333333333334,0.019644089840962047,0.009112655199908873,0.021283676306888922,0.5695628221858682,0.2285714285714286,0.9583333333333334,0.76,0.057931781266919335,83730223.0
114,Germany,2020-05-20,797.0,83.0,237.016,46.6,21.453,15.957,0.05821846853015531,0.08333333333333334,0.019644089840962047,0.009112655199908873,0.021283676306888922,0.5695628221858682,0.2285714285714286,0.9583333333333334,0.76,0.057931781266919335,83730223.0
115,Germany,2020-05-21,745.0,57.0,237.016,46.6,21.453,15.957,0.05821846853015531,0.08333333333333334,0.019644089840962047,0.009112655199908873,0.021283676306888922,0.5695628221858682,0.2285714285714286,0.9583333333333334,0.76,0.057931781266919335,83730223.0
116,Germany,2020-05-22,460.0,27.0,237.016,46.6,21.453,15.957,0.05821846853015531,0.08333333333333334,0.019644089840962047,0.009112655199908873,0.021283676306888922,0.5695628221858682,0.2285714285714286,0.9583333333333334,0.76,0.057931781266919335,83730223.0
117,Germany,2020-05-23,638.0,42.0,237.016,46.6,21.453,15.957,0.05821846853015531,0.08333333333333334,0.019644089840962047,0.009112655199908873,0.021283676306888922,0.5695628221858682,0.2285714285714286,0.9583333333333334,0.76,0.057931781266919335,83730223.0
118,Germany,2020-05-24,431.0,31.0,237.016,46.6,21.453,15.957,0.05821846853015531,0.08333333333333334,0.019644089840962047,0.009112655199908873,0.021283676306888922,0.5695628221858682,0.2285714285714286,0.9583333333333334,0.76,0.057931781266919335,83730223.0
119,Germany,2020-05-25,289.0,10.0,237.016,46.6,21.453,15.957,0.05821846853015531,0.08333333333333334,0.019644089840962047,0.009112655199908873,0.021283676306888922,0.5695628221858682,0.2285714285714286,0.9583333333333334,0.76,0.057931781266919335,83730223.0
120,Germany,2020-05-26,432.0,45.0,237.016,46.6,21.453,15.957,0.05821846853015531,0.08333333333333334,0.019644089840962047,0.009112655199908873,0.021283676306888922,0.5695628221858682,0.2285714285714286,0.9583333333333334,0.76,0.057931781266919335,83730223.0
121,Germany,2020-05-27,362.0,47.0,237.016,46.6,21.453,15.957,0.05821846853015531,0.08333333333333334,0.019644089840962047,0.009112655199908873,0.021283676306888922,0.5695628221858682,0.2285714285714286,0.9583333333333334,0.76,0.057931781266919335,83730223.0
122,Germany,2020-05-28,353.0,62.0,237.016,46.6,21.453,15.957,0.05821846853015531,0.08333333333333334,0.019644089840962047,0.009112655199908873,0.021283676306888922,0.5695628221858682,0.2285714285714286,0.9583333333333334,0.76,0.057931781266919335,83730223.0
123,Germany,2020-05-29,741.0,39.0,237.016,46.6,21.453,15.957,0.05821846853015531,0.08333333333333334,0.019644089840962047,0.009112655199908873,0.021283676306888922,0.5695628221858682,0.2285714285714286,0.9583333333333334,0.76,0.057931781266919335,83730223.0
124,Germany,2020-05-30,738.0,39.0,237.016,46.6,21.453,15.957,0.05821846853015531,0.08333333333333334,0.019644089840962047,0.009112655199908873,0.021283676306888922,0.5695628221858682,0.2285714285714286,0.9583333333333334,0.76,0.057931781266919335,83730223.0
125,Germany,2020-05-31,286.0,11.0,237.016,46.6,21.453,15.957,0.05821846853015531,0.08333333333333334,0.019644089840962047,0.009112655199908873,0.021283676306888922,0.5695628221858682,0.2285714285714286,0.9583333333333334,0.76,0.057931781266919335,83730223.0
126,Germany,2020-06-01,333.0,11.0,237.016,46.6,21.453,15.957,0.05821846853015531,0.08333333333333334,0.019644089840962047,0.009112655199908873,0.021283676306888922,0.5695628221858682,0.2285714285714286,0.9583333333333334,0.76,0.057931781266919335,83730223.0
127,Germany,2020-06-02,213.0,11.0,237.016,46.6,21.453,15.957,0.05821846853015531,0.08333333333333334,0.019644089840962047,0.009112655199908873,0.021283676306888922,0.5695628221858682,0.2285714285714286,0.9583333333333334,0.76,0.057931781266919335,83730223.0
128,Germany,2020-06-03,342.0,29.0,237.016,46.6,21.453,15.957,0.05821846853015531,0.08333333333333334,0.019644089840962047,0.009112655199908873,0.021283676306888922,0.5695628221858682,0.2285714285714286,0.9583333333333334,0.76,0.057931781266919335,83730223.0
129,Germany,2020-06-04,394.0,30.0,237.016,46.6,21.453,15.957,0.05821846853015531,0.08333333333333334,0.019644089840962047,0.009112655199908873,0.021283676306888922,0.5695628221858682,0.2285714285714286,0.9583333333333334,0.76,0.057931781266919335,83730223.0
130,Germany,2020-06-05,507.0,32.0,237.016,46.6,21.453,15.957,0.05821846853015531,0.08333333333333334,0.019644089840962047,0.009112655199908873,0.021283676306888922,0.5695628221858682,0.2285714285714286,0.9583333333333334,0.76,0.057931781266919335,83730223.0
131,Germany,2020-06-06,407.0,33.0,237.016,46.6,21.453,15.957,0.05821846853015531,0.08333333333333334,0.019644089840962047,0.009112655199908873,0.021283676306888922,0.5695628221858682,0.2285714285714286,0.9583333333333334,0.76,0.057931781266919335,83730223.0
132,Germany,2020-06-07,301.0,22.0,237.016,46.6,21.453,15.957,0.05821846853015531,0.08333333333333334,0.019644089840962047,0.009112655199908873,0.021283676306888922,0.5695628221858682,0.2285714285714286,0.9583333333333334,0.76,0.057931781266919335,83730223.0
133,Germany,2020-06-08,214.0,6.0,237.016,46.6,21.453,15.957,0.05821846853015531,0.08333333333333334,0.019644089840962047,0.009112655199908873,0.021283676306888922,0.5695628221858682,0.2285714285714286,0.9583333333333334,0.76,0.057931781266919335,83730223.0
134,Germany,2020-06-09,350.0,37.0,237.016,46.6,21.453,15.957,0.05821846853015531,0.08333333333333334,0.019644089840962047,0.009112655199908873,0.021283676306888922,0.5695628221858682,0.2285714285714286,0.9583333333333334,0.76,0.057931781266919335,83730223.0
135,Germany,2020-06-10,318.0,18.0,237.016,46.6,21.453,15.957,0.05821846853015531,0.08333333333333334,0.019644089840962047,0.009112655199908873,0.021283676306888922,0.5695628221858682,0.2285714285714286,0.9583333333333334,0.76,0.057931781266919335,83730223.0
136,Germany,2020-06-11,555.0,26.0,237.016,46.6,21.453,15.957,0.05821846853015531,0.08333333333333334,0.019644089840962047,0.009112655199908873,0.021283676306888922,0.5695628221858682,0.2285714285714286,0.9583333333333334,0.76,0.057931781266919335,83730223.0
137,Germany,2020-06-12,258.0,8.0,237.016,46.6,21.453,15.957,0.05821846853015531,0.08333333333333334,0.019644089840962047,0.009112655199908873,0.021283676306888922,0.5695628221858682,0.2285714285714286,0.9583333333333334,0.76,0.057931781266919335,83730223.0
138,Germany,2020-06-13,348.0,18.0,237.016,46.6,21.453,15.957,0.05821846853015531,0.08333333333333334,0.019644089840962047,0.009112655199908873,0.021283676306888922,0.5695628221858682,0.2285714285714286,0.9583333333333334,0.76,0.057931781266919335,83730223.0
139,Germany,2020-06-14,247.0,6.0,237.016,46.6,21.453,15.957,0.05821846853015531,0.08333333333333334,0.019644089840962047,0.009112655199908873,0.021283676306888922,0.5695628221858682,0.2285714285714286,0.9583333333333334,0.76,0.057931781266919335,83730223.0
140,Germany,2020-06-15,192.0,4.0,237.016,46.6,21.453,15.957,0.05821846853015531,0.08333333333333334,0.019644089840962047,0.009112655199908873,0.021283676306888922,0.5695628221858682,0.2285714285714286,0.9583333333333334,0.76,0.057931781266919335,83730223.0
141,Germany,2020-06-16,378.0,9.0,237.016,46.6,21.453,15.957,0.05821846853015531,0.08333333333333334,0.019644089840962047,0.009112655199908873,0.021283676306888922,0.5695628221858682,0.2285714285714286,0.9583333333333334,0.76,0.057931781266919335,83730223.0
142,Germany,2020-06-17,345.0,30.0,237.016,46.6,21.453,15.957,0.05821846853015531,0.08333333333333334,0.019644089840962047,0.009112655199908873,0.021283676306888922,0.5695628221858682,0.2285714285714286,0.9583333333333334,0.76,0.057931781266919335,83730223.0
143,Germany,2020-06-18,580.0,26.0,237.016,46.6,21.453,15.957,0.05821846853015531,0.08333333333333334,0.019644089840962047,0.009112655199908873,0.021283676306888922,0.5695628221858682,0.2285714285714286,0.9583333333333334,0.76,0.057931781266919335,83730223.0
144,Germany,2020-06-19,770.0,16.0,237.016,46.6,21.453,15.957,0.05821846853015531,0.08333333333333334,0.019644089840962047,0.009112655199908873,0.021283676306888922,0.5695628221858682,0.2285714285714286,0.9583333333333334,0.76,0.057931781266919335,83730223.0
145,Germany,2020-06-20,601.0,11.0,237.016,46.6,21.453,15.957,0.05821846853015531,0.08333333333333334,0.019644089840962047,0.009112655199908873,0.021283676306888922,0.5695628221858682,0.2285714285714286,0.9583333333333334,0.76,0.057931781266919335,83730223.0
146,Germany,2020-06-21,687.0,0.0,237.016,46.6,21.453,15.957,0.05821846853015531,0.08333333333333334,0.019644089840962047,0.009112655199908873,0.021283676306888922,0.5695628221858682,0.2285714285714286,0.9583333333333334,0.76,0.057931781266919335,83730223.0
147,Germany,2020-06-22,537.0,3.0,237.016,46.6,21.453,15.957,0.05821846853015531,0.08333333333333334,0.019644089840962047,0.009112655199908873,0.021283676306888922,0.5695628221858682,0.2285714285714286,0.9583333333333334,0.76,0.057931781266919335,83730223.0
148,Germany,2020-06-23,503.0,10.0,237.016,46.6,21.453,15.957,0.05821846853015531,0.08333333333333334,0.019644089840962047,0.009112655199908873,0.021283676306888922,0.5695628221858682,0.2285714285714286,0.9583333333333334,0.76,0.057931781266919335,83730223.0
149,Germany,2020-06-24,587.0,19.0,237.016,46.6,21.453,15.957,0.05821846853015531,0.08333333333333334,0.019644089840962047,0.009112655199908873,0.021283676306888922,0.5695628221858682,0.2285714285714286,0.9583333333333334,0.76,0.057931781266919335,83730223.0
150,Germany,2020-06-25,630.0,13.0,237.016,46.6,21.453,15.957,0.05821846853015531,0.08333333333333334,0.019644089840962047,0.009112655199908873,0.021283676306888922,0.5695628221858682,0.2285714285714286,0.9583333333333334,0.76,0.057931781266919335,83730223.0
151,Germany,2020-06-26,477.0,21.0,237.016,46.6,21.453,15.957,0.05821846853015531,0.08333333333333334,0.019644089840962047,0.009112655199908873,0.021283676306888922,0.5695628221858682,0.2285714285714286,0.9583333333333334,0.76,0.057931781266919335,83730223.0
152,Germany,2020-06-27,687.0,6.0,237.016,46.6,21.453,15.957,0.05821846853015531,0.08333333333333334,0.019644089840962047,0.009112655199908873,0.021283676306888922,0.5695628221858682,0.2285714285714286,0.9583333333333334,0.76,0.057931781266919335,83730223.0
153,Germany,2020-06-28,256.0,3.0,237.016,46.6,21.453,15.957,0.05821846853015531,0.08333333333333334,0.019644089840962047,0.009112655199908873,0.021283676306888922,0.5695628221858682,0.2285714285714286,0.9583333333333334,0.76,0.057931781266919335,83730223.0
154,Germany,2020-06-29,262.0,4.0,237.016,46.6,21.453,15.957,0.05821846853015531,0.08333333333333334,0.019644089840962047,0.009112655199908873,0.021283676306888922,0.5695628221858682,0.2285714285714286,0.9583333333333334,0.76,0.057931781266919335,83730223.0
155,Germany,2020-06-30,498.0,12.0,237.016,46.6,21.453,15.957,0.05821846853015531,0.08333333333333334,0.019644089840962047,0.009112655199908873,0.021283676306888922,0.5695628221858682,0.2285714285714286,0.9583333333333334,0.76,0.057931781266919335,83730223.0
156,Germany,2020-07-01,466.0,12.0,237.016,46.6,21.453,15.957,0.05821846853015531,0.08333333333333334,0.019644089840962047,0.009112655199908873,0.021283676306888922,0.5695628221858682,0.2285714285714286,0.9583333333333334,0.76,0.057931781266919335,83730223.0
157,Germany,2020-07-02,503.0,9.0,237.016,46.6,21.453,15.957,0.05821846853015531,0.08333333333333334,0.019644089840962047,0.009112655199908873,0.021283676306888922,0.5695628221858682,0.2285714285714286,0.9583333333333334,0.76,0.057931781266919335,83730223.0
158,Germany,2020-07-03,446.0,9.0,237.016,46.6,21.453,15.957,0.05821846853015531,0.08333333333333334,0.019644089840962047,0.009112655199908873,0.021283676306888922,0.5695628221858682,0.2285714285714286,0.9583333333333334,0.76,0.057931781266919335,83730223.0
159,Germany,2020-07-04,422.0,7.0,237.016,46.6,21.453,15.957,0.05821846853015531,0.08333333333333334,0.019644089840962047,0.009112655199908873,0.021283676306888922,0.5695628221858682,0.2285714285714286,0.9583333333333334,0.76,0.057931781266919335,83730223.0
160,Germany,2020-07-05,239.0,2.0,237.016,46.6,21.453,15.957,0.05821846853015531,0.08333333333333334,0.019644089840962047,0.009112655199908873,0.021283676306888922,0.5695628221858682,0.2285714285714286,0.9583333333333334,0.76,0.057931781266919335,83730223.0
161,Germany,2020-07-06,219.0,4.0,237.016,46.6,21.453,15.957,0.05821846853015531,0.08333333333333334,0.019644089840962047,0.009112655199908873,0.021283676306888922,0.5695628221858682,0.2285714285714286,0.9583333333333334,0.76,0.057931781266919335,83730223.0
162,Germany,2020-07-07,390.0,8.0,237.016,46.6,21.453,15.957,0.05821846853015531,0.08333333333333334,0.019644089840962047,0.009112655199908873,0.021283676306888922,0.5695628221858682,0.2285714285714286,0.9583333333333334,0.76,0.057931781266919335,83730223.0
163,Germany,2020-07-08,397.0,12.0,237.016,46.6,21.453,15.957,0.05821846853015531,0.08333333333333334,0.019644089840962047,0.009112655199908873,0.021283676306888922,0.5695628221858682,0.2285714285714286,0.9583333333333334,0.76,0.057931781266919335,83730223.0
164,Germany,2020-07-09,442.0,12.0,237.016,46.6,21.453,15.957,0.05821846853015531,0.08333333333333334,0.019644089840962047,0.009112655199908873,0.021283676306888922,0.5695628221858682,0.2285714285714286,0.9583333333333334,0.76,0.057931781266919335,83730223.0
165,Germany,2020-07-10,395.0,6.0,237.016,46.6,21.453,15.957,0.05821846853015531,0.08333333333333334,0.019644089840962047,0.009112655199908873,0.021283676306888922,0.5695628221858682,0.2285714285714286,0.9583333333333334,0.76,0.057931781266919335,83730223.0
166,Germany,2020-07-11,378.0,6.0,237.016,46.6,21.453,15.957,0.05821846853015531,0.08333333333333334,0.019644089840962047,0.009112655199908873,0.021283676306888922,0.5695628221858682,0.2285714285714286,0.9583333333333334,0.76,0.057931781266919335,83730223.0
167,Germany,2020-07-12,248.0,3.0,237.016,46.6,21.453,15.957,0.05821846853015531,0.08333333333333334,0.019644089840962047,0.009112655199908873,0.021283676306888922,0.5695628221858682,0.2285714285714286,0.9583333333333334,0.76,0.057931781266919335,83730223.0
168,Germany,2020-07-13,159.0,1.0,237.016,46.6,21.453,15.957,0.05821846853015531,0.08333333333333334,0.019644089840962047,0.009112655199908873,0.021283676306888922,0.5695628221858682,0.2285714285714286,0.9583333333333334,0.76,0.057931781266919335,83730223.0
169,Germany,2020-07-14,412.0,4.0,237.016,46.6,21.453,15.957,0.05821846853015531,0.08333333333333334,0.019644089840962047,0.009112655199908873,0.021283676306888922,0.5695628221858682,0.2285714285714286,0.9583333333333334,0.76,0.057931781266919335,83730223.0
170,Germany,2020-07-15,351.0,3.0,237.016,46.6,21.453,15.957,0.05821846853015531,0.08333333333333334,0.019644089840962047,0.009112655199908873,0.021283676306888922,0.5695628221858682,0.2285714285714286,0.9583333333333334,0.76,0.057931781266919335,83730223.0
171,Germany,2020-07-16,534.0,7.0,237.016,46.6,21.453,15.957,0.05821846853015531,0.08333333333333334,0.019644089840962047,0.009112655199908873,0.021283676306888922,0.5695628221858682,0.2285714285714286,0.9583333333333334,0.76,0.057931781266919335,83730223.0
172,Germany,2020-07-17,583.0,4.0,237.016,46.6,21.453,15.957,0.05821846853015531,0.08333333333333334,0.019644089840962047,0.009112655199908873,0.021283676306888922,0.5695628221858682,0.2285714285714286,0.9583333333333334,0.76,0.057931781266919335,83730223.0
173,Germany,2020-07-18,529.0,1.0,237.016,46.6,21.453,15.957,0.05821846853015531,0.08333333333333334,0.019644089840962047,0.009112655199908873,0.021283676306888922,0.5695628221858682,0.2285714285714286,0.9583333333333334,0.76,0.057931781266919335,83730223.0
174,Germany,2020-07-19,202.0,1.0,237.016,46.6,21.453,15.957,0.05821846853015531,0.08333333333333334,0.019644089840962047,0.009112655199908873,0.021283676306888922,0.5695628221858682,0.2285714285714286,0.9583333333333334,0.76,0.057931781266919335,83730223.0
175,Germany,2020-07-20,249.0,2.0,237.016,46.6,21.453,15.957,0.05821846853015531,0.08333333333333334,0.019644089840962047,0.009112655199908873,0.021283676306888922,0.5695628221858682,0.2285714285714286,0.9583333333333334,0.76,0.057931781266919335,83730223.0
176,Germany,2020-07-21,522.0,4.0,237.016,46.6,21.453,15.957,0.05821846853015531,0.08333333333333334,0.019644089840962047,0.009112655199908873,0.021283676306888922,0.5695628221858682,0.2285714285714286,0.9583333333333334,0.76,0.057931781266919335,83730223.0
177,Germany,2020-07-22,454.0,5.0,237.016,46.6,21.453,15.957,0.05821846853015531,0.08333333333333334,0.019644089840962047,0.009112655199908873,0.021283676306888922,0.5695628221858682,0.2285714285714286,0.9583333333333334,0.76,0.057931781266919335,83730223.0
178,Germany,2020-07-23,569.0,6.0,237.016,46.6,21.453,15.957,0.05821846853015531,0.08333333333333334,0.019644089840962047,0.009112655199908873,0.021283676306888922,0.5695628221858682,0.2285714285714286,0.9583333333333334,0.76,0.057931781266919335,83730223.0
179,Germany,2020-07-24,815.0,10.0,237.016,46.6,21.453,15.957,0.05821846853015531,0.08333333333333334,0.019644089840962047,0.009112655199908873,0.021283676306888922,0.5695628221858682,0.2285714285714286,0.9583333333333334,0.76,0.057931781266919335,83730223.0
180,Germany,2020-07-25,781.0,7.0,237.016,46.6,21.453,15.957,0.05821846853015531,0.08333333333333334,0.019644089840962047,0.009112655199908873,0.021283676306888922,0.5695628221858682,0.2285714285714286,0.9583333333333334,0.76,0.057931781266919335,83730223.0
181,Germany,2020-07-26,305.0,0.0,237.016,46.6,21.453,15.957,0.05821846853015531,0.08333333333333334,0.019644089840962047,0.009112655199908873,0.021283676306888922,0.5695628221858682,0.2285714285714286,0.9583333333333334,0.76,0.057931781266919335,83730223.0
182,Germany,2020-07-27,340.0,0.0,237.016,46.6,21.453,15.957,0.05821846853015531,0.08333333333333334,0.019644089840962047,0.009112655199908873,0.021283676306888922,0.5695628221858682,0.2285714285714286,0.9583333333333334,0.76,0.057931781266919335,83730223.0
183,Germany,2020-07-28,633.0,4.0,237.016,46.6,21.453,15.957,0.05821846853015531,0.08333333333333334,0.019644089840962047,0.009112655199908873,0.021283676306888922,0.5695628221858682,0.2285714285714286,0.9583333333333334,0.76,0.057931781266919335,83730223.0
184,Germany,2020-07-29,684.0,6.0,237.016,46.6,21.453,15.957,0.05821846853015531,0.08333333333333334,0.019644089840962047,0.009112655199908873,0.021283676306888922,0.5695628221858682,0.2285714285714286,0.9583333333333334,0.76,0.057931781266919335,83730223.0
185,Germany,2020-07-30,902.0,6.0,237.016,46.6,21.453,15.957,0.05821846853015531,0.08333333333333334,0.019644089840962047,0.009112655199908873,0.021283676306888922,0.5695628221858682,0.2285714285714286,0.9583333333333334,0.76,0.057931781266919335,83730223.0
186,Germany,2020-07-31,870.0,7.0,237.016,46.6,21.453,15.957,0.05821846853015531,0.08333333333333334,0.019644089840962047,0.009112655199908873,0.021283676306888922,0.5695628221858682,0.2285714285714286,0.9583333333333334,0.76,0.057931781266919335,83730223.0
187,Germany,2020-08-01,955.0,7.0,237.016,46.6,21.453,15.957,0.05821846853015531,0.08333333333333334,0.019644089840962047,0.009112655199908873,0.021283676306888922,0.5695628221858682,0.2285714285714286,0.9583333333333334,0.76,0.057931781266919335,83730223.0
188,Germany,2020-08-02,240.0,0.0,237.016,46.6,21.453,15.957,0.05821846853015531,0.08333333333333334,0.019644089840962047,0.009112655199908873,0.021283676306888922,0.5695628221858682,0.2285714285714286,0.9583333333333334,0.76,0.057931781266919335,83730223.0
189,Germany,2020-08-03,509.0,7.0,237.016,46.6,21.453,15.957,0.05821846853015531,0.08333333333333334,0.019644089840962047,0.009112655199908873,0.021283676306888922,0.5695628221858682,0.2285714285714286,0.9583333333333334,0.76,0.057931781266919335,83730223.0
190,Germany,2020-08-04,879.0,8.0,237.016,46.6,21.453,15.957,0.05821846853015531,0.08333333333333334,0.019644089840962047,0.009112655199908873,0.021283676306888922,0.5695628221858682,0.2285714285714286,0.9583333333333334,0.76,0.057931781266919335,83730223.0
191,Germany,2020-08-05,741.0,12.0,237.016,46.6,21.453,15.957,0.05821846853015531,0.08333333333333334,0.019644089840962047,0.009112655199908873,0.021283676306888922,0.5695628221858682,0.2285714285714286,0.9583333333333334,0.76,0.057931781266919335,83730223.0
192,Germany,2020-08-06,1045.0,7.0,237.016,46.6,21.453,15.957,0.05821846853015531,0.08333333333333334,0.019644089840962047,0.009112655199908873,0.021283676306888922,0.5695628221858682,0.2285714285714286,0.9583333333333334,0.76,0.057931781266919335,83730223.0
193,Germany,2020-08-07,1147.0,8.0,237.016,46.6,21.453,15.957,0.05821846853015531,0.08333333333333334,0.019644089840962047,0.009112655199908873,0.021283676306888922,0.5695628221858682,0.2285714285714286,0.9583333333333334,0.76,0.057931781266919335,83730223.0
194,Germany,2020-08-08,1122.0,12.0,237.016,46.6,21.453,15.957,0.05821846853015531,0.08333333333333334,0.019644089840962047,0.009112655199908873,0.021283676306888922,0.5695628221858682,0.2285714285714286,0.9583333333333334,0.76,0.057931781266919335,83730223.0
195,Germany,2020-08-09,555.0,1.0,237.016,46.6,21.453,15.957,0.05821846853015531,0.08333333333333334,0.019644089840962047,0.009112655199908873,0.021283676306888922,0.5695628221858682,0.2285714285714286,0.9583333333333334,0.76,0.057931781266919335,83730223.0
196,Germany,2020-08-10,436.0,1.0,237.016,46.6,21.453,15.957,0.05821846853015531,0.08333333333333334,0.019644089840962047,0.009112655199908873,0.021283676306888922,0.5695628221858682,0.2285714285714286,0.9583333333333334,0.76,0.057931781266919335,83730223.0
197,Germany,2020-08-11,966.0,4.0,237.016,46.6,21.453,15.957,0.05821846853015531,0.08333333333333334,0.019644089840962047,0.009112655199908873,0.021283676306888922,0.5695628221858682,0.2285714285714286,0.9583333333333334,0.76,0.057931781266919335,83730223.0
198,Germany,2020-08-12,1226.0,6.0,237.016,46.6,21.453,15.957,0.05821846853015531,0.08333333333333334,0.019644089840962047,0.009112655199908873,0.021283676306888922,0.5695628221858682,0.2285714285714286,0.9583333333333334,0.76,0.057931781266919335,83730223.0
199,Germany,2020-08-13,1445.0,4.0,237.016,46.6,21.453,15.957,0.05821846853015531,0.08333333333333334,0.019644089840962047,0.009112655199908873,0.021283676306888922,0.5695628221858682,0.2285714285714286,0.9583333333333334,0.76,0.057931781266919335,83730223.0
200,Germany,2020-08-14,1449.0,14.0,237.016,46.6,21.453,15.957,0.05821846853015531,0.08333333333333334,0.019644089840962047,0.009112655199908873,0.021283676306888922,0.5695628221858682,0.2285714285714286,0.9583333333333334,0.76,0.057931781266919335,83730223.0
201,Germany,2020-08-15,1415.0,6.0,237.016,46.6,21.453,15.957,0.05821846853015531,0.08333333333333334,0.019644089840962047,0.009112655199908873,0.021283676306888922,0.5695628221858682,0.2285714285714286,0.9583333333333334,0.76,0.057931781266919335,83730223.0
202,Germany,2020-08-16,625.0,0.0,237.016,46.6,21.453,15.957,0.05821846853015531,0.08333333333333334,0.019644089840962047,0.009112655199908873,0.021283676306888922,0.5695628221858682,0.2285714285714286,0.9583333333333334,0.76,0.057931781266919335,83730223.0
203,Germany,2020-08-17,561.0,1.0,237.016,46.6,21.453,15.957,0.05821846853015531,0.08333333333333334,0.019644089840962047,0.009112655199908873,0.021283676306888922,0.5695628221858682,0.2285714285714286,0.9583333333333334,0.76,0.057931781266919335,83730223.0
204,Germany,2020-08-18,1390.0,4.0,237.016,46.6,21.453,15.957,0.05821846853015531,0.08333333333333334,0.019644089840962047,0.009112655199908873,0.021283676306888922,0.5695628221858682,0.2285714285714286,0.9583333333333334,0.76,0.057931781266919335,83730223.0
205,Germany,2020-08-19,1510.0,7.0,237.016,46.6,21.453,15.957,0.05821846853015531,0.08333333333333334,0.019644089840962047,0.009112655199908873,0.021283676306888922,0.5695628221858682,0.2285714285714286,0.9583333333333334,0.76,0.057931781266919335,83730223.0
206,Germany,2020-08-20,1707.0,10.0,237.016,46.6,21.453,15.957,0.05821846853015531,0.08333333333333334,0.019644089840962047,0.009112655199908873,0.021283676306888922,0.5695628221858682,0.2285714285714286,0.9583333333333334,0.76,0.057931781266919335,83730223.0
207,Germany,2020-08-21,1427.0,7.0,237.016,46.6,21.453,15.957,0.05821846853015531,0.08333333333333334,0.019644089840962047,0.009112655199908873,0.021283676306888922,0.5695628221858682,0.2285714285714286,0.9583333333333334,0.76,0.057931781266919335,83730223.0
208,Germany,2020-08-22,2034.0,7.0,237.016,46.6,21.453,15.957,0.05821846853015531,0.08333333333333334,0.019644089840962047,0.009112655199908873,0.021283676306888922,0.5695628221858682,0.2285714285714286,0.9583333333333334,0.76,0.057931781266919335,83730223.0
209,Germany,2020-08-23,782.0,2.0,237.016,46.6,21.453,15.957,0.05821846853015531,0.08333333333333334,0.019644089840962047,0.009112655199908873,0.021283676306888922,0.5695628221858682,0.2285714285714286,0.9583333333333334,0.76,0.057931781266919335,83730223.0
210,Germany,2020-08-24,711.0,3.0,237.016,46.6,21.453,15.957,0.05821846853015531,0.08333333333333334,0.019644089840962047,0.009112655199908873,0.021283676306888922,0.5695628221858682,0.2285714285714286,0.9583333333333334,0.76,0.057931781266919335,83730223.0
211,Germany,2020-08-25,1278.0,5.0,237.016,46.6,21.453,15.957,0.05821846853015531,0.08333333333333334,0.019644089840962047,0.009112655199908873,0.021283676306888922,0.5695628221858682,0.2285714285714286,0.9583333333333334,0.76,0.057931781266919335,83730223.0
212,Germany,2020-08-26,1576.0,3.0,237.016,46.6,21.453,15.957,0.05821846853015531,0.08333333333333334,0.019644089840962047,0.009112655199908873,0.021283676306888922,0.5695628221858682,0.2285714285714286,0.9583333333333334,0.76,0.057931781266919335,83730223.0
213,Germany,2020-08-27,1507.0,5.0,237.016,46.6,21.453,15.957,0.05821846853015531,0.08333333333333334,0.019644089840962047,0.009112655199908873,0.021283676306888922,0.5695628221858682,0.2285714285714286,0.9583333333333334,0.76,0.057931781266919335,83730223.0
214,Germany,2020-08-28,1571.0,3.0,237.016,46.6,21.453,15.957,0.05821846853015531,0.08333333333333334,0.019644089840962047,0.009112655199908873,0.021283676306888922,0.5695628221858682,0.2285714285714286,0.9583333333333334,0.76,0.057931781266919335,83730223.0
215,Germany,2020-08-29,1479.0,1.0,237.016,46.6,21.453,15.957,0.05821846853015531,0.08333333333333334,0.019644089840962047,0.009112655199908873,0.021283676306888922,0.5695628221858682,0.2285714285714286,0.9583333333333334,0.76,0.057931781266919335,83730223.0
216,Germany,2020-08-30,785.0,6.0,237.016,46.6,21.453,15.957,0.05821846853015531,0.08333333333333334,0.019644089840962047,0.009112655199908873,0.021283676306888922,0.5695628221858682,0.2285714285714286,0.9583333333333334,0.76,0.057931781266919335,83730223.0
217,Germany,2020-08-31,610.0,3.0,237.016,46.6,21.453,15.957,0.05821846853015531,0.08333333333333334,0.019644089840962047,0.009112655199908873,0.021283676306888922,0.5695628221858682,0.2285714285714286,0.9583333333333334,0.76,0.057931781266919335,83730223.0
218,Germany,2020-09-01,1218.0,4.0,237.016,46.6,21.453,15.957,0.05821846853015531,0.08333333333333334,0.019644089840962047,0.009112655199908873,0.021283676306888922,0.5695628221858682,0.2285714285714286,0.9583333333333334,0.76,0.057931781266919335,83730223.0
219,Germany,2020-09-02,1256.0,11.0,237.016,46.6,21.453,15.957,0.05821846853015531,0.08333333333333334,0.019644089840962047,0.009112655199908873,0.021283676306888922,0.5695628221858682,0.2285714285714286,0.9583333333333334,0.76,0.057931781266919335,83730223.0
220,Germany,2020-09-03,1311.0,8.0,237.016,46.6,21.453,15.957,0.05821846853015531,0.08333333333333334,0.019644089840962047,0.009112655199908873,0.021283676306888922,0.5695628221858682,0.2285714285714286,0.9583333333333334,0.76,0.057931781266919335,83730223.0
221,Germany,2020-09-04,1453.0,1.0,237.016,46.6,21.453,15.957,0.05821846853015531,0.08333333333333334,0.019644089840962047,0.009112655199908873,0.021283676306888922,0.5695628221858682,0.2285714285714286,0.9583333333333334,0.76,0.057931781266919335,83730223.0
222,Germany,2020-09-05,1378.0,2.0,237.016,46.6,21.453,15.957,0.05821846853015531,0.08333333333333334,0.019644089840962047,0.009112655199908873,0.021283676306888922,0.5695628221858682,0.2285714285714286,0.9583333333333334,0.76,0.057931781266919335,83730223.0
223,Germany,2020-09-06,988.0,1.0,237.016,46.6,21.453,15.957,0.05821846853015531,0.08333333333333334,0.019644089840962047,0.009112655199908873,0.021283676306888922,0.5695628221858682,0.2285714285714286,0.9583333333333334,0.76,0.057931781266919335,83730223.0
224,Germany,2020-09-07,814.0,0.0,237.016,46.6,21.453,15.957,0.05821846853015531,0.08333333333333334,0.019644089840962047,0.009112655199908873,0.021283676306888922,0.5695628221858682,0.2285714285714286,0.9583333333333334,0.76,0.057931781266919335,83730223.0
225,Germany,2020-09-08,1499.0,4.0,237.016,46.6,21.453,15.957,0.05821846853015531,0.08333333333333334,0.019644089840962047,0.009112655199908873,0.021283676306888922,0.5695628221858682,0.2285714285714286,0.9583333333333334,0.76,0.057931781266919335,83730223.0
226,Germany,2020-09-09,1176.0,9.0,237.016,46.6,21.453,15.957,0.05821846853015531,0.08333333333333334,0.019644089840962047,0.009112655199908873,0.021283676306888922,0.5695628221858682,0.2285714285714286,0.9583333333333334,0.76,0.057931781266919335,83730223.0
227,Germany,2020-09-10,1892.0,3.0,237.016,46.6,21.453,15.957,0.05821846853015531,0.08333333333333334,0.019644089840962047,0.009112655199908873,0.021283676306888922,0.5695628221858682,0.2285714285714286,0.9583333333333334,0.76,0.057931781266919335,83730223.0
228,Germany,2020-09-11,1484.0,1.0,237.016,46.6,21.453,15.957,0.05821846853015531,0.08333333333333334,0.019644089840962047,0.009112655199908873,0.021283676306888922,0.5695628221858682,0.2285714285714286,0.9583333333333334,0.76,0.057931781266919335,83730223.0
229,Germany,2020-09-12,1630.0,5.0,237.016,46.6,21.453,15.957,0.05821846853015531,0.08333333333333334,0.019644089840962047,0.009112655199908873,0.021283676306888922,0.5695628221858682,0.2285714285714286,0.9583333333333334,0.76,0.057931781266919335,83730223.0
230,Germany,2020-09-13,948.0,2.0,237.016,46.6,21.453,15.957,0.05821846853015531,0.08333333333333334,0.019644089840962047,0.009112655199908873,0.021283676306888922,0.5695628221858682,0.2285714285714286,0.9583333333333334,0.76,0.057931781266919335,83730223.0
231,Germany,2020-09-14,927.0,1.0,237.016,46.6,21.453,15.957,0.05821846853015531,0.08333333333333334,0.019644089840962047,0.009112655199908873,0.021283676306888922,0.5695628221858682,0.2285714285714286,0.9583333333333334,0.76,0.057931781266919335,83730223.0
232,Germany,2020-09-15,1407.0,12.0,237.016,46.6,21.453,15.957,0.05821846853015531,0.08333333333333334,0.019644089840962047,0.009112655199908873,0.021283676306888922,0.5695628221858682,0.2285714285714286,0.9583333333333334,0.76,0.057931781266919335,83730223.0
233,Germany,2020-09-16,1901.0,6.0,237.016,46.6,21.453,15.957,0.05821846853015531,0.08333333333333334,0.019644089840962047,0.009112655199908873,0.021283676306888922,0.5695628221858682,0.2285714285714286,0.9583333333333334,0.76,0.057931781266919335,83730223.0
234,Germany,2020-09-17,2194.0,3.0,237.016,46.6,21.453,15.957,0.05821846853015531,0.08333333333333334,0.019644089840962047,0.009112655199908873,0.021283676306888922,0.5695628221858682,0.2285714285714286,0.9583333333333334,0.76,0.057931781266919335,83730223.0
235,Germany,2020-09-18,1916.0,7.0,237.016,46.6,21.453,15.957,0.05821846853015531,0.08333333333333334,0.019644089840962047,0.009112655199908873,0.021283676306888922,0.5695628221858682,0.2285714285714286,0.9583333333333334,0.76,0.057931781266919335,83730223.0
236,Germany,2020-09-19,2297.0,6.0,237.016,46.6,21.453,15.957,0.05821846853015531,0.08333333333333334,0.019644089840962047,0.009112655199908873,0.021283676306888922,0.5695628221858682,0.2285714285714286,0.9583333333333334,0.76,0.057931781266919335,83730223.0
237,Germany,2020-09-20,1345.0,2.0,237.016,46.6,21.453,15.957,0.05821846853015531,0.08333333333333334,0.019644089840962047,0.009112655199908873,0.021283676306888922,0.5695628221858682,0.2285714285714286,0.9583333333333334,0.76,0.057931781266919335,83730223.0
238,Germany,2020-09-21,922.0,0.0,237.016,46.6,21.453,15.957,0.05821846853015531,0.08333333333333334,0.019644089840962047,0.009112655199908873,0.021283676306888922,0.5695628221858682,0.2285714285714286,0.9583333333333334,0.76,0.057931781266919335,83730223.0
239,Germany,2020-09-22,1821.0,10.0,237.016,46.6,21.453,15.957,0.05821846853015531,0.08333333333333334,0.019644089840962047,0.009112655199908873,0.021283676306888922,0.5695628221858682,0.2285714285714286,0.9583333333333334,0.76,0.057931781266919335,83730223.0
240,Germany,2020-09-23,1769.0,13.0,237.016,46.6,21.453,15.957,0.05821846853015531,0.08333333333333334,0.019644089840962047,0.009112655199908873,0.021283676306888922,0.5695628221858682,0.2285714285714286,0.9583333333333334,0.76,0.057931781266919335,83730223.0
241,Germany,2020-09-24,2143.0,19.0,237.016,46.6,21.453,15.957,0.05821846853015531,0.08333333333333334,0.019644089840962047,0.009112655199908873,0.021283676306888922,0.5695628221858682,0.2285714285714286,0.9583333333333334,0.76,0.057931781266919335,83730223.0
242,Germany,2020-09-25,2153.0,15.0,237.016,46.6,21.453,15.957,0.05821846853015531,0.08333333333333334,0.019644089840962047,0.009112655199908873,0.021283676306888922,0.5695628221858682,0.2285714285714286,0.9583333333333334,0.76,0.057931781266919335,83730223.0
243,Germany,2020-09-26,2507.0,9.0,237.016,46.6,21.453,15.957,0.05821846853015531,0.08333333333333334,0.019644089840962047,0.009112655199908873,0.021283676306888922,0.5695628221858682,0.2285714285714286,0.9583333333333334,0.76,0.057931781266919335,83730223.0
244,Germany,2020-09-27,1410.0,5.0,237.016,46.6,21.453,15.957,0.05821846853015531,0.08333333333333334,0.019644089840962047,0.009112655199908873,0.021283676306888922,0.5695628221858682,0.2285714285714286,0.9583333333333334,0.76,0.057931781266919335,83730223.0
245,Germany,2020-09-28,1192.0,3.0,237.016,46.6,21.453,15.957,0.05821846853015531,0.08333333333333334,0.019644089840962047,0.009112655199908873,0.021283676306888922,0.5695628221858682,0.2285714285714286,0.9583333333333334,0.76,0.057931781266919335,83730223.0
246,Germany,2020-09-29,2089.0,11.0,237.016,46.6,21.453,15.957,0.05821846853015531,0.08333333333333334,0.019644089840962047,0.009112655199908873,0.021283676306888922,0.5695628221858682,0.2285714285714286,0.9583333333333334,0.76,0.057931781266919335,83730223.0
247,Germany,2020-09-30,1798.0,17.0,237.016,46.6,21.453,15.957,0.05821846853015531,0.08333333333333334,0.019644089840962047,0.009112655199908873,0.021283676306888922,0.5695628221858682,0.2285714285714286,0.9583333333333334,0.76,0.057931781266919335,83730223.0
248,Germany,2020-10-01,2503.0,12.0,237.016,46.6,21.453,15.957,0.05821846853015531,0.08333333333333334,0.019644089840962047,0.009112655199908873,0.021283676306888922,0.5695628221858682,0.2285714285714286,0.9583333333333334,0.76,0.057931781266919335,83730223.0
249,Germany,2020-10-02,2673.0,8.0,237.016,46.6,21.453,15.957,0.05821846853015531,0.08333333333333334,0.019644089840962047,0.009112655199908873,0.021283676306888922,0.5695628221858682,0.2285714285714286,0.9583333333333334,0.76,0.057931781266919335,83730223.0
250,Germany,2020-10-03,2563.0,19.0,237.016,46.6,21.453,15.957,0.05821846853015531,0.08333333333333334,0.019644089840962047,0.009112655199908873,0.021283676306888922,0.5695628221858682,0.2285714285714286,0.9583333333333334,0.76,0.057931781266919335,83730223.0
251,Germany,2020-10-04,2279.0,2.0,237.016,46.6,21.453,15.957,0.05821846853015531,0.08333333333333334,0.019644089840962047,0.009112655199908873,0.021283676306888922,0.5695628221858682,0.2285714285714286,0.9583333333333334,0.76,0.057931781266919335,83730223.0
252,Germany,2020-10-05,1382.0,5.0,237.016,46.6,21.453,15.957,0.05821846853015531,0.08333333333333334,0.019644089840962047,0.009112655199908873,0.021283676306888922,0.5695628221858682,0.2285714285714286,0.9583333333333334,0.76,0.057931781266919335,83730223.0
253,Germany,2020-10-06,2639.0,12.0,237.016,46.6,21.453,15.957,0.05821846853015531,0.08333333333333334,0.019644089840962047,0.009112655199908873,0.021283676306888922,0.5695628221858682,0.2285714285714286,0.9583333333333334,0.76,0.057931781266919335,83730223.0
254,Germany,2020-10-07,2828.0,16.0,237.016,46.6,21.453,15.957,0.05821846853015531,0.08333333333333334,0.019644089840962047,0.009112655199908873,0.021283676306888922,0.5695628221858682,0.2285714285714286,0.9583333333333334,0.76,0.057931781266919335,83730223.0
255,Germany,2020-10-08,4058.0,16.0,237.016,46.6,21.453,15.957,0.05821846853015531,0.08333333333333334,0.019644089840962047,0.009112655199908873,0.021283676306888922,0.5695628221858682,0.2285714285714286,0.9583333333333334,0.76,0.057931781266919335,83730223.0
256,Germany,2020-10-09,4516.0,11.0,237.016,46.6,21.453,15.957,0.05821846853015531,0.08333333333333334,0.019644089840962047,0.009112655199908873,0.021283676306888922,0.5695628221858682,0.2285714285714286,0.9583333333333334,0.76,0.057931781266919335,83730223.0
257,Germany,2020-10-10,4721.0,15.0,237.016,46.6,21.453,15.957,0.05821846853015531,0.08333333333333334,0.019644089840962047,0.009112655199908873,0.021283676306888922,0.5695628221858682,0.2285714285714286,0.9583333333333334,0.76,0.057931781266919335,83730223.0
258,Germany,2020-10-11,3483.0,11.0,237.016,46.6,21.453,15.957,0.05821846853015531,0.08333333333333334,0.019644089840962047,0.009112655199908873,0.021283676306888922,0.5695628221858682,0.2285714285714286,0.9583333333333334,0.76,0.057931781266919335,83730223.0
259,Germany,2020-10-12,2467.0,6.0,237.016,46.6,21.453,15.957,0.05821846853015531,0.08333333333333334,0.019644089840962047,0.009112655199908873,0.021283676306888922,0.5695628221858682,0.2285714285714286,0.9583333333333334,0.76,0.057931781266919335,83730223.0
260,Germany,2020-10-13,4122.0,13.0,237.016,46.6,21.453,15.957,0.05821846853015531,0.08333333333333334,0.019644089840962047,0.009112655199908873,0.021283676306888922,0.5695628221858682,0.2285714285714286,0.9583333333333334,0.76,0.057931781266919335,83730223.0
261,Germany,2020-10-14,5132.0,43.0,237.016,46.6,21.453,15.957,0.05821846853015531,0.08333333333333334,0.019644089840962047,0.009112655199908873,0.021283676306888922,0.5695628221858682,0.2285714285714286,0.9583333333333334,0.76,0.057931781266919335,83730223.0
262,Germany,2020-10-15,6638.0,33.0,237.016,46.6,21.453,15.957,0.05821846853015531,0.08333333333333334,0.019644089840962047,0.009112655199908873,0.021283676306888922,0.5695628221858682,0.2285714285714286,0.9583333333333334,0.76,0.057931781266919335,83730223.0
263,Germany,2020-10-16,7334.0,24.0,237.016,46.6,21.453,15.957,0.05821846853015531,0.08333333333333334,0.019644089840962047,0.009112655199908873,0.021283676306888922,0.5695628221858682,0.2285714285714286,0.9583333333333334,0.76,0.057931781266919335,83730223.0
264,Germany,2020-10-17,7830.0,33.0,237.016,46.6,21.453,15.957,0.05821846853015531,0.08333333333333334,0.019644089840962047,0.009112655199908873,0.021283676306888922,0.5695628221858682,0.2285714285714286,0.9583333333333334,0.76,0.057931781266919335,83730223.0
265,Germany,2020-10-18,5587.0,10.0,237.016,46.6,21.453,15.957,0.05821846853015531,0.08333333333333334,0.019644089840962047,0.009112655199908873,0.021283676306888922,0.5695628221858682,0.2285714285714286,0.9583333333333334,0.76,0.057931781266919335,83730223.0
266,Germany,2020-10-19,4325.0,12.0,237.016,46.6,21.453,15.957,0.05821846853015531,0.08333333333333334,0.019644089840962047,0.009112655199908873,0.021283676306888922,0.5695628221858682,0.2285714285714286,0.9583333333333334,0.76,0.057931781266919335,83730223.0
267,Germany,2020-10-20,6868.0,47.0,237.016,46.6,21.453,15.957,0.05821846853015531,0.08333333333333334,0.019644089840962047,0.009112655199908873,0.021283676306888922,0.5695628221858682,0.2285714285714286,0.9583333333333334,0.76,0.057931781266919335,83730223.0
268,Germany,2020-10-21,7595.0,39.0,237.016,46.6,21.453,15.957,0.05821846853015531,0.08333333333333334,0.019644089840962047,0.009112655199908873,0.021283676306888922,0.5695628221858682,0.2285714285714286,0.9583333333333334,0.76,0.057931781266919335,83730223.0
269,Germany,2020-10-22,11287.0,30.0,237.016,46.6,21.453,15.957,0.05821846853015531,0.08333333333333334,0.019644089840962047,0.009112655199908873,0.021283676306888922,0.5695628221858682,0.2285714285714286,0.9583333333333334,0.76,0.057931781266919335,83730223.0
270,Germany,2020-10-23,11242.0,49.0,237.016,46.6,21.453,15.957,0.05821846853015531,0.08333333333333334,0.019644089840962047,0.009112655199908873,0.021283676306888922,0.5695628221858682,0.2285714285714286,0.9583333333333334,0.76,0.057931781266919335,83730223.0
271,Germany,2020-10-24,14714.0,49.0,237.016,46.6,21.453,15.957,0.05821846853015531,0.08333333333333334,0.019644089840962047,0.009112655199908873,0.021283676306888922,0.5695628221858682,0.2285714285714286,0.9583333333333334,0.76,0.057931781266919335,83730223.0
272,Germany,2020-10-25,11176.0,29.0,237.016,46.6,21.453,15.957,0.05821846853015531,0.08333333333333334,0.019644089840962047,0.009112655199908873,0.021283676306888922,0.5695628221858682,0.2285714285714286,0.9583333333333334,0.76,0.057931781266919335,83730223.0
273,Germany,2020-10-26,8685.0,24.0,237.016,46.6,21.453,15.957,0.05821846853015531,0.08333333333333334,0.019644089840962047,0.009112655199908873,0.021283676306888922,0.5695628221858682,0.2285714285714286,0.9583333333333334,0.76,0.057931781266919335,83730223.0
274,Germany,2020-10-27,11409.0,42.0,237.016,46.6,21.453,15.957,0.05821846853015531,0.08333333333333334,0.019644089840962047,0.009112655199908873,0.021283676306888922,0.5695628221858682,0.2285714285714286,0.9583333333333334,0.76,0.057931781266919335,83730223.0
275,Germany,2020-10-28,14964.0,85.0,237.016,46.6,21.453,15.957,0.05821846853015531,0.08333333333333334,0.019644089840962047,0.009112655199908873,0.021283676306888922,0.5695628221858682,0.2285714285714286,0.9583333333333334,0.76,0.057931781266919335,83730223.0
276,Germany,2020-10-29,16774.0,89.0,237.016,46.6,21.453,15.957,0.05821846853015531,0.08333333333333334,0.019644089840962047,0.009112655199908873,0.021283676306888922,0.5695628221858682,0.2285714285714286,0.9583333333333334,0.76,0.057931781266919335,83730223.0
277,Germany,2020-10-30,18681.0,77.0,237.016,46.6,21.453,15.957,0.05821846853015531,0.08333333333333334,0.019644089840962047,0.009112655199908873,0.021283676306888922,0.5695628221858682,0.2285714285714286,0.9583333333333334,0.76,0.057931781266919335,83730223.0
278,Germany,2020-10-31,19059.0,103.0,237.016,46.6,21.453,15.957,0.05821846853015531,0.08333333333333334,0.019644089840962047,0.009112655199908873,0.021283676306888922,0.5695628221858682,0.2285714285714286,0.9583333333333334,0.76,0.057931781266919335,83730223.0
279,Germany,2020-11-01,14177.0,29.0,237.016,46.6,21.453,15.957,0.05821846853015531,0.08333333333333334,0.019644089840962047,0.009112655199908873,0.021283676306888922,0.5695628221858682,0.2285714285714286,0.9583333333333334,0.76,0.057931781266919335,83730223.0
280,Germany,2020-11-02,12097.0,49.0,237.016,46.6,21.453,15.957,0.05821846853015531,0.08333333333333334,0.019644089840962047,0.009112655199908873,0.021283676306888922,0.5695628221858682,0.2285714285714286,0.9583333333333334,0.76,0.057931781266919335,83730223.0
281,Germany,2020-11-03,15352.0,131.0,237.016,46.6,21.453,15.957,0.05821846853015531,0.08333333333333334,0.019644089840962047,0.009112655199908873,0.021283676306888922,0.5695628221858682,0.2285714285714286,0.9583333333333334,0.76,0.057931781266919335,83730223.0
282,Germany,2020-11-04,17214.0,151.0,237.016,46.6,21.453,15.957,0.05821846853015531,0.08333333333333334,0.019644089840962047,0.009112655199908873,0.021283676306888922,0.5695628221858682,0.2285714285714286,0.9583333333333334,0.76,0.057931781266919335,83730223.0
283,Germany,2020-11-05,19990.0,118.0,237.016,46.6,21.453,15.957,0.05821846853015531,0.08333333333333334,0.019644089840962047,0.009112655199908873,0.021283676306888922,0.5695628221858682,0.2285714285714286,0.9583333333333334,0.76,0.057931781266919335,83730223.0
284,Germany,2020-11-06,21506.0,166.0,237.016,46.6,21.453,15.957,0.05821846853015531,0.08333333333333334,0.019644089840962047,0.009112655199908873,0.021283676306888922,0.5695628221858682,0.2285714285714286,0.9583333333333334,0.76,0.057931781266919335,83730223.0
285,Germany,2020-11-07,23399.0,130.0,237.016,46.6,21.453,15.957,0.05821846853015531,0.08333333333333334,0.019644089840962047,0.009112655199908873,0.021283676306888922,0.5695628221858682,0.2285714285714286,0.9583333333333334,0.76,0.057931781266919335,83730223.0
286,Germany,2020-11-08,16017.0,63.0,237.016,46.6,21.453,15.957,0.05821846853015531,0.08333333333333334,0.019644089840962047,0.009112655199908873,0.021283676306888922,0.5695628221858682,0.2285714285714286,0.9583333333333334,0.76,0.057931781266919335,83730223.0
287,Germany,2020-11-09,13363.0,63.0,237.016,46.6,21.453,15.957,0.05821846853015531,0.08333333333333334,0.019644089840962047,0.009112655199908873,0.021283676306888922,0.5695628221858682,0.2285714285714286,0.9583333333333334,0.76,0.057931781266919335,83730223.0
288,Germany,2020-11-10,15332.0,154.0,237.016,46.6,21.453,15.957,0.05821846853015531,0.08333333333333334,0.019644089840962047,0.009112655199908873,0.021283676306888922,0.5695628221858682,0.2285714285714286,0.9583333333333334,0.76,0.057931781266919335,83730223.0
289,Germany,2020-11-11,18487.0,261.0,237.016,46.6,21.453,15.957,0.05821846853015531,0.08333333333333334,0.019644089840962047,0.009112655199908873,0.021283676306888922,0.5695628221858682,0.2285714285714286,0.9583333333333334,0.76,0.057931781266919335,83730223.0
290,Germany,2020-11-12,21866.0,215.0,237.016,46.6,21.453,15.957,0.05821846853015531,0.08333333333333334,0.019644089840962047,0.009112655199908873,0.021283676306888922,0.5695628221858682,0.2285714285714286,0.9583333333333334,0.76,0.057931781266919335,83730223.0
291,Germany,2020-11-13,23542.0,218.0,237.016,46.6,21.453,15.957,0.05821846853015531,0.08333333333333334,0.019644089840962047,0.009112655199908873,0.021283676306888922,0.5695628221858682,0.2285714285714286,0.9583333333333334,0.76,0.057931781266919335,83730223.0
292,Germany,2020-11-14,22461.0,178.0,237.016,46.6,21.453,15.957,0.05821846853015531,0.08333333333333334,0.019644089840962047,0.009112655199908873,0.021283676306888922,0.5695628221858682,0.2285714285714286,0.9583333333333334,0.76,0.057931781266919335,83730223.0
293,Germany,2020-11-15,16947.0,107.0,237.016,46.6,21.453,15.957,0.05821846853015531,0.08333333333333334,0.019644089840962047,0.009112655199908873,0.021283676306888922,0.5695628221858682,0.2285714285714286,0.9583333333333334,0.76,0.057931781266919335,83730223.0
294,Germany,2020-11-16,10824.0,62.0,237.016,46.6,21.453,15.957,0.05821846853015531,0.08333333333333334,0.019644089840962047,0.009112655199908873,0.021283676306888922,0.5695628221858682,0.2285714285714286,0.9583333333333334,0.76,0.057931781266919335,83730223.0
295,Germany,2020-11-17,14419.0,267.0,237.016,46.6,21.453,15.957,0.05821846853015531,0.08333333333333334,0.019644089840962047,0.009112655199908873,0.021283676306888922,0.5695628221858682,0.2285714285714286,0.9583333333333334,0.76,0.057931781266919335,83730223.0
296,Germany,2020-11-18,17561.0,305.0,237.016,46.6,21.453,15.957,0.05821846853015531,0.08333333333333334,0.019644089840962047,0.009112655199908873,0.021283676306888922,0.5695628221858682,0.2285714285714286,0.9583333333333334,0.76,0.057931781266919335,83730223.0
297,Germany,2020-11-19,22609.0,251.0,237.016,46.6,21.453,15.957,0.05821846853015531,0.08333333333333334,0.019644089840962047,0.009112655199908873,0.021283676306888922,0.5695628221858682,0.2285714285714286,0.9583333333333334,0.76,0.057931781266919335,83730223.0
298,Germany,2020-11-20,23648.0,260.0,237.016,46.6,21.453,15.957,0.05821846853015531,0.08333333333333334,0.019644089840962047,0.009112655199908873,0.021283676306888922,0.5695628221858682,0.2285714285714286,0.9583333333333334,0.76,0.057931781266919335,83730223.0
299,Germany,2020-11-21,22964.0,254.0,237.016,46.6,21.453,15.957,0.05821846853015531,0.08333333333333334,0.019644089840962047,0.009112655199908873,0.021283676306888922,0.5695628221858682,0.2285714285714286,0.9583333333333334,0.76,0.057931781266919335,83730223.0
300,Germany,2020-11-22,15741.0,138.0,237.016,46.6,21.453,15.957,0.05821846853015531,0.08333333333333334,0.019644089840962047,0.009112655199908873,0.021283676306888922,0.5695628221858682,0.2285714285714286,0.9583333333333334,0.76,0.057931781266919335,83730223.0
301,Germany,2020-11-23,10864.0,90.0,237.016,46.6,21.453,15.957,0.05821846853015531,0.08333333333333334,0.019644089840962047,0.009112655199908873,0.021283676306888922,0.5695628221858682,0.2285714285714286,0.9583333333333334,0.76,0.057931781266919335,83730223.0
302,Germany,2020-11-24,13554.0,249.0,237.016,46.6,21.453,15.957,0.05821846853015531,0.08333333333333334,0.019644089840962047,0.009112655199908873,0.021283676306888922,0.5695628221858682,0.2285714285714286,0.9583333333333334,0.76,0.057931781266919335,83730223.0
303,Germany,2020-11-25,18633.0,410.0,237.016,46.6,21.453,15.957,0.05821846853015531,0.08333333333333334,0.019644089840962047,0.009112655199908873,0.021283676306888922,0.5695628221858682,0.2285714285714286,0.9583333333333334,0.76,0.057931781266919335,83730223.0
304,Germany,2020-11-26,22268.0,389.0,237.016,46.6,21.453,15.957,0.05821846853015531,0.08333333333333334,0.019644089840962047,0.009112655199908873,0.021283676306888922,0.5695628221858682,0.2285714285714286,0.9583333333333334,0.76,0.057931781266919335,83730223.0
305,Germany,2020-11-27,22806.0,426.0,237.016,46.6,21.453,15.957,0.05821846853015531,0.08333333333333334,0.019644089840962047,0.009112655199908873,0.021283676306888922,0.5695628221858682,0.2285714285714286,0.9583333333333334,0.76,0.057931781266919335,83730223.0
306,Germany,2020-11-28,21695.0,379.0,237.016,46.6,21.453,15.957,0.05821846853015531,0.08333333333333334,0.019644089840962047,0.009112655199908873,0.021283676306888922,0.5695628221858682,0.2285714285714286,0.9583333333333334,0.76,0.057931781266919335,83730223.0
307,Germany,2020-11-29,14611.0,158.0,237.016,46.6,21.453,15.957,0.05821846853015531,0.08333333333333334,0.019644089840962047,0.009112655199908873,0.021283676306888922,0.5695628221858682,0.2285714285714286,0.9583333333333334,0.76,0.057931781266919335,83730223.0
308,Germany,2020-11-30,11169.0,125.0,237.016,46.6,21.453,15.957,0.05821846853015531,0.08333333333333334,0.019644089840962047,0.009112655199908873,0.021283676306888922,0.5695628221858682,0.2285714285714286,0.9583333333333334,0.76,0.057931781266919335,83730223.0
309,Germany,2020-12-01,13604.0,388.0,237.016,46.6,21.453,15.957,0.05821846853015531,0.08333333333333334,0.019644089840962047,0.009112655199908873,0.021283676306888922,0.5695628221858682,0.2285714285714286,0.9583333333333334,0.76,0.057931781266919335,83730223.0
310,Germany,2020-12-02,17270.0,487.0,237.016,46.6,21.453,15.957,0.05821846853015531,0.08333333333333334,0.019644089840962047,0.009112655199908873,0.021283676306888922,0.5695628221858682,0.2285714285714286,0.9583333333333334,0.76,0.057931781266919335,83730223.0
311,Germany,2020-12-03,22046.0,479.0,237.016,46.6,21.453,15.957,0.05821846853015531,0.08333333333333334,0.019644089840962047,0.009112655199908873,0.021283676306888922,0.5695628221858682,0.2285714285714286,0.9583333333333334,0.76,0.057931781266919335,83730223.0
312,Germany,2020-12-04,23449.0,432.0,237.016,46.6,21.453,15.957,0.05821846853015531,0.08333333333333334,0.019644089840962047,0.009112655199908873,0.021283676306888922,0.5695628221858682,0.2285714285714286,0.9583333333333334,0.76,0.057931781266919335,83730223.0
313,Germany,2020-12-05,23318.0,483.0,237.016,46.6,21.453,15.957,0.05821846853015531,0.08333333333333334,0.019644089840962047,0.009112655199908873,0.021283676306888922,0.5695628221858682,0.2285714285714286,0.9583333333333334,0.76,0.057931781266919335,83730223.0
314,Germany,2020-12-06,17767.0,255.0,237.016,46.6,21.453,15.957,0.05821846853015531,0.08333333333333334,0.019644089840962047,0.009112655199908873,0.021283676306888922,0.5695628221858682,0.2285714285714286,0.9583333333333334,0.76,0.057931781266919335,83730223.0
315,Germany,2020-12-07,12332.0,147.0,237.016,46.6,21.453,15.957,0.05821846853015531,0.08333333333333334,0.019644089840962047,0.009112655199908873,0.021283676306888922,0.5695628221858682,0.2285714285714286,0.9583333333333334,0.76,0.057931781266919335,83730223.0
316,Germany,2020-12-08,14054.0,423.0,237.016,46.6,21.453,15.957,0.05821846853015531,0.08333333333333334,0.019644089840962047,0.009112655199908873,0.021283676306888922,0.5695628221858682,0.2285714285714286,0.9583333333333334,0.76,0.057931781266919335,83730223.0
317,Germany,2020-12-09,20815.0,590.0,237.016,46.6,21.453,15.957,0.05821846853015531,0.08333333333333334,0.019644089840962047,0.009112655199908873,0.021283676306888922,0.5695628221858682,0.2285714285714286,0.9583333333333334,0.76,0.057931781266919335,83730223.0
318,Germany,2020-12-10,23679.0,440.0,237.016,46.6,21.453,15.957,0.05821846853015531,0.08333333333333334,0.019644089840962047,0.009112655199908873,0.021283676306888922,0.5695628221858682,0.2285714285714286,0.9583333333333334,0.76,0.057931781266919335,83730223.0
319,Germany,2020-12-11,29875.0,598.0,237.016,46.6,21.453,15.957,0.05821846853015531,0.08333333333333334,0.019644089840962047,0.009112655199908873,0.021283676306888922,0.5695628221858682,0.2285714285714286,0.9583333333333334,0.76,0.057931781266919335,83730223.0
320,Germany,2020-12-12,28438.0,496.0,237.016,46.6,21.453,15.957,0.05821846853015531,0.08333333333333334,0.019644089840962047,0.009112655199908873,0.021283676306888922,0.5695628221858682,0.2285714285714286,0.9583333333333334,0.76,0.057931781266919335,83730223.0
321,Germany,2020-12-13,20200.0,321.0,237.016,46.6,21.453,15.957,0.05821846853015531,0.08333333333333334,0.019644089840962047,0.009112655199908873,0.021283676306888922,0.5695628221858682,0.2285714285714286,0.9583333333333334,0.76,0.057931781266919335,83730223.0
322,Germany,2020-12-14,16362.0,188.0,237.016,46.6,21.453,15.957,0.05821846853015531,0.08333333333333334,0.019644089840962047,0.009112655199908873,0.021283676306888922,0.5695628221858682,0.2285714285714286,0.9583333333333334,0.76,0.057931781266919335,83730223.0
323,Germany,2020-12-15,14432.0,500.0,237.016,46.6,21.453,15.957,0.05821846853015531,0.08333333333333334,0.019644089840962047,0.009112655199908873,0.021283676306888922,0.5695628221858682,0.2285714285714286,0.9583333333333334,0.76,0.057931781266919335,83730223.0
324,Germany,2020-12-16,27728.0,952.0,237.016,46.6,21.453,15.957,0.05821846853015531,0.08333333333333334,0.019644089840962047,0.009112655199908873,0.021283676306888922,0.5695628221858682,0.2285714285714286,0.9583333333333334,0.76,0.057931781266919335,83730223.0
325,Germany,2020-12-17,26923.0,698.0,237.016,46.6,21.453,15.957,0.05821846853015531,0.08333333333333334,0.019644089840962047,0.009112655199908873,0.021283676306888922,0.5695628221858682,0.2285714285714286,0.9583333333333334,0.76,0.057931781266919335,83730223.0
326,Germany,2020-12-18,33777.0,813.0,237.016,46.6,21.453,15.957,0.05821846853015531,0.08333333333333334,0.019644089840962047,0.009112655199908873,0.021283676306888922,0.5695628221858682,0.2285714285714286,0.9583333333333334,0.76,0.057931781266919335,83730223.0
327,Germany,2020-12-19,31300.0,702.0,237.016,46.6,21.453,15.957,0.05821846853015531,0.08333333333333334,0.019644089840962047,0.009112655199908873,0.021283676306888922,0.5695628221858682,0.2285714285714286,0.9583333333333334,0.76,0.057931781266919335,83730223.0
328,Germany,2020-12-20,22771.0,409.0,237.016,46.6,21.453,15.957,0.05821846853015531,0.08333333333333334,0.019644089840962047,0.009112655199908873,0.021283676306888922,0.5695628221858682,0.2285714285714286,0.9583333333333334,0.76,0.057931781266919335,83730223.0
329,Germany,2020-12-21,16643.0,226.0,237.016,46.6,21.453,15.957,0.05821846853015531,0.08333333333333334,0.019644089840962047,0.009112655199908873,0.021283676306888922,0.5695628221858682,0.2285714285714286,0.9583333333333334,0.76,0.057931781266919335,83730223.0
330,Germany,2020-12-22,19528.0,731.0,237.016,46.6,21.453,15.957,0.05821846853015531,0.08333333333333334,0.019644089840962047,0.009112655199908873,0.021283676306888922,0.5695628221858682,0.2285714285714286,0.9583333333333334,0.76,0.057931781266919335,83730223.0
331,Germany,2020-12-23,24740.0,962.0,237.016,46.6,21.453,15.957,0.05821846853015531,0.08333333333333334,0.019644089840962047,0.009112655199908873,0.021283676306888922,0.5695628221858682,0.2285714285714286,0.9583333333333334,0.76,0.057931781266919335,83730223.0
332,Germany,2020-12-24,32195.0,802.0,237.016,46.6,21.453,15.957,0.05821846853015531,0.08333333333333334,0.019644089840962047,0.009112655199908873,0.021283676306888922,0.5695628221858682,0.2285714285714286,0.9583333333333334,0.76,0.057931781266919335,83730223.0
333,Germany,2020-12-25,0.0,0.0,237.016,46.6,21.453,15.957,0.05821846853015531,0.08333333333333334,0.019644089840962047,0.009112655199908873,0.021283676306888922,0.5695628221858682,0.2285714285714286,0.9583333333333334,0.76,0.057931781266919335,83730223.0
334,Germany,2020-12-26,39988.0,652.0,237.016,46.6,21.453,15.957,0.05821846853015531,0.08333333333333334,0.019644089840962047,0.009112655199908873,0.021283676306888922,0.5695628221858682,0.2285714285714286,0.9583333333333334,0.76,0.057931781266919335,83730223.0
335,Germany,2020-12-27,13755.0,356.0,237.016,46.6,21.453,15.957,0.05821846853015531,0.08333333333333334,0.019644089840962047,0.009112655199908873,0.021283676306888922,0.5695628221858682,0.2285714285714286,0.9583333333333334,0.76,0.057931781266919335,83730223.0
336,Germany,2020-12-28,10976.0,348.0,237.016,46.6,21.453,15.957,0.05821846853015531,0.08333333333333334,0.019644089840962047,0.009112655199908873,0.021283676306888922,0.5695628221858682,0.2285714285714286,0.9583333333333334,0.76,0.057931781266919335,83730223.0
337,Germany,2020-12-29,12892.0,852.0,237.016,46.6,21.453,15.957,0.05821846853015531,0.08333333333333334,0.019644089840962047,0.009112655199908873,0.021283676306888922,0.5695628221858682,0.2285714285714286,0.9583333333333334,0.76,0.057931781266919335,83730223.0
338,Germany,2020-12-30,22459.0,1129.0,237.016,46.6,21.453,15.957,0.05821846853015531,0.08333333333333334,0.019644089840962047,0.009112655199908873,0.021283676306888922,0.5695628221858682,0.2285714285714286,0.9583333333333334,0.76,0.057931781266919335,83730223.0
339,Germany,2020-12-31,32552.0,964.0,237.016,46.6,21.453,15.957,0.05821846853015531,0.08333333333333334,0.019644089840962047,0.009112655199908873,0.021283676306888922,0.5695628221858682,0.2285714285714286,0.9583333333333334,0.76,0.057931781266919335,83730223.0
340,Germany,2021-01-01,0.0,0.0,237.016,46.6,21.453,15.957,0.05821846853015531,0.08333333333333334,0.019644089840962047,0.009112655199908873,0.021283676306888922,0.5695628221858682,0.2285714285714286,0.9583333333333334,0.76,0.057931781266919335,83730223.0
341,Germany,2021-01-02,35614.0,889.0,237.016,46.6,21.453,15.957,0.05821846853015531,0.08333333333333334,0.019644089840962047,0.009112655199908873,0.021283676306888922,0.5695628221858682,0.2285714285714286,0.9583333333333334,0.76,0.057931781266919335,83730223.0
342,Germany,2021-01-03,10315.0,312.0,237.016,46.6,21.453,15.957,0.05821846853015531,0.08333333333333334,0.019644089840962047,0.009112655199908873,0.021283676306888922,0.5695628221858682,0.2285714285714286,0.9583333333333334,0.76,0.057931781266919335,83730223.0
343,Germany,2021-01-04,9847.0,302.0,237.016,46.6,21.453,15.957,0.05821846853015531,0.08333333333333334,0.019644089840962047,0.009112655199908873,0.021283676306888922,0.5695628221858682,0.2285714285714286,0.9583333333333334,0.76,0.057931781266919335,83730223.0
344,Germany,2021-01-05,11897.0,944.0,237.016,46.6,21.453,15.957,0.05821846853015531,0.08333333333333334,0.019644089840962047,0.009112655199908873,0.021283676306888922,0.5695628221858682,0.2285714285714286,0.9583333333333334,0.76,0.057931781266919335,83730223.0
345,Germany,2021-01-06,21237.0,1019.0,237.016,46.6,21.453,15.957,0.05821846853015531,0.08333333333333334,0.019644089840962047,0.009112655199908873,0.021283676306888922,0.5695628221858682,0.2285714285714286,0.9583333333333334,0.76,0.057931781266919335,83730223.0
346,Germany,2021-01-07,26391.0,1070.0,237.016,46.6,21.453,15.957,0.05821846853015531,0.08333333333333334,0.019644089840962047,0.009112655199908873,0.021283676306888922,0.5695628221858682,0.2285714285714286,0.9583333333333334,0.76,0.057931781266919335,83730223.0
347,Germany,2021-01-08,31849.0,1188.0,237.016,46.6,21.453,15.957,0.05821846853015531,0.08333333333333334,0.019644089840962047,0.009112655199908873,0.021283676306888922,0.5695628221858682,0.2285714285714286,0.9583333333333334,0.76,0.057931781266919335,83730223.0
348,Germany,2021-01-09,24694.0,1083.0,237.016,46.6,21.453,15.957,0.05821846853015531,0.08333333333333334,0.019644089840962047,0.009112655199908873,0.021283676306888922,0.5695628221858682,0.2285714285714286,0.9583333333333334,0.76,0.057931781266919335,83730223.0
349,Germany,2021-01-10,16946.0,465.0,237.016,46.6,21.453,15.957,0.05821846853015531,0.08333333333333334,0.019644089840962047,0.009112655199908873,0.021283676306888922,0.5695628221858682,0.2285714285714286,0.9583333333333334,0.76,0.057931781266919335,83730223.0
350,Germany,2021-01-11,12497.0,343.0,237.016,46.6,21.453,15.957,0.05821846853015531,0.08333333333333334,0.019644089840962047,0.009112655199908873,0.021283676306888922,0.5695628221858682,0.2285714285714286,0.9583333333333334,0.76,0.057931781266919335,83730223.0
351,Germany,2021-01-12,12802.0,891.0,237.016,46.6,21.453,15.957,0.05821846853015531,0.08333333333333334,0.019644089840962047,0.009112655199908873,0.021283676306888922,0.5695628221858682,0.2285714285714286,0.9583333333333334,0.76,0.057931781266919335,83730223.0
352,Germany,2021-01-13,19600.0,1060.0,237.016,46.6,21.453,15.957,0.05821846853015531,0.08333333333333334,0.019644089840962047,0.009112655199908873,0.021283676306888922,0.5695628221858682,0.2285714285714286,0.9583333333333334,0.76,0.057931781266919335,83730223.0
353,Germany,2021-01-14,25164.0,1244.0,237.016,46.6,21.453,15.957,0.05821846853015531,0.08333333333333334,0.019644089840962047,0.009112655199908873,0.021283676306888922,0.5695628221858682,0.2285714285714286,0.9583333333333334,0.76,0.057931781266919335,83730223.0
354,Germany,2021-01-15,22368.0,1113.0,237.016,46.6,21.453,15.957,0.05821846853015531,0.08333333333333334,0.019644089840962047,0.009112655199908873,0.021283676306888922,0.5695628221858682,0.2285714285714286,0.9583333333333334,0.76,0.057931781266919335,83730223.0
355,Germany,2021-01-16,18678.0,980.0,237.016,46.6,21.453,15.957,0.05821846853015531,0.08333333333333334,0.019644089840962047,0.009112655199908873,0.021283676306888922,0.5695628221858682,0.2285714285714286,0.9583333333333334,0.76,0.057931781266919335,83730223.0
356,Germany,2021-01-17,13882.0,445.0,237.016,46.6,21.453,15.957,0.05821846853015531,0.08333333333333334,0.019644089840962047,0.009112655199908873,0.021283676306888922,0.5695628221858682,0.2285714285714286,0.9583333333333334,0.76,0.057931781266919335,83730223.0
357,Germany,2021-01-18,7141.0,214.0,237.016,46.6,21.453,15.957,0.05821846853015531,0.08333333333333334,0.019644089840962047,0.009112655199908873,0.021283676306888922,0.5695628221858682,0.2285714285714286,0.9583333333333334,0.76,0.057931781266919335,83730223.0
358,Germany,2021-01-19,11369.0,989.0,237.016,46.6,21.453,15.957,0.05821846853015531,0.08333333333333334,0.019644089840962047,0.009112655199908873,0.021283676306888922,0.5695628221858682,0.2285714285714286,0.9583333333333334,0.76,0.057931781266919335,83730223.0
359,Germany,2021-01-20,15974.0,1148.0,237.016,46.6,21.453,15.957,0.05821846853015531,0.08333333333333334,0.019644089840962047,0.009112655199908873,0.021283676306888922,0.5695628221858682,0.2285714285714286,0.9583333333333334,0.76,0.057931781266919335,83730223.0
360,Germany,2021-01-21,20398.0,1013.0,237.016,46.6,21.453,15.957,0.05821846853015531,0.08333333333333334,0.019644089840962047,0.009112655199908873,0.021283676306888922,0.5695628221858682,0.2285714285714286,0.9583333333333334,0.76,0.057931781266919335,83730223.0
361,Germany,2021-01-22,17862.0,859.0,237.016,46.6,21.453,15.957,0.05821846853015531,0.08333333333333334,0.019644089840962047,0.009112655199908873,0.021283676306888922,0.5695628221858682,0.2285714285714286,0.9583333333333334,0.76,0.057931781266919335,83730223.0
362,Germany,2021-01-23,16417.0,879.0,237.016,46.6,21.453,15.957,0.05821846853015531,0.08333333333333334,0.019644089840962047,0.009112655199908873,0.021283676306888922,0.5695628221858682,0.2285714285714286,0.9583333333333334,0.76,0.057931781266919335,83730223.0
363,Germany,2021-01-24,12257.0,349.0,237.016,46.6,21.453,15.957,0.05821846853015531,0.08333333333333334,0.019644089840962047,0.009112655199908873,0.021283676306888922,0.5695628221858682,0.2285714285714286,0.9583333333333334,0.76,0.057931781266919335,83730223.0
364,Germany,2021-01-25,6729.0,217.0,237.016,46.6,21.453,15.957,0.05821846853015531,0.08333333333333334,0.019644089840962047,0.009112655199908873,0.021283676306888922,0.5695628221858682,0.2285714285714286,0.9583333333333334,0.76,0.057931781266919335,83730223.0
365,Germany,2021-01-26,6412.0,903.0,237.016,46.6,21.453,15.957,0.05821846853015531,0.08333333333333334,0.019644089840962047,0.009112655199908873,0.021283676306888922,0.5695628221858682,0.2285714285714286,0.9583333333333334,0.76,0.057931781266919335,83730223.0
366,Germany,2021-01-27,13198.0,982.0,237.016,46.6,21.453,15.957,0.05821846853015531,0.08333333333333334,0.019644089840962047,0.009112655199908873,0.021283676306888922,0.5695628221858682,0.2285714285714286,0.9583333333333334,0.76,0.057931781266919335,83730223.0
367,Germany,2021-01-28,17553.0,941.0,237.016,46.6,21.453,15.957,0.05821846853015531,0.08333333333333334,0.019644089840962047,0.009112655199908873,0.021283676306888922,0.5695628221858682,0.2285714285714286,0.9583333333333334,0.76,0.057931781266919335,83730223.0
368,Germany,2021-01-29,14022.0,839.0,237.016,46.6,21.453,15.957,0.05821846853015531,0.08333333333333334,0.019644089840962047,0.009112655199908873,0.021283676306888922,0.5695628221858682,0.2285714285714286,0.9583333333333334,0.76,0.057931781266919335,83730223.0
369,Germany,2021-01-30,12321.0,794.0,237.016,46.6,21.453,15.957,0.05821846853015531,0.08333333333333334,0.019644089840962047,0.009112655199908873,0.021283676306888922,0.5695628221858682,0.2285714285714286,0.9583333333333334,0.76,0.057931781266919335,83730223.0
370,Germany,2021-01-31,11192.0,399.0,237.016,46.6,21.453,15.957,0.05821846853015531,0.08333333333333334,0.019644089840962047,0.009112655199908873,0.021283676306888922,0.5695628221858682,0.2285714285714286,0.9583333333333334,0.76,0.057931781266919335,83730223.0
371,Germany,2021-02-01,5608.0,175.0,237.016,46.6,21.453,15.957,0.05821846853015531,0.08333333333333334,0.019644089840962047,0.009112655199908873,0.021283676306888922,0.5695628221858682,0.2285714285714286,0.9583333333333334,0.76,0.057931781266919335,83730223.0
372,Germany,2021-02-02,6114.0,861.0,237.016,46.6,21.453,15.957,0.05821846853015531,0.08333333333333334,0.019644089840962047,0.009112655199908873,0.021283676306888922,0.5695628221858682,0.2285714285714286,0.9583333333333334,0.76,0.057931781266919335,83730223.0
373,Germany,2021-02-03,9705.0,975.0,237.016,46.6,21.453,15.957,0.05821846853015531,0.08333333333333334,0.019644089840962047,0.009112655199908873,0.021283676306888922,0.5695628221858682,0.2285714285714286,0.9583333333333334,0.76,0.057931781266919335,83730223.0
374,Germany,2021-02-04,14211.0,786.0,237.016,46.6,21.453,15.957,0.05821846853015531,0.08333333333333334,0.019644089840962047,0.009112655199908873,0.021283676306888922,0.5695628221858682,0.2285714285714286,0.9583333333333334,0.76,0.057931781266919335,83730223.0
375,Germany,2021-02-05,12908.0,855.0,237.016,46.6,21.453,15.957,0.05821846853015531,0.08333333333333334,0.019644089840962047,0.009112655199908873,0.021283676306888922,0.5695628221858682,0.2285714285714286,0.9583333333333334,0.76,0.057931781266919335,83730223.0
376,Germany,2021-02-06,10485.0,689.0,237.016,46.6,21.453,15.957,0.05821846853015531,0.08333333333333334,0.019644089840962047,0.009112655199908873,0.021283676306888922,0.5695628221858682,0.2285714285714286,0.9583333333333334,0.76,0.057931781266919335,83730223.0
377,Germany,2021-02-07,8616.0,231.0,237.016,46.6,21.453,15.957,0.05821846853015531,0.08333333333333334,0.019644089840962047,0.009112655199908873,0.021283676306888922,0.5695628221858682,0.2285714285714286,0.9583333333333334,0.76,0.057931781266919335,83730223.0
378,Germany,2021-02-08,4535.0,158.0,237.016,46.6,21.453,15.957,0.05821846853015531,0.08333333333333334,0.019644089840962047,0.009112655199908873,0.021283676306888922,0.5695628221858682,0.2285714285714286,0.9583333333333334,0.76,0.057931781266919335,83730223.0
379,Germany,2021-02-09,3379.0,481.0,237.016,46.6,21.453,15.957,0.05821846853015531,0.08333333333333334,0.019644089840962047,0.009112655199908873,0.021283676306888922,0.5695628221858682,0.2285714285714286,0.9583333333333334,0.76,0.057931781266919335,83730223.0
380,Germany,2021-02-10,8072.0,813.0,237.016,46.6,21.453,15.957,0.05821846853015531,0.08333333333333334,0.019644089840962047,0.009112655199908873,0.021283676306888922,0.5695628221858682,0.2285714285714286,0.9583333333333334,0.76,0.057931781266919335,83730223.0
381,Germany,2021-02-11,10237.0,666.0,237.016,46.6,21.453,15.957,0.05821846853015531,0.08333333333333334,0.019644089840962047,0.009112655199908873,0.021283676306888922,0.5695628221858682,0.2285714285714286,0.9583333333333334,0.76,0.057931781266919335,83730223.0
382,Germany,2021-02-12,9860.0,556.0,237.016,46.6,21.453,15.957,0.05821846853015531,0.08333333333333334,0.019644089840962047,0.009112655199908873,0.021283676306888922,0.5695628221858682,0.2285714285714286,0.9583333333333334,0.76,0.057931781266919335,83730223.0
383,Germany,2021-02-13,8354.0,551.0,237.016,46.6,21.453,15.957,0.05821846853015531,0.08333333333333334,0.019644089840962047,0.009112655199908873,0.021283676306888922,0.5695628221858682,0.2285714285714286,0.9583333333333334,0.76,0.057931781266919335,83730223.0
384,Germany,2021-02-14,6114.0,218.0,237.016,46.6,21.453,15.957,0.05821846853015531,0.08333333333333334,0.019644089840962047,0.009112655199908873,0.021283676306888922,0.5695628221858682,0.2285714285714286,0.9583333333333334,0.76,0.057931781266919335,83730223.0
385,Germany,2021-02-15,4426.0,116.0,237.016,46.6,21.453,15.957,0.05821846853015531,0.08333333333333334,0.019644089840962047,0.009112655199908873,0.021283676306888922,0.5695628221858682,0.2285714285714286,0.9583333333333334,0.76,0.057931781266919335,83730223.0
386,Germany,2021-02-16,3856.0,528.0,237.016,46.6,21.453,15.957,0.05821846853015531,0.08333333333333334,0.019644089840962047,0.009112655199908873,0.021283676306888922,0.5695628221858682,0.2285714285714286,0.9583333333333334,0.76,0.057931781266919335,83730223.0
387,Germany,2021-02-17,7556.0,560.0,237.016,46.6,21.453,15.957,0.05821846853015531,0.08333333333333334,0.019644089840962047,0.009112655199908873,0.021283676306888922,0.5695628221858682,0.2285714285714286,0.9583333333333334,0.76,0.057931781266919335,83730223.0
388,Germany,2021-02-18,10207.0,534.0,237.016,46.6,21.453,15.957,0.05821846853015531,0.08333333333333334,0.019644089840962047,0.009112655199908873,0.021283676306888922,0.5695628221858682,0.2285714285714286,0.9583333333333334,0.76,0.057931781266919335,83730223.0
389,Germany,2021-02-19,9113.0,508.0,237.016,46.6,21.453,15.957,0.05821846853015531,0.08333333333333334,0.019644089840962047,0.009112655199908873,0.021283676306888922,0.5695628221858682,0.2285714285714286,0.9583333333333334,0.76,0.057931781266919335,83730223.0
390,Germany,2021-02-20,9164.0,490.0,237.016,46.6,21.453,15.957,0.05821846853015531,0.08333333333333334,0.019644089840962047,0.009112655199908873,0.021283676306888922,0.5695628221858682,0.2285714285714286,0.9583333333333334,0.76,0.057931781266919335,83730223.0
391,Germany,2021-02-21,7676.0,145.0,237.016,46.6,21.453,15.957,0.05821846853015531,0.08333333333333334,0.019644089840962047,0.009112655199908873,0.021283676306888922,0.5695628221858682,0.2285714285714286,0.9583333333333334,0.76,0.057931781266919335,83730223.0
392,Germany,2021-02-22,4369.0,62.0,237.016,46.6,21.453,15.957,0.05821846853015531,0.08333333333333334,0.019644089840962047,0.009112655199908873,0.021283676306888922,0.5695628221858682,0.2285714285714286,0.9583333333333334,0.76,0.057931781266919335,83730223.0
393,Germany,2021-02-23,3883.0,415.0,237.016,46.6,21.453,15.957,0.05821846853015531,0.08333333333333334,0.019644089840962047,0.009112655199908873,0.021283676306888922,0.5695628221858682,0.2285714285714286,0.9583333333333334,0.76,0.057931781266919335,83730223.0
394,Germany,2021-02-24,8007.0,422.0,237.016,46.6,21.453,15.957,0.05821846853015531,0.08333333333333334,0.019644089840962047,0.009112655199908873,0.021283676306888922,0.5695628221858682,0.2285714285714286,0.9583333333333334,0.76,0.057931781266919335,83730223.0
395,Germany,2021-02-25,11869.0,385.0,237.016,46.6,21.453,15.957,0.05821846853015531,0.08333333333333334,0.019644089840962047,0.009112655199908873,0.021283676306888922,0.5695628221858682,0.2285714285714286,0.9583333333333334,0.76,0.057931781266919335,83730223.0
396,Germany,2021-02-26,9997.0,394.0,237.016,46.6,21.453,15.957,0.05821846853015531,0.08333333333333334,0.019644089840962047,0.009112655199908873,0.021283676306888922,0.5695628221858682,0.2285714285714286,0.9583333333333334,0.76,0.057931781266919335,83730223.0
397,Germany,2021-02-27,9762.0,369.0,237.016,46.6,21.453,15.957,0.05821846853015531,0.08333333333333334,0.019644089840962047,0.009112655199908873,0.021283676306888922,0.5695628221858682,0.2285714285714286,0.9583333333333334,0.76,0.057931781266919335,83730223.0
398,Germany,2021-02-28,7890.0,157.0,237.016,46.6,21.453,15.957,0.05821846853015531,0.08333333333333334,0.019644089840962047,0.009112655199908873,0.021283676306888922,0.5695628221858682,0.2285714285714286,0.9583333333333334,0.76,0.057931781266919335,83730223.0
399,Germany,2021-03-01,4732.0,60.0,237.016,46.6,21.453,15.957,0.05821846853015531,0.08333333333333334,0.019644089840962047,0.009112655199908873,0.021283676306888922,0.5695628221858682,0.2285714285714286,0.9583333333333334,0.76,0.057931781266919335,83730223.0
400,Germany,2021-03-02,3943.0,358.0,237.016,46.6,21.453,15.957,0.05821846853015531,0.08333333333333334,0.019644089840962047,0.009112655199908873,0.021283676306888922,0.5695628221858682,0.2285714285714286,0.9583333333333334,0.76,0.057931781266919335,83730223.0
401,Germany,2021-03-03,9019.0,418.0,237.016,46.6,21.453,15.957,0.05821846853015531,0.08333333333333334,0.019644089840962047,0.009112655199908873,0.021283676306888922,0.5695628221858682,0.2285714285714286,0.9583333333333334,0.76,0.057931781266919335,83730223.0
402,Germany,2021-03-04,11912.0,359.0,237.016,46.6,21.453,15.957,0.05821846853015531,0.08333333333333334,0.019644089840962047,0.009112655199908873,0.021283676306888922,0.5695628221858682,0.2285714285714286,0.9583333333333334,0.76,0.057931781266919335,83730223.0
403,Germany,2021-03-05,10580.0,264.0,237.016,46.6,21.453,15.957,0.05821846853015531,0.08333333333333334,0.019644089840962047,0.009112655199908873,0.021283676306888922,0.5695628221858682,0.2285714285714286,0.9583333333333334,0.76,0.057931781266919335,83730223.0
404,Germany,2021-03-06,9557.0,300.0,237.016,46.6,21.453,15.957,0.05821846853015531,0.08333333333333334,0.019644089840962047,0.009112655199908873,0.021283676306888922,0.5695628221858682,0.2285714285714286,0.9583333333333334,0.76,0.057931781266919335,83730223.0
405,Germany,2021-03-07,8103.0,96.0,237.016,46.6,21.453,15.957,0.05821846853015531,0.08333333333333334,0.019644089840962047,0.009112655199908873,0.021283676306888922,0.5695628221858682,0.2285714285714286,0.9583333333333334,0.76,0.057931781266919335,83730223.0
406,Germany,2021-03-08,5011.0,34.0,237.016,46.6,21.453,15.957,0.05821846853015531,0.08333333333333334,0.019644089840962047,0.009112655199908873,0.021283676306888922,0.5695628221858682,0.2285714285714286,0.9583333333333334,0.76,0.057931781266919335,83730223.0
407,Germany,2021-03-09,4252.0,255.0,237.016,46.6,21.453,15.957,0.05821846853015531,0.08333333333333334,0.019644089840962047,0.009112655199908873,0.021283676306888922,0.5695628221858682,0.2285714285714286,0.9583333333333334,0.76,0.057931781266919335,83730223.0
408,Germany,2021-03-10,9146.0,300.0,237.016,46.6,21.453,15.957,0.05821846853015531,0.08333333333333334,0.019644089840962047,0.009112655199908873,0.021283676306888922,0.5695628221858682,0.2285714285714286,0.9583333333333334,0.76,0.057931781266919335,83730223.0
409,Germany,2021-03-11,14356.0,321.0,237.016,46.6,21.453,15.957,0.05821846853015531,0.08333333333333334,0.019644089840962047,0.009112655199908873,0.021283676306888922,0.5695628221858682,0.2285714285714286,0.9583333333333334,0.76,0.057931781266919335,83730223.0
410,Germany,2021-03-12,12834.0,252.0,237.016,46.6,21.453,15.957,0.05821846853015531,0.08333333333333334,0.019644089840962047,0.009112655199908873,0.021283676306888922,0.5695628221858682,0.2285714285714286,0.9583333333333334,0.76,0.057931781266919335,83730223.0
411,Germany,2021-03-13,12674.0,239.0,237.016,46.6,21.453,15.957,0.05821846853015531,0.08333333333333334,0.019644089840962047,0.009112655199908873,0.021283676306888922,0.5695628221858682,0.2285714285714286,0.9583333333333334,0.76,0.057931781266919335,83730223.0
412,Germany,2021-03-14,10790.0,70.0,237.016,46.6,21.453,15.957,0.05821846853015531,0.08333333333333334,0.019644089840962047,0.009112655199908873,0.021283676306888922,0.5695628221858682,0.2285714285714286,0.9583333333333334,0.76,0.057931781266919335,83730223.0
413,Germany,2021-03-15,6604.0,47.0,237.016,46.6,21.453,15.957,0.05821846853015531,0.08333333333333334,0.019644089840962047,0.009112655199908873,0.021283676306888922,0.5695628221858682,0.2285714285714286,0.9583333333333334,0.76,0.057931781266919335,83730223.0
414,Germany,2021-03-16,5480.0,238.0,237.016,46.6,21.453,15.957,0.05821846853015531,0.08333333333333334,0.019644089840962047,0.009112655199908873,0.021283676306888922,0.5695628221858682,0.2285714285714286,0.9583333333333334,0.76,0.057931781266919335,83730223.0
415,Germany,2021-03-17,13435.0,249.0,237.016,46.6,21.453,15.957,0.05821846853015531,0.08333333333333334,0.019644089840962047,0.009112655199908873,0.021283676306888922,0.5695628221858682,0.2285714285714286,0.9583333333333334,0.76,0.057931781266919335,83730223.0
416,Germany,2021-03-18,17504.0,227.0,237.016,46.6,21.453,15.957,0.05821846853015531,0.08333333333333334,0.019644089840962047,0.009112655199908873,0.021283676306888922,0.5695628221858682,0.2285714285714286,0.9583333333333334,0.76,0.057931781266919335,83730223.0
417,Germany,2021-03-19,17482.0,226.0,237.016,46.6,21.453,15.957,0.05821846853015531,0.08333333333333334,0.019644089840962047,0.009112655199908873,0.021283676306888922,0.5695628221858682,0.2285714285714286,0.9583333333333334,0.76,0.057931781266919335,83730223.0
418,Germany,2021-03-20,16033.0,207.0,237.016,46.6,21.453,15.957,0.05821846853015531,0.08333333333333334,0.019644089840962047,0.009112655199908873,0.021283676306888922,0.5695628221858682,0.2285714285714286,0.9583333333333334,0.76,0.057931781266919335,83730223.0
419,Germany,2021-03-21,13733.0,99.0,237.016,46.6,21.453,15.957,0.05821846853015531,0.08333333333333334,0.019644089840962047,0.009112655199908873,0.021283676306888922,0.5695628221858682,0.2285714285714286,0.9583333333333334,0.76,0.057931781266919335,83730223.0
420,Germany,2021-03-22,7709.0,50.0,237.016,46.6,21.453,15.957,0.05821846853015531,0.08333333333333334,0.019644089840962047,0.009112655199908873,0.021283676306888922,0.5695628221858682,0.2285714285714286,0.9583333333333334,0.76,0.057931781266919335,83730223.0
421,Germany,2021-03-23,7485.0,250.0,237.016,46.6,21.453,15.957,0.05821846853015531,0.08333333333333334,0.019644089840962047,0.009112655199908873,0.021283676306888922,0.5695628221858682,0.2285714285714286,0.9583333333333334,0.76,0.057931781266919335,83730223.0
422,Germany,2021-03-24,15813.0,248.0,237.016,46.6,21.453,15.957,0.05821846853015531,0.08333333333333334,0.019644089840962047,0.009112655199908873,0.021283676306888922,0.5695628221858682,0.2285714285714286,0.9583333333333334,0.76,0.057931781266919335,83730223.0
423,Germany,2021-03-25,22657.0,228.0,237.016,46.6,21.453,15.957,0.05821846853015531,0.08333333333333334,0.019644089840962047,0.009112655199908873,0.021283676306888922,0.5695628221858682,0.2285714285714286,0.9583333333333334,0.76,0.057931781266919335,83730223.0
424,Germany,2021-03-26,21573.0,183.0,237.016,46.6,21.453,15.957,0.05821846853015531,0.08333333333333334,0.019644089840962047,0.009112655199908873,0.021283676306888922,0.5695628221858682,0.2285714285714286,0.9583333333333334,0.76,0.057931781266919335,83730223.0
425,Germany,2021-03-27,20472.0,157.0,237.016,46.6,21.453,15.957,0.05821846853015531,0.08333333333333334,0.019644089840962047,0.009112655199908873,0.021283676306888922,0.5695628221858682,0.2285714285714286,0.9583333333333334,0.76,0.057931781266919335,83730223.0
426,Germany,2021-03-28,17176.0,90.0,237.016,46.6,21.453,15.957,0.05821846853015531,0.08333333333333334,0.019644089840962047,0.009112655199908873,0.021283676306888922,0.5695628221858682,0.2285714285714286,0.9583333333333334,0.76,0.057931781266919335,83730223.0
427,Germany,2021-03-29,9872.0,43.0,237.016,46.6,21.453,15.957,0.05821846853015531,0.08333333333333334,0.019644089840962047,0.009112655199908873,0.021283676306888922,0.5695628221858682,0.2285714285714286,0.9583333333333334,0.76,0.057931781266919335,83730223.0
428,Germany,2021-03-30,9549.0,180.0,237.016,46.6,21.453,15.957,0.05821846853015531,0.08333333333333334,0.019644089840962047,0.009112655199908873,0.021283676306888922,0.5695628221858682,0.2285714285714286,0.9583333333333334,0.76,0.057931781266919335,83730223.0
429,Germany,2021-03-31,17051.0,249.0,237.016,46.6,21.453,15.957,0.05821846853015531,0.08333333333333334,0.019644089840962047,0.009112655199908873,0.021283676306888922,0.5695628221858682,0.2285714285714286,0.9583333333333334,0.76,0.057931781266919335,83730223.0
430,Germany,2021-04-01,24300.0,201.0,237.016,46.6,21.453,15.957,0.05821846853015531,0.08333333333333334,0.019644089840962047,0.009112655199908873,0.021283676306888922,0.5695628221858682,0.2285714285714286,0.9583333333333334,0.76,0.057931781266919335,83730223.0
431,Germany,2021-04-02,21888.0,232.0,237.016,46.6,21.453,15.957,0.05821846853015531,0.08333333333333334,0.019644089840962047,0.009112655199908873,0.021283676306888922,0.5695628221858682,0.2285714285714286,0.9583333333333334,0.76,0.057931781266919335,83730223.0
432,Germany,2021-04-03,18129.0,120.0,237.016,46.6,21.453,15.957,0.05821846853015531,0.08333333333333334,0.019644089840962047,0.009112655199908873,0.021283676306888922,0.5695628221858682,0.2285714285714286,0.9583333333333334,0.76,0.057931781266919335,83730223.0
433,Germany,2021-04-04,12196.0,68.0,237.016,46.6,21.453,15.957,0.05821846853015531,0.08333333333333334,0.019644089840962047,0.009112655199908873,0.021283676306888922,0.5695628221858682,0.2285714285714286,0.9583333333333334,0.76,0.057931781266919335,83730223.0
434,Germany,2021-04-05,8497.0,50.0,237.016,46.6,21.453,15.957,0.05821846853015531,0.08333333333333334,0.019644089840962047,0.009112655199908873,0.021283676306888922,0.5695628221858682,0.2285714285714286,0.9583333333333334,0.76,0.057931781266919335,83730223.0
435,Germany,2021-04-06,6885.0,90.0,237.016,46.6,21.453,15.957,0.05821846853015531,0.08333333333333334,0.019644089840962047,0.009112655199908873,0.021283676306888922,0.5695628221858682,0.2285714285714286,0.9583333333333334,0.76,0.057931781266919335,83730223.0
436,Germany,2021-04-07,9677.0,298.0,237.016,46.6,21.453,15.957,0.05821846853015531,0.08333333333333334,0.019644089840962047,0.009112655199908873,0.021283676306888922,0.5695628221858682,0.2285714285714286,0.9583333333333334,0.76,0.057931781266919335,83730223.0
437,Germany,2021-04-08,20407.0,306.0,237.016,46.6,21.453,15.957,0.05821846853015531,0.08333333333333334,0.019644089840962047,0.009112655199908873,0.021283676306888922,0.5695628221858682,0.2285714285714286,0.9583333333333334,0.76,0.057931781266919335,83730223.0
438,Germany,2021-04-09,25464.0,296.0,237.016,46.6,21.453,15.957,0.05821846853015531,0.08333333333333334,0.019644089840962047,0.009112655199908873,0.021283676306888922,0.5695628221858682,0.2285714285714286,0.9583333333333334,0.76,0.057931781266919335,83730223.0
439,Germany,2021-04-10,24097.0,246.0,237.016,46.6,21.453,15.957,0.05821846853015531,0.08333333333333334,0.019644089840962047,0.009112655199908873,0.021283676306888922,0.5695628221858682,0.2285714285714286,0.9583333333333334,0.76,0.057931781266919335,83730223.0
440,Germany,2021-04-11,17855.0,104.0,237.016,46.6,21.453,15.957,0.05821846853015531,0.08333333333333334,0.019644089840962047,0.009112655199908873,0.021283676306888922,0.5695628221858682,0.2285714285714286,0.9583333333333334,0.76,0.057931781266919335,83730223.0
441,Germany,2021-04-12,13245.0,99.0,237.016,46.6,21.453,15.957,0.05821846853015531,0.08333333333333334,0.019644089840962047,0.009112655199908873,0.021283676306888922,0.5695628221858682,0.2285714285714286,0.9583333333333334,0.76,0.057931781266919335,83730223.0
442,Germany,2021-04-13,10810.0,294.0,237.016,46.6,21.453,15.957,0.05821846853015531,0.08333333333333334,0.019644089840962047,0.009112655199908873,0.021283676306888922,0.5695628221858682,0.2285714285714286,0.9583333333333334,0.76,0.057931781266919335,83730223.0
443,Germany,2021-04-14,21693.0,342.0,237.016,46.6,21.453,15.957,0.05821846853015531,0.08333333333333334,0.019644089840962047,0.009112655199908873,0.021283676306888922,0.5695628221858682,0.2285714285714286,0.9583333333333334,0.76,0.057931781266919335,83730223.0
444,Germany,2021-04-15,29426.0,293.0,237.016,46.6,21.453,15.957,0.05821846853015531,0.08333333333333334,0.019644089840962047,0.009112655199908873,0.021283676306888922,0.5695628221858682,0.2285714285714286,0.9583333333333334,0.76,0.057931781266919335,83730223.0
445,Germany,2021-04-16,25831.0,247.0,237.016,46.6,21.453,15.957,0.05821846853015531,0.08333333333333334,0.019644089840962047,0.009112655199908873,0.021283676306888922,0.5695628221858682,0.2285714285714286,0.9583333333333334,0.76,0.057931781266919335,83730223.0
446,Germany,2021-04-17,23804.0,219.0,237.016,46.6,21.453,15.957,0.05821846853015531,0.08333333333333334,0.019644089840962047,0.009112655199908873,0.021283676306888922,0.5695628221858682,0.2285714285714286,0.9583333333333334,0.76,0.057931781266919335,83730223.0
447,Germany,2021-04-18,19185.0,67.0,237.016,46.6,21.453,15.957,0.05821846853015531,0.08333333333333334,0.019644089840962047,0.009112655199908873,0.021283676306888922,0.5695628221858682,0.2285714285714286,0.9583333333333334,0.76,0.057931781266919335,83730223.0
448,Germany,2021-04-19,11437.0,92.0,237.016,46.6,21.453,15.957,0.05821846853015531,0.08333333333333334,0.019644089840962047,0.009112655199908873,0.021283676306888922,0.5695628221858682,0.2285714285714286,0.9583333333333334,0.76,0.057931781266919335,83730223.0
449,Germany,2021-04-20,9609.0,297.0,237.016,46.6,21.453,15.957,0.05821846853015531,0.08333333333333334,0.019644089840962047,0.009112655199908873,0.021283676306888922,0.5695628221858682,0.2285714285714286,0.9583333333333334,0.76,0.057931781266919335,83730223.0
450,Germany,2021-04-21,24884.0,331.0,237.016,46.6,21.453,15.957,0.05821846853015531,0.08333333333333334,0.019644089840962047,0.009112655199908873,0.021283676306888922,0.5695628221858682,0.2285714285714286,0.9583333333333334,0.76,0.057931781266919335,83730223.0
451,Germany,2021-04-22,29518.0,259.0,237.016,46.6,21.453,15.957,0.05821846853015531,0.08333333333333334,0.019644089840962047,0.009112655199908873,0.021283676306888922,0.5695628221858682,0.2285714285714286,0.9583333333333334,0.76,0.057931781266919335,83730223.0
452,Germany,2021-04-23,27543.0,265.0,237.016,46.6,21.453,15.957,0.05821846853015531,0.08333333333333334,0.019644089840962047,0.009112655199908873,0.021283676306888922,0.5695628221858682,0.2285714285714286,0.9583333333333334,0.76,0.057931781266919335,83730223.0
453,Germany,2021-04-24,23392.0,286.0,237.016,46.6,21.453,15.957,0.05821846853015531,0.08333333333333334,0.019644089840962047,0.009112655199908873,0.021283676306888922,0.5695628221858682,0.2285714285714286,0.9583333333333334,0.76,0.057931781266919335,83730223.0
454,Germany,2021-04-25,18773.0,120.0,237.016,46.6,21.453,15.957,0.05821846853015531,0.08333333333333334,0.019644089840962047,0.009112655199908873,0.021283676306888922,0.5695628221858682,0.2285714285714286,0.9583333333333334,0.76,0.057931781266919335,83730223.0
455,Germany,2021-04-26,11907.0,60.0,237.016,46.6,21.453,15.957,0.05821846853015531,0.08333333333333334,0.019644089840962047,0.009112655199908873,0.021283676306888922,0.5695628221858682,0.2285714285714286,0.9583333333333334,0.76,0.057931781266919335,83730223.0
456,Germany,2021-04-27,10976.0,344.0,237.016,46.6,21.453,15.957,0.05821846853015531,0.08333333333333334,0.019644089840962047,0.009112655199908873,0.021283676306888922,0.5695628221858682,0.2285714285714286,0.9583333333333334,0.76,0.057931781266919335,83730223.0
457,Germany,2021-04-28,22231.0,312.0,237.016,46.6,21.453,15.957,0.05821846853015531,0.08333333333333334,0.019644089840962047,0.009112655199908873,0.021283676306888922,0.5695628221858682,0.2285714285714286,0.9583333333333334,0.76,0.057931781266919335,83730223.0
458,Germany,2021-04-29,24736.0,264.0,237.016,46.6,21.453,15.957,0.05821846853015531,0.08333333333333334,0.019644089840962047,0.009112655199908873,0.021283676306888922,0.5695628221858682,0.2285714285714286,0.9583333333333334,0.76,0.057931781266919335,83730223.0
459,Germany,2021-04-30,24329.0,306.0,237.016,46.6,21.453,15.957,0.05821846853015531,0.08333333333333334,0.019644089840962047,0.009112655199908873,0.021283676306888922,0.5695628221858682,0.2285714285714286,0.9583333333333334,0.76,0.057931781266919335,83730223.0
460,Germany,2021-05-01,18935.0,232.0,237.016,46.6,21.453,15.957,0.05821846853015531,0.08333333333333334,0.019644089840962047,0.009112655199908873,0.021283676306888922,0.5695628221858682,0.2285714285714286,0.9583333333333334,0.76,0.057931781266919335,83730223.0
461,Germany,2021-05-02,16290.0,110.0,237.016,46.6,21.453,15.957,0.05821846853015531,0.08333333333333334,0.019644089840962047,0.009112655199908873,0.021283676306888922,0.5695628221858682,0.2285714285714286,0.9583333333333334,0.76,0.057931781266919335,83730223.0
462,Germany,2021-05-03,9160.0,84.0,237.016,46.6,21.453,15.957,0.05821846853015531,0.08333333333333334,0.019644089840962047,0.009112655199908873,0.021283676306888922,0.5695628221858682,0.2285714285714286,0.9583333333333334,0.76,0.057931781266919335,83730223.0
463,Germany,2021-05-04,7534.0,315.0,237.016,46.6,21.453,15.957,0.05821846853015531,0.08333333333333334,0.019644089840962047,0.009112655199908873,0.021283676306888922,0.5695628221858682,0.2285714285714286,0.9583333333333334,0.76,0.057931781266919335,83730223.0
464,Germany,2021-05-05,18034.0,285.0,237.016,46.6,21.453,15.957,0.05821846853015531,0.08333333333333334,0.019644089840962047,0.009112655199908873,0.021283676306888922,0.5695628221858682,0.2285714285714286,0.9583333333333334,0.76,0.057931781266919335,83730223.0
465,Germany,2021-05-06,21953.0,250.0,237.016,46.6,21.453,15.957,0.05821846853015531,0.08333333333333334,0.019644089840962047,0.009112655199908873,0.021283676306888922,0.5695628221858682,0.2285714285714286,0.9583333333333334,0.76,0.057931781266919335,83730223.0
466,Germany,2021-05-07,18485.0,284.0,237.016,46.6,21.453,15.957,0.05821846853015531,0.08333333333333334,0.019644089840962047,0.009112655199908873,0.021283676306888922,0.5695628221858682,0.2285714285714286,0.9583333333333334,0.76,0.057931781266919335,83730223.0
467,Germany,2021-05-08,15685.0,238.0,237.016,46.6,21.453,15.957,0.05821846853015531,0.08333333333333334,0.019644089840962047,0.009112655199908873,0.021283676306888922,0.5695628221858682,0.2285714285714286,0.9583333333333334,0.76,0.057931781266919335,83730223.0
468,Germany,2021-05-09,12656.0,127.0,237.016,46.6,21.453,15.957,0.05821846853015531,0.08333333333333334,0.019644089840962047,0.009112655199908873,0.021283676306888922,0.5695628221858682,0.2285714285714286,0.9583333333333334,0.76,0.057931781266919335,83730223.0
469,Germany,2021-05-10,6922.0,54.0,237.016,46.6,21.453,15.957,0.05821846853015531,0.08333333333333334,0.019644089840962047,0.009112655199908873,0.021283676306888922,0.5695628221858682,0.2285714285714286,0.9583333333333334,0.76,0.057931781266919335,83730223.0
470,Germany,2021-05-11,6125.0,283.0,237.016,46.6,21.453,15.957,0.05821846853015531,0.08333333333333334,0.019644089840962047,0.009112655199908873,0.021283676306888922,0.5695628221858682,0.2285714285714286,0.9583333333333334,0.76,0.057931781266919335,83730223.0
471,Germany,2021-05-12,14909.0,268.0,237.016,46.6,21.453,15.957,0.05821846853015531,0.08333333333333334,0.019644089840962047,0.009112655199908873,0.021283676306888922,0.5695628221858682,0.2285714285714286,0.9583333333333334,0.76,0.057931781266919335,83730223.0
472,Germany,2021-05-13,17419.0,278.0,237.016,46.6,21.453,15.957,0.05821846853015531,0.08333333333333334,0.019644089840962047,0.009112655199908873,0.021283676306888922,0.5695628221858682,0.2285714285714286,0.9583333333333334,0.76,0.057931781266919335,83730223.0
473,Germany,2021-05-14,11336.0,190.0,237.016,46.6,21.453,15.957,0.05821846853015531,0.08333333333333334,0.019644089840962047,0.009112655199908873,0.021283676306888922,0.5695628221858682,0.2285714285714286,0.9583333333333334,0.76,0.057931781266919335,83730223.0
474,Germany,2021-05-15,7894.0,177.0,237.016,46.6,21.453,15.957,0.05821846853015531,0.08333333333333334,0.019644089840962047,0.009112655199908873,0.021283676306888922,0.5695628221858682,0.2285714285714286,0.9583333333333334,0.76,0.057931781266919335,83730223.0
475,Germany,2021-05-16,8500.0,71.0,237.016,46.6,21.453,15.957,0.05821846853015531,0.08333333333333334,0.019644089840962047,0.009112655199908873,0.021283676306888922,0.5695628221858682,0.2285714285714286,0.9583333333333334,0.76,0.057931781266919335,83730223.0
476,Germany,2021-05-17,5412.0,64.0,237.016,46.6,21.453,15.957,0.05821846853015531,0.08333333333333334,0.019644089840962047,0.009112655199908873,0.021283676306888922,0.5695628221858682,0.2285714285714286,0.9583333333333334,0.76,0.057931781266919335,83730223.0
477,Germany,2021-05-18,4209.0,221.0,237.016,46.6,21.453,15.957,0.05821846853015531,0.08333333333333334,0.019644089840962047,0.009112655199908873,0.021283676306888922,0.5695628221858682,0.2285714285714286,0.9583333333333334,0.76,0.057931781266919335,83730223.0
478,Germany,2021-05-19,11040.0,284.0,237.016,46.6,21.453,15.957,0.05821846853015531,0.08333333333333334,0.019644089840962047,0.009112655199908873,0.021283676306888922,0.5695628221858682,0.2285714285714286,0.9583333333333334,0.76,0.057931781266919335,83730223.0
479,Germany,2021-05-20,12298.0,237.0,237.016,46.6,21.453,15.957,0.05821846853015531,0.08333333333333334,0.019644089840962047,0.009112655199908873,0.021283676306888922,0.5695628221858682,0.2285714285714286,0.9583333333333334,0.76,0.057931781266919335,83730223.0
480,Germany,2021-05-21,8769.0,226.0,237.016,46.6,21.453,15.957,0.05821846853015531,0.08333333333333334,0.019644089840962047,0.009112655199908873,0.021283676306888922,0.5695628221858682,0.2285714285714286,0.9583333333333334,0.76,0.057931781266919335,83730223.0
481,Germany,2021-05-22,7082.0,170.0,237.016,46.6,21.453,15.957,0.05821846853015531,0.08333333333333334,0.019644089840962047,0.009112655199908873,0.021283676306888922,0.5695628221858682,0.2285714285714286,0.9583333333333334,0.76,0.057931781266919335,83730223.0
482,Germany,2021-05-23,6714.0,82.0,237.016,46.6,21.453,15.957,0.05821846853015531,0.08333333333333334,0.019644089840962047,0.009112655199908873,0.021283676306888922,0.5695628221858682,0.2285714285714286,0.9583333333333334,0.76,0.057931781266919335,83730223.0
483,Germany,2021-05-24,2682.0,43.0,237.016,46.6,21.453,15.957,0.05821846853015531,0.08333333333333334,0.019644089840962047,0.009112655199908873,0.021283676306888922,0.5695628221858682,0.2285714285714286,0.9583333333333334,0.76,0.057931781266919335,83730223.0
484,Germany,2021-05-25,1911.0,33.0,237.016,46.6,21.453,15.957,0.05821846853015531,0.08333333333333334,0.019644089840962047,0.009112655199908873,0.021283676306888922,0.5695628221858682,0.2285714285714286,0.9583333333333334,0.76,0.057931781266919335,83730223.0
485,Germany,2021-05-26,2626.0,270.0,237.016,46.6,21.453,15.957,0.05821846853015531,0.08333333333333334,0.019644089840962047,0.009112655199908873,0.021283676306888922,0.5695628221858682,0.2285714285714286,0.9583333333333334,0.76,0.057931781266919335,83730223.0
486,Germany,2021-05-27,6313.0,269.0,237.016,46.6,21.453,15.957,0.05821846853015531,0.08333333333333334,0.019644089840962047,0.009112655199908873,0.021283676306888922,0.5695628221858682,0.2285714285714286,0.9583333333333334,0.76,0.057931781266919335,83730223.0
487,Germany,2021-05-28,7380.0,192.0,237.016,46.6,21.453,15.957,0.05821846853015531,0.08333333333333334,0.019644089840962047,0.009112655199908873,0.021283676306888922,0.5695628221858682,0.2285714285714286,0.9583333333333334,0.76,0.057931781266919335,83730223.0
488,Germany,2021-05-29,5426.0,163.0,237.016,46.6,21.453,15.957,0.05821846853015531,0.08333333333333334,0.019644089840962047,0.009112655199908873,0.021283676306888922,0.5695628221858682,0.2285714285714286,0.9583333333333334,0.76,0.057931781266919335,83730223.0
489,Germany,2021-05-30,3852.0,56.0,237.016,46.6,21.453,15.957,0.05821846853015531,0.08333333333333334,0.019644089840962047,0.009112655199908873,0.021283676306888922,0.5695628221858682,0.2285714285714286,0.9583333333333334,0.76,0.057931781266919335,83730223.0
490,Germany,2021-05-31,1978.0,36.0,237.016,46.6,21.453,15.957,0.05821846853015531,0.08333333333333334,0.019644089840962047,0.009112655199908873,0.021283676306888922,0.5695628221858682,0.2285714285714286,0.9583333333333334,0.76,0.057931781266919335,83730223.0
491,Germany,2021-06-01,1785.0,153.0,237.016,46.6,21.453,15.957,0.05821846853015531,0.08333333333333334,0.019644089840962047,0.009112655199908873,0.021283676306888922,0.5695628221858682,0.2285714285714286,0.9583333333333334,0.76,0.057931781266919335,83730223.0
492,Germany,2021-06-02,4917.0,179.0,237.016,46.6,21.453,15.957,0.05821846853015531,0.08333333333333334,0.019644089840962047,0.009112655199908873,0.021283676306888922,0.5695628221858682,0.2285714285714286,0.9583333333333334,0.76,0.057931781266919335,83730223.0
493,Germany,2021-06-03,4640.0,166.0,237.016,46.6,21.453,15.957,0.05821846853015531,0.08333333333333334,0.019644089840962047,0.009112655199908873,0.021283676306888922,0.5695628221858682,0.2285714285714286,0.9583333333333334,0.76,0.057931781266919335,83730223.0
494,Germany,2021-06-04,3165.0,86.0,237.016,46.6,21.453,15.957,0.05821846853015531,0.08333333333333334,0.019644089840962047,0.009112655199908873,0.021283676306888922,0.5695628221858682,0.2285714285714286,0.9583333333333334,0.76,0.057931781266919335,83730223.0
495,Germany,2021-06-05,2294.0,122.0,237.016,46.6,21.453,15.957,0.05821846853015531,0.08333333333333334,0.019644089840962047,0.009112655199908873,0.021283676306888922,0.5695628221858682,0.2285714285714286,0.9583333333333334,0.76,0.057931781266919335,83730223.0
496,Germany,2021-06-06,2440.0,74.0,237.016,46.6,21.453,15.957,0.05821846853015531,0.08333333333333334,0.019644089840962047,0.009112655199908873,0.021283676306888922,0.5695628221858682,0.2285714285714286,0.9583333333333334,0.76,0.057931781266919335,83730223.0
497,Germany,2021-06-07,1117.0,22.0,237.016,46.6,21.453,15.957,0.05821846853015531,0.08333333333333334,0.019644089840962047,0.009112655199908873,0.021283676306888922,0.5695628221858682,0.2285714285714286,0.9583333333333334,0.76,0.057931781266919335,83730223.0
498,Germany,2021-06-08,1204.0,140.0,237.016,46.6,21.453,15.957,0.05821846853015531,0.08333333333333334,0.019644089840962047,0.009112655199908873,0.021283676306888922,0.5695628221858682,0.2285714285714286,0.9583333333333334,0.76,0.057931781266919335,83730223.0
499,Germany,2021-06-09,3254.0,107.0,237.016,46.6,21.453,15.957,0.05821846853015531,0.08333333333333334,0.019644089840962047,0.009112655199908873,0.021283676306888922,0.5695628221858682,0.2285714285714286,0.9583333333333334,0.76,0.057931781266919335,83730223.0
500,Germany,2021-06-10,3187.0,94.0,237.016,46.6,21.453,15.957,0.05821846853015531,0.08333333333333334,0.019644089840962047,0.009112655199908873,0.021283676306888922,0.5695628221858682,0.2285714285714286,0.9583333333333334,0.76,0.057931781266919335,83730223.0
501,Germany,2021-06-11,2440.0,102.0,237.016,46.6,21.453,15.957,0.05821846853015531,0.08333333333333334,0.019644089840962047,0.009112655199908873,0.021283676306888922,0.5695628221858682,0.2285714285714286,0.9583333333333334,0.76,0.057931781266919335,83730223.0
502,Germany,2021-06-12,1911.0,129.0,237.016,46.6,21.453,15.957,0.05821846853015531,0.08333333333333334,0.019644089840962047,0.009112655199908873,0.021283676306888922,0.5695628221858682,0.2285714285714286,0.9583333333333334,0.76,0.057931781266919335,83730223.0
503,Germany,2021-06-13,1489.0,18.0,237.016,46.6,21.453,15.957,0.05821846853015531,0.08333333333333334,0.019644089840962047,0.009112655199908873,0.021283676306888922,0.5695628221858682,0.2285714285714286,0.9583333333333334,0.76,0.057931781266919335,83730223.0
504,Germany,2021-06-14,549.0,10.0,237.016,46.6,21.453,15.957,0.05821846853015531,0.08333333333333334,0.019644089840962047,0.009112655199908873,0.021283676306888922,0.5695628221858682,0.2285714285714286,0.9583333333333334,0.76,0.057931781266919335,83730223.0
505,Germany,2021-06-15,652.0,93.0,237.016,46.6,21.453,15.957,0.05821846853015531,0.08333333333333334,0.019644089840962047,0.009112655199908873,0.021283676306888922,0.5695628221858682,0.2285714285714286,0.9583333333333334,0.76,0.057931781266919335,83730223.0
506,Germany,2021-06-16,1455.0,137.0,237.016,46.6,21.453,15.957,0.05821846853015531,0.08333333333333334,0.019644089840962047,0.009112655199908873,0.021283676306888922,0.5695628221858682,0.2285714285714286,0.9583333333333334,0.76,0.057931781266919335,83730223.0
507,Germany,2021-06-17,1330.0,105.0,237.016,46.6,21.453,15.957,0.05821846853015531,0.08333333333333334,0.019644089840962047,0.009112655199908873,0.021283676306888922,0.5695628221858682,0.2285714285714286,0.9583333333333334,0.76,0.057931781266919335,83730223.0
508,Germany,2021-06-18,1076.0,91.0,237.016,46.6,21.453,15.957,0.05821846853015531,0.08333333333333334,0.019644089840962047,0.009112655199908873,0.021283676306888922,0.5695628221858682,0.2285714285714286,0.9583333333333334,0.76,0.057931781266919335,83730223.0
509,Germany,2021-06-19,0.0,0.0,237.016,46.6,21.453,15.957,0.05821846853015531,0.08333333333333334,0.019644089840962047,0.009112655199908873,0.021283676306888922,0.5695628221858682,0.2285714285714286,0.9583333333333334,0.76,0.057931781266919335,83730223.0
510,Germany,2021-06-20,1950.0,115.0,237.016,46.6,21.453,15.957,0.05821846853015531,0.08333333333333334,0.019644089840962047,0.009112655199908873,0.021283676306888922,0.5695628221858682,0.2285714285714286,0.9583333333333334,0.76,0.057931781266919335,83730223.0
511,Germany,2021-06-21,346.0,10.0,237.016,46.6,21.453,15.957,0.05821846853015531,0.08333333333333334,0.019644089840962047,0.009112655199908873,0.021283676306888922,0.5695628221858682,0.2285714285714286,0.9583333333333334,0.76,0.057931781266919335,83730223.0
512,Germany,2021-06-22,455.0,77.0,237.016,46.6,21.453,15.957,0.05821846853015531,0.08333333333333334,0.019644089840962047,0.009112655199908873,0.021283676306888922,0.5695628221858682,0.2285714285714286,0.9583333333333334,0.76,0.057931781266919335,83730223.0
513,Germany,2021-06-23,1016.0,51.0,237.016,46.6,21.453,15.957,0.05821846853015531,0.08333333333333334,0.019644089840962047,0.009112655199908873,0.021283676306888922,0.5695628221858682,0.2285714285714286,0.9583333333333334,0.76,0.057931781266919335,83730223.0
514,Germany,2021-06-24,1008.0,93.0,237.016,46.6,21.453,15.957,0.05821846853015531,0.08333333333333334,0.019644089840962047,0.009112655199908873,0.021283676306888922,0.5695628221858682,0.2285714285714286,0.9583333333333334,0.76,0.057931781266919335,83730223.0
515,Germany,2021-06-25,774.0,62.0,237.016,46.6,21.453,15.957,0.05821846853015531,0.08333333333333334,0.019644089840962047,0.009112655199908873,0.021283676306888922,0.5695628221858682,0.2285714285714286,0.9583333333333334,0.76,0.057931781266919335,83730223.0
516,Germany,2021-06-26,592.0,68.0,237.016,46.6,21.453,15.957,0.05821846853015531,0.08333333333333334,0.019644089840962047,0.009112655199908873,0.021283676306888922,0.5695628221858682,0.2285714285714286,0.9583333333333334,0.76,0.057931781266919335,83730223.0
517,Germany,2021-06-27,538.0,8.0,237.016,46.6,21.453,15.957,0.05821846853015531,0.08333333333333334,0.019644089840962047,0.009112655199908873,0.021283676306888922,0.5695628221858682,0.2285714285714286,0.9583333333333334,0.76,0.057931781266919335,83730223.0
518,Germany,2021-06-28,219.0,8.0,237.016,46.6,21.453,15.957,0.05821846853015531,0.08333333333333334,0.019644089840962047,0.009112655199908873,0.021283676306888922,0.5695628221858682,0.2285714285714286,0.9583333333333334,0.76,0.057931781266919335,83730223.0
519,Germany,2021-06-29,404.0,57.0,237.016,46.6,21.453,15.957,0.05821846853015531,0.08333333333333334,0.019644089840962047,0.009112655199908873,0.021283676306888922,0.5695628221858682,0.2285714285714286,0.9583333333333334,0.76,0.057931781266919335,83730223.0
520,Germany,2021-06-30,808.0,56.0,237.016,46.6,21.453,15.957,0.05821846853015531,0.08333333333333334,0.019644089840962047,0.009112655199908873,0.021283676306888922,0.5695628221858682,0.2285714285714286,0.9583333333333334,0.76,0.057931781266919335,83730223.0
521,Germany,2021-07-01,892.0,63.0,237.016,46.6,21.453,15.957,0.05821846853015531,0.08333333333333334,0.019644089840962047,0.009112655199908873,0.021283676306888922,0.5695628221858682,0.2285714285714286,0.9583333333333334,0.76,0.057931781266919335,83730223.0
522,Germany,2021-07-02,649.0,69.0,237.016,46.6,21.453,15.957,0.05821846853015531,0.08333333333333334,0.019644089840962047,0.009112655199908873,0.021283676306888922,0.5695628221858682,0.2285714285714286,0.9583333333333334,0.76,0.057931781266919335,83730223.0
523,Germany,2021-07-03,0.0,0.0,237.016,46.6,21.453,15.957,0.05821846853015531,0.08333333333333334,0.019644089840962047,0.009112655199908873,0.021283676306888922,0.5695628221858682,0.2285714285714286,0.9583333333333334,0.76,0.057931781266919335,83730223.0
524,Germany,2021-07-04,0.0,0.0,237.016,46.6,21.453,15.957,0.05821846853015531,0.08333333333333334,0.019644089840962047,0.009112655199908873,0.021283676306888922,0.5695628221858682,0.2285714285714286,0.9583333333333334,0.76,0.057931781266919335,83730223.0
525,Germany,2021-07-05,1442.0,24.0,237.016,46.6,21.453,15.957,0.05821846853015531,0.08333333333333334,0.019644089840962047,0.009112655199908873,0.021283676306888922,0.5695628221858682,0.2285714285714286,0.9583333333333334,0.76,0.057931781266919335,83730223.0
526,Germany,2021-07-06,440.0,31.0,237.016,46.6,21.453,15.957,0.05821846853015531,0.08333333333333334,0.019644089840962047,0.009112655199908873,0.021283676306888922,0.5695628221858682,0.2285714285714286,0.9583333333333334,0.76,0.057931781266919335,83730223.0
527,Germany,2021-07-07,985.0,48.0,237.016,46.6,21.453,15.957,0.05821846853015531,0.08333333333333334,0.019644089840962047,0.009112655199908873,0.021283676306888922,0.5695628221858682,0.2285714285714286,0.9583333333333334,0.76,0.057931781266919335,83730223.0
528,Germany,2021-07-08,970.0,31.0,237.016,46.6,21.453,15.957,0.05821846853015531,0.08333333333333334,0.019644089840962047,0.009112655199908873,0.021283676306888922,0.5695628221858682,0.2285714285714286,0.9583333333333334,0.76,0.057931781266919335,83730223.0
529,Germany,2021-07-09,949.0,49.0,237.016,46.6,21.453,15.957,0.05821846853015531,0.08333333333333334,0.019644089840962047,0.009112655199908873,0.021283676306888922,0.5695628221858682,0.2285714285714286,0.9583333333333334,0.76,0.057931781266919335,83730223.0
530,Germany,2021-07-10,0.0,0.0,237.016,46.6,21.453,15.957,0.05821846853015531,0.08333333333333334,0.019644089840962047,0.009112655199908873,0.021283676306888922,0.5695628221858682,0.2285714285714286,0.9583333333333334,0.76,0.057931781266919335,83730223.0
531,Germany,2021-07-11,0.0,0.0,237.016,46.6,21.453,15.957,0.05821846853015531,0.08333333333333334,0.019644089840962047,0.009112655199908873,0.021283676306888922,0.5695628221858682,0.2285714285714286,0.9583333333333334,0.76,0.057931781266919335,83730223.0
532,Germany,2021-07-12,2021.0,43.0,237.016,46.6,21.453,15.957,0.05821846853015531,0.08333333333333334,0.019644089840962047,0.009112655199908873,0.021283676306888922,0.5695628221858682,0.2285714285714286,0.9583333333333334,0.76,0.057931781266919335,83730223.0
533,Germany,2021-07-13,646.0,26.0,237.016,46.6,21.453,15.957,0.05821846853015531,0.08333333333333334,0.019644089840962047,0.009112655199908873,0.021283676306888922,0.5695628221858682,0.2285714285714286,0.9583333333333334,0.76,0.057931781266919335,83730223.0
534,Germany,2021-07-14,1548.0,28.0,237.016,46.6,21.453,15.957,0.05821846853015531,0.08333333333333334,0.019644089840962047,0.009112655199908873,0.021283676306888922,0.5695628221858682,0.2285714285714286,0.9583333333333334,0.76,0.057931781266919335,83730223.0
535,Germany,2021-07-15,1642.0,32.0,237.016,46.6,21.453,15.957,0.05821846853015531,0.08333333333333334,0.019644089840962047,0.009112655199908873,0.021283676306888922,0.5695628221858682,0.2285714285714286,0.9583333333333334,0.76,0.057931781266919335,83730223.0
536,Germany,2021-07-16,1456.0,18.0,237.016,46.6,21.453,15.957,0.05821846853015531,0.08333333333333334,0.019644089840962047,0.009112655199908873,0.021283676306888922,0.5695628221858682,0.2285714285714286,0.9583333333333334,0.76,0.057931781266919335,83730223.0
537,Germany,2021-07-17,0.0,0.0,237.016,46.6,21.453,15.957,0.05821846853015531,0.08333333333333334,0.019644089840962047,0.009112655199908873,0.021283676306888922,0.5695628221858682,0.2285714285714286,0.9583333333333334,0.76,0.057931781266919335,83730223.0
538,Germany,2021-07-18,0.0,0.0,237.016,46.6,21.453,15.957,0.05821846853015531,0.08333333333333334,0.019644089840962047,0.009112655199908873,0.021283676306888922,0.5695628221858682,0.2285714285714286,0.9583333333333334,0.76,0.057931781266919335,83730223.0
539,Germany,2021-07-19,3446.0,26.0,237.016,46.6,21.453,15.957,0.05821846853015531,0.08333333333333334,0.019644089840962047,0.009112655199908873,0.021283676306888922,0.5695628221858682,0.2285714285714286,0.9583333333333334,0.76,0.057931781266919335,83730223.0
540,Germany,2021-07-20,1183.0,34.0,237.016,46.6,21.453,15.957,0.05821846853015531,0.08333333333333334,0.019644089840962047,0.009112655199908873,0.021283676306888922,0.5695628221858682,0.2285714285714286,0.9583333333333334,0.76,0.057931781266919335,83730223.0
541,Germany,2021-07-21,2203.0,19.0,237.016,46.6,21.453,15.957,0.05821846853015531,0.08333333333333334,0.019644089840962047,0.009112655199908873,0.021283676306888922,0.5695628221858682,0.2285714285714286,0.9583333333333334,0.76,0.057931781266919335,83730223.0
542,Germany,2021-07-22,1890.0,42.0,237.016,46.6,21.453,15.957,0.05821846853015531,0.08333333333333334,0.019644089840962047,0.009112655199908873,0.021283676306888922,0.5695628221858682,0.2285714285714286,0.9583333333333334,0.76,0.057931781266919335,83730223.0
543,Germany,2021-07-23,2089.0,34.0,237.016,46.6,21.453,15.957,0.05821846853015531,0.08333333333333334,0.019644089840962047,0.009112655199908873,0.021283676306888922,0.5695628221858682,0.2285714285714286,0.9583333333333334,0.76,0.057931781266919335,83730223.0
544,Germany,2021-07-24,0.0,0.0,237.016,46.6,21.453,15.957,0.05821846853015531,0.08333333333333334,0.019644089840962047,0.009112655199908873,0.021283676306888922,0.5695628221858682,0.2285714285714286,0.9583333333333334,0.76,0.057931781266919335,83730223.0
545,Germany,2021-07-25,0.0,0.0,237.016,46.6,21.453,15.957,0.05821846853015531,0.08333333333333334,0.019644089840962047,0.009112655199908873,0.021283676306888922,0.5695628221858682,0.2285714285714286,0.9583333333333334,0.76,0.057931781266919335,83730223.0
546,Germany,2021-07-26,4264.0,35.0,237.016,46.6,21.453,15.957,0.05821846853015531,0.08333333333333334,0.019644089840962047,0.009112655199908873,0.021283676306888922,0.5695628221858682,0.2285714285714286,0.9583333333333334,0.76,0.057931781266919335,83730223.0
547,Germany,2021-07-27,1545.0,38.0,237.016,46.6,21.453,15.957,0.05821846853015531,0.08333333333333334,0.019644089840962047,0.009112655199908873,0.021283676306888922,0.5695628221858682,0.2285714285714286,0.9583333333333334,0.76,0.057931781266919335,83730223.0
548,Germany,2021-07-28,2768.0,21.0,237.016,46.6,21.453,15.957,0.05821846853015531,0.08333333333333334,0.019644089840962047,0.009112655199908873,0.021283676306888922,0.5695628221858682,0.2285714285714286,0.9583333333333334,0.76,0.057931781266919335,83730223.0
549,Germany,2021-07-29,3142.0,21.0,237.016,46.6,21.453,15.957,0.05821846853015531,0.08333333333333334,0.019644089840962047,0.009112655199908873,0.021283676306888922,0.5695628221858682,0.2285714285714286,0.9583333333333334,0.76,0.057931781266919335,83730223.0
550,Germany,2021-07-30,2454.0,30.0,237.016,46.6,21.453,15.957,0.05821846853015531,0.08333333333333334,0.019644089840962047,0.009112655199908873,0.021283676306888922,0.5695628221858682,0.2285714285714286,0.9583333333333334,0.76,0.057931781266919335,83730223.0
551,Germany,2021-07-31,0.0,0.0,237.016,46.6,21.453,15.957,0.05821846853015531,0.08333333333333334,0.019644089840962047,0.009112655199908873,0.021283676306888922,0.5695628221858682,0.2285714285714286,0.9583333333333334,0.76,0.057931781266919335,83730223.0
552,Germany,2021-08-01,0.0,0.0,237.016,46.6,21.453,15.957,0.05821846853015531,0.08333333333333334,0.019644089840962047,0.009112655199908873,0.021283676306888922,0.5695628221858682,0.2285714285714286,0.9583333333333334,0.76,0.057931781266919335,83730223.0
553,Germany,2021-08-02,5344.0,23.0,237.016,46.6,21.453,15.957,0.05821846853015531,0.08333333333333334,0.019644089840962047,0.009112655199908873,0.021283676306888922,0.5695628221858682,0.2285714285714286,0.9583333333333334,0.76,0.057931781266919335,83730223.0
554,Germany,2021-08-03,1766.0,19.0,237.016,46.6,21.453,15.957,0.05821846853015531,0.08333333333333334,0.019644089840962047,0.009112655199908873,0.021283676306888922,0.5695628221858682,0.2285714285714286,0.9583333333333334,0.76,0.057931781266919335,83730223.0
555,Germany,2021-08-04,3571.0,25.0,237.016,46.6,21.453,15.957,0.05821846853015531,0.08333333333333334,0.019644089840962047,0.009112655199908873,0.021283676306888922,0.5695628221858682,0.2285714285714286,0.9583333333333334,0.76,0.057931781266919335,83730223.0
556,Germany,2021-08-05,3539.0,26.0,237.016,46.6,21.453,15.957,0.05821846853015531,0.08333333333333334,0.019644089840962047,0.009112655199908873,0.021283676306888922,0.5695628221858682,0.2285714285714286,0.9583333333333334,0.76,0.057931781266919335,83730223.0
557,Germany,2021-08-06,3448.0,24.0,237.016,46.6,21.453,15.957,0.05821846853015531,0.08333333333333334,0.019644089840962047,0.009112655199908873,0.021283676306888922,0.5695628221858682,0.2285714285714286,0.9583333333333334,0.76,0.057931781266919335,83730223.0
558,Germany,2021-08-07,0.0,0.0,237.016,46.6,21.453,15.957,0.05821846853015531,0.08333333333333334,0.019644089840962047,0.009112655199908873,0.021283676306888922,0.5695628221858682,0.2285714285714286,0.9583333333333334,0.76,0.057931781266919335,83730223.0
559,Germany,2021-08-08,0.0,0.0,237.016,46.6,21.453,15.957,0.05821846853015531,0.08333333333333334,0.019644089840962047,0.009112655199908873,0.021283676306888922,0.5695628221858682,0.2285714285714286,0.9583333333333334,0.76,0.057931781266919335,83730223.0
560,Germany,2021-08-09,7516.0,30.0,237.016,46.6,21.453,15.957,0.05821846853015531,0.08333333333333334,0.019644089840962047,0.009112655199908873,0.021283676306888922,0.5695628221858682,0.2285714285714286,0.9583333333333334,0.76,0.057931781266919335,83730223.0
561,Germany,2021-08-10,2480.0,19.0,237.016,46.6,21.453,15.957,0.05821846853015531,0.08333333333333334,0.019644089840962047,0.009112655199908873,0.021283676306888922,0.5695628221858682,0.2285714285714286,0.9583333333333334,0.76,0.057931781266919335,83730223.0
562,Germany,2021-08-11,4996.0,14.0,237.016,46.6,21.453,15.957,0.05821846853015531,0.08333333333333334,0.019644089840962047,0.009112655199908873,0.021283676306888922,0.5695628221858682,0.2285714285714286,0.9583333333333334,0.76,0.057931781266919335,83730223.0
563,Germany,2021-08-12,5638.0,17.0,237.016,46.6,21.453,15.957,0.05821846853015531,0.08333333333333334,0.019644089840962047,0.009112655199908873,0.021283676306888922,0.5695628221858682,0.2285714285714286,0.9583333333333334,0.76,0.057931781266919335,83730223.0
564,Germany,2021-08-13,5578.0,19.0,237.016,46.6,21.453,15.957,0.05821846853015531,0.08333333333333334,0.019644089840962047,0.009112655199908873,0.021283676306888922,0.5695628221858682,0.2285714285714286,0.9583333333333334,0.76,0.057931781266919335,83730223.0
565,Germany,2021-08-14,0.0,0.0,237.016,46.6,21.453,15.957,0.05821846853015531,0.08333333333333334,0.019644089840962047,0.009112655199908873,0.021283676306888922,0.5695628221858682,0.2285714285714286,0.9583333333333334,0.76,0.057931781266919335,83730223.0
566,Germany,2021-08-15,0.0,0.0,237.016,46.6,21.453,15.957,0.05821846853015531,0.08333333333333334,0.019644089840962047,0.009112655199908873,0.021283676306888922,0.5695628221858682,0.2285714285714286,0.9583333333333334,0.76,0.057931781266919335,83730223.0
567,Germany,2021-08-16,12498.0,18.0,237.016,46.6,21.453,15.957,0.05821846853015531,0.08333333333333334,0.019644089840962047,0.009112655199908873,0.021283676306888922,0.5695628221858682,0.2285714285714286,0.9583333333333334,0.76,0.057931781266919335,83730223.0
568,Germany,2021-08-17,3912.0,28.0,237.016,46.6,21.453,15.957,0.05821846853015531,0.08333333333333334,0.019644089840962047,0.009112655199908873,0.021283676306888922,0.5695628221858682,0.2285714285714286,0.9583333333333334,0.76,0.057931781266919335,83730223.0
569,Germany,2021-08-18,8324.0,22.0,237.016,46.6,21.453,15.957,0.05821846853015531,0.08333333333333334,0.019644089840962047,0.009112655199908873,0.021283676306888922,0.5695628221858682,0.2285714285714286,0.9583333333333334,0.76,0.057931781266919335,83730223.0
570,Germany,2021-08-19,8400.0,22.0,237.016,46.6,21.453,15.957,0.05821846853015531,0.08333333333333334,0.019644089840962047,0.009112655199908873,0.021283676306888922,0.5695628221858682,0.2285714285714286,0.9583333333333334,0.76,0.057931781266919335,83730223.0
571,Germany,2021-08-20,9280.0,13.0,237.016,46.6,21.453,15.957,0.05821846853015531,0.08333333333333334,0.019644089840962047,0.009112655199908873,0.021283676306888922,0.5695628221858682,0.2285714285714286,0.9583333333333334,0.76,0.057931781266919335,83730223.0
572,Germany,2021-08-21,0.0,0.0,237.016,46.6,21.453,15.957,0.05821846853015531,0.08333333333333334,0.019644089840962047,0.009112655199908873,0.021283676306888922,0.5695628221858682,0.2285714285714286,0.9583333333333334,0.76,0.057931781266919335,83730223.0
573,Germany,2021-08-22,0.0,0.0,237.016,46.6,21.453,15.957,0.05821846853015531,0.08333333333333334,0.019644089840962047,0.009112655199908873,0.021283676306888922,0.5695628221858682,0.2285714285714286,0.9583333333333334,0.76,0.057931781266919335,83730223.0
574,Germany,2021-08-23,18810.0,24.0,237.016,46.6,21.453,15.957,0.05821846853015531,0.08333333333333334,0.019644089840962047,0.009112655199908873,0.021283676306888922,0.5695628221858682,0.2285714285714286,0.9583333333333334,0.76,0.057931781266919335,83730223.0
575,Germany,2021-08-24,5747.0,42.0,237.016,46.6,21.453,15.957,0.05821846853015531,0.08333333333333334,0.019644089840962047,0.009112655199908873,0.021283676306888922,0.5695628221858682,0.2285714285714286,0.9583333333333334,0.76,0.057931781266919335,83730223.0
576,Germany,2021-08-25,11561.0,39.0,237.016,46.6,21.453,15.957,0.05821846853015531,0.08333333333333334,0.019644089840962047,0.009112655199908873,0.021283676306888922,0.5695628221858682,0.2285714285714286,0.9583333333333334,0.76,0.057931781266919335,83730223.0
577,Germany,2021-08-26,12626.0,21.0,237.016,46.6,21.453,15.957,0.05821846853015531,0.08333333333333334,0.019644089840962047,0.009112655199908873,0.021283676306888922,0.5695628221858682,0.2285714285714286,0.9583333333333334,0.76,0.057931781266919335,83730223.0
578,Germany,2021-08-27,12029.0,14.0,237.016,46.6,21.453,15.957,0.05821846853015531,0.08333333333333334,0.019644089840962047,0.009112655199908873,0.021283676306888922,0.5695628221858682,0.2285714285714286,0.9583333333333334,0.76,0.057931781266919335,83730223.0
579,Germany,2021-08-28,0.0,0.0,237.016,46.6,21.453,15.957,0.05821846853015531,0.08333333333333334,0.019644089840962047,0.009112655199908873,0.021283676306888922,0.5695628221858682,0.2285714285714286,0.9583333333333334,0.76,0.057931781266919335,83730223.0
580,Germany,2021-08-29,0.0,0.0,237.016,46.6,21.453,15.957,0.05821846853015531,0.08333333333333334,0.019644089840962047,0.009112655199908873,0.021283676306888922,0.5695628221858682,0.2285714285714286,0.9583333333333334,0.76,0.057931781266919335,83730223.0
581,Germany,2021-08-30,23278.0,44.0,237.016,46.6,21.453,15.957,0.05821846853015531,0.08333333333333334,0.019644089840962047,0.009112655199908873,0.021283676306888922,0.5695628221858682,0.2285714285714286,0.9583333333333334,0.76,0.057931781266919335,83730223.0
582,Germany,2021-08-31,5750.0,60.0,237.016,46.6,21.453,15.957,0.05821846853015531,0.08333333333333334,0.019644089840962047,0.009112655199908873,0.021283676306888922,0.5695628221858682,0.2285714285714286,0.9583333333333334,0.76,0.057931781266919335,83730223.0
583,Germany,2021-09-01,13531.0,23.0,237.016,46.6,21.453,15.957,0.05821846853015531,0.08333333333333334,0.019644089840962047,0.009112655199908873,0.021283676306888922,0.5695628221858682,0.2285714285714286,0.9583333333333334,0.76,0.057931781266919335,83730223.0
584,Germany,2021-09-02,13715.0,33.0,237.016,46.6,21.453,15.957,0.05821846853015531,0.08333333333333334,0.019644089840962047,0.009112655199908873,0.021283676306888922,0.5695628221858682,0.2285714285714286,0.9583333333333334,0.76,0.057931781266919335,83730223.0
585,Germany,2021-09-03,14251.0,45.0,237.016,46.6,21.453,15.957,0.05821846853015531,0.08333333333333334,0.019644089840962047,0.009112655199908873,0.021283676306888922,0.5695628221858682,0.2285714285714286,0.9583333333333334,0.76,0.057931781266919335,83730223.0
586,Germany,2021-09-04,0.0,0.0,237.016,46.6,21.453,15.957,0.05821846853015531,0.08333333333333334,0.019644089840962047,0.009112655199908873,0.021283676306888922,0.5695628221858682,0.2285714285714286,0.9583333333333334,0.76,0.057931781266919335,83730223.0
587,Germany,2021-09-05,0.0,0.0,237.016,46.6,21.453,15.957,0.05821846853015531,0.08333333333333334,0.019644089840962047,0.009112655199908873,0.021283676306888922,0.5695628221858682,0.2285714285714286,0.9583333333333334,0.76,0.057931781266919335,83730223.0
588,Germany,2021-09-06,26037.0,53.0,237.016,46.6,21.453,15.957,0.05821846853015531,0.08333333333333334,0.019644089840962047,0.009112655199908873,0.021283676306888922,0.5695628221858682,0.2285714285714286,0.9583333333333334,0.76,0.057931781266919335,83730223.0
589,Germany,2021-09-07,6726.0,59.0,237.016,46.6,21.453,15.957,0.05821846853015531,0.08333333333333334,0.019644089840962047,0.009112655199908873,0.021283676306888922,0.5695628221858682,0.2285714285714286,0.9583333333333334,0.76,0.057931781266919335,83730223.0
590,Germany,2021-09-08,13565.0,35.0,237.016,46.6,21.453,15.957,0.05821846853015531,0.08333333333333334,0.019644089840962047,0.009112655199908873,0.021283676306888922,0.5695628221858682,0.2285714285714286,0.9583333333333334,0.76,0.057931781266919335,83730223.0
591,Germany,2021-09-09,15431.0,50.0,237.016,46.6,21.453,15.957,0.05821846853015531,0.08333333333333334,0.019644089840962047,0.009112655199908873,0.021283676306888922,0.5695628221858682,0.2285714285714286,0.9583333333333334,0.76,0.057931781266919335,83730223.0
592,Germany,2021-09-10,12969.0,55.0,237.016,46.6,21.453,15.957,0.05821846853015531,0.08333333333333334,0.019644089840962047,0.009112655199908873,0.021283676306888922,0.5695628221858682,0.2285714285714286,0.9583333333333334,0.76,0.057931781266919335,83730223.0
593,Germany,2021-09-11,0.0,0.0,237.016,46.6,21.453,15.957,0.05821846853015531,0.08333333333333334,0.019644089840962047,0.009112655199908873,0.021283676306888922,0.5695628221858682,0.2285714285714286,0.9583333333333334,0.76,0.057931781266919335,83730223.0
594,Germany,2021-09-12,0.0,0.0,237.016,46.6,21.453,15.957,0.05821846853015531,0.08333333333333334,0.019644089840962047,0.009112655199908873,0.021283676306888922,0.5695628221858682,0.2285714285714286,0.9583333333333334,0.76,0.057931781266919335,83730223.0
595,Germany,2021-09-13,24070.0,65.0,237.016,46.6,21.453,15.957,0.05821846853015531,0.08333333333333334,0.019644089840962047,0.009112655199908873,0.021283676306888922,0.5695628221858682,0.2285714285714286,0.9583333333333334,0.76,0.057931781266919335,83730223.0
596,Germany,2021-09-14,6325.0,68.0,237.016,46.6,21.453,15.957,0.05821846853015531,0.08333333333333334,0.019644089840962047,0.009112655199908873,0.021283676306888922,0.5695628221858682,0.2285714285714286,0.9583333333333334,0.76,0.057931781266919335,83730223.0
597,Germany,2021-09-15,12455.0,83.0,237.016,46.6,21.453,15.957,0.05821846853015531,0.08333333333333334,0.019644089840962047,0.009112655199908873,0.021283676306888922,0.5695628221858682,0.2285714285714286,0.9583333333333334,0.76,0.057931781266919335,83730223.0
598,Germany,2021-09-16,12925.0,68.0,237.016,46.6,21.453,15.957,0.05821846853015531,0.08333333333333334,0.019644089840962047,0.009112655199908873,0.021283676306888922,0.5695628221858682,0.2285714285714286,0.9583333333333334,0.76,0.057931781266919335,83730223.0
599,Germany,2021-09-17,11022.0,20.0,237.016,46.6,21.453,15.957,0.05821846853015531,0.08333333333333334,0.019644089840962047,0.009112655199908873,0.021283676306888922,0.5695628221858682,0.2285714285714286,0.9583333333333334,0.76,0.057931781266919335,83730223.0
600,Germany,2021-09-18,0.0,0.0,237.016,46.6,21.453,15.957,0.05821846853015531,0.08333333333333334,0.019644089840962047,0.009112655199908873,0.021283676306888922,0.5695628221858682,0.2285714285714286,0.9583333333333334,0.76,0.057931781266919335,83730223.0
601,Germany,2021-09-19,0.0,0.0,237.016,46.6,21.453,15.957,0.05821846853015531,0.08333333333333334,0.019644089840962047,0.009112655199908873,0.021283676306888922,0.5695628221858682,0.2285714285714286,0.9583333333333334,0.76,0.057931781266919335,83730223.0
602,Germany,2021-09-20,19974.0,114.0,237.016,46.6,21.453,15.957,0.05821846853015531,0.08333333333333334,0.019644089840962047,0.009112655199908873,0.021283676306888922,0.5695628221858682,0.2285714285714286,0.9583333333333334,0.76,0.057931781266919335,83730223.0
603,Germany,2021-09-21,4664.0,81.0,237.016,46.6,21.453,15.957,0.05821846853015531,0.08333333333333334,0.019644089840962047,0.009112655199908873,0.021283676306888922,0.5695628221858682,0.2285714285714286,0.9583333333333334,0.76,0.057931781266919335,83730223.0
604,Germany,2021-09-22,10454.0,71.0,237.016,46.6,21.453,15.957,0.05821846853015531,0.08333333333333334,0.019644089840962047,0.009112655199908873,0.021283676306888922,0.5695628221858682,0.2285714285714286,0.9583333333333334,0.76,0.057931781266919335,83730223.0
605,Germany,2021-09-23,10696.0,115.0,237.016,46.6,21.453,15.957,0.05821846853015531,0.08333333333333334,0.019644089840962047,0.009112655199908873,0.021283676306888922,0.5695628221858682,0.2285714285714286,0.9583333333333334,0.76,0.057931781266919335,83730223.0
606,Germany,2021-09-24,9727.0,65.0,237.016,46.6,21.453,15.957,0.05821846853015531,0.08333333333333334,0.019644089840962047,0.009112655199908873,0.021283676306888922,0.5695628221858682,0.2285714285714286,0.9583333333333334,0.76,0.057931781266919335,83730223.0
607,Germany,2021-09-25,0.0,0.0,237.016,46.6,21.453,15.957,0.05821846853015531,0.08333333333333334,0.019644089840962047,0.009112655199908873,0.021283676306888922,0.5695628221858682,0.2285714285714286,0.9583333333333334,0.76,0.057931781266919335,83730223.0
608,Germany,2021-09-26,0.0,0.0,237.016,46.6,21.453,15.957,0.05821846853015531,0.08333333333333334,0.019644089840962047,0.009112655199908873,0.021283676306888922,0.5695628221858682,0.2285714285714286,0.9583333333333334,0.76,0.057931781266919335,83730223.0
609,Germany,2021-09-27,18007.0,100.0,237.016,46.6,21.453,15.957,0.05821846853015531,0.08333333333333334,0.019644089840962047,0.009112655199908873,0.021283676306888922,0.5695628221858682,0.2285714285714286,0.9583333333333334,0.76,0.057931781266919335,83730223.0
610,Germany,2021-09-28,4171.0,101.0,237.016,46.6,21.453,15.957,0.05821846853015531,0.08333333333333334,0.019644089840962047,0.009112655199908873,0.021283676306888922,0.5695628221858682,0.2285714285714286,0.9583333333333334,0.76,0.057931781266919335,83730223.0
611,Germany,2021-09-29,11780.0,67.0,237.016,46.6,21.453,15.957,0.05821846853015531,0.08333333333333334,0.019644089840962047,0.009112655199908873,0.021283676306888922,0.5695628221858682,0.2285714285714286,0.9583333333333334,0.76,0.057931781266919335,83730223.0
612,Germany,2021-09-30,12150.0,67.0,237.016,46.6,21.453,15.957,0.05821846853015531,0.08333333333333334,0.019644089840962047,0.009112655199908873,0.021283676306888922,0.5695628221858682,0.2285714285714286,0.9583333333333334,0.76,0.057931781266919335,83730223.0
613,Germany,2021-10-01,10118.0,73.0,237.016,46.6,21.453,15.957,0.05821846853015531,0.08333333333333334,0.019644089840962047,0.009112655199908873,0.021283676306888922,0.5695628221858682,0.2285714285714286,0.9583333333333334,0.76,0.057931781266919335,83730223.0
614,Germany,2021-10-02,0.0,0.0,237.016,46.6,21.453,15.957,0.05821846853015531,0.08333333333333334,0.019644089840962047,0.009112655199908873,0.021283676306888922,0.5695628221858682,0.2285714285714286,0.9583333333333334,0.76,0.057931781266919335,83730223.0
615,Germany,2021-10-03,0.0,0.0,237.016,46.6,21.453,15.957,0.05821846853015531,0.08333333333333334,0.019644089840962047,0.009112655199908873,0.021283676306888922,0.5695628221858682,0.2285714285714286,0.9583333333333334,0.76,0.057931781266919335,83730223.0
616,Germany,2021-10-04,17769.0,82.0,237.016,46.6,21.453,15.957,0.05821846853015531,0.08333333333333334,0.019644089840962047,0.009112655199908873,0.021283676306888922,0.5695628221858682,0.2285714285714286,0.9583333333333334,0.76,0.057931781266919335,83730223.0
617,Germany,2021-10-05,4799.0,90.0,237.016,46.6,21.453,15.957,0.05821846853015531,0.08333333333333334,0.019644089840962047,0.009112655199908873,0.021283676306888922,0.5695628221858682,0.2285714285714286,0.9583333333333334,0.76,0.057931781266919335,83730223.0
618,Germany,2021-10-06,11547.0,76.0,237.016,46.6,21.453,15.957,0.05821846853015531,0.08333333333333334,0.019644089840962047,0.009112655199908873,0.021283676306888922,0.5695628221858682,0.2285714285714286,0.9583333333333334,0.76,0.057931781266919335,83730223.0
619,Germany,2021-10-07,11644.0,68.0,237.016,46.6,21.453,15.957,0.05821846853015531,0.08333333333333334,0.019644089840962047,0.009112655199908873,0.021283676306888922,0.5695628221858682,0.2285714285714286,0.9583333333333334,0.76,0.057931781266919335,83730223.0
620,Germany,2021-10-08,10429.0,86.0,237.016,46.6,21.453,15.957,0.05821846853015531,0.08333333333333334,0.019644089840962047,0.009112655199908873,0.021283676306888922,0.5695628221858682,0.2285714285714286,0.9583333333333334,0.76,0.057931781266919335,83730223.0
621,Germany,2021-10-09,0.0,0.0,237.016,46.6,21.453,15.957,0.05821846853015531,0.08333333333333334,0.019644089840962047,0.009112655199908873,0.021283676306888922,0.5695628221858682,0.2285714285714286,0.9583333333333334,0.76,0.057931781266919335,83730223.0
622,Germany,2021-10-10,0.0,0.0,237.016,46.6,21.453,15.957,0.05821846853015531,0.08333333333333334,0.019644089840962047,0.009112655199908873,0.021283676306888922,0.5695628221858682,0.2285714285714286,0.9583333333333334,0.76,0.057931781266919335,83730223.0
623,Germany,2021-10-11,19577.0,96.0,237.016,46.6,21.453,15.957,0.05821846853015531,0.08333333333333334,0.019644089840962047,0.009112655199908873,0.021283676306888922,0.5695628221858682,0.2285714285714286,0.9583333333333334,0.76,0.057931781266919335,83730223.0
624,Germany,2021-10-12,4971.0,88.0,237.016,46.6,21.453,15.957,0.05821846853015531,0.08333333333333334,0.019644089840962047,0.009112655199908873,0.021283676306888922,0.5695628221858682,0.2285714285714286,0.9583333333333334,0.76,0.057931781266919335,83730223.0
625,Germany,2021-10-13,11903.0,92.0,237.016,46.6,21.453,15.957,0.05821846853015531,0.08333333333333334,0.019644089840962047,0.009112655199908873,0.021283676306888922,0.5695628221858682,0.2285714285714286,0.9583333333333334,0.76,0.057931781266919335,83730223.0
626,Germany,2021-10-14,12382.0,72.0,237.016,46.6,21.453,15.957,0.05821846853015531,0.08333333333333334,0.019644089840962047,0.009112655199908873,0.021283676306888922,0.5695628221858682,0.2285714285714286,0.9583333333333334,0.76,0.057931781266919335,83730223.0
627,Germany,2021-10-15,11518.0,65.0,237.016,46.6,21.453,15.957,0.05821846853015531,0.08333333333333334,0.019644089840962047,0.009112655199908873,0.021283676306888922,0.5695628221858682,0.2285714285714286,0.9583333333333334,0.76,0.057931781266919335,83730223.0
628,Germany,2021-10-16,0.0,0.0,237.016,46.6,21.453,15.957,0.05821846853015531,0.08333333333333334,0.019644089840962047,0.009112655199908873,0.021283676306888922,0.5695628221858682,0.2285714285714286,0.9583333333333334,0.76,0.057931781266919335,83730223.0
629,Germany,2021-10-17,0.0,0.0,237.016,46.6,21.453,15.957,0.05821846853015531,0.08333333333333334,0.019644089840962047,0.009112655199908873,0.021283676306888922,0.5695628221858682,0.2285714285714286,0.9583333333333334,0.76,0.057931781266919335,83730223.0
630,Germany,2021-10-18,23687.0,102.0,237.016,46.6,21.453,15.957,0.05821846853015531,0.08333333333333334,0.019644089840962047,0.009112655199908873,0.021283676306888922,0.5695628221858682,0.2285714285714286,0.9583333333333334,0.76,0.057931781266919335,83730223.0
631,Germany,2021-10-19,6771.0,88.0,237.016,46.6,21.453,15.957,0.05821846853015531,0.08333333333333334,0.019644089840962047,0.009112655199908873,0.021283676306888922,0.5695628221858682,0.2285714285714286,0.9583333333333334,0.76,0.057931781266919335,83730223.0
632,Germany,2021-10-20,17015.0,92.0,237.016,46.6,21.453,15.957,0.05821846853015531,0.08333333333333334,0.019644089840962047,0.009112655199908873,0.021283676306888922,0.5695628221858682,0.2285714285714286,0.9583333333333334,0.76,0.057931781266919335,83730223.0
633,Germany,2021-10-21,16077.0,67.0,237.016,46.6,21.453,15.957,0.05821846853015531,0.08333333333333334,0.019644089840962047,0.009112655199908873,0.021283676306888922,0.5695628221858682,0.2285714285714286,0.9583333333333334,0.76,0.057931781266919335,83730223.0
634,Germany,2021-10-22,19572.0,116.0,237.016,46.6,21.453,15.957,0.05821846853015531,0.08333333333333334,0.019644089840962047,0.009112655199908873,0.021283676306888922,0.5695628221858682,0.2285714285714286,0.9583333333333334,0.76,0.057931781266919335,83730223.0
635,Germany,2021-10-23,0.0,0.0,237.016,46.6,21.453,15.957,0.05821846853015531,0.08333333333333334,0.019644089840962047,0.009112655199908873,0.021283676306888922,0.5695628221858682,0.2285714285714286,0.9583333333333334,0.76,0.057931781266919335,83730223.0
636,Germany,2021-10-24,0.0,0.0,237.016,46.6,21.453,15.957,0.05821846853015531,0.08333333333333334,0.019644089840962047,0.009112655199908873,0.021283676306888922,0.5695628221858682,0.2285714285714286,0.9583333333333334,0.76,0.057931781266919335,83730223.0
637,Germany,2021-10-25,35450.0,126.0,237.016,46.6,21.453,15.957,0.05821846853015531,0.08333333333333334,0.019644089840962047,0.009112655199908873,0.021283676306888922,0.5695628221858682,0.2285714285714286,0.9583333333333334,0.76,0.057931781266919335,83730223.0
638,Germany,2021-10-26,10473.0,128.0,237.016,46.6,21.453,15.957,0.05821846853015531,0.08333333333333334,0.019644089840962047,0.009112655199908873,0.021283676306888922,0.5695628221858682,0.2285714285714286,0.9583333333333334,0.76,0.057931781266919335,83730223.0
639,Germany,2021-10-27,23212.0,114.0,237.016,46.6,21.453,15.957,0.05821846853015531,0.08333333333333334,0.019644089840962047,0.009112655199908873,0.021283676306888922,0.5695628221858682,0.2285714285714286,0.9583333333333334,0.76,0.057931781266919335,83730223.0
640,Germany,2021-10-28,28037.0,126.0,237.016,46.6,21.453,15.957,0.05821846853015531,0.08333333333333334,0.019644089840962047,0.009112655199908873,0.021283676306888922,0.5695628221858682,0.2285714285714286,0.9583333333333334,0.76,0.057931781266919335,83730223.0
641,Germany,2021-10-29,24668.0,121.0,237.016,46.6,21.453,15.957,0.05821846853015531,0.08333333333333334,0.019644089840962047,0.009112655199908873,0.021283676306888922,0.5695628221858682,0.2285714285714286,0.9583333333333334,0.76,0.057931781266919335,83730223.0
642,Germany,2021-10-30,0.0,0.0,237.016,46.6,21.453,15.957,0.05821846853015531,0.08333333333333334,0.019644089840962047,0.009112655199908873,0.021283676306888922,0.5695628221858682,0.2285714285714286,0.9583333333333334,0.76,0.057931781266919335,83730223.0
643,Germany,2021-10-31,0.0,0.0,237.016,46.6,21.453,15.957,0.05821846853015531,0.08333333333333334,0.019644089840962047,0.009112655199908873,0.021283676306888922,0.5695628221858682,0.2285714285714286,0.9583333333333334,0.76,0.057931781266919335,83730223.0
644,Germany,2021-11-01,48088.0,146.0,237.016,46.6,21.453,15.957,0.05821846853015531,0.08333333333333334,0.019644089840962047,0.009112655199908873,0.021283676306888922,0.5695628221858682,0.2285714285714286,0.9583333333333334,0.76,0.057931781266919335,83730223.0
645,Germany,2021-11-02,10813.0,81.0,237.016,46.6,21.453,15.957,0.05821846853015531,0.08333333333333334,0.019644089840962047,0.009112655199908873,0.021283676306888922,0.5695628221858682,0.2285714285714286,0.9583333333333334,0.76,0.057931781266919335,83730223.0
646,Germany,2021-11-03,20398.0,194.0,237.016,46.6,21.453,15.957,0.05821846853015531,0.08333333333333334,0.019644089840962047,0.009112655199908873,0.021283676306888922,0.5695628221858682,0.2285714285714286,0.9583333333333334,0.76,0.057931781266919335,83730223.0
647,Germany,2021-11-04,33949.0,165.0,237.016,46.6,21.453,15.957,0.05821846853015531,0.08333333333333334,0.019644089840962047,0.009112655199908873,0.021283676306888922,0.5695628221858682,0.2285714285714286,0.9583333333333334,0.76,0.057931781266919335,83730223.0
648,Germany,2021-11-05,37120.0,154.0,237.016,46.6,21.453,15.957,0.05821846853015531,0.08333333333333334,0.019644089840962047,0.009112655199908873,0.021283676306888922,0.5695628221858682,0.2285714285714286,0.9583333333333334,0.76,0.057931781266919335,83730223.0
649,Germany,2021-11-06,0.0,0.0,237.016,46.6,21.453,15.957,0.05821846853015531,0.08333333333333334,0.019644089840962047,0.009112655199908873,0.021283676306888922,0.5695628221858682,0.2285714285714286,0.9583333333333334,0.76,0.057931781266919335,83730223.0
650,Germany,2021-11-07,0.0,0.0,237.016,46.6,21.453,15.957,0.05821846853015531,0.08333333333333334,0.019644089840962047,0.009112655199908873,0.021283676306888922,0.5695628221858682,0.2285714285714286,0.9583333333333334,0.76,0.057931781266919335,83730223.0
651,Germany,2021-11-08,73058.0,212.0,237.016,46.6,21.453,15.957,0.05821846853015531,0.08333333333333334,0.019644089840962047,0.009112655199908873,0.021283676306888922,0.5695628221858682,0.2285714285714286,0.9583333333333334,0.76,0.057931781266919335,83730223.0
652,Germany,2021-11-09,21832.0,169.0,237.016,46.6,21.453,15.957,0.05821846853015531,0.08333333333333334,0.019644089840962047,0.009112655199908873,0.021283676306888922,0.5695628221858682,0.2285714285714286,0.9583333333333334,0.76,0.057931781266919335,83730223.0
653,Germany,2021-11-10,39676.0,236.0,237.016,46.6,21.453,15.957,0.05821846853015531,0.08333333333333334,0.019644089840962047,0.009112655199908873,0.021283676306888922,0.5695628221858682,0.2285714285714286,0.9583333333333334,0.76,0.057931781266919335,83730223.0
654,Germany,2021-11-11,50196.0,235.0,237.016,46.6,21.453,15.957,0.05821846853015531,0.08333333333333334,0.019644089840962047,0.009112655199908873,0.021283676306888922,0.5695628221858682,0.2285714285714286,0.9583333333333334,0.76,0.057931781266919335,83730223.0
655,Germany,2021-11-12,48640.0,191.0,237.016,46.6,21.453,15.957,0.05821846853015531,0.08333333333333334,0.019644089840962047,0.009112655199908873,0.021283676306888922,0.5695628221858682,0.2285714285714286,0.9583333333333334,0.76,0.057931781266919335,83730223.0
656,Germany,2021-11-13,0.0,0.0,237.016,46.6,21.453,15.957,0.05821846853015531,0.08333333333333334,0.019644089840962047,0.009112655199908873,0.021283676306888922,0.5695628221858682,0.2285714285714286,0.9583333333333334,0.76,0.057931781266919335,83730223.0
657,Germany,2021-11-14,0.0,0.0,237.016,46.6,21.453,15.957,0.05821846853015531,0.08333333333333334,0.019644089840962047,0.009112655199908873,0.021283676306888922,0.5695628221858682,0.2285714285714286,0.9583333333333334,0.76,0.057931781266919335,83730223.0
658,Germany,2021-11-15,102186.0,326.0,237.016,46.6,21.453,15.957,0.05821846853015531,0.08333333333333334,0.019644089840962047,0.009112655199908873,0.021283676306888922,0.5695628221858682,0.2285714285714286,0.9583333333333334,0.76,0.057931781266919335,83730223.0
659,Germany,2021-11-16,32048.0,265.0,237.016,46.6,21.453,15.957,0.05821846853015531,0.08333333333333334,0.019644089840962047,0.009112655199908873,0.021283676306888922,0.5695628221858682,0.2285714285714286,0.9583333333333334,0.76,0.057931781266919335,83730223.0
660,Germany,2021-11-17,52826.0,294.0,237.016,46.6,21.453,15.957,0.05821846853015531,0.08333333333333334,0.019644089840962047,0.009112655199908873,0.021283676306888922,0.5695628221858682,0.2285714285714286,0.9583333333333334,0.76,0.057931781266919335,83730223.0
661,Germany,2021-11-18,65371.0,264.0,237.016,46.6,21.453,15.957,0.05821846853015531,0.08333333333333334,0.019644089840962047,0.009112655199908873,0.021283676306888922,0.5695628221858682,0.2285714285714286,0.9583333333333334,0.76,0.057931781266919335,83730223.0
662,Germany,2021-11-19,52970.0,201.0,237.016,46.6,21.453,15.957,0.05821846853015531,0.08333333333333334,0.019644089840962047,0.009112655199908873,0.021283676306888922,0.5695628221858682,0.2285714285714286,0.9583333333333334,0.76,0.057931781266919335,83730223.0
663,Germany,2021-11-20,0.0,0.0,237.016,46.6,21.453,15.957,0.05821846853015531,0.08333333333333334,0.019644089840962047,0.009112655199908873,0.021283676306888922,0.5695628221858682,0.2285714285714286,0.9583333333333334,0.76,0.057931781266919335,83730223.0
664,Germany,2021-11-21,0.0,0.0,237.016,46.6,21.453,15.957,0.05821846853015531,0.08333333333333334,0.019644089840962047,0.009112655199908873,0.021283676306888922,0.5695628221858682,0.2285714285714286,0.9583333333333334,0.76,0.057931781266919335,83730223.0
665,Germany,2021-11-22,137294.0,385.0,237.016,46.6,21.453,15.957,0.05821846853015531,0.08333333333333334,0.019644089840962047,0.009112655199908873,0.021283676306888922,0.5695628221858682,0.2285714285714286,0.9583333333333334,0.76,0.057931781266919335,83730223.0
666,Germany,2021-11-23,45326.0,309.0,237.016,46.6,21.453,15.957,0.05821846853015531,0.08333333333333334,0.019644089840962047,0.009112655199908873,0.021283676306888922,0.5695628221858682,0.2285714285714286,0.9583333333333334,0.76,0.057931781266919335,83730223.0
667,Germany,2021-11-24,66884.0,335.0,237.016,46.6,21.453,15.957,0.05821846853015531,0.08333333333333334,0.019644089840962047,0.009112655199908873,0.021283676306888922,0.5695628221858682,0.2285714285714286,0.9583333333333334,0.76,0.057931781266919335,83730223.0
668,Germany,2021-11-25,75961.0,351.0,237.016,46.6,21.453,15.957,0.05821846853015531,0.08333333333333334,0.019644089840962047,0.009112655199908873,0.021283676306888922,0.5695628221858682,0.2285714285714286,0.9583333333333334,0.76,0.057931781266919335,83730223.0
669,Germany,2021-11-26,76414.0,357.0,237.016,46.6,21.453,15.957,0.05821846853015531,0.08333333333333334,0.019644089840962047,0.009112655199908873,0.021283676306888922,0.5695628221858682,0.2285714285714286,0.9583333333333334,0.76,0.057931781266919335,83730223.0
670,Germany,2021-11-27,0.0,0.0,237.016,46.6,21.453,15.957,0.05821846853015531,0.08333333333333334,0.019644089840962047,0.009112655199908873,0.021283676306888922,0.5695628221858682,0.2285714285714286,0.9583333333333334,0.76,0.057931781266919335,83730223.0
671,Germany,2021-11-28,0.0,0.0,237.016,46.6,21.453,15.957,0.05821846853015531,0.08333333333333334,0.019644089840962047,0.009112655199908873,0.021283676306888922,0.5695628221858682,0.2285714285714286,0.9583333333333334,0.76,0.057931781266919335,83730223.0
672,Germany,2021-11-29,140890.0,480.0,237.016,46.6,21.453,15.957,0.05821846853015531,0.08333333333333334,0.019644089840962047,0.009112655199908873,0.021283676306888922,0.5695628221858682,0.2285714285714286,0.9583333333333334,0.76,0.057931781266919335,83730223.0
673,Germany,2021-11-30,45753.0,388.0,237.016,46.6,21.453,15.957,0.05821846853015531,0.08333333333333334,0.019644089840962047,0.009112655199908873,0.021283676306888922,0.5695628221858682,0.2285714285714286,0.9583333333333334,0.76,0.057931781266919335,83730223.0
674,Germany,2021-12-01,67186.0,446.0,237.016,46.6,21.453,15.957,0.05821846853015531,0.08333333333333334,0.019644089840962047,0.009112655199908873,0.021283676306888922,0.5695628221858682,0.2285714285714286,0.9583333333333334,0.76,0.057931781266919335,83730223.0
675,Germany,2021-12-02,73209.0,388.0,237.016,46.6,21.453,15.957,0.05821846853015531,0.08333333333333334,0.019644089840962047,0.009112655199908873,0.021283676306888922,0.5695628221858682,0.2285714285714286,0.9583333333333334,0.76,0.057931781266919335,83730223.0
676,Germany,2021-12-03,74352.0,390.0,237.016,46.6,21.453,15.957,0.05821846853015531,0.08333333333333334,0.019644089840962047,0.009112655199908873,0.021283676306888922,0.5695628221858682,0.2285714285714286,0.9583333333333334,0.76,0.057931781266919335,83730223.0
677,Germany,2021-12-04,0.0,0.0,237.016,46.6,21.453,15.957,0.05821846853015531,0.08333333333333334,0.019644089840962047,0.009112655199908873,0.021283676306888922,0.5695628221858682,0.2285714285714286,0.9583333333333334,0.76,0.057931781266919335,83730223.0
678,Germany,2021-12-05,0.0,0.0,237.016,46.6,21.453,15.957,0.05821846853015531,0.08333333333333334,0.019644089840962047,0.009112655199908873,0.021283676306888922,0.5695628221858682,0.2285714285714286,0.9583333333333334,0.76,0.057931781266919335,83730223.0
679,Germany,2021-12-06,134401.0,553.0,237.016,46.6,21.453,15.957,0.05821846853015531,0.08333333333333334,0.019644089840962047,0.009112655199908873,0.021283676306888922,0.5695628221858682,0.2285714285714286,0.9583333333333334,0.76,0.057931781266919335,83730223.0
680,Germany,2021-12-07,36059.0,399.0,237.016,46.6,21.453,15.957,0.05821846853015531,0.08333333333333334,0.019644089840962047,0.009112655199908873,0.021283676306888922,0.5695628221858682,0.2285714285714286,0.9583333333333334,0.76,0.057931781266919335,83730223.0
681,Germany,2021-12-08,69601.0,527.0,237.016,46.6,21.453,15.957,0.05821846853015531,0.08333333333333334,0.019644089840962047,0.009112655199908873,0.021283676306888922,0.5695628221858682,0.2285714285714286,0.9583333333333334,0.76,0.057931781266919335,83730223.0
682,Germany,2021-12-09,70611.0,465.0,237.016,46.6,21.453,15.957,0.05821846853015531,0.08333333333333334,0.019644089840962047,0.009112655199908873,0.021283676306888922,0.5695628221858682,0.2285714285714286,0.9583333333333334,0.76,0.057931781266919335,83730223.0
683,Germany,2021-12-10,61288.0,484.0,237.016,46.6,21.453,15.957,0.05821846853015531,0.08333333333333334,0.019644089840962047,0.009112655199908873,0.021283676306888922,0.5695628221858682,0.2285714285714286,0.9583333333333334,0.76,0.057931781266919335,83730223.0
684,Germany,2021-12-11,0.0,0.0,237.016,46.6,21.453,15.957,0.05821846853015531,0.08333333333333334,0.019644089840962047,0.009112655199908873,0.021283676306888922,0.5695628221858682,0.2285714285714286,0.9583333333333334,0.76,0.057931781266919335,83730223.0
685,Germany,2021-12-12,0.0,0.0,237.016,46.6,21.453,15.957,0.05821846853015531,0.08333333333333334,0.019644089840962047,0.009112655199908873,0.021283676306888922,0.5695628221858682,0.2285714285714286,0.9583333333333334,0.76,0.057931781266919335,83730223.0
686,Germany,2021-12-13,108086.0,758.0,237.016,46.6,21.453,15.957,0.05821846853015531,0.08333333333333334,0.019644089840962047,0.009112655199908873,0.021283676306888922,0.5695628221858682,0.2285714285714286,0.9583333333333334,0.76,0.057931781266919335,83730223.0
687,Germany,2021-12-14,30823.0,473.0,237.016,46.6,21.453,15.957,0.05821846853015531,0.08333333333333334,0.019644089840962047,0.009112655199908873,0.021283676306888922,0.5695628221858682,0.2285714285714286,0.9583333333333334,0.76,0.057931781266919335,83730223.0
688,Germany,2021-12-15,51301.0,453.0,237.016,46.6,21.453,15.957,0.05821846853015531,0.08333333333333334,0.019644089840962047,0.009112655199908873,0.021283676306888922,0.5695628221858682,0.2285714285714286,0.9583333333333334,0.76,0.057931781266919335,83730223.0
689,Germany,2021-12-16,56677.0,522.0,237.016,46.6,21.453,15.957,0.05821846853015531,0.08333333333333334,0.019644089840962047,0.009112655199908873,0.021283676306888922,0.5695628221858682,0.2285714285714286,0.9583333333333334,0.76,0.057931781266919335,83730223.0
690,Germany,2021-12-17,50968.0,437.0,237.016,46.6,21.453,15.957,0.05821846853015531,0.08333333333333334,0.019644089840962047,0.009112655199908873,0.021283676306888922,0.5695628221858682,0.2285714285714286,0.9583333333333334,0.76,0.057931781266919335,83730223.0
691,Germany,2021-12-18,0.0,0.0,237.016,46.6,21.453,15.957,0.05821846853015531,0.08333333333333334,0.019644089840962047,0.009112655199908873,0.021283676306888922,0.5695628221858682,0.2285714285714286,0.9583333333333334,0.76,0.057931781266919335,83730223.0
692,Germany,2021-12-19,0.0,0.0,237.016,46.6,21.453,15.957,0.05821846853015531,0.08333333333333334,0.019644089840962047,0.009112655199908873,0.021283676306888922,0.5695628221858682,0.2285714285714286,0.9583333333333334,0.76,0.057931781266919335,83730223.0
693,Germany,2021-12-20,88247.0,713.0,237.016,46.6,21.453,15.957,0.05821846853015531,0.08333333333333334,0.019644089840962047,0.009112655199908873,0.021283676306888922,0.5695628221858682,0.2285714285714286,0.9583333333333334,0.76,0.057931781266919335,83730223.0
694,Germany,2021-12-21,23428.0,462.0,237.016,46.6,21.453,15.957,0.05821846853015531,0.08333333333333334,0.019644089840962047,0.009112655199908873,0.021283676306888922,0.5695628221858682,0.2285714285714286,0.9583333333333334,0.76,0.057931781266919335,83730223.0
695,Germany,2021-12-22,45659.0,510.0,237.016,46.6,21.453,15.957,0.05821846853015531,0.08333333333333334,0.019644089840962047,0.009112655199908873,0.021283676306888922,0.5695628221858682,0.2285714285714286,0.9583333333333334,0.76,0.057931781266919335,83730223.0
696,Germany,2021-12-23,44927.0,425.0,237.016,46.6,21.453,15.957,0.05821846853015531,0.08333333333333334,0.019644089840962047,0.009112655199908873,0.021283676306888922,0.5695628221858682,0.2285714285714286,0.9583333333333334,0.76,0.057931781266919335,83730223.0
697,Germany,2021-12-24,0.0,0.0,237.016,46.6,21.453,15.957,0.05821846853015531,0.08333333333333334,0.019644089840962047,0.009112655199908873,0.021283676306888922,0.5695628221858682,0.2285714285714286,0.9583333333333334,0.76,0.057931781266919335,83730223.0
698,Germany,2021-12-25,0.0,0.0,237.016,46.6,21.453,15.957,0.05821846853015531,0.08333333333333334,0.019644089840962047,0.009112655199908873,0.021283676306888922,0.5695628221858682,0.2285714285714286,0.9583333333333334,0.76,0.057931781266919335,83730223.0
699,Germany,2021-12-26,0.0,0.0,237.016,46.6,21.453,15.957,0.05821846853015531,0.08333333333333334,0.019644089840962047,0.009112655199908873,0.021283676306888922,0.5695628221858682,0.2285714285714286,0.9583333333333334,0.76,0.057931781266919335,83730223.0
700,Germany,2021-12-27,81653.0,684.0,237.016,46.6,21.453,15.957,0.05821846853015531,0.08333333333333334,0.019644089840962047,0.009112655199908873,0.021283676306888922,0.5695628221858682,0.2285714285714286,0.9583333333333334,0.76,0.057931781266919335,83730223.0
701,Germany,2021-12-28,21080.0,372.0,237.016,46.6,21.453,15.957,0.05821846853015531,0.08333333333333334,0.019644089840962047,0.009112655199908873,0.021283676306888922,0.5695628221858682,0.2285714285714286,0.9583333333333334,0.76,0.057931781266919335,83730223.0
702,Germany,2021-12-29,40043.0,414.0,237.016,46.6,21.453,15.957,0.05821846853015531,0.08333333333333334,0.019644089840962047,0.009112655199908873,0.021283676306888922,0.5695628221858682,0.2285714285714286,0.9583333333333334,0.76,0.057931781266919335,83730223.0
703,Germany,2021-12-30,42770.0,383.0,237.016,46.6,21.453,15.957,0.05821846853015531,0.08333333333333334,0.019644089840962047,0.009112655199908873,0.021283676306888922,0.5695628221858682,0.2285714285714286,0.9583333333333334,0.76,0.057931781266919335,83730223.0
704,Germany,2021-12-31,0.0,0.0,237.016,46.6,21.453,15.957,0.05821846853015531,0.08333333333333334,0.019644089840962047,0.009112655199908873,0.021283676306888922,0.5695628221858682,0.2285714285714286,0.9583333333333334,0.76,0.057931781266919335,83730223.0
705,Germany,2022-01-01,0.0,0.0,237.016,46.6,21.453,15.957,0.05821846853015531,0.08333333333333334,0.019644089840962047,0.009112655199908873,0.021283676306888922,0.5695628221858682,0.2285714285714286,0.9583333333333334,0.76,0.057931781266919335,83730223.0
706,Germany,2022-01-02,0.0,0.0,237.016,46.6,21.453,15.957,0.05821846853015531,0.08333333333333334,0.019644089840962047,0.009112655199908873,0.021283676306888922,0.5695628221858682,0.2285714285714286,0.9583333333333334,0.76,0.057931781266919335,83730223.0
707,Germany,2022-01-03,0.0,0.0,237.016,46.6,21.453,15.957,0.05821846853015531,0.08333333333333334,0.019644089840962047,0.009112655199908873,0.021283676306888922,0.5695628221858682,0.2285714285714286,0.9583333333333334,0.76,0.057931781266919335,83730223.0
708,Germany,2022-01-04,129226.0,977.0,237.016,46.6,21.453,15.957,0.05821846853015531,0.08333333333333334,0.019644089840962047,0.009112655199908873,0.021283676306888922,0.5695628221858682,0.2285714285714286,0.9583333333333334,0.76,0.057931781266919335,83730223.0
709,Germany,2022-01-05,58912.0,346.0,237.016,46.6,21.453,15.957,0.05821846853015531,0.08333333333333334,0.019644089840962047,0.009112655199908873,0.021283676306888922,0.5695628221858682,0.2285714285714286,0.9583333333333334,0.76,0.057931781266919335,83730223.0
710,Germany,2022-01-06,64340.0,443.0,237.016,46.6,21.453,15.957,0.05821846853015531,0.08333333333333334,0.019644089840962047,0.009112655199908873,0.021283676306888922,0.5695628221858682,0.2285714285714286,0.9583333333333334,0.76,0.057931781266919335,83730223.0
711,Germany,2022-01-07,56335.0,264.0,237.016,46.6,21.453,15.957,0.05821846853015531,0.08333333333333334,0.019644089840962047,0.009112655199908873,0.021283676306888922,0.5695628221858682,0.2285714285714286,0.9583333333333334,0.76,0.057931781266919335,83730223.0
712,Germany,2022-01-08,0.0,0.0,237.016,46.6,21.453,15.957,0.05821846853015531,0.08333333333333334,0.019644089840962047,0.009112655199908873,0.021283676306888922,0.5695628221858682,0.2285714285714286,0.9583333333333334,0.76,0.057931781266919335,83730223.0
713,Germany,2022-01-09,0.0,0.0,237.016,46.6,21.453,15.957,0.05821846853015531,0.08333333333333334,0.019644089840962047,0.009112655199908873,0.021283676306888922,0.5695628221858682,0.2285714285714286,0.9583333333333334,0.76,0.057931781266919335,83730223.0
714,Germany,2022-01-10,117696.0,397.0,237.016,46.6,21.453,15.957,0.05821846853015531,0.08333333333333334,0.019644089840962047,0.009112655199908873,0.021283676306888922,0.5695628221858682,0.2285714285714286,0.9583333333333334,0.76,0.057931781266919335,83730223.0
715,Germany,2022-01-11,45690.0,322.0,237.016,46.6,21.453,15.957,0.05821846853015531,0.08333333333333334,0.019644089840962047,0.009112655199908873,0.021283676306888922,0.5695628221858682,0.2285714285714286,0.9583333333333334,0.76,0.057931781266919335,83730223.0
716,Germany,2022-01-12,80430.0,384.0,237.016,46.6,21.453,15.957,0.05821846853015531,0.08333333333333334,0.019644089840962047,0.009112655199908873,0.021283676306888922,0.5695628221858682,0.2285714285714286,0.9583333333333334,0.76,0.057931781266919335,83730223.0
717,Germany,2022-01-13,81417.0,316.0,237.016,46.6,21.453,15.957,0.05821846853015531,0.08333333333333334,0.019644089840962047,0.009112655199908873,0.021283676306888922,0.5695628221858682,0.2285714285714286,0.9583333333333334,0.76,0.057931781266919335,83730223.0
718,Germany,2022-01-14,92223.0,286.0,237.016,46.6,21.453,15.957,0.05821846853015531,0.08333333333333334,0.019644089840962047,0.009112655199908873,0.021283676306888922,0.5695628221858682,0.2285714285714286,0.9583333333333334,0.76,0.057931781266919335,83730223.0
719,Germany,2022-01-15,0.0,0.0,237.016,46.6,21.453,15.957,0.05821846853015531,0.08333333333333334,0.019644089840962047,0.009112655199908873,0.021283676306888922,0.5695628221858682,0.2285714285714286,0.9583333333333334,0.76,0.057931781266919335,83730223.0
720,Germany,2022-01-16,0.0,0.0,237.016,46.6,21.453,15.957,0.05821846853015531,0.08333333333333334,0.019644089840962047,0.009112655199908873,0.021283676306888922,0.5695628221858682,0.2285714285714286,0.9583333333333334,0.76,0.057931781266919335,83730223.0
721,Germany,2022-01-17,164671.0,312.0,237.016,46.6,21.453,15.957,0.05821846853015531,0.08333333333333334,0.019644089840962047,0.009112655199908873,0.021283676306888922,0.5695628221858682,0.2285714285714286,0.9583333333333334,0.76,0.057931781266919335,83730223.0
722,Germany,2022-01-18,74405.0,193.0,237.016,46.6,21.453,15.957,0.05821846853015531,0.08333333333333334,0.019644089840962047,0.009112655199908873,0.021283676306888922,0.5695628221858682,0.2285714285714286,0.9583333333333334,0.76,0.057931781266919335,83730223.0
723,Germany,2022-01-19,112323.0,239.0,237.016,46.6,21.453,15.957,0.05821846853015531,0.08333333333333334,0.019644089840962047,0.009112655199908873,0.021283676306888922,0.5695628221858682,0.2285714285714286,0.9583333333333334,0.76,0.057931781266919335,83730223.0
724,Germany,2022-01-20,133536.0,234.0,237.016,46.6,21.453,15.957,0.05821846853015531,0.08333333333333334,0.019644089840962047,0.009112655199908873,0.021283676306888922,0.5695628221858682,0.2285714285714286,0.9583333333333334,0.76,0.057931781266919335,83730223.0
725,Germany,2022-01-21,140160.0,170.0,237.016,46.6,21.453,15.957,0.05821846853015531,0.08333333333333334,0.019644089840962047,0.009112655199908873,0.021283676306888922,0.5695628221858682,0.2285714285714286,0.9583333333333334,0.76,0.057931781266919335,83730223.0
726,Germany,2022-01-22,0.0,0.0,237.016,46.6,21.453,15.957,0.05821846853015531,0.08333333333333334,0.019644089840962047,0.009112655199908873,0.021283676306888922,0.5695628221858682,0.2285714285714286,0.9583333333333334,0.76,0.057931781266919335,83730223.0
727,Germany,2022-01-23,0.0,0.0,237.016,46.6,21.453,15.957,0.05821846853015531,0.08333333333333334,0.019644089840962047,0.009112655199908873,0.021283676306888922,0.5695628221858682,0.2285714285714286,0.9583333333333334,0.76,0.057931781266919335,83730223.0
728,Germany,2022-01-24,284294.0,261.0,237.016,46.6,21.453,15.957,0.05821846853015531,0.08333333333333334,0.019644089840962047,0.009112655199908873,0.021283676306888922,0.5695628221858682,0.2285714285714286,0.9583333333333334,0.76,0.057931781266919335,83730223.0
729,Germany,2022-01-25,126955.0,214.0,237.016,46.6,21.453,15.957,0.05821846853015531,0.08333333333333334,0.019644089840962047,0.009112655199908873,0.021283676306888922,0.5695628221858682,0.2285714285714286,0.9583333333333334,0.76,0.057931781266919335,83730223.0
730,Germany,2022-01-26,164000.0,166.0,237.016,46.6,21.453,15.957,0.05821846853015531,0.08333333333333334,0.019644089840962047,0.009112655199908873,0.021283676306888922,0.5695628221858682,0.2285714285714286,0.9583333333333334,0.76,0.057931781266919335,83730223.0
731,Germany,2022-01-27,203136.0,188.0,237.016,46.6,21.453,15.957,0.05821846853015531,0.08333333333333334,0.019644089840962047,0.009112655199908873,0.021283676306888922,0.5695628221858682,0.2285714285714286,0.9583333333333334,0.76,0.057931781266919335,83730223.0
732,Germany,2022-01-28,190148.0,170.0,237.016,46.6,21.453,15.957,0.05821846853015531,0.08333333333333334,0.019644089840962047,0.009112655199908873,0.021283676306888922,0.5695628221858682,0.2285714285714286,0.9583333333333334,0.76,0.057931781266919335,83730223.0
733,Germany,2022-01-29,0.0,0.0,237.016,46.6,21.453,15.957,0.05821846853015531,0.08333333333333334,0.019644089840962047,0.009112655199908873,0.021283676306888922,0.5695628221858682,0.2285714285714286,0.9583333333333334,0.76,0.057931781266919335,83730223.0
734,Germany,2022-01-30,0.0,0.0,237.016,46.6,21.453,15.957,0.05821846853015531,0.08333333333333334,0.019644089840962047,0.009112655199908873,0.021283676306888922,0.5695628221858682,0.2285714285714286,0.9583333333333334,0.76,0.057931781266919335,83730223.0
735,Germany,2022-01-31,386454.0,302.0,237.016,46.6,21.453,15.957,0.05821846853015531,0.08333333333333334,0.019644089840962047,0.009112655199908873,0.021283676306888922,0.5695628221858682,0.2285714285714286,0.9583333333333334,0.76,0.057931781266919335,83730223.0
736,Germany,2022-02-01,162613.0,188.0,237.016,46.6,21.453,15.957,0.05821846853015531,0.08333333333333334,0.019644089840962047,0.009112655199908873,0.021283676306888922,0.5695628221858682,0.2285714285714286,0.9583333333333334,0.76,0.057931781266919335,83730223.0
737,Germany,2022-02-02,208498.0,196.0,237.016,46.6,21.453,15.957,0.05821846853015531,0.08333333333333334,0.019644089840962047,0.009112655199908873,0.021283676306888922,0.5695628221858682,0.2285714285714286,0.9583333333333334,0.76,0.057931781266919335,83730223.0
738,Germany,2022-02-03,236120.0,164.0,237.016,46.6,21.453,15.957,0.05821846853015531,0.08333333333333334,0.019644089840962047,0.009112655199908873,0.021283676306888922,0.5695628221858682,0.2285714285714286,0.9583333333333334,0.76,0.057931781266919335,83730223.0
739,Germany,2022-02-04,248838.0,170.0,237.016,46.6,21.453,15.957,0.05821846853015531,0.08333333333333334,0.019644089840962047,0.009112655199908873,0.021283676306888922,0.5695628221858682,0.2285714285714286,0.9583333333333334,0.76,0.057931781266919335,83730223.0
740,Germany,2022-02-05,0.0,0.0,237.016,46.6,21.453,15.957,0.05821846853015531,0.08333333333333334,0.019644089840962047,0.009112655199908873,0.021283676306888922,0.5695628221858682,0.2285714285714286,0.9583333333333334,0.76,0.057931781266919335,83730223.0
741,Germany,2022-02-06,0.0,0.0,237.016,46.6,21.453,15.957,0.05821846853015531,0.08333333333333334,0.019644089840962047,0.009112655199908873,0.021283676306888922,0.5695628221858682,0.2285714285714286,0.9583333333333334,0.76,0.057931781266919335,83730223.0
742,Germany,2022-02-07,446255.0,262.0,237.016,46.6,21.453,15.957,0.05821846853015531,0.08333333333333334,0.019644089840962047,0.009112655199908873,0.021283676306888922,0.5695628221858682,0.2285714285714286,0.9583333333333334,0.76,0.057931781266919335,83730223.0
743,Germany,2022-02-08,169571.0,177.0,237.016,46.6,21.453,15.957,0.05821846853015531,0.08333333333333334,0.019644089840962047,0.009112655199908873,0.021283676306888922,0.5695628221858682,0.2285714285714286,0.9583333333333334,0.76,0.057931781266919335,83730223.0
744,Germany,2022-02-09,234250.0,272.0,237.016,46.6,21.453,15.957,0.05821846853015531,0.08333333333333334,0.019644089840962047,0.009112655199908873,0.021283676306888922,0.5695628221858682,0.2285714285714286,0.9583333333333334,0.76,0.057931781266919335,83730223.0
745,Germany,2022-02-10,247862.0,238.0,237.016,46.6,21.453,15.957,0.05821846853015531,0.08333333333333334,0.019644089840962047,0.009112655199908873,0.021283676306888922,0.5695628221858682,0.2285714285714286,0.9583333333333334,0.76,0.057931781266919335,83730223.0
746,Germany,2022-02-11,240172.0,226.0,237.016,46.6,21.453,15.957,0.05821846853015531,0.08333333333333334,0.019644089840962047,0.009112655199908873,0.021283676306888922,0.5695628221858682,0.2285714285714286,0.9583333333333334,0.76,0.057931781266919335,83730223.0
747,Germany,2022-02-12,0.0,0.0,237.016,46.6,21.453,15.957,0.05821846853015531,0.08333333333333334,0.019644089840962047,0.009112655199908873,0.021283676306888922,0.5695628221858682,0.2285714285714286,0.9583333333333334,0.76,0.057931781266919335,83730223.0
748,Germany,2022-02-13,0.0,0.0,237.016,46.6,21.453,15.957,0.05821846853015531,0.08333333333333334,0.019644089840962047,0.009112655199908873,0.021283676306888922,0.5695628221858682,0.2285714285714286,0.9583333333333334,0.76,0.057931781266919335,83730223.0
749,Germany,2022-02-14,411414.0,298.0,237.016,46.6,21.453,15.957,0.05821846853015531,0.08333333333333334,0.019644089840962047,0.009112655199908873,0.021283676306888922,0.5695628221858682,0.2285714285714286,0.9583333333333334,0.76,0.057931781266919335,83730223.0
750,Germany,2022-02-15,159217.0,243.0,237.016,46.6,21.453,15.957,0.05821846853015531,0.08333333333333334,0.019644089840962047,0.009112655199908873,0.021283676306888922,0.5695628221858682,0.2285714285714286,0.9583333333333334,0.76,0.057931781266919335,83730223.0
751,Germany,2022-02-16,219972.0,247.0,237.016,46.6,21.453,15.957,0.05821846853015531,0.08333333333333334,0.019644089840962047,0.009112655199908873,0.021283676306888922,0.5695628221858682,0.2285714285714286,0.9583333333333334,0.76,0.057931781266919335,83730223.0
752,Germany,2022-02-17,235626.0,261.0,237.016,46.6,21.453,15.957,0.05821846853015531,0.08333333333333334,0.019644089840962047,0.009112655199908873,0.021283676306888922,0.5695628221858682,0.2285714285714286,0.9583333333333334,0.76,0.057931781266919335,83730223.0
753,Germany,2022-02-18,220048.0,264.0,237.016,46.6,21.453,15.957,0.05821846853015531,0.08333333333333334,0.019644089840962047,0.009112655199908873,0.021283676306888922,0.5695628221858682,0.2285714285714286,0.9583333333333334,0.76,0.057931781266919335,83730223.0
754,Germany,2022-02-19,0.0,0.0,237.016,46.6,21.453,15.957,0.05821846853015531,0.08333333333333334,0.019644089840962047,0.009112655199908873,0.021283676306888922,0.5695628221858682,0.2285714285714286,0.9583333333333334,0.76,0.057931781266919335,83730223.0
755,Germany,2022-02-20,0.0,0.0,237.016,46.6,21.453,15.957,0.05821846853015531,0.08333333333333334,0.019644089840962047,0.009112655199908873,0.021283676306888922,0.5695628221858682,0.2285714285714286,0.9583333333333334,0.76,0.057931781266919335,83730223.0
756,Germany,2022-02-21,381004.0,305.0,237.016,46.6,21.453,15.957,0.05821846853015531,0.08333333333333334,0.019644089840962047,0.009112655199908873,0.021283676306888922,0.5695628221858682,0.2285714285714286,0.9583333333333334,0.76,0.057931781266919335,83730223.0
757,Germany,2022-02-22,125902.0,306.0,237.016,46.6,21.453,15.957,0.05821846853015531,0.08333333333333334,0.019644089840962047,0.009112655199908873,0.021283676306888922,0.5695628221858682,0.2285714285714286,0.9583333333333334,0.76,0.057931781266919335,83730223.0
758,Germany,2022-02-23,209052.0,299.0,237.016,46.6,21.453,15.957,0.05821846853015531,0.08333333333333334,0.019644089840962047,0.009112655199908873,0.021283676306888922,0.5695628221858682,0.2285714285714286,0.9583333333333334,0.76,0.057931781266919335,83730223.0
759,Germany,2022-02-24,216322.0,243.0,237.016,46.6,21.453,15.957,0.05821846853015531,0.08333333333333334,0.019644089840962047,0.009112655199908873,0.021283676306888922,0.5695628221858682,0.2285714285714286,0.9583333333333334,0.76,0.057931781266919335,83730223.0
760,Germany,2022-02-25,210743.0,226.0,237.016,46.6,21.453,15.957,0.05821846853015531,0.08333333333333334,0.019644089840962047,0.009112655199908873,0.021283676306888922,0.5695628221858682,0.2285714285714286,0.9583333333333334,0.76,0.057931781266919335,83730223.0
761,Germany,2022-02-26,0.0,0.0,237.016,46.6,21.453,15.957,0.05821846853015531,0.08333333333333334,0.019644089840962047,0.009112655199908873,0.021283676306888922,0.5695628221858682,0.2285714285714286,0.9583333333333334,0.76,0.057931781266919335,83730223.0
762,Germany,2022-02-27,0.0,0.0,237.016,46.6,21.453,15.957,0.05821846853015531,0.08333333333333334,0.019644089840962047,0.009112655199908873,0.021283676306888922,0.5695628221858682,0.2285714285714286,0.9583333333333334,0.76,0.057931781266919335,83730223.0
763,Germany,2022-02-28,346095.0,331.0,237.016,46.6,21.453,15.957,0.05821846853015531,0.08333333333333334,0.019644089840962047,0.009112655199908873,0.021283676306888922,0.5695628221858682,0.2285714285714286,0.9583333333333334,0.76,0.057931781266919335,83730223.0
764,Germany,2022-03-01,122111.0,235.0,237.016,46.6,21.453,15.957,0.05821846853015531,0.08333333333333334,0.019644089840962047,0.009112655199908873,0.021283676306888922,0.5695628221858682,0.2285714285714286,0.9583333333333334,0.76,0.057931781266919335,83730223.0
765,Germany,2022-03-02,186406.0,301.0,237.016,46.6,21.453,15.957,0.05821846853015531,0.08333333333333334,0.019644089840962047,0.009112655199908873,0.021283676306888922,0.5695628221858682,0.2285714285714286,0.9583333333333334,0.76,0.057931781266919335,83730223.0
766,Germany,2022-03-03,210673.0,267.0,237.016,46.6,21.453,15.957,0.05821846853015531,0.08333333333333334,0.019644089840962047,0.009112655199908873,0.021283676306888922,0.5695628221858682,0.2285714285714286,0.9583333333333334,0.76,0.057931781266919335,83730223.0
767,Germany,2022-03-04,217593.0,291.0,237.016,46.6,21.453,15.957,0.05821846853015531,0.08333333333333334,0.019644089840962047,0.009112655199908873,0.021283676306888922,0.5695628221858682,0.2285714285714286,0.9583333333333334,0.76,0.057931781266919335,83730223.0
768,Germany,2022-03-05,0.0,0.0,237.016,46.6,21.453,15.957,0.05821846853015531,0.08333333333333334,0.019644089840962047,0.009112655199908873,0.021283676306888922,0.5695628221858682,0.2285714285714286,0.9583333333333334,0.76,0.057931781266919335,83730223.0
769,Germany,2022-03-06,0.0,0.0,237.016,46.6,21.453,15.957,0.05821846853015531,0.08333333333333334,0.019644089840962047,0.009112655199908873,0.021283676306888922,0.5695628221858682,0.2285714285714286,0.9583333333333334,0.76,0.057931781266919335,83730223.0
770,Germany,2022-03-07,387527.0,330.0,237.016,46.6,21.453,15.957,0.05821846853015531,0.08333333333333334,0.019644089840962047,0.009112655199908873,0.021283676306888922,0.5695628221858682,0.2285714285714286,0.9583333333333334,0.76,0.057931781266919335,83730223.0
771,Germany,2022-03-08,0.0,0.0,237.016,46.6,21.453,15.957,0.05821846853015531,0.08333333333333334,0.019644089840962047,0.009112655199908873,0.021283676306888922,0.5695628221858682,0.2285714285714286,0.9583333333333334,0.76,0.057931781266919335,83730223.0
772,Germany,2022-03-09,372653.0,638.0,237.016,46.6,21.453,15.957,0.05821846853015531,0.08333333333333334,0.019644089840962047,0.009112655199908873,0.021283676306888922,0.5695628221858682,0.2285714285714286,0.9583333333333334,0.76,0.057931781266919335,83730223.0
773,Germany,2022-03-10,262752.0,259.0,237.016,46.6,21.453,15.957,0.05821846853015531,0.08333333333333334,0.019644089840962047,0.009112655199908873,0.021283676306888922,0.5695628221858682,0.2285714285714286,0.9583333333333334,0.76,0.057931781266919335,83730223.0
774,Germany,2022-03-11,252836.0,249.0,237.016,46.6,21.453,15.957,0.05821846853015531,0.08333333333333334,0.019644089840962047,0.009112655199908873,0.021283676306888922,0.5695628221858682,0.2285714285714286,0.9583333333333334,0.76,0.057931781266919335,83730223.0
775,Germany,2022-03-12,0.0,0.0,237.016,46.6,21.453,15.957,0.05821846853015531,0.08333333333333334,0.019644089840962047,0.009112655199908873,0.021283676306888922,0.5695628221858682,0.2285714285714286,0.9583333333333334,0.76,0.057931781266919335,83730223.0
776,Germany,2022-03-13,0.0,0.0,237.016,46.6,21.453,15.957,0.05821846853015531,0.08333333333333334,0.019644089840962047,0.009112655199908873,0.021283676306888922,0.5695628221858682,0.2285714285714286,0.9583333333333334,0.76,0.057931781266919335,83730223.0
777,Germany,2022-03-14,476071.0,318.0,237.016,46.6,21.453,15.957,0.05821846853015531,0.08333333333333334,0.019644089840962047,0.009112655199908873,0.021283676306888922,0.5695628221858682,0.2285714285714286,0.9583333333333334,0.76,0.057931781266919335,83730223.0
778,Germany,2022-03-15,198888.0,283.0,237.016,46.6,21.453,15.957,0.05821846853015531,0.08333333333333334,0.019644089840962047,0.009112655199908873,0.021283676306888922,0.5695628221858682,0.2285714285714286,0.9583333333333334,0.76,0.057931781266919335,83730223.0
779,Germany,2022-03-16,262593.0,269.0,237.016,46.6,21.453,15.957,0.05821846853015531,0.08333333333333334,0.019644089840962047,0.009112655199908873,0.021283676306888922,0.5695628221858682,0.2285714285714286,0.9583333333333334,0.76,0.057931781266919335,83730223.0
780,Germany,2022-03-17,294931.0,278.0,237.016,46.6,21.453,15.957,0.05821846853015531,0.08333333333333334,0.019644089840962047,0.009112655199908873,0.021283676306888922,0.5695628221858682,0.2285714285714286,0.9583333333333334,0.76,0.057931781266919335,83730223.0
781,Germany,2022-03-18,297845.0,226.0,237.016,46.6,21.453,15.957,0.05821846853015531,0.08333333333333334,0.019644089840962047,0.009112655199908873,0.021283676306888922,0.5695628221858682,0.2285714285714286,0.9583333333333334,0.76,0.057931781266919335,83730223.0
782,Germany,2022-03-19,0.0,0.0,237.016,46.6,21.453,15.957,0.05821846853015531,0.08333333333333334,0.019644089840962047,0.009112655199908873,0.021283676306888922,0.5695628221858682,0.2285714285714286,0.9583333333333334,0.76,0.057931781266919335,83730223.0
783,Germany,2022-03-20,0.0,0.0,237.016,46.6,21.453,15.957,0.05821846853015531,0.08333333333333334,0.019644089840962047,0.009112655199908873,0.021283676306888922,0.5695628221858682,0.2285714285714286,0.9583333333333334,0.76,0.057931781266919335,83730223.0
784,Germany,2022-03-21,484345.0,283.0,237.016,46.6,21.453,15.957,0.05821846853015531,0.08333333333333334,0.019644089840962047,0.009112655199908873,0.021283676306888922,0.5695628221858682,0.2285714285714286,0.9583333333333334,0.76,0.057931781266919335,83730223.0
785,Germany,2022-03-22,222080.0,264.0,237.016,46.6,21.453,15.957,0.05821846853015531,0.08333333333333334,0.019644089840962047,0.009112655199908873,0.021283676306888922,0.5695628221858682,0.2285714285714286,0.9583333333333334,0.76,0.057931781266919335,83730223.0
786,Germany,2022-03-23,283732.0,329.0,237.016,46.6,21.453,15.957,0.05821846853015531,0.08333333333333334,0.019644089840962047,0.009112655199908873,0.021283676306888922,0.5695628221858682,0.2285714285714286,0.9583333333333334,0.76,0.057931781266919335,83730223.0
787,Germany,2022-03-24,318387.0,300.0,237.016,46.6,21.453,15.957,0.05821846853015531,0.08333333333333334,0.019644089840962047,0.009112655199908873,0.021283676306888922,0.5695628221858682,0.2285714285714286,0.9583333333333334,0.76,0.057931781266919335,83730223.0
788,Germany,2022-03-25,296498.0,288.0,237.016,46.6,21.453,15.957,0.05821846853015531,0.08333333333333334,0.019644089840962047,0.009112655199908873,0.021283676306888922,0.5695628221858682,0.2285714285714286,0.9583333333333334,0.76,0.057931781266919335,83730223.0
789,Germany,2022-03-26,0.0,0.0,237.016,46.6,21.453,15.957,0.05821846853015531,0.08333333333333334,0.019644089840962047,0.009112655199908873,0.021283676306888922,0.5695628221858682,0.2285714285714286,0.9583333333333334,0.76,0.057931781266919335,83730223.0
790,Germany,2022-03-27,0.0,0.0,237.016,46.6,21.453,15.957,0.05821846853015531,0.08333333333333334,0.019644089840962047,0.009112655199908873,0.021283676306888922,0.5695628221858682,0.2285714285714286,0.9583333333333334,0.76,0.057931781266919335,83730223.0
791,Germany,2022-03-28,430751.0,347.0,237.016,46.6,21.453,15.957,0.05821846853015531,0.08333333333333334,0.019644089840962047,0.009112655199908873,0.021283676306888922,0.5695628221858682,0.2285714285714286,0.9583333333333334,0.76,0.057931781266919335,83730223.0
792,Germany,2022-03-29,237352.0,307.0,237.016,46.6,21.453,15.957,0.05821846853015531,0.08333333333333334,0.019644089840962047,0.009112655199908873,0.021283676306888922,0.5695628221858682,0.2285714285714286,0.9583333333333334,0.76,0.057931781266919335,83730223.0
793,Germany,2022-03-30,268477.0,348.0,237.016,46.6,21.453,15.957,0.05821846853015531,0.08333333333333334,0.019644089840962047,0.009112655199908873,0.021283676306888922,0.5695628221858682,0.2285714285714286,0.9583333333333334,0.76,0.057931781266919335,83730223.0
794,Germany,2022-03-31,274901.0,279.0,237.016,46.6,21.453,15.957,0.05821846853015531,0.08333333333333334,0.019644089840962047,0.009112655199908873,0.021283676306888922,0.5695628221858682,0.2285714285714286,0.9583333333333334,0.76,0.057931781266919335,83730223.0
795,Germany,2022-04-01,252530.0,304.0,237.016,46.6,21.453,15.957,0.05821846853015531,0.08333333333333334,0.019644089840962047,0.009112655199908873,0.021283676306888922,0.5695628221858682,0.2285714285714286,0.9583333333333334,0.76,0.057931781266919335,83730223.0
796,Germany,2022-04-02,0.0,0.0,237.016,46.6,21.453,15.957,0.05821846853015531,0.08333333333333334,0.019644089840962047,0.009112655199908873,0.021283676306888922,0.5695628221858682,0.2285714285714286,0.9583333333333334,0.76,0.057931781266919335,83730223.0
797,Germany,2022-04-03,0.0,0.0,237.016,46.6,21.453,15.957,0.05821846853015531,0.08333333333333334,0.019644089840962047,0.009112655199908873,0.021283676306888922,0.5695628221858682,0.2285714285714286,0.9583333333333334,0.76,0.057931781266919335,83730223.0
798,Germany,2022-04-04,311638.0,357.0,237.016,46.6,21.453,15.957,0.05821846853015531,0.08333333333333334,0.019644089840962047,0.009112655199908873,0.021283676306888922,0.5695628221858682,0.2285714285714286,0.9583333333333334,0.76,0.057931781266919335,83730223.0
799,Germany,2022-04-05,180397.0,316.0,237.016,46.6,21.453,15.957,0.05821846853015531,0.08333333333333334,0.019644089840962047,0.009112655199908873,0.021283676306888922,0.5695628221858682,0.2285714285714286,0.9583333333333334,0.76,0.057931781266919335,83730223.0
800,Germany,2022-04-06,214985.0,340.0,237.016,46.6,21.453,15.957,0.05821846853015531,0.08333333333333334,0.019644089840962047,0.009112655199908873,0.021283676306888922,0.5695628221858682,0.2285714285714286,0.9583333333333334,0.76,0.057931781266919335,83730223.0
801,Germany,2022-04-07,201729.0,328.0,237.016,46.6,21.453,15.957,0.05821846853015531,0.08333333333333334,0.019644089840962047,0.009112655199908873,0.021283676306888922,0.5695628221858682,0.2285714285714286,0.9583333333333334,0.76,0.057931781266919335,83730223.0
802,Germany,2022-04-08,175263.0,334.0,237.016,46.6,21.453,15.957,0.05821846853015531,0.08333333333333334,0.019644089840962047,0.009112655199908873,0.021283676306888922,0.5695628221858682,0.2285714285714286,0.9583333333333334,0.76,0.057931781266919335,83730223.0
803,Germany,2022-04-09,0.0,0.0,237.016,46.6,21.453,15.957,0.05821846853015531,0.08333333333333334,0.019644089840962047,0.009112655199908873,0.021283676306888922,0.5695628221858682,0.2285714285714286,0.9583333333333334,0.76,0.057931781266919335,83730223.0
804,Germany,2022-04-10,0.0,0.0,237.016,46.6,21.453,15.957,0.05821846853015531,0.08333333333333334,0.019644089840962047,0.009112655199908873,0.021283676306888922,0.5695628221858682,0.2285714285714286,0.9583333333333334,0.76,0.057931781266919335,83730223.0
805,Germany,2022-04-11,236935.0,358.0,237.016,46.6,21.453,15.957,0.05821846853015531,0.08333333333333334,0.019644089840962047,0.009112655199908873,0.021283676306888922,0.5695628221858682,0.2285714285714286,0.9583333333333334,0.76,0.057931781266919335,83730223.0
806,Germany,2022-04-12,162790.0,289.0,237.016,46.6,21.453,15.957,0.05821846853015531,0.08333333333333334,0.019644089840962047,0.009112655199908873,0.021283676306888922,0.5695628221858682,0.2285714285714286,0.9583333333333334,0.76,0.057931781266919335,83730223.0
807,Germany,2022-04-13,176303.0,361.0,237.016,46.6,21.453,15.957,0.05821846853015531,0.08333333333333334,0.019644089840962047,0.009112655199908873,0.021283676306888922,0.5695628221858682,0.2285714285714286,0.9583333333333334,0.76,0.057931781266919335,83730223.0
808,Germany,2022-04-14,165368.0,310.0,237.016,46.6,21.453,15.957,0.05821846853015531,0.08333333333333334,0.019644089840962047,0.009112655199908873,0.021283676306888922,0.5695628221858682,0.2285714285714286,0.9583333333333334,0.76,0.057931781266919335,83730223.0
809,Germany,2022-04-15,0.0,0.0,237.016,46.6,21.453,15.957,0.05821846853015531,0.08333333333333334,0.019644089840962047,0.009112655199908873,0.021283676306888922,0.5695628221858682,0.2285714285714286,0.9583333333333334,0.76,0.057931781266919335,83730223.0
810,Germany,2022-04-16,0.0,0.0,237.016,46.6,21.453,15.957,0.05821846853015531,0.08333333333333334,0.019644089840962047,0.009112655199908873,0.021283676306888922,0.5695628221858682,0.2285714285714286,0.9583333333333334,0.76,0.057931781266919335,83730223.0
811,Germany,2022-04-17,0.0,0.0,237.016,46.6,21.453,15.957,0.05821846853015531,0.08333333333333334,0.019644089840962047,0.009112655199908873,0.021283676306888922,0.5695628221858682,0.2285714285714286,0.9583333333333334,0.76,0.057931781266919335,83730223.0
812,Germany,2022-04-18,0.0,0.0,237.016,46.6,21.453,15.957,0.05821846853015531,0.08333333333333334,0.019644089840962047,0.009112655199908873,0.021283676306888922,0.5695628221858682,0.2285714285714286,0.9583333333333334,0.76,0.057931781266919335,83730223.0
813,Germany,2022-04-19,277181.0,272.0,237.016,46.6,21.453,15.957,0.05821846853015531,0.08333333333333334,0.019644089840962047,0.009112655199908873,0.021283676306888922,0.5695628221858682,0.2285714285714286,0.9583333333333334,0.76,0.057931781266919335,83730223.0
814,Germany,2022-04-20,198583.0,348.0,237.016,46.6,21.453,15.957,0.05821846853015531,0.08333333333333334,0.019644089840962047,0.009112655199908873,0.021283676306888922,0.5695628221858682,0.2285714285714286,0.9583333333333334,0.76,0.057931781266919335,83730223.0
815,Germany,2022-04-21,186325.0,324.0,237.016,46.6,21.453,15.957,0.05821846853015531,0.08333333333333334,0.019644089840962047,0.009112655199908873,0.021283676306888922,0.5695628221858682,0.2285714285714286,0.9583333333333334,0.76,0.057931781266919335,83730223.0
816,Germany,2022-04-22,161718.0,289.0,237.016,46.6,21.453,15.957,0.05821846853015531,0.08333333333333334,0.019644089840962047,0.009112655199908873,0.021283676306888922,0.5695628221858682,0.2285714285714286,0.9583333333333334,0.76,0.057931781266919335,83730223.0
817,Germany,2022-04-23,0.0,0.0,237.016,46.6,21.453,15.957,0.05821846853015531,0.08333333333333334,0.019644089840962047,0.009112655199908873,0.021283676306888922,0.5695628221858682,0.2285714285714286,0.9583333333333334,0.76,0.057931781266919335,83730223.0
818,Germany,2022-04-24,0.0,0.0,237.016,46.6,21.453,15.957,0.05821846853015531,0.08333333333333334,0.019644089840962047,0.009112655199908873,0.021283676306888922,0.5695628221858682,0.2285714285714286,0.9583333333333334,0.76,0.057931781266919335,83730223.0
819,Germany,2022-04-25,194342.0,264.0,237.016,46.6,21.453,15.957,0.05821846853015531,0.08333333333333334,0.019644089840962047,0.009112655199908873,0.021283676306888922,0.5695628221858682,0.2285714285714286,0.9583333333333334,0.76,0.057931781266919335,83730223.0
820,Germany,2022-04-26,136798.0,304.0,237.016,46.6,21.453,15.957,0.05821846853015531,0.08333333333333334,0.019644089840962047,0.009112655199908873,0.021283676306888922,0.5695628221858682,0.2285714285714286,0.9583333333333334,0.76,0.057931781266919335,83730223.0
821,Germany,2022-04-27,141661.0,343.0,237.016,46.6,21.453,15.957,0.05821846853015531,0.08333333333333334,0.019644089840962047,0.009112655199908873,0.021283676306888922,0.5695628221858682,0.2285714285714286,0.9583333333333334,0.76,0.057931781266919335,83730223.0
822,Germany,2022-04-28,130104.0,246.0,237.016,46.6,21.453,15.957,0.05821846853015531,0.08333333333333334,0.019644089840962047,0.009112655199908873,0.021283676306888922,0.5695628221858682,0.2285714285714286,0.9583333333333334,0.76,0.057931781266919335,83730223.0
823,Germany,2022-04-29,101610.0,214.0,237.016,46.6,21.453,15.957,0.05821846853015531,0.08333333333333334,0.019644089840962047,0.009112655199908873,0.021283676306888922,0.5695628221858682,0.2285714285714286,0.9583333333333334,0.76,0.057931781266919335,83730223.0
824,Germany,2022-04-30,0.0,0.0,237.016,46.6,21.453,15.957,0.05821846853015531,0.08333333333333334,0.019644089840962047,0.009112655199908873,0.021283676306888922,0.5695628221858682,0.2285714285714286,0.9583333333333334,0.76,0.057931781266919335,83730223.0
825,Germany,2022-05-01,0.0,0.0,237.016,46.6,21.453,15.957,0.05821846853015531,0.08333333333333334,0.019644089840962047,0.009112655199908873,0.021283676306888922,0.5695628221858682,0.2285714285714286,0.9583333333333334,0.76,0.057931781266919335,83730223.0
826,Germany,2022-05-02,103048.0,169.0,237.016,46.6,21.453,15.957,0.05821846853015531,0.08333333333333334,0.019644089840962047,0.009112655199908873,0.021283676306888922,0.5695628221858682,0.2285714285714286,0.9583333333333334,0.76,0.057931781266919335,83730223.0
827,Germany,2022-05-03,113522.0,240.0,237.016,46.6,21.453,15.957,0.05821846853015531,0.08333333333333334,0.019644089840962047,0.009112655199908873,0.021283676306888922,0.5695628221858682,0.2285714285714286,0.9583333333333334,0.76,0.057931781266919335,83730223.0
828,Germany,2022-05-04,106631.0,241.0,237.016,46.6,21.453,15.957,0.05821846853015531,0.08333333333333334,0.019644089840962047,0.009112655199908873,0.021283676306888922,0.5695628221858682,0.2285714285714286,0.9583333333333334,0.76,0.057931781266919335,83730223.0
829,Germany,2022-05-05,96167.0,183.0,237.016,46.6,21.453,15.957,0.05821846853015531,0.08333333333333334,0.019644089840962047,0.009112655199908873,0.021283676306888922,0.5695628221858682,0.2285714285714286,0.9583333333333334,0.76,0.057931781266919335,83730223.0
830,Germany,2022-05-06,85073.0,214.0,237.016,46.6,21.453,15.957,0.05821846853015531,0.08333333333333334,0.019644089840962047,0.009112655199908873,0.021283676306888922,0.5695628221858682,0.2285714285714286,0.9583333333333334,0.76,0.057931781266919335,83730223.0
831,Germany,2022-05-07,0.0,0.0,237.016,46.6,21.453,15.957,0.05821846853015531,0.08333333333333334,0.019644089840962047,0.009112655199908873,0.021283676306888922,0.5695628221858682,0.2285714285714286,0.9583333333333334,0.76,0.057931781266919335,83730223.0
832,Germany,2022-05-08,0.0,0.0,237.016,46.6,21.453,15.957,0.05821846853015531,0.08333333333333334,0.019644089840962047,0.009112655199908873,0.021283676306888922,0.5695628221858682,0.2285714285714286,0.9583333333333334,0.76,0.057931781266919335,83730223.0
833,Germany,2022-05-09,84090.0,199.0,237.016,46.6,21.453,15.957,0.05821846853015531,0.08333333333333334,0.019644089840962047,0.009112655199908873,0.021283676306888922,0.5695628221858682,0.2285714285714286,0.9583333333333334,0.76,0.057931781266919335,83730223.0
834,Germany,2022-05-10,107568.0,218.0,237.016,46.6,21.453,15.957,0.05821846853015531,0.08333333333333334,0.019644089840962047,0.009112655199908873,0.021283676306888922,0.5695628221858682,0.2285714285714286,0.9583333333333334,0.76,0.057931781266919335,83730223.0
835,Germany,2022-05-11,97010.0,231.0,237.016,46.6,21.453,15.957,0.05821846853015531,0.08333333333333334,0.019644089840962047,0.009112655199908873,0.021283676306888922,0.5695628221858682,0.2285714285714286,0.9583333333333334,0.76,0.057931781266919335,83730223.0
836,Germany,2022-05-12,88961.0,197.0,237.016,46.6,21.453,15.957,0.05821846853015531,0.08333333333333334,0.019644089840962047,0.009112655199908873,0.021283676306888922,0.5695628221858682,0.2285714285714286,0.9583333333333334,0.76,0.057931781266919335,83730223.0
837,Germany,2022-05-13,68999.0,164.0,237.016,46.6,21.453,15.957,0.05821846853015531,0.08333333333333334,0.019644089840962047,0.009112655199908873,0.021283676306888922,0.5695628221858682,0.2285714285714286,0.9583333333333334,0.76,0.057931781266919335,83730223.0
838,Germany,2022-05-14,0.0,0.0,237.016,46.6,21.453,15.957,0.05821846853015531,0.08333333333333334,0.019644089840962047,0.009112655199908873,0.021283676306888922,0.5695628221858682,0.2285714285714286,0.9583333333333334,0.76,0.057931781266919335,83730223.0
839,Germany,2022-05-15,0.0,0.0,237.016,46.6,21.453,15.957,0.05821846853015531,0.08333333333333334,0.019644089840962047,0.009112655199908873,0.021283676306888922,0.5695628221858682,0.2285714285714286,0.9583333333333334,0.76,0.057931781266919335,83730223.0
840,Germany,2022-05-16,70315.0,151.0,237.016,46.6,21.453,15.957,0.05821846853015531,0.08333333333333334,0.019644089840962047,0.009112655199908873,0.021283676306888922,0.5695628221858682,0.2285714285714286,0.9583333333333334,0.76,0.057931781266919335,83730223.0
841,Germany,2022-05-17,86252.0,215.0,237.016,46.6,21.453,15.957,0.05821846853015531,0.08333333333333334,0.019644089840962047,0.009112655199908873,0.021283676306888922,0.5695628221858682,0.2285714285714286,0.9583333333333334,0.76,0.057931781266919335,83730223.0
842,Germany,2022-05-18,72051.0,174.0,237.016,46.6,21.453,15.957,0.05821846853015531,0.08333333333333334,0.019644089840962047,0.009112655199908873,0.021283676306888922,0.5695628221858682,0.2285714285714286,0.9583333333333334,0.76,0.057931781266919335,83730223.0
843,Germany,2022-05-19,58719.0,165.0,237.016,46.6,21.453,15.957,0.05821846853015531,0.08333333333333334,0.019644089840962047,0.009112655199908873,0.021283676306888922,0.5695628221858682,0.2285714285714286,0.9583333333333334,0.76,0.057931781266919335,83730223.0
844,Germany,2022-05-20,48910.0,151.0,237.016,46.6,21.453,15.957,0.05821846853015531,0.08333333333333334,0.019644089840962047,0.009112655199908873,0.021283676306888922,0.5695628221858682,0.2285714285714286,0.9583333333333334,0.76,0.057931781266919335,83730223.0
845,Germany,2022-05-21,0.0,0.0,237.016,46.6,21.453,15.957,0.05821846853015531,0.08333333333333334,0.019644089840962047,0.009112655199908873,0.021283676306888922,0.5695628221858682,0.2285714285714286,0.9583333333333334,0.76,0.057931781266919335,83730223.0
846,Germany,2022-05-22,0.0,0.0,237.016,46.6,21.453,15.957,0.05821846853015531,0.08333333333333334,0.019644089840962047,0.009112655199908873,0.021283676306888922,0.5695628221858682,0.2285714285714286,0.9583333333333334,0.76,0.057931781266919335,83730223.0
847,Germany,2022-05-23,47443.0,122.0,237.016,46.6,21.453,15.957,0.05821846853015531,0.08333333333333334,0.019644089840962047,0.009112655199908873,0.021283676306888922,0.5695628221858682,0.2285714285714286,0.9583333333333334,0.76,0.057931781266919335,83730223.0
848,Germany,2022-05-24,64437.0,159.0,237.016,46.6,21.453,15.957,0.05821846853015531,0.08333333333333334,0.019644089840962047,0.009112655199908873,0.021283676306888922,0.5695628221858682,0.2285714285714286,0.9583333333333334,0.76,0.057931781266919335,83730223.0
849,Germany,2022-05-25,49141.0,158.0,237.016,46.6,21.453,15.957,0.05821846853015531,0.08333333333333334,0.019644089840962047,0.009112655199908873,0.021283676306888922,0.5695628221858682,0.2285714285714286,0.9583333333333334,0.76,0.057931781266919335,83730223.0
850,Germany,2022-05-26,0.0,0.0,237.016,46.6,21.453,15.957,0.05821846853015531,0.08333333333333334,0.019644089840962047,0.009112655199908873,0.021283676306888922,0.5695628221858682,0.2285714285714286,0.9583333333333334,0.76,0.057931781266919335,83730223.0
851,Germany,2022-05-27,41557.0,138.0,237.016,46.6,21.453,15.957,0.05821846853015531,0.08333333333333334,0.019644089840962047,0.009112655199908873,0.021283676306888922,0.5695628221858682,0.2285714285714286,0.9583333333333334,0.76,0.057931781266919335,83730223.0
852,Germany,2022-05-28,43444.0,83.0,237.016,46.6,21.453,15.957,0.05821846853015531,0.08333333333333334,0.019644089840962047,0.009112655199908873,0.021283676306888922,0.5695628221858682,0.2285714285714286,0.9583333333333334,0.76,0.057931781266919335,83730223.0
853,Germany,2022-05-29,0.0,0.0,237.016,46.6,21.453,15.957,0.05821846853015531,0.08333333333333334,0.019644089840962047,0.009112655199908873,0.021283676306888922,0.5695628221858682,0.2285714285714286,0.9583333333333334,0.76,0.057931781266919335,83730223.0
854,Germany,2022-05-30,0.0,0.0,237.016,46.6,21.453,15.957,0.05821846853015531,0.08333333333333334,0.019644089840962047,0.009112655199908873,0.021283676306888922,0.5695628221858682,0.2285714285714286,0.9583333333333334,0.76,0.057931781266919335,83730223.0
855,Germany,2022-05-31,61889.0,136.0,237.016,46.6,21.453,15.957,0.05821846853015531,0.08333333333333334,0.019644089840962047,0.009112655199908873,0.021283676306888922,0.5695628221858682,0.2285714285714286,0.9583333333333334,0.76,0.057931781266919335,83730223.0
856,Germany,2022-06-01,54957.0,91.0,237.016,46.6,21.453,15.957,0.05821846853015531,0.08333333333333334,0.019644089840962047,0.009112655199908873,0.021283676306888922,0.5695628221858682,0.2285714285714286,0.9583333333333334,0.76,0.057931781266919335,83730223.0
857,Germany,2022-06-02,48502.0,131.0,237.016,46.6,21.453,15.957,0.05821846853015531,0.08333333333333334,0.019644089840962047,0.009112655199908873,0.021283676306888922,0.5695628221858682,0.2285714285714286,0.9583333333333334,0.76,0.057931781266919335,83730223.0
858,Germany,2022-06-03,42693.0,91.0,237.016,46.6,21.453,15.957,0.05821846853015531,0.08333333333333334,0.019644089840962047,0.009112655199908873,0.021283676306888922,0.5695628221858682,0.2285714285714286,0.9583333333333334,0.76,0.057931781266919335,83730223.0
859,Germany,2022-06-04,0.0,0.0,237.016,46.6,21.453,15.957,0.05821846853015531,0.08333333333333334,0.019644089840962047,0.009112655199908873,0.021283676306888922,0.5695628221858682,0.2285714285714286,0.9583333333333334,0.76,0.057931781266919335,83730223.0
860,Germany,2022-06-05,0.0,0.0,237.016,46.6,21.453,15.957,0.05821846853015531,0.08333333333333334,0.019644089840962047,0.009112655199908873,0.021283676306888922,0.5695628221858682,0.2285714285714286,0.9583333333333334,0.76,0.057931781266919335,83730223.0
861,Germany,2022-06-06,0.0,0.0,237.016,46.6,21.453,15.957,0.05821846853015531,0.08333333333333334,0.019644089840962047,0.009112655199908873,0.021283676306888922,0.5695628221858682,0.2285714285714286,0.9583333333333334,0.76,0.057931781266919335,83730223.0
862,Germany,2022-06-07,46213.0,75.0,237.016,46.6,21.453,15.957,0.05821846853015531,0.08333333333333334,0.019644089840962047,0.009112655199908873,0.021283676306888922,0.5695628221858682,0.2285714285714286,0.9583333333333334,0.76,0.057931781266919335,83730223.0
863,Germany,2022-06-08,84655.0,145.0,237.016,46.6,21.453,15.957,0.05821846853015531,0.08333333333333334,0.019644089840962047,0.009112655199908873,0.021283676306888922,0.5695628221858682,0.2285714285714286,0.9583333333333334,0.76,0.057931781266919335,83730223.0
864,Germany,2022-06-09,77636.0,90.0,237.016,46.6,21.453,15.957,0.05821846853015531,0.08333333333333334,0.019644089840962047,0.009112655199908873,0.021283676306888922,0.5695628221858682,0.2285714285714286,0.9583333333333334,0.76,0.057931781266919335,83730223.0
865,Germany,2022-06-10,77878.0,106.0,237.016,46.6,21.453,15.957,0.05821846853015531,0.08333333333333334,0.019644089840962047,0.009112655199908873,0.021283676306888922,0.5695628221858682,0.2285714285714286,0.9583333333333334,0.76,0.057931781266919335,83730223.0
866,Germany,2022-06-11,0.0,0.0,237.016,46.6,21.453,15.957,0.05821846853015531,0.08333333333333334,0.019644089840962047,0.009112655199908873,0.021283676306888922,0.5695628221858682,0.2285714285714286,0.9583333333333334,0.76,0.057931781266919335,83730223.0
867,Germany,2022-06-12,0.0,0.0,237.016,46.6,21.453,15.957,0.05821846853015531,0.08333333333333334,0.019644089840962047,0.009112655199908873,0.021283676306888922,0.5695628221858682,0.2285714285714286,0.9583333333333334,0.76,0.057931781266919335,83730223.0
868,Germany,2022-06-13,70715.0,78.0,237.016,46.6,21.453,15.957,0.05821846853015531,0.08333333333333334,0.019644089840962047,0.009112655199908873,0.021283676306888922,0.5695628221858682,0.2285714285714286,0.9583333333333334,0.76,0.057931781266919335,83730223.0
869,Germany,2022-06-14,105840.0,107.0,237.016,46.6,21.453,15.957,0.05821846853015531,0.08333333333333334,0.019644089840962047,0.009112655199908873,0.021283676306888922,0.5695628221858682,0.2285714285714286,0.9583333333333334,0.76,0.057931781266919335,83730223.0
870,Germany,2022-06-15,92344.0,112.0,237.016,46.6,21.453,15.957,0.05821846853015531,0.08333333333333334,0.019644089840962047,0.009112655199908873,0.021283676306888922,0.5695628221858682,0.2285714285714286,0.9583333333333334,0.76,0.057931781266919335,83730223.0
871,Germany,2022-06-16,89142.0,73.0,237.016,46.6,21.453,15.957,0.05821846853015531,0.08333333333333334,0.019644089840962047,0.009112655199908873,0.021283676306888922,0.5695628221858682,0.2285714285714286,0.9583333333333334,0.76,0.057931781266919335,83730223.0
872,Germany,2022-06-17,28118.0,19.0,237.016,46.6,21.453,15.957,0.05821846853015531,0.08333333333333334,0.019644089840962047,0.009112655199908873,0.021283676306888922,0.5695628221858682,0.2285714285714286,0.9583333333333334,0.76,0.057931781266919335,83730223.0
873,Germany,2022-06-18,0.0,0.0,237.016,46.6,21.453,15.957,0.05821846853015531,0.08333333333333334,0.019644089840962047,0.009112655199908873,0.021283676306888922,0.5695628221858682,0.2285714285714286,0.9583333333333334,0.76,0.057931781266919335,83730223.0
874,Germany,2022-06-19,0.0,0.0,237.016,46.6,21.453,15.957,0.05821846853015531,0.08333333333333334,0.019644089840962047,0.009112655199908873,0.021283676306888922,0.5695628221858682,0.2285714285714286,0.9583333333333334,0.76,0.057931781266919335,83730223.0
875,Germany,2022-06-20,87207.0,58.0,237.016,46.6,21.453,15.957,0.05821846853015531,0.08333333333333334,0.019644089840962047,0.009112655199908873,0.021283676306888922,0.5695628221858682,0.2285714285714286,0.9583333333333334,0.76,0.057931781266919335,83730223.0
876,Germany,2022-06-21,123097.0,182.0,237.016,46.6,21.453,15.957,0.05821846853015531,0.08333333333333334,0.019644089840962047,0.009112655199908873,0.021283676306888922,0.5695628221858682,0.2285714285714286,0.9583333333333334,0.76,0.057931781266919335,83730223.0
877,Germany,2022-06-22,119232.0,104.0,237.016,46.6,21.453,15.957,0.05821846853015531,0.08333333333333334,0.019644089840962047,0.009112655199908873,0.021283676306888922,0.5695628221858682,0.2285714285714286,0.9583333333333334,0.76,0.057931781266919335,83730223.0
878,Germany,2022-06-23,119360.0,98.0,237.016,46.6,21.453,15.957,0.05821846853015531,0.08333333333333334,0.019644089840962047,0.009112655199908873,0.021283676306888922,0.5695628221858682,0.2285714285714286,0.9583333333333334,0.76,0.057931781266919335,83730223.0
879,Germany,2022-06-24,108190.0,90.0,237.016,46.6,21.453,15.957,0.05821846853015531,0.08333333333333334,0.019644089840962047,0.009112655199908873,0.021283676306888922,0.5695628221858682,0.2285714285714286,0.9583333333333334,0.76,0.057931781266919335,83730223.0
880,Germany,2022-06-25,0.0,0.0,237.016,46.6,21.453,15.957,0.05821846853015531,0.08333333333333334,0.019644089840962047,0.009112655199908873,0.021283676306888922,0.5695628221858682,0.2285714285714286,0.9583333333333334,0.76,0.057931781266919335,83730223.0
881,Germany,2022-06-26,0.0,0.0,237.016,46.6,21.453,15.957,0.05821846853015531,0.08333333333333334,0.019644089840962047,0.009112655199908873,0.021283676306888922,0.5695628221858682,0.2285714285714286,0.9583333333333334,0.76,0.057931781266919335,83730223.0
882,Germany,2022-06-27,90136.0,84.0,237.016,46.6,21.453,15.957,0.05821846853015531,0.08333333333333334,0.019644089840962047,0.009112655199908873,0.021283676306888922,0.5695628221858682,0.2285714285714286,0.9583333333333334,0.76,0.057931781266919335,83730223.0
883,Germany,2022-06-28,142329.0,113.0,237.016,46.6,21.453,15.957,0.05821846853015531,0.08333333333333334,0.019644089840962047,0.009112655199908873,0.021283676306888922,0.5695628221858682,0.2285714285714286,0.9583333333333334,0.76,0.057931781266919335,83730223.0
884,Germany,2022-06-29,133950.0,175.0,237.016,46.6,21.453,15.957,0.05821846853015531,0.08333333333333334,0.019644089840962047,0.009112655199908873,0.021283676306888922,0.5695628221858682,0.2285714285714286,0.9583333333333334,0.76,0.057931781266919335,83730223.0
885,Germany,2022-06-30,132671.0,83.0,237.016,46.6,21.453,15.957,0.05821846853015531,0.08333333333333334,0.019644089840962047,0.009112655199908873,0.021283676306888922,0.5695628221858682,0.2285714285714286,0.9583333333333334,0.76,0.057931781266919335,83730223.0
886,Germany,2022-07-01,113099.0,84.0,237.016,46.6,21.453,15.957,0.05821846853015531,0.08333333333333334,0.019644089840962047,0.009112655199908873,0.021283676306888922,0.5695628221858682,0.2285714285714286,0.9583333333333334,0.76,0.057931781266919335,83730223.0
887,Germany,2022-07-02,0.0,0.0,237.016,46.6,21.453,15.957,0.05821846853015531,0.08333333333333334,0.019644089840962047,0.009112655199908873,0.021283676306888922,0.5695628221858682,0.2285714285714286,0.9583333333333334,0.76,0.057931781266919335,83730223.0
888,Germany,2022-07-03,0.0,0.0,237.016,46.6,21.453,15.957,0.05821846853015531,0.08333333333333334,0.019644089840962047,0.009112655199908873,0.021283676306888922,0.5695628221858682,0.2285714285714286,0.9583333333333334,0.76,0.057931781266919335,83730223.0
889,Germany,2022-07-04,101035.0,106.0,237.016,46.6,21.453,15.957,0.05821846853015531,0.08333333333333334,0.019644089840962047,0.009112655199908873,0.021283676306888922,0.5695628221858682,0.2285714285714286,0.9583333333333334,0.76,0.057931781266919335,83730223.0
890,Germany,2022-07-05,147489.0,102.0,237.016,46.6,21.453,15.957,0.05821846853015531,0.08333333333333334,0.019644089840962047,0.009112655199908873,0.021283676306888922,0.5695628221858682,0.2285714285714286,0.9583333333333334,0.76,0.057931781266919335,83730223.0
891,Germany,2022-07-06,130728.0,122.0,237.016,46.6,21.453,15.957,0.05821846853015531,0.08333333333333334,0.019644089840962047,0.009112655199908873,0.021283676306888922,0.5695628221858682,0.2285714285714286,0.9583333333333334,0.76,0.057931781266919335,83730223.0
892,Germany,2022-07-07,135402.0,108.0,237.016,46.6,21.453,15.957,0.05821846853015531,0.08333333333333334,0.019644089840962047,0.009112655199908873,0.021283676306888922,0.5695628221858682,0.2285714285714286,0.9583333333333334,0.76,0.057931781266919335,83730223.0
893,Germany,2022-07-08,117732.0,131.0,237.016,46.6,21.453,15.957,0.05821846853015531,0.08333333333333334,0.019644089840962047,0.009112655199908873,0.021283676306888922,0.5695628221858682,0.2285714285714286,0.9583333333333334,0.76,0.057931781266919335,83730223.0
894,Germany,2022-07-09,0.0,0.0,237.016,46.6,21.453,15.957,0.05821846853015531,0.08333333333333334,0.019644089840962047,0.009112655199908873,0.021283676306888922,0.5695628221858682,0.2285714285714286,0.9583333333333334,0.76,0.057931781266919335,83730223.0
895,Germany,2022-07-10,0.0,0.0,237.016,46.6,21.453,15.957,0.05821846853015531,0.08333333333333334,0.019644089840962047,0.009112655199908873,0.021283676306888922,0.5695628221858682,0.2285714285714286,0.9583333333333334,0.76,0.057931781266919335,83730223.0
896,Germany,2022-07-11,99414.0,112.0,237.016,46.6,21.453,15.957,0.05821846853015531,0.08333333333333334,0.019644089840962047,0.009112655199908873,0.021283676306888922,0.5695628221858682,0.2285714285714286,0.9583333333333334,0.76,0.057931781266919335,83730223.0
897,Germany,2022-07-12,154729.0,165.0,237.016,46.6,21.453,15.957,0.05821846853015531,0.08333333333333334,0.019644089840962047,0.009112655199908873,0.021283676306888922,0.5695628221858682,0.2285714285714286,0.9583333333333334,0.76,0.057931781266919335,83730223.0
898,Germany,2022-07-13,127611.0,104.0,237.016,46.6,21.453,15.957,0.05821846853015531,0.08333333333333334,0.019644089840962047,0.009112655199908873,0.021283676306888922,0.5695628221858682,0.2285714285714286,0.9583333333333334,0.76,0.057931781266919335,83730223.0
899,Germany,2022-07-14,152149.0,145.0,237.016,46.6,21.453,15.957,0.05821846853015531,0.08333333333333334,0.019644089840962047,0.009112655199908873,0.021283676306888922,0.5695628221858682,0.2285714285714286,0.9583333333333334,0.76,0.057931781266919335,83730223.0
900,Germany,2022-07-15,109694.0,115.0,237.016,46.6,21.453,15.957,0.05821846853015531,0.08333333333333334,0.019644089840962047,0.009112655199908873,0.021283676306888922,0.5695628221858682,0.2285714285714286,0.9583333333333334,0.76,0.057931781266919335,83730223.0
901,Germany,2022-07-16,0.0,0.0,237.016,46.6,21.453,15.957,0.05821846853015531,0.08333333333333334,0.019644089840962047,0.009112655199908873,0.021283676306888922,0.5695628221858682,0.2285714285714286,0.9583333333333334,0.76,0.057931781266919335,83730223.0
902,Germany,2022-07-17,0.0,0.0,237.016,46.6,21.453,15.957,0.05821846853015531,0.08333333333333334,0.019644089840962047,0.009112655199908873,0.021283676306888922,0.5695628221858682,0.2285714285714286,0.9583333333333334,0.76,0.057931781266919335,83730223.0
903,Germany,2022-07-18,123046.0,134.0,237.016,46.6,21.453,15.957,0.05821846853015531,0.08333333333333334,0.019644089840962047,0.009112655199908873,0.021283676306888922,0.5695628221858682,0.2285714285714286,0.9583333333333334,0.76,0.057931781266919335,83730223.0
904,Germany,2022-07-19,160691.0,102.0,237.016,46.6,21.453,15.957,0.05821846853015531,0.08333333333333334,0.019644089840962047,0.009112655199908873,0.021283676306888922,0.5695628221858682,0.2285714285714286,0.9583333333333334,0.76,0.057931781266919335,83730223.0
905,Germany,2022-07-20,140999.0,136.0,237.016,46.6,21.453,15.957,0.05821846853015531,0.08333333333333334,0.019644089840962047,0.009112655199908873,0.021283676306888922,0.5695628221858682,0.2285714285714286,0.9583333333333334,0.76,0.057931781266919335,83730223.0
906,Germany,2022-07-21,136624.0,177.0,237.016,46.6,21.453,15.957,0.05821846853015531,0.08333333333333334,0.019644089840962047,0.009112655199908873,0.021283676306888922,0.5695628221858682,0.2285714285714286,0.9583333333333334,0.76,0.057931781266919335,83730223.0
907,Germany,2022-07-22,107819.0,113.0,237.016,46.6,21.453,15.957,0.05821846853015531,0.08333333333333334,0.019644089840962047,0.009112655199908873,0.021283676306888922,0.5695628221858682,0.2285714285714286,0.9583333333333334,0.76,0.057931781266919335,83730223.0
908,Germany,2022-07-23,0.0,0.0,237.016,46.6,21.453,15.957,0.05821846853015531,0.08333333333333334,0.019644089840962047,0.009112655199908873,0.021283676306888922,0.5695628221858682,0.2285714285714286,0.9583333333333334,0.76,0.057931781266919335,83730223.0
909,Germany,2022-07-24,0.0,0.0,237.016,46.6,21.453,15.957,0.05821846853015531,0.08333333333333334,0.019644089840962047,0.009112655199908873,0.021283676306888922,0.5695628221858682,0.2285714285714286,0.9583333333333334,0.76,0.057931781266919335,83730223.0
910,Germany,2022-07-25,92011.0,116.0,237.016,46.6,21.453,15.957,0.05821846853015531,0.08333333333333334,0.019644089840962047,0.009112655199908873,0.021283676306888922,0.5695628221858682,0.2285714285714286,0.9583333333333334,0.76,0.057931781266919335,83730223.0
911,Germany,2022-07-26,145472.0,187.0,237.016,46.6,21.453,15.957,0.05821846853015531,0.08333333333333334,0.019644089840962047,0.009112655199908873,0.021283676306888922,0.5695628221858682,0.2285714285714286,0.9583333333333334,0.76,0.057931781266919335,83730223.0
912,Germany,2022-07-27,121780.0,181.0,237.016,46.6,21.453,15.957,0.05821846853015531,0.08333333333333334,0.019644089840962047,0.009112655199908873,0.021283676306888922,0.5695628221858682,0.2285714285714286,0.9583333333333334,0.76,0.057931781266919335,83730223.0
913,Germany,2022-07-28,104126.0,157.0,237.016,46.6,21.453,15.957,0.05821846853015531,0.08333333333333334,0.019644089840962047,0.009112655199908873,0.021283676306888922,0.5695628221858682,0.2285714285714286,0.9583333333333334,0.76,0.057931781266919335,83730223.0
914,Germany,2022-07-29,84798.0,153.0,237.016,46.6,21.453,15.957,0.05821846853015531,0.08333333333333334,0.019644089840962047,0.009112655199908873,0.021283676306888922,0.5695628221858682,0.2285714285714286,0.9583333333333334,0.76,0.057931781266919335,83730223.0
915,Germany,2022-07-30,0.0,0.0,237.016,46.6,21.453,15.957,0.05821846853015531,0.08333333333333334,0.019644089840962047,0.009112655199908873,0.021283676306888922,0.5695628221858682,0.2285714285714286,0.9583333333333334,0.76,0.057931781266919335,83730223.0
916,Germany,2022-07-31,0.0,0.0,237.016,46.6,21.453,15.957,0.05821846853015531,0.08333333333333334,0.019644089840962047,0.009112655199908873,0.021283676306888922,0.5695628221858682,0.2285714285714286,0.9583333333333334,0.76,0.057931781266919335,83730223.0
917,Germany,2022-08-01,66866.0,124.0,237.016,46.6,21.453,15.957,0.05821846853015531,0.08333333333333334,0.019644089840962047,0.009112655199908873,0.021283676306888922,0.5695628221858682,0.2285714285714286,0.9583333333333334,0.76,0.057931781266919335,83730223.0
918,Germany,2022-08-02,102698.0,171.0,237.016,46.6,21.453,15.957,0.05821846853015531,0.08333333333333334,0.019644089840962047,0.009112655199908873,0.021283676306888922,0.5695628221858682,0.2285714285714286,0.9583333333333334,0.76,0.057931781266919335,83730223.0
919,Germany,2022-08-03,87681.0,210.0,237.016,46.6,21.453,15.957,0.05821846853015531,0.08333333333333334,0.019644089840962047,0.009112655199908873,0.021283676306888922,0.5695628221858682,0.2285714285714286,0.9583333333333334,0.76,0.057931781266919335,83730223.0
920,Germany,2022-08-04,74645.0,192.0,237.016,46.6,21.453,15.957,0.05821846853015531,0.08333333333333334,0.019644089840962047,0.009112655199908873,0.021283676306888922,0.5695628221858682,0.2285714285714286,0.9583333333333334,0.76,0.057931781266919335,83730223.0
921,Germany,2022-08-05,59506.0,165.0,237.016,46.6,21.453,15.957,0.05821846853015531,0.08333333333333334,0.019644089840962047,0.009112655199908873,0.021283676306888922,0.5695628221858682,0.2285714285714286,0.9583333333333334,0.76,0.057931781266919335,83730223.0
922,Germany,2022-08-06,0.0,0.0,237.016,46.6,21.453,15.957,0.05821846853015531,0.08333333333333334,0.019644089840962047,0.009112655199908873,0.021283676306888922,0.5695628221858682,0.2285714285714286,0.9583333333333334,0.76,0.057931781266919335,83730223.0
923,Germany,2022-08-07,0.0,0.0,237.016,46.6,21.453,15.957,0.05821846853015531,0.08333333333333334,0.019644089840962047,0.009112655199908873,0.021283676306888922,0.5695628221858682,0.2285714285714286,0.9583333333333334,0.76,0.057931781266919335,83730223.0
924,Germany,2022-08-08,49617.0,141.0,237.016,46.6,21.453,15.957,0.05821846853015531,0.08333333333333334,0.019644089840962047,0.009112655199908873,0.021283676306888922,0.5695628221858682,0.2285714285714286,0.9583333333333334,0.76,0.057931781266919335,83730223.0
925,Germany,2022-08-09,78698.0,170.0,237.016,46.6,21.453,15.957,0.05821846853015531,0.08333333333333334,0.019644089840962047,0.009112655199908873,0.021283676306888922,0.5695628221858682,0.2285714285714286,0.9583333333333334,0.76,0.057931781266919335,83730223.0
926,Germany,2022-08-10,72737.0,213.0,237.016,46.6,21.453,15.957,0.05821846853015531,0.08333333333333334,0.019644089840962047,0.009112655199908873,0.021283676306888922,0.5695628221858682,0.2285714285714286,0.9583333333333334,0.76,0.057931781266919335,83730223.0
927,Germany,2022-08-11,59888.0,153.0,237.016,46.6,21.453,15.957,0.05821846853015531,0.08333333333333334,0.019644089840962047,0.009112655199908873,0.021283676306888922,0.5695628221858682,0.2285714285714286,0.9583333333333334,0.76,0.057931781266919335,83730223.0
928,Germany,2022-08-12,49839.0,167.0,237.016,46.6,21.453,15.957,0.05821846853015531,0.08333333333333334,0.019644089840962047,0.009112655199908873,0.021283676306888922,0.5695628221858682,0.2285714285714286,0.9583333333333334,0.76,0.057931781266919335,83730223.0
929,Germany,2022-08-13,0.0,0.0,237.016,46.6,21.453,15.957,0.05821846853015531,0.08333333333333334,0.019644089840962047,0.009112655199908873,0.021283676306888922,0.5695628221858682,0.2285714285714286,0.9583333333333334,0.76,0.057931781266919335,83730223.0
930,Germany,2022-08-14,0.0,0.0,237.016,46.6,21.453,15.957,0.05821846853015531,0.08333333333333334,0.019644089840962047,0.009112655199908873,0.021283676306888922,0.5695628221858682,0.2285714285714286,0.9583333333333334,0.76,0.057931781266919335,83730223.0
931,Germany,2022-08-15,45856.0,137.0,237.016,46.6,21.453,15.957,0.05821846853015531,0.08333333333333334,0.019644089840962047,0.009112655199908873,0.021283676306888922,0.5695628221858682,0.2285714285714286,0.9583333333333334,0.76,0.057931781266919335,83730223.0
932,Germany,2022-08-16,63745.0,140.0,237.016,46.6,21.453,15.957,0.05821846853015531,0.08333333333333334,0.019644089840962047,0.009112655199908873,0.021283676306888922,0.5695628221858682,0.2285714285714286,0.9583333333333334,0.76,0.057931781266919335,83730223.0
933,Germany,2022-08-17,67390.0,192.0,237.016,46.6,21.453,15.957,0.05821846853015531,0.08333333333333334,0.019644089840962047,0.009112655199908873,0.021283676306888922,0.5695628221858682,0.2285714285714286,0.9583333333333334,0.76,0.057931781266919335,83730223.0
934,Germany,2022-08-18,58685.0,184.0,237.016,46.6,21.453,15.957,0.05821846853015531,0.08333333333333334,0.019644089840962047,0.009112655199908873,0.021283676306888922,0.5695628221858682,0.2285714285714286,0.9583333333333334,0.76,0.057931781266919335,83730223.0
935,Germany,2022-08-19,46724.0,169.0,237.016,46.6,21.453,15.957,0.05821846853015531,0.08333333333333334,0.019644089840962047,0.009112655199908873,0.021283676306888922,0.5695628221858682,0.2285714285714286,0.9583333333333334,0.76,0.057931781266919335,83730223.0
936,Germany,2022-08-20,0.0,0.0,237.016,46.6,21.453,15.957,0.05821846853015531,0.08333333333333334,0.019644089840962047,0.009112655199908873,0.021283676306888922,0.5695628221858682,0.2285714285714286,0.9583333333333334,0.76,0.057931781266919335,83730223.0
937,Germany,2022-08-21,0.0,0.0,237.016,46.6,21.453,15.957,0.05821846853015531,0.08333333333333334,0.019644089840962047,0.009112655199908873,0.021283676306888922,0.5695628221858682,0.2285714285714286,0.9583333333333334,0.76,0.057931781266919335,83730223.0
938,Germany,2022-08-22,36344.0,121.0,237.016,46.6,21.453,15.957,0.05821846853015531,0.08333333333333334,0.019644089840962047,0.009112655199908873,0.021283676306888922,0.5695628221858682,0.2285714285714286,0.9583333333333334,0.76,0.057931781266919335,83730223.0
939,Germany,2022-08-23,60411.0,146.0,237.016,46.6,21.453,15.957,0.05821846853015531,0.08333333333333334,0.019644089840962047,0.009112655199908873,0.021283676306888922,0.5695628221858682,0.2285714285714286,0.9583333333333334,0.76,0.057931781266919335,83730223.0
940,Germany,2022-08-24,52939.0,147.0,237.016,46.6,21.453,15.957,0.05821846853015531,0.08333333333333334,0.019644089840962047,0.009112655199908873,0.021283676306888922,0.5695628221858682,0.2285714285714286,0.9583333333333334,0.76,0.057931781266919335,83730223.0
941,Germany,2022-08-25,49201.0,116.0,237.016,46.6,21.453,15.957,0.05821846853015531,0.08333333333333334,0.019644089840962047,0.009112655199908873,0.021283676306888922,0.5695628221858682,0.2285714285714286,0.9583333333333334,0.76,0.057931781266919335,83730223.0
942,Germany,2022-08-26,37343.0,90.0,237.016,46.6,21.453,15.957,0.05821846853015531,0.08333333333333334,0.019644089840962047,0.009112655199908873,0.021283676306888922,0.5695628221858682,0.2285714285714286,0.9583333333333334,0.76,0.057931781266919335,83730223.0
943,Germany,2022-08-27,0.0,0.0,237.016,46.6,21.453,15.957,0.05821846853015531,0.08333333333333334,0.019644089840962047,0.009112655199908873,0.021283676306888922,0.5695628221858682,0.2285714285714286,0.9583333333333334,0.76,0.057931781266919335,83730223.0
944,Germany,2022-08-28,0.0,0.0,237.016,46.6,21.453,15.957,0.05821846853015531,0.08333333333333334,0.019644089840962047,0.009112655199908873,0.021283676306888922,0.5695628221858682,0.2285714285714286,0.9583333333333334,0.76,0.057931781266919335,83730223.0
945,Germany,2022-08-29,33228.0,101.0,237.016,46.6,21.453,15.957,0.05821846853015531,0.08333333333333334,0.019644089840962047,0.009112655199908873,0.021283676306888922,0.5695628221858682,0.2285714285714286,0.9583333333333334,0.76,0.057931781266919335,83730223.0
946,Germany,2022-08-30,54504.0,119.0,237.016,46.6,21.453,15.957,0.05821846853015531,0.08333333333333334,0.019644089840962047,0.009112655199908873,0.021283676306888922,0.5695628221858682,0.2285714285714286,0.9583333333333334,0.76,0.057931781266919335,83730223.0
947,Germany,2022-08-31,49303.0,181.0,237.016,46.6,21.453,15.957,0.05821846853015531,0.08333333333333334,0.019644089840962047,0.009112655199908873,0.021283676306888922,0.5695628221858682,0.2285714285714286,0.9583333333333334,0.76,0.057931781266919335,83730223.0
948,Germany,2022-09-01,39396.0,90.0,237.016,46.6,21.453,15.957,0.05821846853015531,0.08333333333333334,0.019644089840962047,0.009112655199908873,0.021283676306888922,0.5695628221858682,0.2285714285714286,0.9583333333333334,0.76,0.057931781266919335,83730223.0
949,Germany,2022-09-02,33930.0,148.0,237.016,46.6,21.453,15.957,0.05821846853015531,0.08333333333333334,0.019644089840962047,0.009112655199908873,0.021283676306888922,0.5695628221858682,0.2285714285714286,0.9583333333333334,0.76,0.057931781266919335,83730223.0
950,Germany,2022-09-03,0.0,0.0,237.016,46.6,21.453,15.957,0.05821846853015531,0.08333333333333334,0.019644089840962047,0.009112655199908873,0.021283676306888922,0.5695628221858682,0.2285714285714286,0.9583333333333334,0.76,0.057931781266919335,83730223.0
951,Germany,2022-09-04,0.0,0.0,237.016,46.6,21.453,15.957,0.05821846853015531,0.08333333333333334,0.019644089840962047,0.009112655199908873,0.021283676306888922,0.5695628221858682,0.2285714285714286,0.9583333333333334,0.76,0.057931781266919335,83730223.0
952,Germany,2022-09-05,29345.0,120.0,237.016,46.6,21.453,15.957,0.05821846853015531,0.08333333333333334,0.019644089840962047,0.009112655199908873,0.021283676306888922,0.5695628221858682,0.2285714285714286,0.9583333333333334,0.76,0.057931781266919335,83730223.0
953,Germany,2022-09-06,49709.0,99.0,237.016,46.6,21.453,15.957,0.05821846853015531,0.08333333333333334,0.019644089840962047,0.009112655199908873,0.021283676306888922,0.5695628221858682,0.2285714285714286,0.9583333333333334,0.76,0.057931781266919335,83730223.0
954,Germany,2022-09-07,46495.0,120.0,237.016,46.6,21.453,15.957,0.05821846853015531,0.08333333333333334,0.019644089840962047,0.009112655199908873,0.021283676306888922,0.5695628221858682,0.2285714285714286,0.9583333333333334,0.76,0.057931781266919335,83730223.0
955,Germany,2022-09-08,42057.0,117.0,237.016,46.6,21.453,15.957,0.05821846853015531,0.08333333333333334,0.019644089840962047,0.009112655199908873,0.021283676306888922,0.5695628221858682,0.2285714285714286,0.9583333333333334,0.76,0.057931781266919335,83730223.0
956,Germany,2022-09-09,35995.0,119.0,237.016,46.6,21.453,15.957,0.05821846853015531,0.08333333333333334,0.019644089840962047,0.009112655199908873,0.021283676306888922,0.5695628221858682,0.2285714285714286,0.9583333333333334,0.76,0.057931781266919335,83730223.0
957,Germany,2022-09-10,0.0,0.0,237.016,46.6,21.453,15.957,0.05821846853015531,0.08333333333333334,0.019644089840962047,0.009112655199908873,0.021283676306888922,0.5695628221858682,0.2285714285714286,0.9583333333333334,0.76,0.057931781266919335,83730223.0
958,Germany,2022-09-11,0.0,0.0,237.016,46.6,21.453,15.957,0.05821846853015531,0.08333333333333334,0.019644089840962047,0.009112655199908873,0.021283676306888922,0.5695628221858682,0.2285714285714286,0.9583333333333334,0.76,0.057931781266919335,83730223.0
959,Germany,2022-09-12,30166.0,82.0,237.016,46.6,21.453,15.957,0.05821846853015531,0.08333333333333334,0.019644089840962047,0.009112655199908873,0.021283676306888922,0.5695628221858682,0.2285714285714286,0.9583333333333334,0.76,0.057931781266919335,83730223.0
960,Germany,2022-09-13,54930.0,90.0,237.016,46.6,21.453,15.957,0.05821846853015531,0.08333333333333334,0.019644089840962047,0.009112655199908873,0.021283676306888922,0.5695628221858682,0.2285714285714286,0.9583333333333334,0.76,0.057931781266919335,83730223.0
961,Germany,2022-09-14,51299.0,109.0,237.016,46.6,21.453,15.957,0.05821846853015531,0.08333333333333334,0.019644089840962047,0.009112655199908873,0.021283676306888922,0.5695628221858682,0.2285714285714286,0.9583333333333334,0.76,0.057931781266919335,83730223.0
962,Germany,2022-09-15,46514.0,230.0,237.016,46.6,21.453,15.957,0.05821846853015531,0.08333333333333334,0.019644089840962047,0.009112655199908873,0.021283676306888922,0.5695628221858682,0.2285714285714286,0.9583333333333334,0.76,0.057931781266919335,83730223.0
963,Germany,2022-09-16,38749.0,117.0,237.016,46.6,21.453,15.957,0.05821846853015531,0.08333333333333334,0.019644089840962047,0.009112655199908873,0.021283676306888922,0.5695628221858682,0.2285714285714286,0.9583333333333334,0.76,0.057931781266919335,83730223.0
964,Germany,2022-09-17,0.0,0.0,237.016,46.6,21.453,15.957,0.05821846853015531,0.08333333333333334,0.019644089840962047,0.009112655199908873,0.021283676306888922,0.5695628221858682,0.2285714285714286,0.9583333333333334,0.76,0.057931781266919335,83730223.0
965,Germany,2022-09-18,0.0,0.0,237.016,46.6,21.453,15.957,0.05821846853015531,0.08333333333333334,0.019644089840962047,0.009112655199908873,0.021283676306888922,0.5695628221858682,0.2285714285714286,0.9583333333333334,0.76,0.057931781266919335,83730223.0
966,Germany,2022-09-19,36614.0,88.0,237.016,46.6,21.453,15.957,0.05821846853015531,0.08333333333333334,0.019644089840962047,0.009112655199908873,0.021283676306888922,0.5695628221858682,0.2285714285714286,0.9583333333333334,0.76,0.057931781266919335,83730223.0
967,Germany,2022-09-20,60237.0,146.0,237.016,46.6,21.453,15.957,0.05821846853015531,0.08333333333333334,0.019644089840962047,0.009112655199908873,0.021283676306888922,0.5695628221858682,0.2285714285714286,0.9583333333333334,0.76,0.057931781266919335,83730223.0
968,Germany,2022-09-21,56715.0,90.0,237.016,46.6,21.453,15.957,0.05821846853015531,0.08333333333333334,0.019644089840962047,0.009112655199908873,0.021283676306888922,0.5695628221858682,0.2285714285714286,0.9583333333333334,0.76,0.057931781266919335,83730223.0
969,Germany,2022-09-22,56978.0,106.0,237.016,46.6,21.453,15.957,0.05821846853015531,0.08333333333333334,0.019644089840962047,0.009112655199908873,0.021283676306888922,0.5695628221858682,0.2285714285714286,0.9583333333333334,0.76,0.057931781266919335,83730223.0
970,Germany,2022-09-23,50800.0,93.0,237.016,46.6,21.453,15.957,0.05821846853015531,0.08333333333333334,0.019644089840962047,0.009112655199908873,0.021283676306888922,0.5695628221858682,0.2285714285714286,0.9583333333333334,0.76,0.057931781266919335,83730223.0
971,Germany,2022-09-24,0.0,0.0,237.016,46.6,21.453,15.957,0.05821846853015531,0.08333333333333334,0.019644089840962047,0.009112655199908873,0.021283676306888922,0.5695628221858682,0.2285714285714286,0.9583333333333334,0.76,0.057931781266919335,83730223.0
972,Germany,2022-09-25,0.0,0.0,237.016,46.6,21.453,15.957,0.05821846853015531,0.08333333333333334,0.019644089840962047,0.009112655199908873,0.021283676306888922,0.5695628221858682,0.2285714285714286,0.9583333333333334,0.76,0.057931781266919335,83730223.0
973,Germany,2022-09-26,46964.0,90.0,237.016,46.6,21.453,15.957,0.05821846853015531,0.08333333333333334,0.019644089840962047,0.009112655199908873,0.021283676306888922,0.5695628221858682,0.2285714285714286,0.9583333333333334,0.76,0.057931781266919335,83730223.0
974,Germany,2022-09-27,89282.0,118.0,237.016,46.6,21.453,15.957,0.05821846853015531,0.08333333333333334,0.019644089840962047,0.009112655199908873,0.021283676306888922,0.5695628221858682,0.2285714285714286,0.9583333333333334,0.76,0.057931781266919335,83730223.0
975,Germany,2022-09-28,95811.0,138.0,237.016,46.6,21.453,15.957,0.05821846853015531,0.08333333333333334,0.019644089840962047,0.009112655199908873,0.021283676306888922,0.5695628221858682,0.2285714285714286,0.9583333333333334,0.76,0.057931781266919335,83730223.0
976,Germany,2022-09-29,78863.0,94.0,237.016,46.6,21.453,15.957,0.05821846853015531,0.08333333333333334,0.019644089840962047,0.009112655199908873,0.021283676306888922,0.5695628221858682,0.2285714285714286,0.9583333333333334,0.76,0.057931781266919335,83730223.0
977,Germany,2022-09-30,96367.0,140.0,237.016,46.6,21.453,15.957,0.05821846853015531,0.08333333333333334,0.019644089840962047,0.009112655199908873,0.021283676306888922,0.5695628221858682,0.2285714285714286,0.9583333333333334,0.76,0.057931781266919335,83730223.0
978,Germany,2022-10-01,0.0,0.0,237.016,46.6,21.453,15.957,0.05821846853015531,0.08333333333333334,0.019644089840962047,0.009112655199908873,0.021283676306888922,0.5695628221858682,0.2285714285714286,0.9583333333333334,0.76,0.057931781266919335,83730223.0
979,Germany,2022-10-02,0.0,0.0,237.016,46.6,21.453,15.957,0.05821846853015531,0.08333333333333334,0.019644089840962047,0.009112655199908873,0.021283676306888922,0.5695628221858682,0.2285714285714286,0.9583333333333334,0.76,0.057931781266919335,83730223.0
980,Germany,2022-10-03,0.0,0.0,237.016,46.6,21.453,15.957,0.05821846853015531,0.08333333333333334,0.019644089840962047,0.009112655199908873,0.021283676306888922,0.5695628221858682,0.2285714285714286,0.9583333333333334,0.76,0.057931781266919335,83730223.0
981,Germany,2022-10-04,73856.0,116.0,237.016,46.6,21.453,15.957,0.05821846853015531,0.08333333333333334,0.019644089840962047,0.009112655199908873,0.021283676306888922,0.5695628221858682,0.2285714285714286,0.9583333333333334,0.76,0.057931781266919335,83730223.0
982,Germany,2022-10-05,133532.0,128.0,237.016,46.6,21.453,15.957,0.05821846853015531,0.08333333333333334,0.019644089840962047,0.009112655199908873,0.021283676306888922,0.5695628221858682,0.2285714285714286,0.9583333333333334,0.76,0.057931781266919335,83730223.0
983,Germany,2022-10-06,132494.0,97.0,237.016,46.6,21.453,15.957,0.05821846853015531,0.08333333333333334,0.019644089840962047,0.009112655199908873,0.021283676306888922,0.5695628221858682,0.2285714285714286,0.9583333333333334,0.76,0.057931781266919335,83730223.0
984,Germany,2022-10-07,174112.0,117.0,237.016,46.6,21.453,15.957,0.05821846853015531,0.08333333333333334,0.019644089840962047,0.009112655199908873,0.021283676306888922,0.5695628221858682,0.2285714285714286,0.9583333333333334,0.76,0.057931781266919335,83730223.0
985,Germany,2022-10-08,0.0,0.0,237.016,46.6,21.453,15.957,0.05821846853015531,0.08333333333333334,0.019644089840962047,0.009112655199908873,0.021283676306888922,0.5695628221858682,0.2285714285714286,0.9583333333333334,0.76,0.057931781266919335,83730223.0
986,Germany,2022-10-09,0.0,0.0,237.016,46.6,21.453,15.957,0.05821846853015531,0.08333333333333334,0.019644089840962047,0.009112655199908873,0.021283676306888922,0.5695628221858682,0.2285714285714286,0.9583333333333334,0.76,0.057931781266919335,83730223.0
987,Germany,2022-10-10,122265.0,129.0,237.016,46.6,21.453,15.957,0.05821846853015531,0.08333333333333334,0.019644089840962047,0.009112655199908873,0.021283676306888922,0.5695628221858682,0.2285714285714286,0.9583333333333334,0.76,0.057931781266919335,83730223.0
988,Germany,2022-10-11,172536.0,185.0,237.016,46.6,21.453,15.957,0.05821846853015531,0.08333333333333334,0.019644089840962047,0.009112655199908873,0.021283676306888922,0.5695628221858682,0.2285714285714286,0.9583333333333334,0.76,0.057931781266919335,83730223.0
989,Germany,2022-10-12,136748.0,199.0,237.016,46.6,21.453,15.957,0.05821846853015531,0.08333333333333334,0.019644089840962047,0.009112655199908873,0.021283676306888922,0.5695628221858682,0.2285714285714286,0.9583333333333334,0.76,0.057931781266919335,83730223.0
990,Germany,2022-10-13,145213.0,176.0,237.016,46.6,21.453,15.957,0.05821846853015531,0.08333333333333334,0.019644089840962047,0.009112655199908873,0.021283676306888922,0.5695628221858682,0.2285714285714286,0.9583333333333334,0.76,0.057931781266919335,83730223.0
991,Germany,2022-10-14,114198.0,165.0,237.016,46.6,21.453,15.957,0.05821846853015531,0.08333333333333334,0.019644089840962047,0.009112655199908873,0.021283676306888922,0.5695628221858682,0.2285714285714286,0.9583333333333334,0.76,0.057931781266919335,83730223.0
992,Germany,2022-10-15,0.0,0.0,237.016,46.6,21.453,15.957,0.05821846853015531,0.08333333333333334,0.019644089840962047,0.009112655199908873,0.021283676306888922,0.5695628221858682,0.2285714285714286,0.9583333333333334,0.76,0.057931781266919335,83730223.0
993,Germany,2022-10-16,0.0,0.0,237.016,46.6,21.453,15.957,0.05821846853015531,0.08333333333333334,0.019644089840962047,0.009112655199908873,0.021283676306888922,0.5695628221858682,0.2285714285714286,0.9583333333333334,0.76,0.057931781266919335,83730223.0
994,Germany,2022-10-17,91510.0,160.0,237.016,46.6,21.453,15.957,0.05821846853015531,0.08333333333333334,0.019644089840962047,0.009112655199908873,0.021283676306888922,0.5695628221858682,0.2285714285714286,0.9583333333333334,0.76,0.057931781266919335,83730223.0
995,Germany,2022-10-18,150052.0,209.0,237.016,46.6,21.453,15.957,0.05821846853015531,0.08333333333333334,0.019644089840962047,0.009112655199908873,0.021283676306888922,0.5695628221858682,0.2285714285714286,0.9583333333333334,0.76,0.057931781266919335,83730223.0
996,Germany,2022-10-19,130074.0,248.0,237.016,46.6,21.453,15.957,0.05821846853015531,0.08333333333333334,0.019644089840962047,0.009112655199908873,0.021283676306888922,0.5695628221858682,0.2285714285714286,0.9583333333333334,0.76,0.057931781266919335,83730223.0
997,Germany,2022-10-20,116806.0,223.0,237.016,46.6,21.453,15.957,0.05821846853015531,0.08333333333333334,0.019644089840962047,0.009112655199908873,0.021283676306888922,0.5695628221858682,0.2285714285714286,0.9583333333333334,0.76,0.057931781266919335,83730223.0
998,Germany,2022-10-21,92293.0,178.0,237.016,46.6,21.453,15.957,0.05821846853015531,0.08333333333333334,0.019644089840962047,0.009112655199908873,0.021283676306888922,0.5695628221858682,0.2285714285714286,0.9583333333333334,0.76,0.057931781266919335,83730223.0
999,Germany,2022-10-22,0.0,0.0,237.016,46.6,21.453,15.957,0.05821846853015531,0.08333333333333334,0.019644089840962047,0.009112655199908873,0.021283676306888922,0.5695628221858682,0.2285714285714286,0.9583333333333334,0.76,0.057931781266919335,83730223.0
1000,Germany,2022-10-23,0.0,0.0,237.016,46.6,21.453,15.957,0.05821846853015531,0.08333333333333334,0.019644089840962047,0.009112655199908873,0.021283676306888922,0.5695628221858682,0.2285714285714286,0.9583333333333334,0.76,0.057931781266919335,83730223.0
1001,Germany,2022-10-24,74632.0,204.0,237.016,46.6,21.453,15.957,0.05821846853015531,0.08333333333333334,0.019644089840962047,0.009112655199908873,0.021283676306888922,0.5695628221858682,0.2285714285714286,0.9583333333333334,0.76,0.057931781266919335,83730223.0
1002,Germany,2022-10-25,115534.0,273.0,237.016,46.6,21.453,15.957,0.05821846853015531,0.08333333333333334,0.019644089840962047,0.009112655199908873,0.021283676306888922,0.5695628221858682,0.2285714285714286,0.9583333333333334,0.76,0.057931781266919335,83730223.0
1003,Germany,2022-10-26,94787.0,242.0,237.016,46.6,21.453,15.957,0.05821846853015531,0.08333333333333334,0.019644089840962047,0.009112655199908873,0.021283676306888922,0.5695628221858682,0.2285714285714286,0.9583333333333334,0.76,0.057931781266919335,83730223.0
1004,Germany,2022-10-27,78905.0,196.0,237.016,46.6,21.453,15.957,0.05821846853015531,0.08333333333333334,0.019644089840962047,0.009112655199908873,0.021283676306888922,0.5695628221858682,0.2285714285714286,0.9583333333333334,0.76,0.057931781266919335,83730223.0
1005,Germany,2022-10-28,61492.0,184.0,237.016,46.6,21.453,15.957,0.05821846853015531,0.08333333333333334,0.019644089840962047,0.009112655199908873,0.021283676306888922,0.5695628221858682,0.2285714285714286,0.9583333333333334,0.76,0.057931781266919335,83730223.0
1006,Germany,2022-10-29,0.0,0.0,237.016,46.6,21.453,15.957,0.05821846853015531,0.08333333333333334,0.019644089840962047,0.009112655199908873,0.021283676306888922,0.5695628221858682,0.2285714285714286,0.9583333333333334,0.76,0.057931781266919335,83730223.0
1007,Germany,2022-10-30,0.0,0.0,237.016,46.6,21.453,15.957,0.05821846853015531,0.08333333333333334,0.019644089840962047,0.009112655199908873,0.021283676306888922,0.5695628221858682,0.2285714285714286,0.9583333333333334,0.76,0.057931781266919335,83730223.0
1008,Germany,2022-10-31,47719.0,167.0,237.016,46.6,21.453,15.957,0.05821846853015531,0.08333333333333334,0.019644089840962047,0.009112655199908873,0.021283676306888922,0.5695628221858682,0.2285714285714286,0.9583333333333334,0.76,0.057931781266919335,83730223.0
1009,Germany,2022-11-01,48556.0,150.0,237.016,46.6,21.453,15.957,0.05821846853015531,0.08333333333333334,0.019644089840962047,0.009112655199908873,0.021283676306888922,0.5695628221858682,0.2285714285714286,0.9583333333333334,0.76,0.057931781266919335,83730223.0
1010,Germany,2022-11-02,29961.0,120.0,237.016,46.6,21.453,15.957,0.05821846853015531,0.08333333333333334,0.019644089840962047,0.009112655199908873,0.021283676306888922,0.5695628221858682,0.2285714285714286,0.9583333333333334,0.76,0.057931781266919335,83730223.0
1011,Germany,2022-11-03,78629.0,281.0,237.016,46.6,21.453,15.957,0.05821846853015531,0.08333333333333334,0.019644089840962047,0.009112655199908873,0.021283676306888922,0.5695628221858682,0.2285714285714286,0.9583333333333334,0.76,0.057931781266919335,83730223.0
1012,Germany,2022-11-04,56635.0,233.0,237.016,46.6,21.453,15.957,0.05821846853015531,0.08333333333333334,0.019644089840962047,0.009112655199908873,0.021283676306888922,0.5695628221858682,0.2285714285714286,0.9583333333333334,0.76,0.057931781266919335,83730223.0
1013,Germany,2022-11-05,0.0,0.0,237.016,46.6,21.453,15.957,0.05821846853015531,0.08333333333333334,0.019644089840962047,0.009112655199908873,0.021283676306888922,0.5695628221858682,0.2285714285714286,0.9583333333333334,0.76,0.057931781266919335,83730223.0
1014,Germany,2022-11-06,0.0,0.0,237.016,46.6,21.453,15.957,0.05821846853015531,0.08333333333333334,0.019644089840962047,0.009112655199908873,0.021283676306888922,0.5695628221858682,0.2285714285714286,0.9583333333333334,0.76,0.057931781266919335,83730223.0
1015,Germany,2022-11-07,38859.0,207.0,237.016,46.6,21.453,15.957,0.05821846853015531,0.08333333333333334,0.019644089840962047,0.009112655199908873,0.021283676306888922,0.5695628221858682,0.2285714285714286,0.9583333333333334,0.76,0.057931781266919335,83730223.0
1016,Germany,2022-11-08,61063.0,250.0,237.016,46.6,21.453,15.957,0.05821846853015531,0.08333333333333334,0.019644089840962047,0.009112655199908873,0.021283676306888922,0.5695628221858682,0.2285714285714286,0.9583333333333334,0.76,0.057931781266919335,83730223.0
1017,Germany,2022-11-09,47820.0,227.0,237.016,46.6,21.453,15.957,0.05821846853015531,0.08333333333333334,0.019644089840962047,0.009112655199908873,0.021283676306888922,0.5695628221858682,0.2285714285714286,0.9583333333333334,0.76,0.057931781266919335,83730223.0
1018,Germany,2022-11-10,38668.0,175.0,237.016,46.6,21.453,15.957,0.05821846853015531,0.08333333333333334,0.019644089840962047,0.009112655199908873,0.021283676306888922,0.5695628221858682,0.2285714285714286,0.9583333333333334,0.76,0.057931781266919335,83730223.0
1019,Germany,2022-11-11,33703.0,216.0,237.016,46.6,21.453,15.957,0.05821846853015531,0.08333333333333334,0.019644089840962047,0.009112655199908873,0.021283676306888922,0.5695628221858682,0.2285714285714286,0.9583333333333334,0.76,0.057931781266919335,83730223.0
1020,Germany,2022-11-12,0.0,0.0,237.016,46.6,21.453,15.957,0.05821846853015531,0.08333333333333334,0.019644089840962047,0.009112655199908873,0.021283676306888922,0.5695628221858682,0.2285714285714286,0.9583333333333334,0.76,0.057931781266919335,83730223.0
1021,Germany,2022-11-13,0.0,0.0,237.016,46.6,21.453,15.957,0.05821846853015531,0.08333333333333334,0.019644089840962047,0.009112655199908873,0.021283676306888922,0.5695628221858682,0.2285714285714286,0.9583333333333334,0.76,0.057931781266919335,83730223.0
1022,Germany,2022-11-14,28370.0,185.0,237.016,46.6,21.453,15.957,0.05821846853015531,0.08333333333333334,0.019644089840962047,0.009112655199908873,0.021283676306888922,0.5695628221858682,0.2285714285714286,0.9583333333333334,0.76,0.057931781266919335,83730223.0
1023,Germany,2022-11-15,47179.0,219.0,237.016,46.6,21.453,15.957,0.05821846853015531,0.08333333333333334,0.019644089840962047,0.009112655199908873,0.021283676306888922,0.5695628221858682,0.2285714285714286,0.9583333333333334,0.76,0.057931781266919335,83730223.0
1024,Germany,2022-11-16,38610.0,223.0,237.016,46.6,21.453,15.957,0.05821846853015531,0.08333333333333334,0.019644089840962047,0.009112655199908873,0.021283676306888922,0.5695628221858682,0.2285714285714286,0.9583333333333334,0.76,0.057931781266919335,83730223.0
1025,Germany,2022-11-17,33306.0,162.0,237.016,46.6,21.453,15.957,0.05821846853015531,0.08333333333333334,0.019644089840962047,0.009112655199908873,0.021283676306888922,0.5695628221858682,0.2285714285714286,0.9583333333333334,0.76,0.057931781266919335,83730223.0
1026,Germany,2022-11-18,27587.0,218.0,237.016,46.6,21.453,15.957,0.05821846853015531,0.08333333333333334,0.019644089840962047,0.009112655199908873,0.021283676306888922,0.5695628221858682,0.2285714285714286,0.9583333333333334,0.76,0.057931781266919335,83730223.0
1027,Germany,2022-11-19,0.0,0.0,237.016,46.6,21.453,15.957,0.05821846853015531,0.08333333333333334,0.019644089840962047,0.009112655199908873,0.021283676306888922,0.5695628221858682,0.2285714285714286,0.9583333333333334,0.76,0.057931781266919335,83730223.0
1028,Germany,2022-11-20,0.0,0.0,237.016,46.6,21.453,15.957,0.05821846853015531,0.08333333333333334,0.019644089840962047,0.009112655199908873,0.021283676306888922,0.5695628221858682,0.2285714285714286,0.9583333333333334,0.76,0.057931781266919335,83730223.0
1029,Germany,2022-11-21,25328.0,203.0,237.016,46.6,21.453,15.957,0.05821846853015531,0.08333333333333334,0.019644089840962047,0.009112655199908873,0.021283676306888922,0.5695628221858682,0.2285714285714286,0.9583333333333334,0.76,0.057931781266919335,83730223.0
1030,Germany,2022-11-22,41676.0,199.0,237.016,46.6,21.453,15.957,0.05821846853015531,0.08333333333333334,0.019644089840962047,0.009112655199908873,0.021283676306888922,0.5695628221858682,0.2285714285714286,0.9583333333333334,0.76,0.057931781266919335,83730223.0
1031,Germany,2022-11-23,33290.0,139.0,237.016,46.6,21.453,15.957,0.05821846853015531,0.08333333333333334,0.019644089840962047,0.009112655199908873,0.021283676306888922,0.5695628221858682,0.2285714285714286,0.9583333333333334,0.76,0.057931781266919335,83730223.0
1032,Germany,2022-11-24,38090.0,163.0,237.016,46.6,21.453,15.957,0.05821846853015531,0.08333333333333334,0.019644089840962047,0.009112655199908873,0.021283676306888922,0.5695628221858682,0.2285714285714286,0.9583333333333334,0.76,0.057931781266919335,83730223.0
1033,Germany,2022-11-25,30016.0,274.0,237.016,46.6,21.453,15.957,0.05821846853015531,0.08333333333333334,0.019644089840962047,0.009112655199908873,0.021283676306888922,0.5695628221858682,0.2285714285714286,0.9583333333333334,0.76,0.057931781266919335,83730223.0
1034,Germany,2022-11-26,0.0,0.0,237.016,46.6,21.453,15.957,0.05821846853015531,0.08333333333333334,0.019644089840962047,0.009112655199908873,0.021283676306888922,0.5695628221858682,0.2285714285714286,0.9583333333333334,0.76,0.057931781266919335,83730223.0
1035,Germany,2022-11-27,0.0,0.0,237.016,46.6,21.453,15.957,0.05821846853015531,0.08333333333333334,0.019644089840962047,0.009112655199908873,0.021283676306888922,0.5695628221858682,0.2285714285714286,0.9583333333333334,0.76,0.057931781266919335,83730223.0
1036,Germany,2022-11-28,24688.0,107.0,237.016,46.6,21.453,15.957,0.05821846853015531,0.08333333333333334,0.019644089840962047,0.009112655199908873,0.021283676306888922,0.5695628221858682,0.2285714285714286,0.9583333333333334,0.76,0.057931781266919335,83730223.0
1037,Germany,2022-11-29,46552.0,162.0,237.016,46.6,21.453,15.957,0.05821846853015531,0.08333333333333334,0.019644089840962047,0.009112655199908873,0.021283676306888922,0.5695628221858682,0.2285714285714286,0.9583333333333334,0.76,0.057931781266919335,83730223.0
1038,Germany,2022-11-30,43768.0,134.0,237.016,46.6,21.453,15.957,0.05821846853015531,0.08333333333333334,0.019644089840962047,0.009112655199908873,0.021283676306888922,0.5695628221858682,0.2285714285714286,0.9583333333333334,0.76,0.057931781266919335,83730223.0
1039,Germany,2022-12-01,36115.0,152.0,237.016,46.6,21.453,15.957,0.05821846853015531,0.08333333333333334,0.019644089840962047,0.009112655199908873,0.021283676306888922,0.5695628221858682,0.2285714285714286,0.9583333333333334,0.76,0.057931781266919335,83730223.0
1040,Germany,2022-12-02,30420.0,166.0,237.016,46.6,21.453,15.957,0.05821846853015531,0.08333333333333334,0.019644089840962047,0.009112655199908873,0.021283676306888922,0.5695628221858682,0.2285714285714286,0.9583333333333334,0.76,0.057931781266919335,83730223.0
1041,Germany,2022-12-03,0.0,0.0,237.016,46.6,21.453,15.957,0.05821846853015531,0.08333333333333334,0.019644089840962047,0.009112655199908873,0.021283676306888922,0.5695628221858682,0.2285714285714286,0.9583333333333334,0.76,0.057931781266919335,83730223.0
1042,Germany,2022-12-04,0.0,0.0,237.016,46.6,21.453,15.957,0.05821846853015531,0.08333333333333334,0.019644089840962047,0.009112655199908873,0.021283676306888922,0.5695628221858682,0.2285714285714286,0.9583333333333334,0.76,0.057931781266919335,83730223.0
1043,Germany,2022-12-05,27841.0,89.0,237.016,46.6,21.453,15.957,0.05821846853015531,0.08333333333333334,0.019644089840962047,0.009112655199908873,0.021283676306888922,0.5695628221858682,0.2285714285714286,0.9583333333333334,0.76,0.057931781266919335,83730223.0
1044,Germany,2022-12-06,46787.0,188.0,237.016,46.6,21.453,15.957,0.05821846853015531,0.08333333333333334,0.019644089840962047,0.009112655199908873,0.021283676306888922,0.5695628221858682,0.2285714285714286,0.9583333333333334,0.76,0.057931781266919335,83730223.0
1045,Germany,2022-12-07,45331.0,173.0,237.016,46.6,21.453,15.957,0.05821846853015531,0.08333333333333334,0.019644089840962047,0.009112655199908873,0.021283676306888922,0.5695628221858682,0.2285714285714286,0.9583333333333334,0.76,0.057931781266919335,83730223.0
1046,Germany,2022-12-08,40256.0,125.0,237.016,46.6,21.453,15.957,0.05821846853015531,0.08333333333333334,0.019644089840962047,0.009112655199908873,0.021283676306888922,0.5695628221858682,0.2285714285714286,0.9583333333333334,0.76,0.057931781266919335,83730223.0
1047,Germany,2022-12-09,35826.0,167.0,237.016,46.6,21.453,15.957,0.05821846853015531,0.08333333333333334,0.019644089840962047,0.009112655199908873,0.021283676306888922,0.5695628221858682,0.2285714285714286,0.9583333333333334,0.76,0.057931781266919335,83730223.0
1048,Germany,2022-12-10,0.0,0.0,237.016,46.6,21.453,15.957,0.05821846853015531,0.08333333333333334,0.019644089840962047,0.009112655199908873,0.021283676306888922,0.5695628221858682,0.2285714285714286,0.9583333333333334,0.76,0.057931781266919335,83730223.0
1049,Germany,2022-12-11,0.0,0.0,237.016,46.6,21.453,15.957,0.05821846853015531,0.08333333333333334,0.019644089840962047,0.009112655199908873,0.021283676306888922,0.5695628221858682,0.2285714285714286,0.9583333333333334,0.76,0.057931781266919335,83730223.0
1050,Germany,2022-12-12,32865.0,115.0,237.016,46.6,21.453,15.957,0.05821846853015531,0.08333333333333334,0.019644089840962047,0.009112655199908873,0.021283676306888922,0.5695628221858682,0.2285714285714286,0.9583333333333334,0.76,0.057931781266919335,83730223.0
1051,Germany,2022-12-13,53745.0,211.0,237.016,46.6,21.453,15.957,0.05821846853015531,0.08333333333333334,0.019644089840962047,0.009112655199908873,0.021283676306888922,0.5695628221858682,0.2285714285714286,0.9583333333333334,0.76,0.057931781266919335,83730223.0
1052,Germany,2022-12-14,48327.0,187.0,237.016,46.6,21.453,15.957,0.05821846853015531,0.08333333333333334,0.019644089840962047,0.009112655199908873,0.021283676306888922,0.5695628221858682,0.2285714285714286,0.9583333333333334,0.76,0.057931781266919335,83730223.0
1053,Germany,2022-12-15,44875.0,230.0,237.016,46.6,21.453,15.957,0.05821846853015531,0.08333333333333334,0.019644089840962047,0.009112655199908873,0.021283676306888922,0.5695628221858682,0.2285714285714286,0.9583333333333334,0.76,0.057931781266919335,83730223.0
1054,Germany,2022-12-16,40701.0,143.0,237.016,46.6,21.453,15.957,0.05821846853015531,0.08333333333333334,0.019644089840962047,0.009112655199908873,0.021283676306888922,0.5695628221858682,0.2285714285714286,0.9583333333333334,0.76,0.057931781266919335,83730223.0
1055,Germany,2022-12-17,0.0,0.0,237.016,46.6,21.453,15.957,0.05821846853015531,0.08333333333333334,0.019644089840962047,0.009112655199908873,0.021283676306888922,0.5695628221858682,0.2285714285714286,0.9583333333333334,0.76,0.057931781266919335,83730223.0
1056,Germany,2022-12-18,0.0,0.0,237.016,46.6,21.453,15.957,0.05821846853015531,0.08333333333333334,0.019644089840962047,0.009112655199908873,0.021283676306888922,0.5695628221858682,0.2285714285714286,0.9583333333333334,0.76,0.057931781266919335,83730223.0
1057,Germany,2022-12-19,34309.0,147.0,237.016,46.6,21.453,15.957,0.05821846853015531,0.08333333333333334,0.019644089840962047,0.009112655199908873,0.021283676306888922,0.5695628221858682,0.2285714285714286,0.9583333333333334,0.76,0.057931781266919335,83730223.0
1058,Germany,2022-12-20,55015.0,161.0,237.016,46.6,21.453,15.957,0.05821846853015531,0.08333333333333334,0.019644089840962047,0.009112655199908873,0.021283676306888922,0.5695628221858682,0.2285714285714286,0.9583333333333334,0.76,0.057931781266919335,83730223.0
1059,Germany,2022-12-21,52528.0,201.0,237.016,46.6,21.453,15.957,0.05821846853015531,0.08333333333333334,0.019644089840962047,0.009112655199908873,0.021283676306888922,0.5695628221858682,0.2285714285714286,0.9583333333333334,0.76,0.057931781266919335,83730223.0
1060,Germany,2022-12-22,47988.0,178.0,237.016,46.6,21.453,15.957,0.05821846853015531,0.08333333333333334,0.019644089840962047,0.009112655199908873,0.021283676306888922,0.5695628221858682,0.2285714285714286,0.9583333333333334,0.76,0.057931781266919335,83730223.0
1061,Germany,2022-12-23,41431.0,187.0,237.016,46.6,21.453,15.957,0.05821846853015531,0.08333333333333334,0.019644089840962047,0.009112655199908873,0.021283676306888922,0.5695628221858682,0.2285714285714286,0.9583333333333334,0.76,0.057931781266919335,83730223.0
1062,Germany,2022-12-24,0.0,0.0,237.016,46.6,21.453,15.957,0.05821846853015531,0.08333333333333334,0.019644089840962047,0.009112655199908873,0.021283676306888922,0.5695628221858682,0.2285714285714286,0.9583333333333334,0.76,0.057931781266919335,83730223.0
1063,Germany,2022-12-25,0.0,0.0,237.016,46.6,21.453,15.957,0.05821846853015531,0.08333333333333334,0.019644089840962047,0.009112655199908873,0.021283676306888922,0.5695628221858682,0.2285714285714286,0.9583333333333334,0.76,0.057931781266919335,83730223.0
1064,Germany,2022-12-26,0.0,0.0,237.016,46.6,21.453,15.957,0.05821846853015531,0.08333333333333334,0.019644089840962047,0.009112655199908873,0.021283676306888922,0.5695628221858682,0.2285714285714286,0.9583333333333334,0.76,0.057931781266919335,83730223.0
1065,Germany,2022-12-27,34133.0,157.0,237.016,46.6,21.453,15.957,0.05821846853015531,0.08333333333333334,0.019644089840962047,0.009112655199908873,0.021283676306888922,0.5695628221858682,0.2285714285714286,0.9583333333333334,0.76,0.057931781266919335,83730223.0
1066,Germany,2022-12-28,60452.0,204.0,237.016,46.6,21.453,15.957,0.05821846853015531,0.08333333333333334,0.019644089840962047,0.009112655199908873,0.021283676306888922,0.5695628221858682,0.2285714285714286,0.9583333333333334,0.76,0.057931781266919335,83730223.0
1067,Germany,2022-12-29,73539.0,349.0,237.016,46.6,21.453,15.957,0.05821846853015531,0.08333333333333334,0.019644089840962047,0.009112655199908873,0.021283676306888922,0.5695628221858682,0.2285714285714286,0.9583333333333334,0.76,0.057931781266919335,83730223.0
1068,Germany,2022-12-30,23896.0,144.0,237.016,46.6,21.453,15.957,0.05821846853015531,0.08333333333333334,0.019644089840962047,0.009112655199908873,0.021283676306888922,0.5695628221858682,0.2285714285714286,0.9583333333333334,0.76,0.057931781266919335,83730223.0
1069,Germany,2022-12-31,1.0,0.0,237.016,46.6,21.453,15.957,0.05821846853015531,0.08333333333333334,0.019644089840962047,0.009112655199908873,0.021283676306888922,0.5695628221858682,0.2285714285714286,0.9583333333333334,0.76,0.057931781266919335,83730223.0
1070,Germany,2023-01-01,1.0,0.0,237.016,46.6,21.453,15.957,0.05821846853015531,0.08333333333333334,0.019644089840962047,0.009112655199908873,0.021283676306888922,0.5695628221858682,0.2285714285714286,0.9583333333333334,0.76,0.057931781266919335,83730223.0
1071,Germany,2023-01-02,40783.0,249.0,237.016,46.6,21.453,15.957,0.05821846853015531,0.08333333333333334,0.019644089840962047,0.009112655199908873,0.021283676306888922,0.5695628221858682,0.2285714285714286,0.9583333333333334,0.76,0.057931781266919335,83730223.0
1072,Germany,2023-01-03,36145.0,307.0,237.016,46.6,21.453,15.957,0.05821846853015531,0.08333333333333334,0.019644089840962047,0.009112655199908873,0.021283676306888922,0.5695628221858682,0.2285714285714286,0.9583333333333334,0.76,0.057931781266919335,83730223.0
1073,Germany,2023-01-04,28653.0,235.0,237.016,46.6,21.453,15.957,0.05821846853015531,0.08333333333333334,0.019644089840962047,0.009112655199908873,0.021283676306888922,0.5695628221858682,0.2285714285714286,0.9583333333333334,0.76,0.057931781266919335,83730223.0
1074,Germany,2023-01-05,20922.0,262.0,237.016,46.6,21.453,15.957,0.05821846853015531,0.08333333333333334,0.019644089840962047,0.009112655199908873,0.021283676306888922,0.5695628221858682,0.2285714285714286,0.9583333333333334,0.76,0.057931781266919335,83730223.0
1075,Germany,2023-01-06,13169.0,170.0,237.016,46.6,21.453,15.957,0.05821846853015531,0.08333333333333334,0.019644089840962047,0.009112655199908873,0.021283676306888922,0.5695628221858682,0.2285714285714286,0.9583333333333334,0.76,0.057931781266919335,83730223.0
1076,Germany,2023-01-07,0.0,0.0,237.016,46.6,21.453,15.957,0.05821846853015531,0.08333333333333334,0.019644089840962047,0.009112655199908873,0.021283676306888922,0.5695628221858682,0.2285714285714286,0.9583333333333334,0.76,0.057931781266919335,83730223.0
1077,Germany,2023-01-08,0.0,0.0,237.016,46.6,21.453,15.957,0.05821846853015531,0.08333333333333334,0.019644089840962047,0.009112655199908873,0.021283676306888922,0.5695628221858682,0.2285714285714286,0.9583333333333334,0.76,0.057931781266919335,83730223.0
1078,Germany,2023-01-09,30533.0,287.0,237.016,46.6,21.453,15.957,0.05821846853015531,0.08333333333333334,0.019644089840962047,0.009112655199908873,0.021283676306888922,0.5695628221858682,0.2285714285714286,0.9583333333333334,0.76,0.057931781266919335,83730223.0
1079,Germany,2023-01-10,22119.0,269.0,237.016,46.6,21.453,15.957,0.05821846853015531,0.08333333333333334,0.019644089840962047,0.009112655199908873,0.021283676306888922,0.5695628221858682,0.2285714285714286,0.9583333333333334,0.76,0.057931781266919335,83730223.0
1080,Germany,2023-01-11,19379.0,181.0,237.016,46.6,21.453,15.957,0.05821846853015531,0.08333333333333334,0.019644089840962047,0.009112655199908873,0.021283676306888922,0.5695628221858682,0.2285714285714286,0.9583333333333334,0.76,0.057931781266919335,83730223.0
1081,Germany,2023-01-12,12956.0,200.0,237.016,46.6,21.453,15.957,0.05821846853015531,0.08333333333333334,0.019644089840962047,0.009112655199908873,0.021283676306888922,0.5695628221858682,0.2285714285714286,0.9583333333333334,0.76,0.057931781266919335,83730223.0
1082,Germany,2023-01-13,10609.0,150.0,237.016,46.6,21.453,15.957,0.05821846853015531,0.08333333333333334,0.019644089840962047,0.009112655199908873,0.021283676306888922,0.5695628221858682,0.2285714285714286,0.9583333333333334,0.76,0.057931781266919335,83730223.0
1083,Germany,2023-01-14,0.0,0.0,237.016,46.6,21.453,15.957,0.05821846853015531,0.08333333333333334,0.019644089840962047,0.009112655199908873,0.021283676306888922,0.5695628221858682,0.2285714285714286,0.9583333333333334,0.76,0.057931781266919335,83730223.0
1084,Germany,2023-01-15,0.0,0.0,237.016,46.6,21.453,15.957,0.05821846853015531,0.08333333333333334,0.019644089840962047,0.009112655199908873,0.021283676306888922,0.5695628221858682,0.2285714285714286,0.9583333333333334,0.76,0.057931781266919335,83730223.0
1085,Germany,2023-01-16,17222.0,190.0,237.016,46.6,21.453,15.957,0.05821846853015531,0.08333333333333334,0.019644089840962047,0.009112655199908873,0.021283676306888922,0.5695628221858682,0.2285714285714286,0.9583333333333334,0.76,0.057931781266919335,83730223.0
1086,Germany,2023-01-17,15450.0,188.0,237.016,46.6,21.453,15.957,0.05821846853015531,0.08333333333333334,0.019644089840962047,0.009112655199908873,0.021283676306888922,0.5695628221858682,0.2285714285714286,0.9583333333333334,0.76,0.057931781266919335,83730223.0
1087,Germany,2023-01-18,12001.0,238.0,237.016,46.6,21.453,15.957,0.05821846853015531,0.08333333333333334,0.019644089840962047,0.009112655199908873,0.021283676306888922,0.5695628221858682,0.2285714285714286,0.9583333333333334,0.76,0.057931781266919335,83730223.0
1088,Germany,2023-01-19,9710.0,194.0,237.016,46.6,21.453,15.957,0.05821846853015531,0.08333333333333334,0.019644089840962047,0.009112655199908873,0.021283676306888922,0.5695628221858682,0.2285714285714286,0.9583333333333334,0.76,0.057931781266919335,83730223.0
1089,Germany,2023-01-20,8866.0,118.0,237.016,46.6,21.453,15.957,0.05821846853015531,0.08333333333333334,0.019644089840962047,0.009112655199908873,0.021283676306888922,0.5695628221858682,0.2285714285714286,0.9583333333333334,0.76,0.057931781266919335,83730223.0
1090,Germany,2023-01-21,0.0,0.0,237.016,46.6,21.453,15.957,0.05821846853015531,0.08333333333333334,0.019644089840962047,0.009112655199908873,0.021283676306888922,0.5695628221858682,0.2285714285714286,0.9583333333333334,0.76,0.057931781266919335,83730223.0
1091,Germany,2023-01-22,0.0,0.0,237.016,46.6,21.453,15.957,0.05821846853015531,0.08333333333333334,0.019644089840962047,0.009112655199908873,0.021283676306888922,0.5695628221858682,0.2285714285714286,0.9583333333333334,0.76,0.057931781266919335,83730223.0
1092,Germany,2023-01-23,16072.0,141.0,237.016,46.6,21.453,15.957,0.05821846853015531,0.08333333333333334,0.019644089840962047,0.009112655199908873,0.021283676306888922,0.5695628221858682,0.2285714285714286,0.9583333333333334,0.76,0.057931781266919335,83730223.0
1093,Germany,2023-01-24,16737.0,157.0,237.016,46.6,21.453,15.957,0.05821846853015531,0.08333333333333334,0.019644089840962047,0.009112655199908873,0.021283676306888922,0.5695628221858682,0.2285714285714286,0.9583333333333334,0.76,0.057931781266919335,83730223.0
1094,Germany,2023-01-25,13807.0,138.0,237.016,46.6,21.453,15.957,0.05821846853015531,0.08333333333333334,0.019644089840962047,0.009112655199908873,0.021283676306888922,0.5695628221858682,0.2285714285714286,0.9583333333333334,0.76,0.057931781266919335,83730223.0
1095,Germany,2023-01-26,13155.0,175.0,237.016,46.6,21.453,15.957,0.05821846853015531,0.08333333333333334,0.019644089840962047,0.009112655199908873,0.021283676306888922,0.5695628221858682,0.2285714285714286,0.9583333333333334,0.76,0.057931781266919335,83730223.0
1096,Germany,2023-01-27,11317.0,127.0,237.016,46.6,21.453,15.957,0.05821846853015531,0.08333333333333334,0.019644089840962047,0.009112655199908873,0.021283676306888922,0.5695628221858682,0.2285714285714286,0.9583333333333334,0.76,0.057931781266919335,83730223.0
1097,Germany,2023-01-28,0.0,0.0,237.016,46.6,21.453,15.957,0.05821846853015531,0.08333333333333334,0.019644089840962047,0.009112655199908873,0.021283676306888922,0.5695628221858682,0.2285714285714286,0.9583333333333334,0.76,0.057931781266919335,83730223.0
1098,Germany,2023-01-29,0.0,0.0,237.016,46.6,21.453,15.957,0.05821846853015531,0.08333333333333334,0.019644089840962047,0.009112655199908873,0.021283676306888922,0.5695628221858682,0.2285714285714286,0.9583333333333334,0.76,0.057931781266919335,83730223.0
1099,Germany,2023-01-30,19301.0,122.0,237.016,46.6,21.453,15.957,0.05821846853015531,0.08333333333333334,0.019644089840962047,0.009112655199908873,0.021283676306888922,0.5695628221858682,0.2285714285714286,0.9583333333333334,0.76,0.057931781266919335,83730223.0
1100,Germany,2023-01-31,21060.0,148.0,237.016,46.6,21.453,15.957,0.05821846853015531,0.08333333333333334,0.019644089840962047,0.009112655199908873,0.021283676306888922,0.5695628221858682,0.2285714285714286,0.9583333333333334,0.76,0.057931781266919335,83730223.0
1101,Germany,2023-02-01,16957.0,154.0,237.016,46.6,21.453,15.957,0.05821846853015531,0.08333333333333334,0.019644089840962047,0.009112655199908873,0.021283676306888922,0.5695628221858682,0.2285714285714286,0.9583333333333334,0.76,0.057931781266919335,83730223.0
1102,Germany,2023-02-02,13409.0,151.0,237.016,46.6,21.453,15.957,0.05821846853015531,0.08333333333333334,0.019644089840962047,0.009112655199908873,0.021283676306888922,0.5695628221858682,0.2285714285714286,0.9583333333333334,0.76,0.057931781266919335,83730223.0
1103,Germany,2023-02-03,12378.0,112.0,237.016,46.6,21.453,15.957,0.05821846853015531,0.08333333333333334,0.019644089840962047,0.009112655199908873,0.021283676306888922,0.5695628221858682,0.2285714285714286,0.9583333333333334,0.76,0.057931781266919335,83730223.0
1104,Germany,2023-02-04,0.0,0.0,237.016,46.6,21.453,15.957,0.05821846853015531,0.08333333333333334,0.019644089840962047,0.009112655199908873,0.021283676306888922,0.5695628221858682,0.2285714285714286,0.9583333333333334,0.76,0.057931781266919335,83730223.0
1105,Germany,2023-02-05,0.0,0.0,237.016,46.6,21.453,15.957,0.05821846853015531,0.08333333333333334,0.019644089840962047,0.009112655199908873,0.021283676306888922,0.5695628221858682,0.2285714285714286,0.9583333333333334,0.76,0.057931781266919335,83730223.0
1106,Germany,2023-02-06,19646.0,164.0,237.016,46.6,21.453,15.957,0.05821846853015531,0.08333333333333334,0.019644089840962047,0.009112655199908873,0.021283676306888922,0.5695628221858682,0.2285714285714286,0.9583333333333334,0.76,0.057931781266919335,83730223.0
1107,Germany,2023-02-07,19480.0,107.0,237.016,46.6,21.453,15.957,0.05821846853015531,0.08333333333333334,0.019644089840962047,0.009112655199908873,0.021283676306888922,0.5695628221858682,0.2285714285714286,0.9583333333333334,0.76,0.057931781266919335,83730223.0
1108,Germany,2023-02-08,18011.0,127.0,237.016,46.6,21.453,15.957,0.05821846853015531,0.08333333333333334,0.019644089840962047,0.009112655199908873,0.021283676306888922,0.5695628221858682,0.2285714285714286,0.9583333333333334,0.76,0.057931781266919335,83730223.0
1109,Germany,2023-02-09,14178.0,134.0,237.016,46.6,21.453,15.957,0.05821846853015531,0.08333333333333334,0.019644089840962047,0.009112655199908873,0.021283676306888922,0.5695628221858682,0.2285714285714286,0.9583333333333334,0.76,0.057931781266919335,83730223.0
1110,Germany,2023-02-10,0.0,0.0,237.016,46.6,21.453,15.957,0.05821846853015531,0.08333333333333334,0.019644089840962047,0.009112655199908873,0.021283676306888922,0.5695628221858682,0.2285714285714286,0.9583333333333334,0.76,0.057931781266919335,83730223.0
1111,Germany,2023-02-11,13420.0,103.0,237.016,46.6,21.453,15.957,0.05821846853015531,0.08333333333333334,0.019644089840962047,0.009112655199908873,0.021283676306888922,0.5695628221858682,0.2285714285714286,0.9583333333333334,0.76,0.057931781266919335,83730223.0
1112,Germany,2023-02-12,0.0,0.0,237.016,46.6,21.453,15.957,0.05821846853015531,0.08333333333333334,0.019644089840962047,0.009112655199908873,0.021283676306888922,0.5695628221858682,0.2285714285714286,0.9583333333333334,0.76,0.057931781266919335,83730223.0
1113,Germany,2023-02-13,21632.0,112.0,237.016,46.6,21.453,15.957,0.05821846853015531,0.08333333333333334,0.019644089840962047,0.009112655199908873,0.021283676306888922,0.5695628221858682,0.2285714285714286,0.9583333333333334,0.76,0.057931781266919335,83730223.0
1114,Germany,2023-02-14,20502.0,124.0,237.016,46.6,21.453,15.957,0.05821846853015531,0.08333333333333334,0.019644089840962047,0.009112655199908873,0.021283676306888922,0.5695628221858682,0.2285714285714286,0.9583333333333334,0.76,0.057931781266919335,83730223.0
1115,Germany,2023-02-15,20911.0,125.0,237.016,46.6,21.453,15.957,0.05821846853015531,0.08333333333333334,0.019644089840962047,0.009112655199908873,0.021283676306888922,0.5695628221858682,0.2285714285714286,0.9583333333333334,0.76,0.057931781266919335,83730223.0
1116,Germany,2023-02-16,16393.0,90.0,237.016,46.6,21.453,15.957,0.05821846853015531,0.08333333333333334,0.019644089840962047,0.009112655199908873,0.021283676306888922,0.5695628221858682,0.2285714285714286,0.9583333333333334,0.76,0.057931781266919335,83730223.0
1117,Germany,2023-02-17,15364.0,87.0,237.016,46.6,21.453,15.957,0.05821846853015531,0.08333333333333334,0.019644089840962047,0.009112655199908873,0.021283676306888922,0.5695628221858682,0.2285714285714286,0.9583333333333334,0.76,0.057931781266919335,83730223.0
1118,Germany,2023-02-18,0.0,0.0,237.016,46.6,21.453,15.957,0.05821846853015531,0.08333333333333334,0.019644089840962047,0.009112655199908873,0.021283676306888922,0.5695628221858682,0.2285714285714286,0.9583333333333334,0.76,0.057931781266919335,83730223.0
1119,Germany,2023-02-19,0.0,0.0,237.016,46.6,21.453,15.957,0.05821846853015531,0.08333333333333334,0.019644089840962047,0.009112655199908873,0.021283676306888922,0.5695628221858682,0.2285714285714286,0.9583333333333334,0.76,0.057931781266919335,83730223.0
1120,Germany,2023-02-20,15997.0,86.0,237.016,46.6,21.453,15.957,0.05821846853015531,0.08333333333333334,0.019644089840962047,0.009112655199908873,0.021283676306888922,0.5695628221858682,0.2285714285714286,0.9583333333333334,0.76,0.057931781266919335,83730223.0
1121,Germany,2023-02-21,25763.0,104.0,237.016,46.6,21.453,15.957,0.05821846853015531,0.08333333333333334,0.019644089840962047,0.009112655199908873,0.021283676306888922,0.5695628221858682,0.2285714285714286,0.9583333333333334,0.76,0.057931781266919335,83730223.0
1122,Germany,2023-02-22,25038.0,113.0,237.016,46.6,21.453,15.957,0.05821846853015531,0.08333333333333334,0.019644089840962047,0.009112655199908873,0.021283676306888922,0.5695628221858682,0.2285714285714286,0.9583333333333334,0.76,0.057931781266919335,83730223.0
1123,Germany,2023-02-23,21177.0,119.0,237.016,46.6,21.453,15.957,0.05821846853015531,0.08333333333333334,0.019644089840962047,0.009112655199908873,0.021283676306888922,0.5695628221858682,0.2285714285714286,0.9583333333333334,0.76,0.057931781266919335,83730223.0
1124,Germany,2023-02-24,20974.0,89.0,237.016,46.6,21.453,15.957,0.05821846853015531,0.08333333333333334,0.019644089840962047,0.009112655199908873,0.021283676306888922,0.5695628221858682,0.2285714285714286,0.9583333333333334,0.76,0.057931781266919335,83730223.0
1125,Germany,2023-02-25,0.0,0.0,237.016,46.6,21.453,15.957,0.05821846853015531,0.08333333333333334,0.019644089840962047,0.009112655199908873,0.021283676306888922,0.5695628221858682,0.2285714285714286,0.9583333333333334,0.76,0.057931781266919335,83730223.0
1126,Germany,2023-02-26,0.0,0.0,237.016,46.6,21.453,15.957,0.05821846853015531,0.08333333333333334,0.019644089840962047,0.009112655199908873,0.021283676306888922,0.5695628221858682,0.2285714285714286,0.9583333333333334,0.76,0.057931781266919335,83730223.0
1127,Germany,2023-02-27,32970.0,139.0,237.016,46.6,21.453,15.957,0.05821846853015531,0.08333333333333334,0.019644089840962047,0.009112655199908873,0.021283676306888922,0.5695628221858682,0.2285714285714286,0.9583333333333334,0.76,0.057931781266919335,83730223.0
1128,Germany,2023-02-28,24875.0,135.0,237.016,46.6,21.453,15.957,0.05821846853015531,0.08333333333333334,0.019644089840962047,0.009112655199908873,0.021283676306888922,0.5695628221858682,0.2285714285714286,0.9583333333333334,0.76,0.057931781266919335,83730223.0
1129,Germany,2023-03-01,21046.0,89.0,237.016,46.6,21.453,15.957,0.05821846853015531,0.08333333333333334,0.019644089840962047,0.009112655199908873,0.021283676306888922,0.5695628221858682,0.2285714285714286,0.9583333333333334,0.76,0.057931781266919335,83730223.0
1130,Germany,2023-03-02,12617.0,121.0,237.016,46.6,21.453,15.957,0.05821846853015531,0.08333333333333334,0.019644089840962047,0.009112655199908873,0.021283676306888922,0.5695628221858682,0.2285714285714286,0.9583333333333334,0.76,0.057931781266919335,83730223.0
1131,Germany,2023-03-03,8279.0,101.0,237.016,46.6,21.453,15.957,0.05821846853015531,0.08333333333333334,0.019644089840962047,0.009112655199908873,0.021283676306888922,0.5695628221858682,0.2285714285714286,0.9583333333333334,0.76,0.057931781266919335,83730223.0
1132,Germany,2023-03-04,0.0,0.0,237.016,46.6,21.453,15.957,0.05821846853015531,0.08333333333333334,0.019644089840962047,0.009112655199908873,0.021283676306888922,0.5695628221858682,0.2285714285714286,0.9583333333333334,0.76,0.057931781266919335,83730223.0
1133,Germany,2023-03-05,1.0,0.0,237.016,46.6,21.453,15.957,0.05821846853015531,0.08333333333333334,0.019644089840962047,0.009112655199908873,0.021283676306888922,0.5695628221858682,0.2285714285714286,0.9583333333333334,0.76,0.057931781266919335,83730223.0
1134,Germany,2023-03-06,0.0,0.0,237.016,46.6,21.453,15.957,0.05821846853015531,0.08333333333333334,0.019644089840962047,0.009112655199908873,0.021283676306888922,0.5695628221858682,0.2285714285714286,0.9583333333333334,0.76,0.057931781266919335,83730223.0
1135,Germany,2023-03-07,20759.0,312.0,237.016,46.6,21.453,15.957,0.05821846853015531,0.08333333333333334,0.019644089840962047,0.009112655199908873,0.021283676306888922,0.5695628221858682,0.2285714285714286,0.9583333333333334,0.76,0.057931781266919335,83730223.0
