,country,date,confirmed,fatalities,population_density,median_age,aged_65_older,aged_70_older,population,yearly_change,net_change,density,land_area,migrants,rert_rate,med_age,urban_pop,world_share,r_population
41,India,2020-03-11,6.0,1.0,450.419,28.2,5.989,3.414,0.957604358911721,0.2578125,1.0,0.017617800053157155,0.18154812244342172,-0.5579007672762843,0.31428571428571433,0.5833333333333334,0.35,0.9583107742284787,1377233523.0
42,India,2020-03-12,11.0,0.0,450.419,28.2,5.989,3.414,0.957604358911721,0.2578125,1.0,0.017617800053157155,0.18154812244342172,-0.5579007672762843,0.31428571428571433,0.5833333333333334,0.35,0.9583107742284787,1377233523.0
43,India,2020-03-13,9.0,1.0,450.419,28.2,5.989,3.414,0.957604358911721,0.2578125,1.0,0.017617800053157155,0.18154812244342172,-0.5579007672762843,0.31428571428571433,0.5833333333333334,0.35,0.9583107742284787,1377233523.0
44,India,2020-03-14,20.0,0.0,450.419,28.2,5.989,3.414,0.957604358911721,0.2578125,1.0,0.017617800053157155,0.18154812244342172,-0.5579007672762843,0.31428571428571433,0.5833333333333334,0.35,0.9583107742284787,1377233523.0
45,India,2020-03-15,11.0,0.0,450.419,28.2,5.989,3.414,0.957604358911721,0.2578125,1.0,0.017617800053157155,0.18154812244342172,-0.5579007672762843,0.31428571428571433,0.5833333333333334,0.35,0.9583107742284787,1377233523.0
46,India,2020-03-16,6.0,0.0,450.419,28.2,5.989,3.414,0.957604358911721,0.2578125,1.0,0.017617800053157155,0.18154812244342172,-0.5579007672762843,0.31428571428571433,0.5833333333333334,0.35,0.9583107742284787,1377233523.0
47,India,2020-03-17,23.0,1.0,450.419,28.2,5.989,3.414,0.957604358911721,0.2578125,1.0,0.017617800053157155,0.18154812244342172,-0.5579007672762843,0.31428571428571433,0.5833333333333334,0.35,0.9583107742284787,1377233523.0
48,India,2020-03-18,14.0,0.0,450.419,28.2,5.989,3.414,0.957604358911721,0.2578125,1.0,0.017617800053157155,0.18154812244342172,-0.5579007672762843,0.31428571428571433,0.5833333333333334,0.35,0.9583107742284787,1377233523.0
49,India,2020-03-19,38.0,1.0,450.419,28.2,5.989,3.414,0.957604358911721,0.2578125,1.0,0.017617800053157155,0.18154812244342172,-0.5579007672762843,0.31428571428571433,0.5833333333333334,0.35,0.9583107742284787,1377233523.0
50,India,2020-03-20,50.0,1.0,450.419,28.2,5.989,3.414,0.957604358911721,0.2578125,1.0,0.017617800053157155,0.18154812244342172,-0.5579007672762843,0.31428571428571433,0.5833333333333334,0.35,0.9583107742284787,1377233523.0
52,India,2020-03-22,66.0,3.0,450.419,28.2,5.989,3.414,0.957604358911721,0.2578125,1.0,0.017617800053157155,0.18154812244342172,-0.5579007672762843,0.31428571428571433,0.5833333333333334,0.35,0.9583107742284787,1377233523.0
53,India,2020-03-23,103.0,3.0,450.419,28.2,5.989,3.414,0.957604358911721,0.2578125,1.0,0.017617800053157155,0.18154812244342172,-0.5579007672762843,0.31428571428571433,0.5833333333333334,0.35,0.9583107742284787,1377233523.0
54,India,2020-03-24,37.0,0.0,450.419,28.2,5.989,3.414,0.957604358911721,0.2578125,1.0,0.017617800053157155,0.18154812244342172,-0.5579007672762843,0.31428571428571433,0.5833333333333334,0.35,0.9583107742284787,1377233523.0
55,India,2020-03-25,121.0,2.0,450.419,28.2,5.989,3.414,0.957604358911721,0.2578125,1.0,0.017617800053157155,0.18154812244342172,-0.5579007672762843,0.31428571428571433,0.5833333333333334,0.35,0.9583107742284787,1377233523.0
56,India,2020-03-26,70.0,8.0,450.419,28.2,5.989,3.414,0.957604358911721,0.2578125,1.0,0.017617800053157155,0.18154812244342172,-0.5579007672762843,0.31428571428571433,0.5833333333333334,0.35,0.9583107742284787,1377233523.0
57,India,2020-03-27,160.0,0.0,450.419,28.2,5.989,3.414,0.957604358911721,0.2578125,1.0,0.017617800053157155,0.18154812244342172,-0.5579007672762843,0.31428571428571433,0.5833333333333334,0.35,0.9583107742284787,1377233523.0
58,India,2020-03-28,100.0,4.0,450.419,28.2,5.989,3.414,0.957604358911721,0.2578125,1.0,0.017617800053157155,0.18154812244342172,-0.5579007672762843,0.31428571428571433,0.5833333333333334,0.35,0.9583107742284787,1377233523.0
59,India,2020-03-29,37.0,3.0,450.419,28.2,5.989,3.414,0.957604358911721,0.2578125,1.0,0.017617800053157155,0.18154812244342172,-0.5579007672762843,0.31428571428571433,0.5833333333333334,0.35,0.9583107742284787,1377233523.0
60,India,2020-03-30,227.0,5.0,450.419,28.2,5.989,3.414,0.957604358911721,0.2578125,1.0,0.017617800053157155,0.18154812244342172,-0.5579007672762843,0.31428571428571433,0.5833333333333334,0.35,0.9583107742284787,1377233523.0
61,India,2020-03-31,146.0,3.0,450.419,28.2,5.989,3.414,0.957604358911721,0.2578125,1.0,0.017617800053157155,0.18154812244342172,-0.5579007672762843,0.31428571428571433,0.5833333333333334,0.35,0.9583107742284787,1377233523.0
62,India,2020-04-01,601.0,23.0,450.419,28.2,5.989,3.414,0.957604358911721,0.2578125,1.0,0.017617800053157155,0.18154812244342172,-0.5579007672762843,0.31428571428571433,0.5833333333333334,0.35,0.9583107742284787,1377233523.0
63,India,2020-04-02,545.0,14.0,450.419,28.2,5.989,3.414,0.957604358911721,0.2578125,1.0,0.017617800053157155,0.18154812244342172,-0.5579007672762843,0.31428571428571433,0.5833333333333334,0.35,0.9583107742284787,1377233523.0
64,India,2020-04-03,24.0,0.0,450.419,28.2,5.989,3.414,0.957604358911721,0.2578125,1.0,0.017617800053157155,0.18154812244342172,-0.5579007672762843,0.31428571428571433,0.5833333333333334,0.35,0.9583107742284787,1377233523.0
65,India,2020-04-04,515.0,14.0,450.419,28.2,5.989,3.414,0.957604358911721,0.2578125,1.0,0.017617800053157155,0.18154812244342172,-0.5579007672762843,0.31428571428571433,0.5833333333333334,0.35,0.9583107742284787,1377233523.0
66,India,2020-04-05,506.0,13.0,450.419,28.2,5.989,3.414,0.957604358911721,0.2578125,1.0,0.017617800053157155,0.18154812244342172,-0.5579007672762843,0.31428571428571433,0.5833333333333334,0.35,0.9583107742284787,1377233523.0
67,India,2020-04-06,1190.0,37.0,450.419,28.2,5.989,3.414,0.957604358911721,0.2578125,1.0,0.017617800053157155,0.18154812244342172,-0.5579007672762843,0.31428571428571433,0.5833333333333334,0.35,0.9583107742284787,1377233523.0
68,India,2020-04-07,533.0,14.0,450.419,28.2,5.989,3.414,0.957604358911721,0.2578125,1.0,0.017617800053157155,0.18154812244342172,-0.5579007672762843,0.31428571428571433,0.5833333333333334,0.35,0.9583107742284787,1377233523.0
69,India,2020-04-08,605.0,28.0,450.419,28.2,5.989,3.414,0.957604358911721,0.2578125,1.0,0.017617800053157155,0.18154812244342172,-0.5579007672762843,0.31428571428571433,0.5833333333333334,0.35,0.9583107742284787,1377233523.0
70,India,2020-04-09,809.0,48.0,450.419,28.2,5.989,3.414,0.957604358911721,0.2578125,1.0,0.017617800053157155,0.18154812244342172,-0.5579007672762843,0.31428571428571433,0.5833333333333334,0.35,0.9583107742284787,1377233523.0
71,India,2020-04-10,873.0,20.0,450.419,28.2,5.989,3.414,0.957604358911721,0.2578125,1.0,0.017617800053157155,0.18154812244342172,-0.5579007672762843,0.31428571428571433,0.5833333333333334,0.35,0.9583107742284787,1377233523.0
72,India,2020-04-11,848.0,42.0,450.419,28.2,5.989,3.414,0.957604358911721,0.2578125,1.0,0.017617800053157155,0.18154812244342172,-0.5579007672762843,0.31428571428571433,0.5833333333333334,0.35,0.9583107742284787,1377233523.0
73,India,2020-04-12,759.0,43.0,450.419,28.2,5.989,3.414,0.957604358911721,0.2578125,1.0,0.017617800053157155,0.18154812244342172,-0.5579007672762843,0.31428571428571433,0.5833333333333334,0.35,0.9583107742284787,1377233523.0
74,India,2020-04-13,1248.0,27.0,450.419,28.2,5.989,3.414,0.957604358911721,0.2578125,1.0,0.017617800053157155,0.18154812244342172,-0.5579007672762843,0.31428571428571433,0.5833333333333334,0.35,0.9583107742284787,1377233523.0
75,India,2020-04-14,1034.0,35.0,450.419,28.2,5.989,3.414,0.957604358911721,0.2578125,1.0,0.017617800053157155,0.18154812244342172,-0.5579007672762843,0.31428571428571433,0.5833333333333334,0.35,0.9583107742284787,1377233523.0
76,India,2020-04-15,835.0,12.0,450.419,28.2,5.989,3.414,0.957604358911721,0.2578125,1.0,0.017617800053157155,0.18154812244342172,-0.5579007672762843,0.31428571428571433,0.5833333333333334,0.35,0.9583107742284787,1377233523.0
77,India,2020-04-16,1108.0,43.0,450.419,28.2,5.989,3.414,0.957604358911721,0.2578125,1.0,0.017617800053157155,0.18154812244342172,-0.5579007672762843,0.31428571428571433,0.5833333333333334,0.35,0.9583107742284787,1377233523.0
78,India,2020-04-17,922.0,38.0,450.419,28.2,5.989,3.414,0.957604358911721,0.2578125,1.0,0.017617800053157155,0.18154812244342172,-0.5579007672762843,0.31428571428571433,0.5833333333333334,0.35,0.9583107742284787,1377233523.0
79,India,2020-04-18,1370.0,35.0,450.419,28.2,5.989,3.414,0.957604358911721,0.2578125,1.0,0.017617800053157155,0.18154812244342172,-0.5579007672762843,0.31428571428571433,0.5833333333333334,0.35,0.9583107742284787,1377233523.0
80,India,2020-04-19,1893.0,38.0,450.419,28.2,5.989,3.414,0.957604358911721,0.2578125,1.0,0.017617800053157155,0.18154812244342172,-0.5579007672762843,0.31428571428571433,0.5833333333333334,0.35,0.9583107742284787,1377233523.0
81,India,2020-04-20,924.0,33.0,450.419,28.2,5.989,3.414,0.957604358911721,0.2578125,1.0,0.017617800053157155,0.18154812244342172,-0.5579007672762843,0.31428571428571433,0.5833333333333334,0.35,0.9583107742284787,1377233523.0
82,India,2020-04-21,1541.0,53.0,450.419,28.2,5.989,3.414,0.957604358911721,0.2578125,1.0,0.017617800053157155,0.18154812244342172,-0.5579007672762843,0.31428571428571433,0.5833333333333334,0.35,0.9583107742284787,1377233523.0
83,India,2020-04-22,1290.0,36.0,450.419,28.2,5.989,3.414,0.957604358911721,0.2578125,1.0,0.017617800053157155,0.18154812244342172,-0.5579007672762843,0.31428571428571433,0.5833333333333334,0.35,0.9583107742284787,1377233523.0
84,India,2020-04-23,1707.0,40.0,450.419,28.2,5.989,3.414,0.957604358911721,0.2578125,1.0,0.017617800053157155,0.18154812244342172,-0.5579007672762843,0.31428571428571433,0.5833333333333334,0.35,0.9583107742284787,1377233523.0
85,India,2020-04-24,1453.0,59.0,450.419,28.2,5.989,3.414,0.957604358911721,0.2578125,1.0,0.017617800053157155,0.18154812244342172,-0.5579007672762843,0.31428571428571433,0.5833333333333334,0.35,0.9583107742284787,1377233523.0
86,India,2020-04-25,1753.0,45.0,450.419,28.2,5.989,3.414,0.957604358911721,0.2578125,1.0,0.017617800053157155,0.18154812244342172,-0.5579007672762843,0.31428571428571433,0.5833333333333334,0.35,0.9583107742284787,1377233523.0
87,India,2020-04-26,1607.0,56.0,450.419,28.2,5.989,3.414,0.957604358911721,0.2578125,1.0,0.017617800053157155,0.18154812244342172,-0.5579007672762843,0.31428571428571433,0.5833333333333334,0.35,0.9583107742284787,1377233523.0
88,India,2020-04-27,1561.0,58.0,450.419,28.2,5.989,3.414,0.957604358911721,0.2578125,1.0,0.017617800053157155,0.18154812244342172,-0.5579007672762843,0.31428571428571433,0.5833333333333334,0.35,0.9583107742284787,1377233523.0
89,India,2020-04-28,1873.0,69.0,450.419,28.2,5.989,3.414,0.957604358911721,0.2578125,1.0,0.017617800053157155,0.18154812244342172,-0.5579007672762843,0.31428571428571433,0.5833333333333334,0.35,0.9583107742284787,1377233523.0
90,India,2020-04-29,1738.0,71.0,450.419,28.2,5.989,3.414,0.957604358911721,0.2578125,1.0,0.017617800053157155,0.18154812244342172,-0.5579007672762843,0.31428571428571433,0.5833333333333334,0.35,0.9583107742284787,1377233523.0
91,India,2020-04-30,1801.0,75.0,450.419,28.2,5.989,3.414,0.957604358911721,0.2578125,1.0,0.017617800053157155,0.18154812244342172,-0.5579007672762843,0.31428571428571433,0.5833333333333334,0.35,0.9583107742284787,1377233523.0
92,India,2020-05-01,2394.0,69.0,450.419,28.2,5.989,3.414,0.957604358911721,0.2578125,1.0,0.017617800053157155,0.18154812244342172,-0.5579007672762843,0.31428571428571433,0.5833333333333334,0.35,0.9583107742284787,1377233523.0
93,India,2020-05-02,2442.0,100.0,450.419,28.2,5.989,3.414,0.957604358911721,0.2578125,1.0,0.017617800053157155,0.18154812244342172,-0.5579007672762843,0.31428571428571433,0.5833333333333334,0.35,0.9583107742284787,1377233523.0
94,India,2020-05-03,2806.0,68.0,450.419,28.2,5.989,3.414,0.957604358911721,0.2578125,1.0,0.017617800053157155,0.18154812244342172,-0.5579007672762843,0.31428571428571433,0.5833333333333334,0.35,0.9583107742284787,1377233523.0
95,India,2020-05-04,3932.0,175.0,450.419,28.2,5.989,3.414,0.957604358911721,0.2578125,1.0,0.017617800053157155,0.18154812244342172,-0.5579007672762843,0.31428571428571433,0.5833333333333334,0.35,0.9583107742284787,1377233523.0
96,India,2020-05-05,2963.0,127.0,450.419,28.2,5.989,3.414,0.957604358911721,0.2578125,1.0,0.017617800053157155,0.18154812244342172,-0.5579007672762843,0.31428571428571433,0.5833333333333334,0.35,0.9583107742284787,1377233523.0
97,India,2020-05-06,3587.0,92.0,450.419,28.2,5.989,3.414,0.957604358911721,0.2578125,1.0,0.017617800053157155,0.18154812244342172,-0.5579007672762843,0.31428571428571433,0.5833333333333334,0.35,0.9583107742284787,1377233523.0
98,India,2020-05-07,3364.0,104.0,450.419,28.2,5.989,3.414,0.957604358911721,0.2578125,1.0,0.017617800053157155,0.18154812244342172,-0.5579007672762843,0.31428571428571433,0.5833333333333334,0.35,0.9583107742284787,1377233523.0
99,India,2020-05-08,3344.0,96.0,450.419,28.2,5.989,3.414,0.957604358911721,0.2578125,1.0,0.017617800053157155,0.18154812244342172,-0.5579007672762843,0.31428571428571433,0.5833333333333334,0.35,0.9583107742284787,1377233523.0
100,India,2020-05-09,3113.0,116.0,450.419,28.2,5.989,3.414,0.957604358911721,0.2578125,1.0,0.017617800053157155,0.18154812244342172,-0.5579007672762843,0.31428571428571433,0.5833333333333334,0.35,0.9583107742284787,1377233523.0
101,India,2020-05-10,4353.0,111.0,450.419,28.2,5.989,3.414,0.957604358911721,0.2578125,1.0,0.017617800053157155,0.18154812244342172,-0.5579007672762843,0.31428571428571433,0.5833333333333334,0.35,0.9583107742284787,1377233523.0
102,India,2020-05-11,3607.0,82.0,450.419,28.2,5.989,3.414,0.957604358911721,0.2578125,1.0,0.017617800053157155,0.18154812244342172,-0.5579007672762843,0.31428571428571433,0.5833333333333334,0.35,0.9583107742284787,1377233523.0
103,India,2020-05-12,3524.0,121.0,450.419,28.2,5.989,3.414,0.957604358911721,0.2578125,1.0,0.017617800053157155,0.18154812244342172,-0.5579007672762843,0.31428571428571433,0.5833333333333334,0.35,0.9583107742284787,1377233523.0
104,India,2020-05-13,3763.0,136.0,450.419,28.2,5.989,3.414,0.957604358911721,0.2578125,1.0,0.017617800053157155,0.18154812244342172,-0.5579007672762843,0.31428571428571433,0.5833333333333334,0.35,0.9583107742284787,1377233523.0
105,India,2020-05-14,3942.0,98.0,450.419,28.2,5.989,3.414,0.957604358911721,0.2578125,1.0,0.017617800053157155,0.18154812244342172,-0.5579007672762843,0.31428571428571433,0.5833333333333334,0.35,0.9583107742284787,1377233523.0
106,India,2020-05-15,3787.0,104.0,450.419,28.2,5.989,3.414,0.957604358911721,0.2578125,1.0,0.017617800053157155,0.18154812244342172,-0.5579007672762843,0.31428571428571433,0.5833333333333334,0.35,0.9583107742284787,1377233523.0
107,India,2020-05-16,4864.0,118.0,450.419,28.2,5.989,3.414,0.957604358911721,0.2578125,1.0,0.017617800053157155,0.18154812244342172,-0.5579007672762843,0.31428571428571433,0.5833333333333334,0.35,0.9583107742284787,1377233523.0
108,India,2020-05-17,5050.0,154.0,450.419,28.2,5.989,3.414,0.957604358911721,0.2578125,1.0,0.017617800053157155,0.18154812244342172,-0.5579007672762843,0.31428571428571433,0.5833333333333334,0.35,0.9583107742284787,1377233523.0
109,India,2020-05-18,4630.0,131.0,450.419,28.2,5.989,3.414,0.957604358911721,0.2578125,1.0,0.017617800053157155,0.18154812244342172,-0.5579007672762843,0.31428571428571433,0.5833333333333334,0.35,0.9583107742284787,1377233523.0
110,India,2020-05-19,6147.0,146.0,450.419,28.2,5.989,3.414,0.957604358911721,0.2578125,1.0,0.017617800053157155,0.18154812244342172,-0.5579007672762843,0.31428571428571433,0.5833333333333334,0.35,0.9583107742284787,1377233523.0
111,India,2020-05-20,5553.0,132.0,450.419,28.2,5.989,3.414,0.957604358911721,0.2578125,1.0,0.017617800053157155,0.18154812244342172,-0.5579007672762843,0.31428571428571433,0.5833333333333334,0.35,0.9583107742284787,1377233523.0
112,India,2020-05-21,6198.0,150.0,450.419,28.2,5.989,3.414,0.957604358911721,0.2578125,1.0,0.017617800053157155,0.18154812244342172,-0.5579007672762843,0.31428571428571433,0.5833333333333334,0.35,0.9583107742284787,1377233523.0
113,India,2020-05-22,6568.0,142.0,450.419,28.2,5.989,3.414,0.957604358911721,0.2578125,1.0,0.017617800053157155,0.18154812244342172,-0.5579007672762843,0.31428571428571433,0.5833333333333334,0.35,0.9583107742284787,1377233523.0
114,India,2020-05-23,6629.0,142.0,450.419,28.2,5.989,3.414,0.957604358911721,0.2578125,1.0,0.017617800053157155,0.18154812244342172,-0.5579007672762843,0.31428571428571433,0.5833333333333334,0.35,0.9583107742284787,1377233523.0
115,India,2020-05-24,7113.0,156.0,450.419,28.2,5.989,3.414,0.957604358911721,0.2578125,1.0,0.017617800053157155,0.18154812244342172,-0.5579007672762843,0.31428571428571433,0.5833333333333334,0.35,0.9583107742284787,1377233523.0
116,India,2020-05-25,6414.0,148.0,450.419,28.2,5.989,3.414,0.957604358911721,0.2578125,1.0,0.017617800053157155,0.18154812244342172,-0.5579007672762843,0.31428571428571433,0.5833333333333334,0.35,0.9583107742284787,1377233523.0
117,India,2020-05-26,5843.0,172.0,450.419,28.2,5.989,3.414,0.957604358911721,0.2578125,1.0,0.017617800053157155,0.18154812244342172,-0.5579007672762843,0.31428571428571433,0.5833333333333334,0.35,0.9583107742284787,1377233523.0
118,India,2020-05-27,7293.0,190.0,450.419,28.2,5.989,3.414,0.957604358911721,0.2578125,1.0,0.017617800053157155,0.18154812244342172,-0.5579007672762843,0.31428571428571433,0.5833333333333334,0.35,0.9583107742284787,1377233523.0
119,India,2020-05-28,7300.0,177.0,450.419,28.2,5.989,3.414,0.957604358911721,0.2578125,1.0,0.017617800053157155,0.18154812244342172,-0.5579007672762843,0.31428571428571433,0.5833333333333334,0.35,0.9583107742284787,1377233523.0
120,India,2020-05-29,8105.0,269.0,450.419,28.2,5.989,3.414,0.957604358911721,0.2578125,1.0,0.017617800053157155,0.18154812244342172,-0.5579007672762843,0.31428571428571433,0.5833333333333334,0.35,0.9583107742284787,1377233523.0
121,India,2020-05-30,8336.0,205.0,450.419,28.2,5.989,3.414,0.957604358911721,0.2578125,1.0,0.017617800053157155,0.18154812244342172,-0.5579007672762843,0.31428571428571433,0.5833333333333334,0.35,0.9583107742284787,1377233523.0
122,India,2020-05-31,8782.0,223.0,450.419,28.2,5.989,3.414,0.957604358911721,0.2578125,1.0,0.017617800053157155,0.18154812244342172,-0.5579007672762843,0.31428571428571433,0.5833333333333334,0.35,0.9583107742284787,1377233523.0
123,India,2020-06-01,7761.0,200.0,450.419,28.2,5.989,3.414,0.957604358911721,0.2578125,1.0,0.017617800053157155,0.18154812244342172,-0.5579007672762843,0.31428571428571433,0.5833333333333334,0.35,0.9583107742284787,1377233523.0
124,India,2020-06-02,8821.0,221.0,450.419,28.2,5.989,3.414,0.957604358911721,0.2578125,1.0,0.017617800053157155,0.18154812244342172,-0.5579007672762843,0.31428571428571433,0.5833333333333334,0.35,0.9583107742284787,1377233523.0
125,India,2020-06-03,9633.0,259.0,450.419,28.2,5.989,3.414,0.957604358911721,0.2578125,1.0,0.017617800053157155,0.18154812244342172,-0.5579007672762843,0.31428571428571433,0.5833333333333334,0.35,0.9583107742284787,1377233523.0
126,India,2020-06-04,9889.0,275.0,450.419,28.2,5.989,3.414,0.957604358911721,0.2578125,1.0,0.017617800053157155,0.18154812244342172,-0.5579007672762843,0.31428571428571433,0.5833333333333334,0.35,0.9583107742284787,1377233523.0
127,India,2020-06-05,9471.0,286.0,450.419,28.2,5.989,3.414,0.957604358911721,0.2578125,1.0,0.017617800053157155,0.18154812244342172,-0.5579007672762843,0.31428571428571433,0.5833333333333334,0.35,0.9583107742284787,1377233523.0
128,India,2020-06-06,10438.0,297.0,450.419,28.2,5.989,3.414,0.957604358911721,0.2578125,1.0,0.017617800053157155,0.18154812244342172,-0.5579007672762843,0.31428571428571433,0.5833333333333334,0.35,0.9583107742284787,1377233523.0
129,India,2020-06-07,10864.0,261.0,450.419,28.2,5.989,3.414,0.957604358911721,0.2578125,1.0,0.017617800053157155,0.18154812244342172,-0.5579007672762843,0.31428571428571433,0.5833333333333334,0.35,0.9583107742284787,1377233523.0
130,India,2020-06-08,8442.0,266.0,450.419,28.2,5.989,3.414,0.957604358911721,0.2578125,1.0,0.017617800053157155,0.18154812244342172,-0.5579007672762843,0.31428571428571433,0.5833333333333334,0.35,0.9583107742284787,1377233523.0
131,India,2020-06-09,10218.0,277.0,450.419,28.2,5.989,3.414,0.957604358911721,0.2578125,1.0,0.017617800053157155,0.18154812244342172,-0.5579007672762843,0.31428571428571433,0.5833333333333334,0.35,0.9583107742284787,1377233523.0
132,India,2020-06-10,10459.0,352.0,450.419,28.2,5.989,3.414,0.957604358911721,0.2578125,1.0,0.017617800053157155,0.18154812244342172,-0.5579007672762843,0.31428571428571433,0.5833333333333334,0.35,0.9583107742284787,1377233523.0
133,India,2020-06-11,10930.0,396.0,450.419,28.2,5.989,3.414,0.957604358911721,0.2578125,1.0,0.017617800053157155,0.18154812244342172,-0.5579007672762843,0.31428571428571433,0.5833333333333334,0.35,0.9583107742284787,1377233523.0
134,India,2020-06-12,11458.0,386.0,450.419,28.2,5.989,3.414,0.957604358911721,0.2578125,1.0,0.017617800053157155,0.18154812244342172,-0.5579007672762843,0.31428571428571433,0.5833333333333334,0.35,0.9583107742284787,1377233523.0
135,India,2020-06-13,11929.0,311.0,450.419,28.2,5.989,3.414,0.957604358911721,0.2578125,1.0,0.017617800053157155,0.18154812244342172,-0.5579007672762843,0.31428571428571433,0.5833333333333334,0.35,0.9583107742284787,1377233523.0
136,India,2020-06-14,11502.0,325.0,450.419,28.2,5.989,3.414,0.957604358911721,0.2578125,1.0,0.017617800053157155,0.18154812244342172,-0.5579007672762843,0.31428571428571433,0.5833333333333334,0.35,0.9583107742284787,1377233523.0
137,India,2020-06-15,10667.0,380.0,450.419,28.2,5.989,3.414,0.957604358911721,0.2578125,1.0,0.017617800053157155,0.18154812244342172,-0.5579007672762843,0.31428571428571433,0.5833333333333334,0.35,0.9583107742284787,1377233523.0
138,India,2020-06-16,10974.0,2003.0,450.419,28.2,5.989,3.414,0.957604358911721,0.2578125,1.0,0.017617800053157155,0.18154812244342172,-0.5579007672762843,0.31428571428571433,0.5833333333333334,0.35,0.9583107742284787,1377233523.0
139,India,2020-06-17,12881.0,334.0,450.419,28.2,5.989,3.414,0.957604358911721,0.2578125,1.0,0.017617800053157155,0.18154812244342172,-0.5579007672762843,0.31428571428571433,0.5833333333333334,0.35,0.9583107742284787,1377233523.0
140,India,2020-06-18,13586.0,336.0,450.419,28.2,5.989,3.414,0.957604358911721,0.2578125,1.0,0.017617800053157155,0.18154812244342172,-0.5579007672762843,0.31428571428571433,0.5833333333333334,0.35,0.9583107742284787,1377233523.0
141,India,2020-06-19,14516.0,375.0,450.419,28.2,5.989,3.414,0.957604358911721,0.2578125,1.0,0.017617800053157155,0.18154812244342172,-0.5579007672762843,0.31428571428571433,0.5833333333333334,0.35,0.9583107742284787,1377233523.0
142,India,2020-06-20,15403.0,306.0,450.419,28.2,5.989,3.414,0.957604358911721,0.2578125,1.0,0.017617800053157155,0.18154812244342172,-0.5579007672762843,0.31428571428571433,0.5833333333333334,0.35,0.9583107742284787,1377233523.0
143,India,2020-06-21,14831.0,445.0,450.419,28.2,5.989,3.414,0.957604358911721,0.2578125,1.0,0.017617800053157155,0.18154812244342172,-0.5579007672762843,0.31428571428571433,0.5833333333333334,0.35,0.9583107742284787,1377233523.0
144,India,2020-06-22,14933.0,312.0,450.419,28.2,5.989,3.414,0.957604358911721,0.2578125,1.0,0.017617800053157155,0.18154812244342172,-0.5579007672762843,0.31428571428571433,0.5833333333333334,0.35,0.9583107742284787,1377233523.0
145,India,2020-06-23,15968.0,465.0,450.419,28.2,5.989,3.414,0.957604358911721,0.2578125,1.0,0.017617800053157155,0.18154812244342172,-0.5579007672762843,0.31428571428571433,0.5833333333333334,0.35,0.9583107742284787,1377233523.0
146,India,2020-06-24,16922.0,418.0,450.419,28.2,5.989,3.414,0.957604358911721,0.2578125,1.0,0.017617800053157155,0.18154812244342172,-0.5579007672762843,0.31428571428571433,0.5833333333333334,0.35,0.9583107742284787,1377233523.0
147,India,2020-06-25,17296.0,407.0,450.419,28.2,5.989,3.414,0.957604358911721,0.2578125,1.0,0.017617800053157155,0.18154812244342172,-0.5579007672762843,0.31428571428571433,0.5833333333333334,0.35,0.9583107742284787,1377233523.0
148,India,2020-06-26,18552.0,384.0,450.419,28.2,5.989,3.414,0.957604358911721,0.2578125,1.0,0.017617800053157155,0.18154812244342172,-0.5579007672762843,0.31428571428571433,0.5833333333333334,0.35,0.9583107742284787,1377233523.0
149,India,2020-06-27,19906.0,410.0,450.419,28.2,5.989,3.414,0.957604358911721,0.2578125,1.0,0.017617800053157155,0.18154812244342172,-0.5579007672762843,0.31428571428571433,0.5833333333333334,0.35,0.9583107742284787,1377233523.0
150,India,2020-06-28,19459.0,380.0,450.419,28.2,5.989,3.414,0.957604358911721,0.2578125,1.0,0.017617800053157155,0.18154812244342172,-0.5579007672762843,0.31428571428571433,0.5833333333333334,0.35,0.9583107742284787,1377233523.0
151,India,2020-06-29,18522.0,418.0,450.419,28.2,5.989,3.414,0.957604358911721,0.2578125,1.0,0.017617800053157155,0.18154812244342172,-0.5579007672762843,0.31428571428571433,0.5833333333333334,0.35,0.9583107742284787,1377233523.0
152,India,2020-06-30,18641.0,507.0,450.419,28.2,5.989,3.414,0.957604358911721,0.2578125,1.0,0.017617800053157155,0.18154812244342172,-0.5579007672762843,0.31428571428571433,0.5833333333333334,0.35,0.9583107742284787,1377233523.0
153,India,2020-07-01,19160.0,434.0,450.419,28.2,5.989,3.414,0.957604358911721,0.2578125,1.0,0.017617800053157155,0.18154812244342172,-0.5579007672762843,0.31428571428571433,0.5833333333333334,0.35,0.9583107742284787,1377233523.0
154,India,2020-07-02,20903.0,379.0,450.419,28.2,5.989,3.414,0.957604358911721,0.2578125,1.0,0.017617800053157155,0.18154812244342172,-0.5579007672762843,0.31428571428571433,0.5833333333333334,0.35,0.9583107742284787,1377233523.0
155,India,2020-07-03,22771.0,442.0,450.419,28.2,5.989,3.414,0.957604358911721,0.2578125,1.0,0.017617800053157155,0.18154812244342172,-0.5579007672762843,0.31428571428571433,0.5833333333333334,0.35,0.9583107742284787,1377233523.0
156,India,2020-07-04,24850.0,613.0,450.419,28.2,5.989,3.414,0.957604358911721,0.2578125,1.0,0.017617800053157155,0.18154812244342172,-0.5579007672762843,0.31428571428571433,0.5833333333333334,0.35,0.9583107742284787,1377233523.0
157,India,2020-07-05,24248.0,425.0,450.419,28.2,5.989,3.414,0.957604358911721,0.2578125,1.0,0.017617800053157155,0.18154812244342172,-0.5579007672762843,0.31428571428571433,0.5833333333333334,0.35,0.9583107742284787,1377233523.0
158,India,2020-07-06,22251.0,466.0,450.419,28.2,5.989,3.414,0.957604358911721,0.2578125,1.0,0.017617800053157155,0.18154812244342172,-0.5579007672762843,0.31428571428571433,0.5833333333333334,0.35,0.9583107742284787,1377233523.0
159,India,2020-07-07,22753.0,483.0,450.419,28.2,5.989,3.414,0.957604358911721,0.2578125,1.0,0.017617800053157155,0.18154812244342172,-0.5579007672762843,0.31428571428571433,0.5833333333333334,0.35,0.9583107742284787,1377233523.0
160,India,2020-07-08,24879.0,487.0,450.419,28.2,5.989,3.414,0.957604358911721,0.2578125,1.0,0.017617800053157155,0.18154812244342172,-0.5579007672762843,0.31428571428571433,0.5833333333333334,0.35,0.9583107742284787,1377233523.0
161,India,2020-07-09,26506.0,475.0,450.419,28.2,5.989,3.414,0.957604358911721,0.2578125,1.0,0.017617800053157155,0.18154812244342172,-0.5579007672762843,0.31428571428571433,0.5833333333333334,0.35,0.9583107742284787,1377233523.0
162,India,2020-07-10,27114.0,519.0,450.419,28.2,5.989,3.414,0.957604358911721,0.2578125,1.0,0.017617800053157155,0.18154812244342172,-0.5579007672762843,0.31428571428571433,0.5833333333333334,0.35,0.9583107742284787,1377233523.0
163,India,2020-07-11,28606.0,550.0,450.419,28.2,5.989,3.414,0.957604358911721,0.2578125,1.0,0.017617800053157155,0.18154812244342172,-0.5579007672762843,0.31428571428571433,0.5833333333333334,0.35,0.9583107742284787,1377233523.0
164,India,2020-07-12,28732.0,501.0,450.419,28.2,5.989,3.414,0.957604358911721,0.2578125,1.0,0.017617800053157155,0.18154812244342172,-0.5579007672762843,0.31428571428571433,0.5833333333333334,0.35,0.9583107742284787,1377233523.0
165,India,2020-07-13,28498.0,553.0,450.419,28.2,5.989,3.414,0.957604358911721,0.2578125,1.0,0.017617800053157155,0.18154812244342172,-0.5579007672762843,0.31428571428571433,0.5833333333333334,0.35,0.9583107742284787,1377233523.0
166,India,2020-07-14,29429.0,582.0,450.419,28.2,5.989,3.414,0.957604358911721,0.2578125,1.0,0.017617800053157155,0.18154812244342172,-0.5579007672762843,0.31428571428571433,0.5833333333333334,0.35,0.9583107742284787,1377233523.0
167,India,2020-07-15,32676.0,605.0,450.419,28.2,5.989,3.414,0.957604358911721,0.2578125,1.0,0.017617800053157155,0.18154812244342172,-0.5579007672762843,0.31428571428571433,0.5833333333333334,0.35,0.9583107742284787,1377233523.0
168,India,2020-07-16,34975.0,688.0,450.419,28.2,5.989,3.414,0.957604358911721,0.2578125,1.0,0.017617800053157155,0.18154812244342172,-0.5579007672762843,0.31428571428571433,0.5833333333333334,0.35,0.9583107742284787,1377233523.0
169,India,2020-07-17,35252.0,671.0,450.419,28.2,5.989,3.414,0.957604358911721,0.2578125,1.0,0.017617800053157155,0.18154812244342172,-0.5579007672762843,0.31428571428571433,0.5833333333333334,0.35,0.9583107742284787,1377233523.0
170,India,2020-07-18,38697.0,543.0,450.419,28.2,5.989,3.414,0.957604358911721,0.2578125,1.0,0.017617800053157155,0.18154812244342172,-0.5579007672762843,0.31428571428571433,0.5833333333333334,0.35,0.9583107742284787,1377233523.0
171,India,2020-07-19,40425.0,681.0,450.419,28.2,5.989,3.414,0.957604358911721,0.2578125,1.0,0.017617800053157155,0.18154812244342172,-0.5579007672762843,0.31428571428571433,0.5833333333333334,0.35,0.9583107742284787,1377233523.0
172,India,2020-07-20,37132.0,585.0,450.419,28.2,5.989,3.414,0.957604358911721,0.2578125,1.0,0.017617800053157155,0.18154812244342172,-0.5579007672762843,0.31428571428571433,0.5833333333333334,0.35,0.9583107742284787,1377233523.0
173,India,2020-07-21,37740.0,650.0,450.419,28.2,5.989,3.414,0.957604358911721,0.2578125,1.0,0.017617800053157155,0.18154812244342172,-0.5579007672762843,0.31428571428571433,0.5833333333333334,0.35,0.9583107742284787,1377233523.0
174,India,2020-07-22,45720.0,1129.0,450.419,28.2,5.989,3.414,0.957604358911721,0.2578125,1.0,0.017617800053157155,0.18154812244342172,-0.5579007672762843,0.31428571428571433,0.5833333333333334,0.35,0.9583107742284787,1377233523.0
175,India,2020-07-23,49310.0,740.0,450.419,28.2,5.989,3.414,0.957604358911721,0.2578125,1.0,0.017617800053157155,0.18154812244342172,-0.5579007672762843,0.31428571428571433,0.5833333333333334,0.35,0.9583107742284787,1377233523.0
176,India,2020-07-24,48916.0,757.0,450.419,28.2,5.989,3.414,0.957604358911721,0.2578125,1.0,0.017617800053157155,0.18154812244342172,-0.5579007672762843,0.31428571428571433,0.5833333333333334,0.35,0.9583107742284787,1377233523.0
177,India,2020-07-25,48611.0,702.0,450.419,28.2,5.989,3.414,0.957604358911721,0.2578125,1.0,0.017617800053157155,0.18154812244342172,-0.5579007672762843,0.31428571428571433,0.5833333333333334,0.35,0.9583107742284787,1377233523.0
178,India,2020-07-26,49981.0,711.0,450.419,28.2,5.989,3.414,0.957604358911721,0.2578125,1.0,0.017617800053157155,0.18154812244342172,-0.5579007672762843,0.31428571428571433,0.5833333333333334,0.35,0.9583107742284787,1377233523.0
179,India,2020-07-27,44457.0,637.0,450.419,28.2,5.989,3.414,0.957604358911721,0.2578125,1.0,0.017617800053157155,0.18154812244342172,-0.5579007672762843,0.31428571428571433,0.5833333333333334,0.35,0.9583107742284787,1377233523.0
180,India,2020-07-28,51596.0,785.0,450.419,28.2,5.989,3.414,0.957604358911721,0.2578125,1.0,0.017617800053157155,0.18154812244342172,-0.5579007672762843,0.31428571428571433,0.5833333333333334,0.35,0.9583107742284787,1377233523.0
181,India,2020-07-29,50294.0,762.0,450.419,28.2,5.989,3.414,0.957604358911721,0.2578125,1.0,0.017617800053157155,0.18154812244342172,-0.5579007672762843,0.31428571428571433,0.5833333333333334,0.35,0.9583107742284787,1377233523.0
182,India,2020-07-30,52783.0,763.0,450.419,28.2,5.989,3.414,0.957604358911721,0.2578125,1.0,0.017617800053157155,0.18154812244342172,-0.5579007672762843,0.31428571428571433,0.5833333333333334,0.35,0.9583107742284787,1377233523.0
183,India,2020-07-31,61242.0,793.0,450.419,28.2,5.989,3.414,0.957604358911721,0.2578125,1.0,0.017617800053157155,0.18154812244342172,-0.5579007672762843,0.31428571428571433,0.5833333333333334,0.35,0.9583107742284787,1377233523.0
184,India,2020-08-01,54735.0,853.0,450.419,28.2,5.989,3.414,0.957604358911721,0.2578125,1.0,0.017617800053157155,0.18154812244342172,-0.5579007672762843,0.31428571428571433,0.5833333333333334,0.35,0.9583107742284787,1377233523.0
185,India,2020-08-02,52972.0,771.0,450.419,28.2,5.989,3.414,0.957604358911721,0.2578125,1.0,0.017617800053157155,0.18154812244342172,-0.5579007672762843,0.31428571428571433,0.5833333333333334,0.35,0.9583107742284787,1377233523.0
186,India,2020-08-03,52050.0,803.0,450.419,28.2,5.989,3.414,0.957604358911721,0.2578125,1.0,0.017617800053157155,0.18154812244342172,-0.5579007672762843,0.31428571428571433,0.5833333333333334,0.35,0.9583107742284787,1377233523.0
187,India,2020-08-04,52509.0,857.0,450.419,28.2,5.989,3.414,0.957604358911721,0.2578125,1.0,0.017617800053157155,0.18154812244342172,-0.5579007672762843,0.31428571428571433,0.5833333333333334,0.35,0.9583107742284787,1377233523.0
188,India,2020-08-05,56282.0,904.0,450.419,28.2,5.989,3.414,0.957604358911721,0.2578125,1.0,0.017617800053157155,0.18154812244342172,-0.5579007672762843,0.31428571428571433,0.5833333333333334,0.35,0.9583107742284787,1377233523.0
189,India,2020-08-06,62538.0,886.0,450.419,28.2,5.989,3.414,0.957604358911721,0.2578125,1.0,0.017617800053157155,0.18154812244342172,-0.5579007672762843,0.31428571428571433,0.5833333333333334,0.35,0.9583107742284787,1377233523.0
190,India,2020-08-07,61537.0,933.0,450.419,28.2,5.989,3.414,0.957604358911721,0.2578125,1.0,0.017617800053157155,0.18154812244342172,-0.5579007672762843,0.31428571428571433,0.5833333333333334,0.35,0.9583107742284787,1377233523.0
191,India,2020-08-08,64399.0,861.0,450.419,28.2,5.989,3.414,0.957604358911721,0.2578125,1.0,0.017617800053157155,0.18154812244342172,-0.5579007672762843,0.31428571428571433,0.5833333333333334,0.35,0.9583107742284787,1377233523.0
192,India,2020-08-09,62064.0,1007.0,450.419,28.2,5.989,3.414,0.957604358911721,0.2578125,1.0,0.017617800053157155,0.18154812244342172,-0.5579007672762843,0.31428571428571433,0.5833333333333334,0.35,0.9583107742284787,1377233523.0
193,India,2020-08-10,53601.0,871.0,450.419,28.2,5.989,3.414,0.957604358911721,0.2578125,1.0,0.017617800053157155,0.18154812244342172,-0.5579007672762843,0.31428571428571433,0.5833333333333334,0.35,0.9583107742284787,1377233523.0
194,India,2020-08-11,60963.0,834.0,450.419,28.2,5.989,3.414,0.957604358911721,0.2578125,1.0,0.017617800053157155,0.18154812244342172,-0.5579007672762843,0.31428571428571433,0.5833333333333334,0.35,0.9583107742284787,1377233523.0
195,India,2020-08-12,66999.0,942.0,450.419,28.2,5.989,3.414,0.957604358911721,0.2578125,1.0,0.017617800053157155,0.18154812244342172,-0.5579007672762843,0.31428571428571433,0.5833333333333334,0.35,0.9583107742284787,1377233523.0
196,India,2020-08-13,64553.0,1007.0,450.419,28.2,5.989,3.414,0.957604358911721,0.2578125,1.0,0.017617800053157155,0.18154812244342172,-0.5579007672762843,0.31428571428571433,0.5833333333333334,0.35,0.9583107742284787,1377233523.0
197,India,2020-08-14,64732.0,996.0,450.419,28.2,5.989,3.414,0.957604358911721,0.2578125,1.0,0.017617800053157155,0.18154812244342172,-0.5579007672762843,0.31428571428571433,0.5833333333333334,0.35,0.9583107742284787,1377233523.0
198,India,2020-08-15,64030.0,944.0,450.419,28.2,5.989,3.414,0.957604358911721,0.2578125,1.0,0.017617800053157155,0.18154812244342172,-0.5579007672762843,0.31428571428571433,0.5833333333333334,0.35,0.9583107742284787,1377233523.0
199,India,2020-08-16,57711.0,941.0,450.419,28.2,5.989,3.414,0.957604358911721,0.2578125,1.0,0.017617800053157155,0.18154812244342172,-0.5579007672762843,0.31428571428571433,0.5833333333333334,0.35,0.9583107742284787,1377233523.0
200,India,2020-08-17,55018.0,876.0,450.419,28.2,5.989,3.414,0.957604358911721,0.2578125,1.0,0.017617800053157155,0.18154812244342172,-0.5579007672762843,0.31428571428571433,0.5833333333333334,0.35,0.9583107742284787,1377233523.0
201,India,2020-08-18,64572.0,1091.0,450.419,28.2,5.989,3.414,0.957604358911721,0.2578125,1.0,0.017617800053157155,0.18154812244342172,-0.5579007672762843,0.31428571428571433,0.5833333333333334,0.35,0.9583107742284787,1377233523.0
202,India,2020-08-19,69672.0,978.0,450.419,28.2,5.989,3.414,0.957604358911721,0.2578125,1.0,0.017617800053157155,0.18154812244342172,-0.5579007672762843,0.31428571428571433,0.5833333333333334,0.35,0.9583107742284787,1377233523.0
203,India,2020-08-20,68900.0,983.0,450.419,28.2,5.989,3.414,0.957604358911721,0.2578125,1.0,0.017617800053157155,0.18154812244342172,-0.5579007672762843,0.31428571428571433,0.5833333333333334,0.35,0.9583107742284787,1377233523.0
204,India,2020-08-21,69876.0,945.0,450.419,28.2,5.989,3.414,0.957604358911721,0.2578125,1.0,0.017617800053157155,0.18154812244342172,-0.5579007672762843,0.31428571428571433,0.5833333333333334,0.35,0.9583107742284787,1377233523.0
205,India,2020-08-22,69239.0,912.0,450.419,28.2,5.989,3.414,0.957604358911721,0.2578125,1.0,0.017617800053157155,0.18154812244342172,-0.5579007672762843,0.31428571428571433,0.5833333333333334,0.35,0.9583107742284787,1377233523.0
206,India,2020-08-23,61408.0,836.0,450.419,28.2,5.989,3.414,0.957604358911721,0.2578125,1.0,0.017617800053157155,0.18154812244342172,-0.5579007672762843,0.31428571428571433,0.5833333333333334,0.35,0.9583107742284787,1377233523.0
207,India,2020-08-24,60975.0,848.0,450.419,28.2,5.989,3.414,0.957604358911721,0.2578125,1.0,0.017617800053157155,0.18154812244342172,-0.5579007672762843,0.31428571428571433,0.5833333333333334,0.35,0.9583107742284787,1377233523.0
208,India,2020-08-25,57224.0,967.0,450.419,28.2,5.989,3.414,0.957604358911721,0.2578125,1.0,0.017617800053157155,0.18154812244342172,-0.5579007672762843,0.31428571428571433,0.5833333333333334,0.35,0.9583107742284787,1377233523.0
209,India,2020-08-26,85687.0,1115.0,450.419,28.2,5.989,3.414,0.957604358911721,0.2578125,1.0,0.017617800053157155,0.18154812244342172,-0.5579007672762843,0.31428571428571433,0.5833333333333334,0.35,0.9583107742284787,1377233523.0
210,India,2020-08-27,77266.0,1057.0,450.419,28.2,5.989,3.414,0.957604358911721,0.2578125,1.0,0.017617800053157155,0.18154812244342172,-0.5579007672762843,0.31428571428571433,0.5833333333333334,0.35,0.9583107742284787,1377233523.0
211,India,2020-08-28,76472.0,1021.0,450.419,28.2,5.989,3.414,0.957604358911721,0.2578125,1.0,0.017617800053157155,0.18154812244342172,-0.5579007672762843,0.31428571428571433,0.5833333333333334,0.35,0.9583107742284787,1377233523.0
212,India,2020-08-29,78761.0,948.0,450.419,28.2,5.989,3.414,0.957604358911721,0.2578125,1.0,0.017617800053157155,0.18154812244342172,-0.5579007672762843,0.31428571428571433,0.5833333333333334,0.35,0.9583107742284787,1377233523.0
213,India,2020-08-30,78512.0,971.0,450.419,28.2,5.989,3.414,0.957604358911721,0.2578125,1.0,0.017617800053157155,0.18154812244342172,-0.5579007672762843,0.31428571428571433,0.5833333333333334,0.35,0.9583107742284787,1377233523.0
214,India,2020-08-31,69921.0,819.0,450.419,28.2,5.989,3.414,0.957604358911721,0.2578125,1.0,0.017617800053157155,0.18154812244342172,-0.5579007672762843,0.31428571428571433,0.5833333333333334,0.35,0.9583107742284787,1377233523.0
215,India,2020-09-01,78357.0,1045.0,450.419,28.2,5.989,3.414,0.957604358911721,0.2578125,1.0,0.017617800053157155,0.18154812244342172,-0.5579007672762843,0.31428571428571433,0.5833333333333334,0.35,0.9583107742284787,1377233523.0
216,India,2020-09-02,83883.0,1043.0,450.419,28.2,5.989,3.414,0.957604358911721,0.2578125,1.0,0.017617800053157155,0.18154812244342172,-0.5579007672762843,0.31428571428571433,0.5833333333333334,0.35,0.9583107742284787,1377233523.0
217,India,2020-09-03,83341.0,1096.0,450.419,28.2,5.989,3.414,0.957604358911721,0.2578125,1.0,0.017617800053157155,0.18154812244342172,-0.5579007672762843,0.31428571428571433,0.5833333333333334,0.35,0.9583107742284787,1377233523.0
218,India,2020-09-04,86432.0,1089.0,450.419,28.2,5.989,3.414,0.957604358911721,0.2578125,1.0,0.017617800053157155,0.18154812244342172,-0.5579007672762843,0.31428571428571433,0.5833333333333334,0.35,0.9583107742284787,1377233523.0
219,India,2020-09-05,90632.0,1065.0,450.419,28.2,5.989,3.414,0.957604358911721,0.2578125,1.0,0.017617800053157155,0.18154812244342172,-0.5579007672762843,0.31428571428571433,0.5833333333333334,0.35,0.9583107742284787,1377233523.0
220,India,2020-09-06,90802.0,1016.0,450.419,28.2,5.989,3.414,0.957604358911721,0.2578125,1.0,0.017617800053157155,0.18154812244342172,-0.5579007672762843,0.31428571428571433,0.5833333333333334,0.35,0.9583107742284787,1377233523.0
221,India,2020-09-07,75809.0,1133.0,450.419,28.2,5.989,3.414,0.957604358911721,0.2578125,1.0,0.017617800053157155,0.18154812244342172,-0.5579007672762843,0.31428571428571433,0.5833333333333334,0.35,0.9583107742284787,1377233523.0
222,India,2020-09-08,89706.0,1115.0,450.419,28.2,5.989,3.414,0.957604358911721,0.2578125,1.0,0.017617800053157155,0.18154812244342172,-0.5579007672762843,0.31428571428571433,0.5833333333333334,0.35,0.9583107742284787,1377233523.0
223,India,2020-09-09,95735.0,1172.0,450.419,28.2,5.989,3.414,0.957604358911721,0.2578125,1.0,0.017617800053157155,0.18154812244342172,-0.5579007672762843,0.31428571428571433,0.5833333333333334,0.35,0.9583107742284787,1377233523.0
224,India,2020-09-10,96551.0,1209.0,450.419,28.2,5.989,3.414,0.957604358911721,0.2578125,1.0,0.017617800053157155,0.18154812244342172,-0.5579007672762843,0.31428571428571433,0.5833333333333334,0.35,0.9583107742284787,1377233523.0
225,India,2020-09-11,97570.0,1201.0,450.419,28.2,5.989,3.414,0.957604358911721,0.2578125,1.0,0.017617800053157155,0.18154812244342172,-0.5579007672762843,0.31428571428571433,0.5833333333333334,0.35,0.9583107742284787,1377233523.0
226,India,2020-09-12,94372.0,1114.0,450.419,28.2,5.989,3.414,0.957604358911721,0.2578125,1.0,0.017617800053157155,0.18154812244342172,-0.5579007672762843,0.31428571428571433,0.5833333333333334,0.35,0.9583107742284787,1377233523.0
227,India,2020-09-13,92071.0,1136.0,450.419,28.2,5.989,3.414,0.957604358911721,0.2578125,1.0,0.017617800053157155,0.18154812244342172,-0.5579007672762843,0.31428571428571433,0.5833333333333334,0.35,0.9583107742284787,1377233523.0
228,India,2020-09-14,83809.0,1054.0,450.419,28.2,5.989,3.414,0.957604358911721,0.2578125,1.0,0.017617800053157155,0.18154812244342172,-0.5579007672762843,0.31428571428571433,0.5833333333333334,0.35,0.9583107742284787,1377233523.0
229,India,2020-09-15,90123.0,1290.0,450.419,28.2,5.989,3.414,0.957604358911721,0.2578125,1.0,0.017617800053157155,0.18154812244342172,-0.5579007672762843,0.31428571428571433,0.5833333333333334,0.35,0.9583107742284787,1377233523.0
230,India,2020-09-16,97894.0,1132.0,450.419,28.2,5.989,3.414,0.957604358911721,0.2578125,1.0,0.017617800053157155,0.18154812244342172,-0.5579007672762843,0.31428571428571433,0.5833333333333334,0.35,0.9583107742284787,1377233523.0
231,India,2020-09-17,96424.0,1174.0,450.419,28.2,5.989,3.414,0.957604358911721,0.2578125,1.0,0.017617800053157155,0.18154812244342172,-0.5579007672762843,0.31428571428571433,0.5833333333333334,0.35,0.9583107742284787,1377233523.0
232,India,2020-09-18,93337.0,1247.0,450.419,28.2,5.989,3.414,0.957604358911721,0.2578125,1.0,0.017617800053157155,0.18154812244342172,-0.5579007672762843,0.31428571428571433,0.5833333333333334,0.35,0.9583107742284787,1377233523.0
233,India,2020-09-19,92605.0,1133.0,450.419,28.2,5.989,3.414,0.957604358911721,0.2578125,1.0,0.017617800053157155,0.18154812244342172,-0.5579007672762843,0.31428571428571433,0.5833333333333334,0.35,0.9583107742284787,1377233523.0
234,India,2020-09-20,86961.0,1130.0,450.419,28.2,5.989,3.414,0.957604358911721,0.2578125,1.0,0.017617800053157155,0.18154812244342172,-0.5579007672762843,0.31428571428571433,0.5833333333333334,0.35,0.9583107742284787,1377233523.0
235,India,2020-09-21,75083.0,1053.0,450.419,28.2,5.989,3.414,0.957604358911721,0.2578125,1.0,0.017617800053157155,0.18154812244342172,-0.5579007672762843,0.31428571428571433,0.5833333333333334,0.35,0.9583107742284787,1377233523.0
236,India,2020-09-22,83347.0,1085.0,450.419,28.2,5.989,3.414,0.957604358911721,0.2578125,1.0,0.017617800053157155,0.18154812244342172,-0.5579007672762843,0.31428571428571433,0.5833333333333334,0.35,0.9583107742284787,1377233523.0
237,India,2020-09-23,86508.0,1129.0,450.419,28.2,5.989,3.414,0.957604358911721,0.2578125,1.0,0.017617800053157155,0.18154812244342172,-0.5579007672762843,0.31428571428571433,0.5833333333333334,0.35,0.9583107742284787,1377233523.0
238,India,2020-09-24,86052.0,1141.0,450.419,28.2,5.989,3.414,0.957604358911721,0.2578125,1.0,0.017617800053157155,0.18154812244342172,-0.5579007672762843,0.31428571428571433,0.5833333333333334,0.35,0.9583107742284787,1377233523.0
239,India,2020-09-25,85362.0,1089.0,450.419,28.2,5.989,3.414,0.957604358911721,0.2578125,1.0,0.017617800053157155,0.18154812244342172,-0.5579007672762843,0.31428571428571433,0.5833333333333334,0.35,0.9583107742284787,1377233523.0
240,India,2020-09-26,88600.0,1124.0,450.419,28.2,5.989,3.414,0.957604358911721,0.2578125,1.0,0.017617800053157155,0.18154812244342172,-0.5579007672762843,0.31428571428571433,0.5833333333333334,0.35,0.9583107742284787,1377233523.0
241,India,2020-09-27,82170.0,1039.0,450.419,28.2,5.989,3.414,0.957604358911721,0.2578125,1.0,0.017617800053157155,0.18154812244342172,-0.5579007672762843,0.31428571428571433,0.5833333333333334,0.35,0.9583107742284787,1377233523.0
242,India,2020-09-28,70589.0,776.0,450.419,28.2,5.989,3.414,0.957604358911721,0.2578125,1.0,0.017617800053157155,0.18154812244342172,-0.5579007672762843,0.31428571428571433,0.5833333333333334,0.35,0.9583107742284787,1377233523.0
243,India,2020-09-29,80472.0,1179.0,450.419,28.2,5.989,3.414,0.957604358911721,0.2578125,1.0,0.017617800053157155,0.18154812244342172,-0.5579007672762843,0.31428571428571433,0.5833333333333334,0.35,0.9583107742284787,1377233523.0
244,India,2020-09-30,86821.0,1181.0,450.419,28.2,5.989,3.414,0.957604358911721,0.2578125,1.0,0.017617800053157155,0.18154812244342172,-0.5579007672762843,0.31428571428571433,0.5833333333333334,0.35,0.9583107742284787,1377233523.0
245,India,2020-10-01,81484.0,1095.0,450.419,28.2,5.989,3.414,0.957604358911721,0.2578125,1.0,0.017617800053157155,0.18154812244342172,-0.5579007672762843,0.31428571428571433,0.5833333333333334,0.35,0.9583107742284787,1377233523.0
246,India,2020-10-02,79476.0,1069.0,450.419,28.2,5.989,3.414,0.957604358911721,0.2578125,1.0,0.017617800053157155,0.18154812244342172,-0.5579007672762843,0.31428571428571433,0.5833333333333334,0.35,0.9583107742284787,1377233523.0
247,India,2020-10-03,75829.0,940.0,450.419,28.2,5.989,3.414,0.957604358911721,0.2578125,1.0,0.017617800053157155,0.18154812244342172,-0.5579007672762843,0.31428571428571433,0.5833333333333334,0.35,0.9583107742284787,1377233523.0
248,India,2020-10-04,74442.0,903.0,450.419,28.2,5.989,3.414,0.957604358911721,0.2578125,1.0,0.017617800053157155,0.18154812244342172,-0.5579007672762843,0.31428571428571433,0.5833333333333334,0.35,0.9583107742284787,1377233523.0
249,India,2020-10-05,61267.0,884.0,450.419,28.2,5.989,3.414,0.957604358911721,0.2578125,1.0,0.017617800053157155,0.18154812244342172,-0.5579007672762843,0.31428571428571433,0.5833333333333334,0.35,0.9583107742284787,1377233523.0
250,India,2020-10-06,72049.0,986.0,450.419,28.2,5.989,3.414,0.957604358911721,0.2578125,1.0,0.017617800053157155,0.18154812244342172,-0.5579007672762843,0.31428571428571433,0.5833333333333334,0.35,0.9583107742284787,1377233523.0
251,India,2020-10-07,78524.0,971.0,450.419,28.2,5.989,3.414,0.957604358911721,0.2578125,1.0,0.017617800053157155,0.18154812244342172,-0.5579007672762843,0.31428571428571433,0.5833333333333334,0.35,0.9583107742284787,1377233523.0
252,India,2020-10-08,70496.0,964.0,450.419,28.2,5.989,3.414,0.957604358911721,0.2578125,1.0,0.017617800053157155,0.18154812244342172,-0.5579007672762843,0.31428571428571433,0.5833333333333334,0.35,0.9583107742284787,1377233523.0
253,India,2020-10-09,73272.0,926.0,450.419,28.2,5.989,3.414,0.957604358911721,0.2578125,1.0,0.017617800053157155,0.18154812244342172,-0.5579007672762843,0.31428571428571433,0.5833333333333334,0.35,0.9583107742284787,1377233523.0
254,India,2020-10-10,74383.0,918.0,450.419,28.2,5.989,3.414,0.957604358911721,0.2578125,1.0,0.017617800053157155,0.18154812244342172,-0.5579007672762843,0.31428571428571433,0.5833333333333334,0.35,0.9583107742284787,1377233523.0
255,India,2020-10-11,66732.0,816.0,450.419,28.2,5.989,3.414,0.957604358911721,0.2578125,1.0,0.017617800053157155,0.18154812244342172,-0.5579007672762843,0.31428571428571433,0.5833333333333334,0.35,0.9583107742284787,1377233523.0
256,India,2020-10-12,55342.0,706.0,450.419,28.2,5.989,3.414,0.957604358911721,0.2578125,1.0,0.017617800053157155,0.18154812244342172,-0.5579007672762843,0.31428571428571433,0.5833333333333334,0.35,0.9583107742284787,1377233523.0
257,India,2020-10-13,63509.0,730.0,450.419,28.2,5.989,3.414,0.957604358911721,0.2578125,1.0,0.017617800053157155,0.18154812244342172,-0.5579007672762843,0.31428571428571433,0.5833333333333334,0.35,0.9583107742284787,1377233523.0
258,India,2020-10-14,67708.0,680.0,450.419,28.2,5.989,3.414,0.957604358911721,0.2578125,1.0,0.017617800053157155,0.18154812244342172,-0.5579007672762843,0.31428571428571433,0.5833333333333334,0.35,0.9583107742284787,1377233523.0
259,India,2020-10-15,63371.0,895.0,450.419,28.2,5.989,3.414,0.957604358911721,0.2578125,1.0,0.017617800053157155,0.18154812244342172,-0.5579007672762843,0.31428571428571433,0.5833333333333334,0.35,0.9583107742284787,1377233523.0
260,India,2020-10-16,62212.0,837.0,450.419,28.2,5.989,3.414,0.957604358911721,0.2578125,1.0,0.017617800053157155,0.18154812244342172,-0.5579007672762843,0.31428571428571433,0.5833333333333334,0.35,0.9583107742284787,1377233523.0
261,India,2020-10-17,61871.0,1033.0,450.419,28.2,5.989,3.414,0.957604358911721,0.2578125,1.0,0.017617800053157155,0.18154812244342172,-0.5579007672762843,0.31428571428571433,0.5833333333333334,0.35,0.9583107742284787,1377233523.0
262,India,2020-10-18,55722.0,579.0,450.419,28.2,5.989,3.414,0.957604358911721,0.2578125,1.0,0.017617800053157155,0.18154812244342172,-0.5579007672762843,0.31428571428571433,0.5833333333333334,0.35,0.9583107742284787,1377233523.0
263,India,2020-10-19,46790.0,587.0,450.419,28.2,5.989,3.414,0.957604358911721,0.2578125,1.0,0.017617800053157155,0.18154812244342172,-0.5579007672762843,0.31428571428571433,0.5833333333333334,0.35,0.9583107742284787,1377233523.0
264,India,2020-10-20,54044.0,717.0,450.419,28.2,5.989,3.414,0.957604358911721,0.2578125,1.0,0.017617800053157155,0.18154812244342172,-0.5579007672762843,0.31428571428571433,0.5833333333333334,0.35,0.9583107742284787,1377233523.0
265,India,2020-10-21,55839.0,702.0,450.419,28.2,5.989,3.414,0.957604358911721,0.2578125,1.0,0.017617800053157155,0.18154812244342172,-0.5579007672762843,0.31428571428571433,0.5833333333333334,0.35,0.9583107742284787,1377233523.0
266,India,2020-10-22,54366.0,690.0,450.419,28.2,5.989,3.414,0.957604358911721,0.2578125,1.0,0.017617800053157155,0.18154812244342172,-0.5579007672762843,0.31428571428571433,0.5833333333333334,0.35,0.9583107742284787,1377233523.0
267,India,2020-10-23,53370.0,650.0,450.419,28.2,5.989,3.414,0.957604358911721,0.2578125,1.0,0.017617800053157155,0.18154812244342172,-0.5579007672762843,0.31428571428571433,0.5833333333333334,0.35,0.9583107742284787,1377233523.0
268,India,2020-10-24,50129.0,578.0,450.419,28.2,5.989,3.414,0.957604358911721,0.2578125,1.0,0.017617800053157155,0.18154812244342172,-0.5579007672762843,0.31428571428571433,0.5833333333333334,0.35,0.9583107742284787,1377233523.0
269,India,2020-10-25,45148.0,480.0,450.419,28.2,5.989,3.414,0.957604358911721,0.2578125,1.0,0.017617800053157155,0.18154812244342172,-0.5579007672762843,0.31428571428571433,0.5833333333333334,0.35,0.9583107742284787,1377233523.0
270,India,2020-10-26,36470.0,488.0,450.419,28.2,5.989,3.414,0.957604358911721,0.2578125,1.0,0.017617800053157155,0.18154812244342172,-0.5579007672762843,0.31428571428571433,0.5833333333333334,0.35,0.9583107742284787,1377233523.0
271,India,2020-10-27,43893.0,508.0,450.419,28.2,5.989,3.414,0.957604358911721,0.2578125,1.0,0.017617800053157155,0.18154812244342172,-0.5579007672762843,0.31428571428571433,0.5833333333333334,0.35,0.9583107742284787,1377233523.0
272,India,2020-10-28,49881.0,517.0,450.419,28.2,5.989,3.414,0.957604358911721,0.2578125,1.0,0.017617800053157155,0.18154812244342172,-0.5579007672762843,0.31428571428571433,0.5833333333333334,0.35,0.9583107742284787,1377233523.0
273,India,2020-10-29,48648.0,563.0,450.419,28.2,5.989,3.414,0.957604358911721,0.2578125,1.0,0.017617800053157155,0.18154812244342172,-0.5579007672762843,0.31428571428571433,0.5833333333333334,0.35,0.9583107742284787,1377233523.0
274,India,2020-10-30,48268.0,551.0,450.419,28.2,5.989,3.414,0.957604358911721,0.2578125,1.0,0.017617800053157155,0.18154812244342172,-0.5579007672762843,0.31428571428571433,0.5833333333333334,0.35,0.9583107742284787,1377233523.0
275,India,2020-10-31,46963.0,470.0,450.419,28.2,5.989,3.414,0.957604358911721,0.2578125,1.0,0.017617800053157155,0.18154812244342172,-0.5579007672762843,0.31428571428571433,0.5833333333333334,0.35,0.9583107742284787,1377233523.0
276,India,2020-11-01,45231.0,496.0,450.419,28.2,5.989,3.414,0.957604358911721,0.2578125,1.0,0.017617800053157155,0.18154812244342172,-0.5579007672762843,0.31428571428571433,0.5833333333333334,0.35,0.9583107742284787,1377233523.0
277,India,2020-11-02,38310.0,490.0,450.419,28.2,5.989,3.414,0.957604358911721,0.2578125,1.0,0.017617800053157155,0.18154812244342172,-0.5579007672762843,0.31428571428571433,0.5833333333333334,0.35,0.9583107742284787,1377233523.0
278,India,2020-11-03,46253.0,514.0,450.419,28.2,5.989,3.414,0.957604358911721,0.2578125,1.0,0.017617800053157155,0.18154812244342172,-0.5579007672762843,0.31428571428571433,0.5833333333333334,0.35,0.9583107742284787,1377233523.0
279,India,2020-11-04,50210.0,704.0,450.419,28.2,5.989,3.414,0.957604358911721,0.2578125,1.0,0.017617800053157155,0.18154812244342172,-0.5579007672762843,0.31428571428571433,0.5833333333333334,0.35,0.9583107742284787,1377233523.0
280,India,2020-11-05,47638.0,670.0,450.419,28.2,5.989,3.414,0.957604358911721,0.2578125,1.0,0.017617800053157155,0.18154812244342172,-0.5579007672762843,0.31428571428571433,0.5833333333333334,0.35,0.9583107742284787,1377233523.0
281,India,2020-11-06,50356.0,577.0,450.419,28.2,5.989,3.414,0.957604358911721,0.2578125,1.0,0.017617800053157155,0.18154812244342172,-0.5579007672762843,0.31428571428571433,0.5833333333333334,0.35,0.9583107742284787,1377233523.0
282,India,2020-11-07,45674.0,559.0,450.419,28.2,5.989,3.414,0.957604358911721,0.2578125,1.0,0.017617800053157155,0.18154812244342172,-0.5579007672762843,0.31428571428571433,0.5833333333333334,0.35,0.9583107742284787,1377233523.0
283,India,2020-11-08,45903.0,490.0,450.419,28.2,5.989,3.414,0.957604358911721,0.2578125,1.0,0.017617800053157155,0.18154812244342172,-0.5579007672762843,0.31428571428571433,0.5833333333333334,0.35,0.9583107742284787,1377233523.0
284,India,2020-11-09,38073.0,448.0,450.419,28.2,5.989,3.414,0.957604358911721,0.2578125,1.0,0.017617800053157155,0.18154812244342172,-0.5579007672762843,0.31428571428571433,0.5833333333333334,0.35,0.9583107742284787,1377233523.0
285,India,2020-11-10,44281.0,512.0,450.419,28.2,5.989,3.414,0.957604358911721,0.2578125,1.0,0.017617800053157155,0.18154812244342172,-0.5579007672762843,0.31428571428571433,0.5833333333333334,0.35,0.9583107742284787,1377233523.0
286,India,2020-11-11,47905.0,550.0,450.419,28.2,5.989,3.414,0.957604358911721,0.2578125,1.0,0.017617800053157155,0.18154812244342172,-0.5579007672762843,0.31428571428571433,0.5833333333333334,0.35,0.9583107742284787,1377233523.0
287,India,2020-11-12,44879.0,547.0,450.419,28.2,5.989,3.414,0.957604358911721,0.2578125,1.0,0.017617800053157155,0.18154812244342172,-0.5579007672762843,0.31428571428571433,0.5833333333333334,0.35,0.9583107742284787,1377233523.0
288,India,2020-11-13,44684.0,520.0,450.419,28.2,5.989,3.414,0.957604358911721,0.2578125,1.0,0.017617800053157155,0.18154812244342172,-0.5579007672762843,0.31428571428571433,0.5833333333333334,0.35,0.9583107742284787,1377233523.0
289,India,2020-11-14,41100.0,447.0,450.419,28.2,5.989,3.414,0.957604358911721,0.2578125,1.0,0.017617800053157155,0.18154812244342172,-0.5579007672762843,0.31428571428571433,0.5833333333333334,0.35,0.9583107742284787,1377233523.0
290,India,2020-11-15,30548.0,435.0,450.419,28.2,5.989,3.414,0.957604358911721,0.2578125,1.0,0.017617800053157155,0.18154812244342172,-0.5579007672762843,0.31428571428571433,0.5833333333333334,0.35,0.9583107742284787,1377233523.0
291,India,2020-11-16,29163.0,449.0,450.419,28.2,5.989,3.414,0.957604358911721,0.2578125,1.0,0.017617800053157155,0.18154812244342172,-0.5579007672762843,0.31428571428571433,0.5833333333333334,0.35,0.9583107742284787,1377233523.0
292,India,2020-11-17,38617.0,474.0,450.419,28.2,5.989,3.414,0.957604358911721,0.2578125,1.0,0.017617800053157155,0.18154812244342172,-0.5579007672762843,0.31428571428571433,0.5833333333333334,0.35,0.9583107742284787,1377233523.0
293,India,2020-11-18,45576.0,585.0,450.419,28.2,5.989,3.414,0.957604358911721,0.2578125,1.0,0.017617800053157155,0.18154812244342172,-0.5579007672762843,0.31428571428571433,0.5833333333333334,0.35,0.9583107742284787,1377233523.0
294,India,2020-11-19,45882.0,584.0,450.419,28.2,5.989,3.414,0.957604358911721,0.2578125,1.0,0.017617800053157155,0.18154812244342172,-0.5579007672762843,0.31428571428571433,0.5833333333333334,0.35,0.9583107742284787,1377233523.0
295,India,2020-11-20,46232.0,564.0,450.419,28.2,5.989,3.414,0.957604358911721,0.2578125,1.0,0.017617800053157155,0.18154812244342172,-0.5579007672762843,0.31428571428571433,0.5833333333333334,0.35,0.9583107742284787,1377233523.0
296,India,2020-11-21,45209.0,501.0,450.419,28.2,5.989,3.414,0.957604358911721,0.2578125,1.0,0.017617800053157155,0.18154812244342172,-0.5579007672762843,0.31428571428571433,0.5833333333333334,0.35,0.9583107742284787,1377233523.0
297,India,2020-11-22,44059.0,511.0,450.419,28.2,5.989,3.414,0.957604358911721,0.2578125,1.0,0.017617800053157155,0.18154812244342172,-0.5579007672762843,0.31428571428571433,0.5833333333333334,0.35,0.9583107742284787,1377233523.0
298,India,2020-11-23,37975.0,480.0,450.419,28.2,5.989,3.414,0.957604358911721,0.2578125,1.0,0.017617800053157155,0.18154812244342172,-0.5579007672762843,0.31428571428571433,0.5833333333333334,0.35,0.9583107742284787,1377233523.0
299,India,2020-11-24,44376.0,481.0,450.419,28.2,5.989,3.414,0.957604358911721,0.2578125,1.0,0.017617800053157155,0.18154812244342172,-0.5579007672762843,0.31428571428571433,0.5833333333333334,0.35,0.9583107742284787,1377233523.0
300,India,2020-11-25,44489.0,524.0,450.419,28.2,5.989,3.414,0.957604358911721,0.2578125,1.0,0.017617800053157155,0.18154812244342172,-0.5579007672762843,0.31428571428571433,0.5833333333333334,0.35,0.9583107742284787,1377233523.0
301,India,2020-11-26,43082.0,492.0,450.419,28.2,5.989,3.414,0.957604358911721,0.2578125,1.0,0.017617800053157155,0.18154812244342172,-0.5579007672762843,0.31428571428571433,0.5833333333333334,0.35,0.9583107742284787,1377233523.0
302,India,2020-11-27,41322.0,485.0,450.419,28.2,5.989,3.414,0.957604358911721,0.2578125,1.0,0.017617800053157155,0.18154812244342172,-0.5579007672762843,0.31428571428571433,0.5833333333333334,0.35,0.9583107742284787,1377233523.0
303,India,2020-11-28,41810.0,496.0,450.419,28.2,5.989,3.414,0.957604358911721,0.2578125,1.0,0.017617800053157155,0.18154812244342172,-0.5579007672762843,0.31428571428571433,0.5833333333333334,0.35,0.9583107742284787,1377233523.0
304,India,2020-11-29,38772.0,443.0,450.419,28.2,5.989,3.414,0.957604358911721,0.2578125,1.0,0.017617800053157155,0.18154812244342172,-0.5579007672762843,0.31428571428571433,0.5833333333333334,0.35,0.9583107742284787,1377233523.0
305,India,2020-11-30,31118.0,482.0,450.419,28.2,5.989,3.414,0.957604358911721,0.2578125,1.0,0.017617800053157155,0.18154812244342172,-0.5579007672762843,0.31428571428571433,0.5833333333333334,0.35,0.9583107742284787,1377233523.0
306,India,2020-12-01,36604.0,501.0,450.419,28.2,5.989,3.414,0.957604358911721,0.2578125,1.0,0.017617800053157155,0.18154812244342172,-0.5579007672762843,0.31428571428571433,0.5833333333333334,0.35,0.9583107742284787,1377233523.0
307,India,2020-12-02,35551.0,526.0,450.419,28.2,5.989,3.414,0.957604358911721,0.2578125,1.0,0.017617800053157155,0.18154812244342172,-0.5579007672762843,0.31428571428571433,0.5833333333333334,0.35,0.9583107742284787,1377233523.0
308,India,2020-12-03,36595.0,540.0,450.419,28.2,5.989,3.414,0.957604358911721,0.2578125,1.0,0.017617800053157155,0.18154812244342172,-0.5579007672762843,0.31428571428571433,0.5833333333333334,0.35,0.9583107742284787,1377233523.0
309,India,2020-12-04,36652.0,512.0,450.419,28.2,5.989,3.414,0.957604358911721,0.2578125,1.0,0.017617800053157155,0.18154812244342172,-0.5579007672762843,0.31428571428571433,0.5833333333333334,0.35,0.9583107742284787,1377233523.0
310,India,2020-12-05,36011.0,482.0,450.419,28.2,5.989,3.414,0.957604358911721,0.2578125,1.0,0.017617800053157155,0.18154812244342172,-0.5579007672762843,0.31428571428571433,0.5833333333333334,0.35,0.9583107742284787,1377233523.0
311,India,2020-12-06,32981.0,391.0,450.419,28.2,5.989,3.414,0.957604358911721,0.2578125,1.0,0.017617800053157155,0.18154812244342172,-0.5579007672762843,0.31428571428571433,0.5833333333333334,0.35,0.9583107742284787,1377233523.0
312,India,2020-12-07,26567.0,385.0,450.419,28.2,5.989,3.414,0.957604358911721,0.2578125,1.0,0.017617800053157155,0.18154812244342172,-0.5579007672762843,0.31428571428571433,0.5833333333333334,0.35,0.9583107742284787,1377233523.0
313,India,2020-12-08,32080.0,402.0,450.419,28.2,5.989,3.414,0.957604358911721,0.2578125,1.0,0.017617800053157155,0.18154812244342172,-0.5579007672762843,0.31428571428571433,0.5833333333333334,0.35,0.9583107742284787,1377233523.0
314,India,2020-12-09,31521.0,412.0,450.419,28.2,5.989,3.414,0.957604358911721,0.2578125,1.0,0.017617800053157155,0.18154812244342172,-0.5579007672762843,0.31428571428571433,0.5833333333333334,0.35,0.9583107742284787,1377233523.0
315,India,2020-12-10,29373.0,413.0,450.419,28.2,5.989,3.414,0.957604358911721,0.2578125,1.0,0.017617800053157155,0.18154812244342172,-0.5579007672762843,0.31428571428571433,0.5833333333333334,0.35,0.9583107742284787,1377233523.0
316,India,2020-12-11,30031.0,443.0,450.419,28.2,5.989,3.414,0.957604358911721,0.2578125,1.0,0.017617800053157155,0.18154812244342172,-0.5579007672762843,0.31428571428571433,0.5833333333333334,0.35,0.9583107742284787,1377233523.0
317,India,2020-12-12,30254.0,391.0,450.419,28.2,5.989,3.414,0.957604358911721,0.2578125,1.0,0.017617800053157155,0.18154812244342172,-0.5579007672762843,0.31428571428571433,0.5833333333333334,0.35,0.9583107742284787,1377233523.0
318,India,2020-12-13,27071.0,336.0,450.419,28.2,5.989,3.414,0.957604358911721,0.2578125,1.0,0.017617800053157155,0.18154812244342172,-0.5579007672762843,0.31428571428571433,0.5833333333333334,0.35,0.9583107742284787,1377233523.0
319,India,2020-12-14,22065.0,354.0,450.419,28.2,5.989,3.414,0.957604358911721,0.2578125,1.0,0.017617800053157155,0.18154812244342172,-0.5579007672762843,0.31428571428571433,0.5833333333333334,0.35,0.9583107742284787,1377233523.0
320,India,2020-12-15,26382.0,387.0,450.419,28.2,5.989,3.414,0.957604358911721,0.2578125,1.0,0.017617800053157155,0.18154812244342172,-0.5579007672762843,0.31428571428571433,0.5833333333333334,0.35,0.9583107742284787,1377233523.0
321,India,2020-12-16,24010.0,355.0,450.419,28.2,5.989,3.414,0.957604358911721,0.2578125,1.0,0.017617800053157155,0.18154812244342172,-0.5579007672762843,0.31428571428571433,0.5833333333333334,0.35,0.9583107742284787,1377233523.0
322,India,2020-12-17,22890.0,338.0,450.419,28.2,5.989,3.414,0.957604358911721,0.2578125,1.0,0.017617800053157155,0.18154812244342172,-0.5579007672762843,0.31428571428571433,0.5833333333333334,0.35,0.9583107742284787,1377233523.0
323,India,2020-12-18,25152.0,347.0,450.419,28.2,5.989,3.414,0.957604358911721,0.2578125,1.0,0.017617800053157155,0.18154812244342172,-0.5579007672762843,0.31428571428571433,0.5833333333333334,0.35,0.9583107742284787,1377233523.0
324,India,2020-12-19,26624.0,341.0,450.419,28.2,5.989,3.414,0.957604358911721,0.2578125,1.0,0.017617800053157155,0.18154812244342172,-0.5579007672762843,0.31428571428571433,0.5833333333333334,0.35,0.9583107742284787,1377233523.0
325,India,2020-12-20,24337.0,333.0,450.419,28.2,5.989,3.414,0.957604358911721,0.2578125,1.0,0.017617800053157155,0.18154812244342172,-0.5579007672762843,0.31428571428571433,0.5833333333333334,0.35,0.9583107742284787,1377233523.0
326,India,2020-12-21,19556.0,301.0,450.419,28.2,5.989,3.414,0.957604358911721,0.2578125,1.0,0.017617800053157155,0.18154812244342172,-0.5579007672762843,0.31428571428571433,0.5833333333333334,0.35,0.9583107742284787,1377233523.0
327,India,2020-12-22,23950.0,333.0,450.419,28.2,5.989,3.414,0.957604358911721,0.2578125,1.0,0.017617800053157155,0.18154812244342172,-0.5579007672762843,0.31428571428571433,0.5833333333333334,0.35,0.9583107742284787,1377233523.0
328,India,2020-12-23,24712.0,312.0,450.419,28.2,5.989,3.414,0.957604358911721,0.2578125,1.0,0.017617800053157155,0.18154812244342172,-0.5579007672762843,0.31428571428571433,0.5833333333333334,0.35,0.9583107742284787,1377233523.0
329,India,2020-12-24,23067.0,336.0,450.419,28.2,5.989,3.414,0.957604358911721,0.2578125,1.0,0.017617800053157155,0.18154812244342172,-0.5579007672762843,0.31428571428571433,0.5833333333333334,0.35,0.9583107742284787,1377233523.0
330,India,2020-12-25,22273.0,251.0,450.419,28.2,5.989,3.414,0.957604358911721,0.2578125,1.0,0.017617800053157155,0.18154812244342172,-0.5579007672762843,0.31428571428571433,0.5833333333333334,0.35,0.9583107742284787,1377233523.0
331,India,2020-12-26,18732.0,279.0,450.419,28.2,5.989,3.414,0.957604358911721,0.2578125,1.0,0.017617800053157155,0.18154812244342172,-0.5579007672762843,0.31428571428571433,0.5833333333333334,0.35,0.9583107742284787,1377233523.0
332,India,2020-12-27,20021.0,279.0,450.419,28.2,5.989,3.414,0.957604358911721,0.2578125,1.0,0.017617800053157155,0.18154812244342172,-0.5579007672762843,0.31428571428571433,0.5833333333333334,0.35,0.9583107742284787,1377233523.0
333,India,2020-12-28,16432.0,252.0,450.419,28.2,5.989,3.414,0.957604358911721,0.2578125,1.0,0.017617800053157155,0.18154812244342172,-0.5579007672762843,0.31428571428571433,0.5833333333333334,0.35,0.9583107742284787,1377233523.0
334,India,2020-12-29,20549.0,286.0,450.419,28.2,5.989,3.414,0.957604358911721,0.2578125,1.0,0.017617800053157155,0.18154812244342172,-0.5579007672762843,0.31428571428571433,0.5833333333333334,0.35,0.9583107742284787,1377233523.0
335,India,2020-12-30,21822.0,299.0,450.419,28.2,5.989,3.414,0.957604358911721,0.2578125,1.0,0.017617800053157155,0.18154812244342172,-0.5579007672762843,0.31428571428571433,0.5833333333333334,0.35,0.9583107742284787,1377233523.0
336,India,2020-12-31,20035.0,256.0,450.419,28.2,5.989,3.414,0.957604358911721,0.2578125,1.0,0.017617800053157155,0.18154812244342172,-0.5579007672762843,0.31428571428571433,0.5833333333333334,0.35,0.9583107742284787,1377233523.0
337,India,2021-01-01,19079.0,224.0,450.419,28.2,5.989,3.414,0.957604358911721,0.2578125,1.0,0.017617800053157155,0.18154812244342172,-0.5579007672762843,0.31428571428571433,0.5833333333333334,0.35,0.9583107742284787,1377233523.0
338,India,2021-01-02,18177.0,217.0,450.419,28.2,5.989,3.414,0.957604358911721,0.2578125,1.0,0.017617800053157155,0.18154812244342172,-0.5579007672762843,0.31428571428571433,0.5833333333333334,0.35,0.9583107742284787,1377233523.0
339,India,2021-01-03,16504.0,214.0,450.419,28.2,5.989,3.414,0.957604358911721,0.2578125,1.0,0.017617800053157155,0.18154812244342172,-0.5579007672762843,0.31428571428571433,0.5833333333333334,0.35,0.9583107742284787,1377233523.0
340,India,2021-01-04,16375.0,201.0,450.419,28.2,5.989,3.414,0.957604358911721,0.2578125,1.0,0.017617800053157155,0.18154812244342172,-0.5579007672762843,0.31428571428571433,0.5833333333333334,0.35,0.9583107742284787,1377233523.0
341,India,2021-01-05,18088.0,264.0,450.419,28.2,5.989,3.414,0.957604358911721,0.2578125,1.0,0.017617800053157155,0.18154812244342172,-0.5579007672762843,0.31428571428571433,0.5833333333333334,0.35,0.9583107742284787,1377233523.0
342,India,2021-01-06,20346.0,222.0,450.419,28.2,5.989,3.414,0.957604358911721,0.2578125,1.0,0.017617800053157155,0.18154812244342172,-0.5579007672762843,0.31428571428571433,0.5833333333333334,0.35,0.9583107742284787,1377233523.0
343,India,2021-01-07,18139.0,234.0,450.419,28.2,5.989,3.414,0.957604358911721,0.2578125,1.0,0.017617800053157155,0.18154812244342172,-0.5579007672762843,0.31428571428571433,0.5833333333333334,0.35,0.9583107742284787,1377233523.0
344,India,2021-01-08,0.0,0.0,450.419,28.2,5.989,3.414,0.957604358911721,0.2578125,1.0,0.017617800053157155,0.18154812244342172,-0.5579007672762843,0.31428571428571433,0.5833333333333334,0.35,0.9583107742284787,1377233523.0
345,India,2021-01-09,36867.0,429.0,450.419,28.2,5.989,3.414,0.957604358911721,0.2578125,1.0,0.017617800053157155,0.18154812244342172,-0.5579007672762843,0.31428571428571433,0.5833333333333334,0.35,0.9583107742284787,1377233523.0
346,India,2021-01-10,16311.0,161.0,450.419,28.2,5.989,3.414,0.957604358911721,0.2578125,1.0,0.017617800053157155,0.18154812244342172,-0.5579007672762843,0.31428571428571433,0.5833333333333334,0.35,0.9583107742284787,1377233523.0
347,India,2021-01-11,12584.0,167.0,450.419,28.2,5.989,3.414,0.957604358911721,0.2578125,1.0,0.017617800053157155,0.18154812244342172,-0.5579007672762843,0.31428571428571433,0.5833333333333334,0.35,0.9583107742284787,1377233523.0
348,India,2021-01-12,15968.0,202.0,450.419,28.2,5.989,3.414,0.957604358911721,0.2578125,1.0,0.017617800053157155,0.18154812244342172,-0.5579007672762843,0.31428571428571433,0.5833333333333334,0.35,0.9583107742284787,1377233523.0
349,India,2021-01-13,16946.0,198.0,450.419,28.2,5.989,3.414,0.957604358911721,0.2578125,1.0,0.017617800053157155,0.18154812244342172,-0.5579007672762843,0.31428571428571433,0.5833333333333334,0.35,0.9583107742284787,1377233523.0
350,India,2021-01-14,15590.0,191.0,450.419,28.2,5.989,3.414,0.957604358911721,0.2578125,1.0,0.017617800053157155,0.18154812244342172,-0.5579007672762843,0.31428571428571433,0.5833333333333334,0.35,0.9583107742284787,1377233523.0
351,India,2021-01-15,15158.0,175.0,450.419,28.2,5.989,3.414,0.957604358911721,0.2578125,1.0,0.017617800053157155,0.18154812244342172,-0.5579007672762843,0.31428571428571433,0.5833333333333334,0.35,0.9583107742284787,1377233523.0
352,India,2021-01-16,15144.0,181.0,450.419,28.2,5.989,3.414,0.957604358911721,0.2578125,1.0,0.017617800053157155,0.18154812244342172,-0.5579007672762843,0.31428571428571433,0.5833333333333334,0.35,0.9583107742284787,1377233523.0
353,India,2021-01-17,13788.0,145.0,450.419,28.2,5.989,3.414,0.957604358911721,0.2578125,1.0,0.017617800053157155,0.18154812244342172,-0.5579007672762843,0.31428571428571433,0.5833333333333334,0.35,0.9583107742284787,1377233523.0
354,India,2021-01-18,10050.0,137.0,450.419,28.2,5.989,3.414,0.957604358911721,0.2578125,1.0,0.017617800053157155,0.18154812244342172,-0.5579007672762843,0.31428571428571433,0.5833333333333334,0.35,0.9583107742284787,1377233523.0
355,India,2021-01-19,13816.0,162.0,450.419,28.2,5.989,3.414,0.957604358911721,0.2578125,1.0,0.017617800053157155,0.18154812244342172,-0.5579007672762843,0.31428571428571433,0.5833333333333334,0.35,0.9583107742284787,1377233523.0
356,India,2021-01-20,15244.0,151.0,450.419,28.2,5.989,3.414,0.957604358911721,0.2578125,1.0,0.017617800053157155,0.18154812244342172,-0.5579007672762843,0.31428571428571433,0.5833333333333334,0.35,0.9583107742284787,1377233523.0
357,India,2021-01-21,14545.0,163.0,450.419,28.2,5.989,3.414,0.957604358911721,0.2578125,1.0,0.017617800053157155,0.18154812244342172,-0.5579007672762843,0.31428571428571433,0.5833333333333334,0.35,0.9583107742284787,1377233523.0
358,India,2021-01-22,14256.0,152.0,450.419,28.2,5.989,3.414,0.957604358911721,0.2578125,1.0,0.017617800053157155,0.18154812244342172,-0.5579007672762843,0.31428571428571433,0.5833333333333334,0.35,0.9583107742284787,1377233523.0
359,India,2021-01-23,14849.0,155.0,450.419,28.2,5.989,3.414,0.957604358911721,0.2578125,1.0,0.017617800053157155,0.18154812244342172,-0.5579007672762843,0.31428571428571433,0.5833333333333334,0.35,0.9583107742284787,1377233523.0
360,India,2021-01-24,13203.0,131.0,450.419,28.2,5.989,3.414,0.957604358911721,0.2578125,1.0,0.017617800053157155,0.18154812244342172,-0.5579007672762843,0.31428571428571433,0.5833333333333334,0.35,0.9583107742284787,1377233523.0
361,India,2021-01-25,9102.0,117.0,450.419,28.2,5.989,3.414,0.957604358911721,0.2578125,1.0,0.017617800053157155,0.18154812244342172,-0.5579007672762843,0.31428571428571433,0.5833333333333334,0.35,0.9583107742284787,1377233523.0
362,India,2021-01-26,12689.0,137.0,450.419,28.2,5.989,3.414,0.957604358911721,0.2578125,1.0,0.017617800053157155,0.18154812244342172,-0.5579007672762843,0.31428571428571433,0.5833333333333334,0.35,0.9583107742284787,1377233523.0
363,India,2021-01-27,11666.0,123.0,450.419,28.2,5.989,3.414,0.957604358911721,0.2578125,1.0,0.017617800053157155,0.18154812244342172,-0.5579007672762843,0.31428571428571433,0.5833333333333334,0.35,0.9583107742284787,1377233523.0
364,India,2021-01-28,18855.0,163.0,450.419,28.2,5.989,3.414,0.957604358911721,0.2578125,1.0,0.017617800053157155,0.18154812244342172,-0.5579007672762843,0.31428571428571433,0.5833333333333334,0.35,0.9583107742284787,1377233523.0
365,India,2021-01-29,13082.0,137.0,450.419,28.2,5.989,3.414,0.957604358911721,0.2578125,1.0,0.017617800053157155,0.18154812244342172,-0.5579007672762843,0.31428571428571433,0.5833333333333334,0.35,0.9583107742284787,1377233523.0
366,India,2021-01-30,13044.0,127.0,450.419,28.2,5.989,3.414,0.957604358911721,0.2578125,1.0,0.017617800053157155,0.18154812244342172,-0.5579007672762843,0.31428571428571433,0.5833333333333334,0.35,0.9583107742284787,1377233523.0
367,India,2021-01-31,11436.0,118.0,450.419,28.2,5.989,3.414,0.957604358911721,0.2578125,1.0,0.017617800053157155,0.18154812244342172,-0.5579007672762843,0.31428571428571433,0.5833333333333334,0.35,0.9583107742284787,1377233523.0
368,India,2021-02-01,8635.0,94.0,450.419,28.2,5.989,3.414,0.957604358911721,0.2578125,1.0,0.017617800053157155,0.18154812244342172,-0.5579007672762843,0.31428571428571433,0.5833333333333334,0.35,0.9583107742284787,1377233523.0
369,India,2021-02-02,11039.0,110.0,450.419,28.2,5.989,3.414,0.957604358911721,0.2578125,1.0,0.017617800053157155,0.18154812244342172,-0.5579007672762843,0.31428571428571433,0.5833333333333334,0.35,0.9583107742284787,1377233523.0
370,India,2021-02-03,12899.0,107.0,450.419,28.2,5.989,3.414,0.957604358911721,0.2578125,1.0,0.017617800053157155,0.18154812244342172,-0.5579007672762843,0.31428571428571433,0.5833333333333334,0.35,0.9583107742284787,1377233523.0
371,India,2021-02-04,12408.0,120.0,450.419,28.2,5.989,3.414,0.957604358911721,0.2578125,1.0,0.017617800053157155,0.18154812244342172,-0.5579007672762843,0.31428571428571433,0.5833333333333334,0.35,0.9583107742284787,1377233523.0
372,India,2021-02-05,11713.0,95.0,450.419,28.2,5.989,3.414,0.957604358911721,0.2578125,1.0,0.017617800053157155,0.18154812244342172,-0.5579007672762843,0.31428571428571433,0.5833333333333334,0.35,0.9583107742284787,1377233523.0
373,India,2021-02-06,12059.0,78.0,450.419,28.2,5.989,3.414,0.957604358911721,0.2578125,1.0,0.017617800053157155,0.18154812244342172,-0.5579007672762843,0.31428571428571433,0.5833333333333334,0.35,0.9583107742284787,1377233523.0
374,India,2021-02-07,11831.0,84.0,450.419,28.2,5.989,3.414,0.957604358911721,0.2578125,1.0,0.017617800053157155,0.18154812244342172,-0.5579007672762843,0.31428571428571433,0.5833333333333334,0.35,0.9583107742284787,1377233523.0
375,India,2021-02-08,9110.0,78.0,450.419,28.2,5.989,3.414,0.957604358911721,0.2578125,1.0,0.017617800053157155,0.18154812244342172,-0.5579007672762843,0.31428571428571433,0.5833333333333334,0.35,0.9583107742284787,1377233523.0
376,India,2021-02-09,11067.0,94.0,450.419,28.2,5.989,3.414,0.957604358911721,0.2578125,1.0,0.017617800053157155,0.18154812244342172,-0.5579007672762843,0.31428571428571433,0.5833333333333334,0.35,0.9583107742284787,1377233523.0
377,India,2021-02-10,12923.0,108.0,450.419,28.2,5.989,3.414,0.957604358911721,0.2578125,1.0,0.017617800053157155,0.18154812244342172,-0.5579007672762843,0.31428571428571433,0.5833333333333334,0.35,0.9583107742284787,1377233523.0
378,India,2021-02-11,9309.0,87.0,450.419,28.2,5.989,3.414,0.957604358911721,0.2578125,1.0,0.017617800053157155,0.18154812244342172,-0.5579007672762843,0.31428571428571433,0.5833333333333334,0.35,0.9583107742284787,1377233523.0
379,India,2021-02-12,12143.0,103.0,450.419,28.2,5.989,3.414,0.957604358911721,0.2578125,1.0,0.017617800053157155,0.18154812244342172,-0.5579007672762843,0.31428571428571433,0.5833333333333334,0.35,0.9583107742284787,1377233523.0
380,India,2021-02-13,12194.0,92.0,450.419,28.2,5.989,3.414,0.957604358911721,0.2578125,1.0,0.017617800053157155,0.18154812244342172,-0.5579007672762843,0.31428571428571433,0.5833333333333334,0.35,0.9583107742284787,1377233523.0
381,India,2021-02-14,11649.0,90.0,450.419,28.2,5.989,3.414,0.957604358911721,0.2578125,1.0,0.017617800053157155,0.18154812244342172,-0.5579007672762843,0.31428571428571433,0.5833333333333334,0.35,0.9583107742284787,1377233523.0
382,India,2021-02-15,9121.0,81.0,450.419,28.2,5.989,3.414,0.957604358911721,0.2578125,1.0,0.017617800053157155,0.18154812244342172,-0.5579007672762843,0.31428571428571433,0.5833333333333334,0.35,0.9583107742284787,1377233523.0
383,India,2021-02-16,11610.0,100.0,450.419,28.2,5.989,3.414,0.957604358911721,0.2578125,1.0,0.017617800053157155,0.18154812244342172,-0.5579007672762843,0.31428571428571433,0.5833333333333334,0.35,0.9583107742284787,1377233523.0
384,India,2021-02-17,12881.0,101.0,450.419,28.2,5.989,3.414,0.957604358911721,0.2578125,1.0,0.017617800053157155,0.18154812244342172,-0.5579007672762843,0.31428571428571433,0.5833333333333334,0.35,0.9583107742284787,1377233523.0
385,India,2021-02-18,13193.0,97.0,450.419,28.2,5.989,3.414,0.957604358911721,0.2578125,1.0,0.017617800053157155,0.18154812244342172,-0.5579007672762843,0.31428571428571433,0.5833333333333334,0.35,0.9583107742284787,1377233523.0
386,India,2021-02-19,13993.0,101.0,450.419,28.2,5.989,3.414,0.957604358911721,0.2578125,1.0,0.017617800053157155,0.18154812244342172,-0.5579007672762843,0.31428571428571433,0.5833333333333334,0.35,0.9583107742284787,1377233523.0
387,India,2021-02-20,14264.0,90.0,450.419,28.2,5.989,3.414,0.957604358911721,0.2578125,1.0,0.017617800053157155,0.18154812244342172,-0.5579007672762843,0.31428571428571433,0.5833333333333334,0.35,0.9583107742284787,1377233523.0
388,India,2021-02-21,14199.0,83.0,450.419,28.2,5.989,3.414,0.957604358911721,0.2578125,1.0,0.017617800053157155,0.18154812244342172,-0.5579007672762843,0.31428571428571433,0.5833333333333334,0.35,0.9583107742284787,1377233523.0
389,India,2021-02-22,10584.0,78.0,450.419,28.2,5.989,3.414,0.957604358911721,0.2578125,1.0,0.017617800053157155,0.18154812244342172,-0.5579007672762843,0.31428571428571433,0.5833333333333334,0.35,0.9583107742284787,1377233523.0
390,India,2021-02-23,13742.0,104.0,450.419,28.2,5.989,3.414,0.957604358911721,0.2578125,1.0,0.017617800053157155,0.18154812244342172,-0.5579007672762843,0.31428571428571433,0.5833333333333334,0.35,0.9583107742284787,1377233523.0
391,India,2021-02-24,16738.0,138.0,450.419,28.2,5.989,3.414,0.957604358911721,0.2578125,1.0,0.017617800053157155,0.18154812244342172,-0.5579007672762843,0.31428571428571433,0.5833333333333334,0.35,0.9583107742284787,1377233523.0
392,India,2021-02-25,16577.0,120.0,450.419,28.2,5.989,3.414,0.957604358911721,0.2578125,1.0,0.017617800053157155,0.18154812244342172,-0.5579007672762843,0.31428571428571433,0.5833333333333334,0.35,0.9583107742284787,1377233523.0
393,India,2021-02-26,16488.0,113.0,450.419,28.2,5.989,3.414,0.957604358911721,0.2578125,1.0,0.017617800053157155,0.18154812244342172,-0.5579007672762843,0.31428571428571433,0.5833333333333334,0.35,0.9583107742284787,1377233523.0
394,India,2021-02-27,16752.0,113.0,450.419,28.2,5.989,3.414,0.957604358911721,0.2578125,1.0,0.017617800053157155,0.18154812244342172,-0.5579007672762843,0.31428571428571433,0.5833333333333334,0.35,0.9583107742284787,1377233523.0
395,India,2021-02-28,15510.0,106.0,450.419,28.2,5.989,3.414,0.957604358911721,0.2578125,1.0,0.017617800053157155,0.18154812244342172,-0.5579007672762843,0.31428571428571433,0.5833333333333334,0.35,0.9583107742284787,1377233523.0
396,India,2021-03-01,12286.0,91.0,450.419,28.2,5.989,3.414,0.957604358911721,0.2578125,1.0,0.017617800053157155,0.18154812244342172,-0.5579007672762843,0.31428571428571433,0.5833333333333334,0.35,0.9583107742284787,1377233523.0
397,India,2021-03-02,14989.0,98.0,450.419,28.2,5.989,3.414,0.957604358911721,0.2578125,1.0,0.017617800053157155,0.18154812244342172,-0.5579007672762843,0.31428571428571433,0.5833333333333334,0.35,0.9583107742284787,1377233523.0
398,India,2021-03-03,17407.0,89.0,450.419,28.2,5.989,3.414,0.957604358911721,0.2578125,1.0,0.017617800053157155,0.18154812244342172,-0.5579007672762843,0.31428571428571433,0.5833333333333334,0.35,0.9583107742284787,1377233523.0
399,India,2021-03-04,16838.0,113.0,450.419,28.2,5.989,3.414,0.957604358911721,0.2578125,1.0,0.017617800053157155,0.18154812244342172,-0.5579007672762843,0.31428571428571433,0.5833333333333334,0.35,0.9583107742284787,1377233523.0
400,India,2021-03-05,18284.0,108.0,450.419,28.2,5.989,3.414,0.957604358911721,0.2578125,1.0,0.017617800053157155,0.18154812244342172,-0.5579007672762843,0.31428571428571433,0.5833333333333334,0.35,0.9583107742284787,1377233523.0
401,India,2021-03-06,18754.0,100.0,450.419,28.2,5.989,3.414,0.957604358911721,0.2578125,1.0,0.017617800053157155,0.18154812244342172,-0.5579007672762843,0.31428571428571433,0.5833333333333334,0.35,0.9583107742284787,1377233523.0
402,India,2021-03-07,18599.0,97.0,450.419,28.2,5.989,3.414,0.957604358911721,0.2578125,1.0,0.017617800053157155,0.18154812244342172,-0.5579007672762843,0.31428571428571433,0.5833333333333334,0.35,0.9583107742284787,1377233523.0
403,India,2021-03-08,15388.0,77.0,450.419,28.2,5.989,3.414,0.957604358911721,0.2578125,1.0,0.017617800053157155,0.18154812244342172,-0.5579007672762843,0.31428571428571433,0.5833333333333334,0.35,0.9583107742284787,1377233523.0
404,India,2021-03-09,17921.0,133.0,450.419,28.2,5.989,3.414,0.957604358911721,0.2578125,1.0,0.017617800053157155,0.18154812244342172,-0.5579007672762843,0.31428571428571433,0.5833333333333334,0.35,0.9583107742284787,1377233523.0
405,India,2021-03-10,22854.0,126.0,450.419,28.2,5.989,3.414,0.957604358911721,0.2578125,1.0,0.017617800053157155,0.18154812244342172,-0.5579007672762843,0.31428571428571433,0.5833333333333334,0.35,0.9583107742284787,1377233523.0
406,India,2021-03-11,23285.0,117.0,450.419,28.2,5.989,3.414,0.957604358911721,0.2578125,1.0,0.017617800053157155,0.18154812244342172,-0.5579007672762843,0.31428571428571433,0.5833333333333334,0.35,0.9583107742284787,1377233523.0
407,India,2021-03-12,24882.0,140.0,450.419,28.2,5.989,3.414,0.957604358911721,0.2578125,1.0,0.017617800053157155,0.18154812244342172,-0.5579007672762843,0.31428571428571433,0.5833333333333334,0.35,0.9583107742284787,1377233523.0
408,India,2021-03-13,25320.0,161.0,450.419,28.2,5.989,3.414,0.957604358911721,0.2578125,1.0,0.017617800053157155,0.18154812244342172,-0.5579007672762843,0.31428571428571433,0.5833333333333334,0.35,0.9583107742284787,1377233523.0
409,India,2021-03-14,26291.0,118.0,450.419,28.2,5.989,3.414,0.957604358911721,0.2578125,1.0,0.017617800053157155,0.18154812244342172,-0.5579007672762843,0.31428571428571433,0.5833333333333334,0.35,0.9583107742284787,1377233523.0
410,India,2021-03-15,24492.0,131.0,450.419,28.2,5.989,3.414,0.957604358911721,0.2578125,1.0,0.017617800053157155,0.18154812244342172,-0.5579007672762843,0.31428571428571433,0.5833333333333334,0.35,0.9583107742284787,1377233523.0
411,India,2021-03-16,28903.0,188.0,450.419,28.2,5.989,3.414,0.957604358911721,0.2578125,1.0,0.017617800053157155,0.18154812244342172,-0.5579007672762843,0.31428571428571433,0.5833333333333334,0.35,0.9583107742284787,1377233523.0
412,India,2021-03-17,35871.0,172.0,450.419,28.2,5.989,3.414,0.957604358911721,0.2578125,1.0,0.017617800053157155,0.18154812244342172,-0.5579007672762843,0.31428571428571433,0.5833333333333334,0.35,0.9583107742284787,1377233523.0
413,India,2021-03-18,39726.0,154.0,450.419,28.2,5.989,3.414,0.957604358911721,0.2578125,1.0,0.017617800053157155,0.18154812244342172,-0.5579007672762843,0.31428571428571433,0.5833333333333334,0.35,0.9583107742284787,1377233523.0
414,India,2021-03-19,40953.0,188.0,450.419,28.2,5.989,3.414,0.957604358911721,0.2578125,1.0,0.017617800053157155,0.18154812244342172,-0.5579007672762843,0.31428571428571433,0.5833333333333334,0.35,0.9583107742284787,1377233523.0
415,India,2021-03-20,43846.0,197.0,450.419,28.2,5.989,3.414,0.957604358911721,0.2578125,1.0,0.017617800053157155,0.18154812244342172,-0.5579007672762843,0.31428571428571433,0.5833333333333334,0.35,0.9583107742284787,1377233523.0
416,India,2021-03-21,46951.0,212.0,450.419,28.2,5.989,3.414,0.957604358911721,0.2578125,1.0,0.017617800053157155,0.18154812244342172,-0.5579007672762843,0.31428571428571433,0.5833333333333334,0.35,0.9583107742284787,1377233523.0
417,India,2021-03-22,40715.0,199.0,450.419,28.2,5.989,3.414,0.957604358911721,0.2578125,1.0,0.017617800053157155,0.18154812244342172,-0.5579007672762843,0.31428571428571433,0.5833333333333334,0.35,0.9583107742284787,1377233523.0
418,India,2021-03-23,47262.0,275.0,450.419,28.2,5.989,3.414,0.957604358911721,0.2578125,1.0,0.017617800053157155,0.18154812244342172,-0.5579007672762843,0.31428571428571433,0.5833333333333334,0.35,0.9583107742284787,1377233523.0
419,India,2021-03-24,53476.0,251.0,450.419,28.2,5.989,3.414,0.957604358911721,0.2578125,1.0,0.017617800053157155,0.18154812244342172,-0.5579007672762843,0.31428571428571433,0.5833333333333334,0.35,0.9583107742284787,1377233523.0
420,India,2021-03-25,59118.0,257.0,450.419,28.2,5.989,3.414,0.957604358911721,0.2578125,1.0,0.017617800053157155,0.18154812244342172,-0.5579007672762843,0.31428571428571433,0.5833333333333334,0.35,0.9583107742284787,1377233523.0
421,India,2021-03-26,62258.0,291.0,450.419,28.2,5.989,3.414,0.957604358911721,0.2578125,1.0,0.017617800053157155,0.18154812244342172,-0.5579007672762843,0.31428571428571433,0.5833333333333334,0.35,0.9583107742284787,1377233523.0
422,India,2021-03-27,62714.0,312.0,450.419,28.2,5.989,3.414,0.957604358911721,0.2578125,1.0,0.017617800053157155,0.18154812244342172,-0.5579007672762843,0.31428571428571433,0.5833333333333334,0.35,0.9583107742284787,1377233523.0
423,India,2021-03-28,68020.0,291.0,450.419,28.2,5.989,3.414,0.957604358911721,0.2578125,1.0,0.017617800053157155,0.18154812244342172,-0.5579007672762843,0.31428571428571433,0.5833333333333334,0.35,0.9583107742284787,1377233523.0
424,India,2021-03-29,56211.0,271.0,450.419,28.2,5.989,3.414,0.957604358911721,0.2578125,1.0,0.017617800053157155,0.18154812244342172,-0.5579007672762843,0.31428571428571433,0.5833333333333334,0.35,0.9583107742284787,1377233523.0
425,India,2021-03-30,53480.0,354.0,450.419,28.2,5.989,3.414,0.957604358911721,0.2578125,1.0,0.017617800053157155,0.18154812244342172,-0.5579007672762843,0.31428571428571433,0.5833333333333334,0.35,0.9583107742284787,1377233523.0
426,India,2021-03-31,72330.0,459.0,450.419,28.2,5.989,3.414,0.957604358911721,0.2578125,1.0,0.017617800053157155,0.18154812244342172,-0.5579007672762843,0.31428571428571433,0.5833333333333334,0.35,0.9583107742284787,1377233523.0
427,India,2021-04-01,81466.0,469.0,450.419,28.2,5.989,3.414,0.957604358911721,0.2578125,1.0,0.017617800053157155,0.18154812244342172,-0.5579007672762843,0.31428571428571433,0.5833333333333334,0.35,0.9583107742284787,1377233523.0
428,India,2021-04-02,89129.0,714.0,450.419,28.2,5.989,3.414,0.957604358911721,0.2578125,1.0,0.017617800053157155,0.18154812244342172,-0.5579007672762843,0.31428571428571433,0.5833333333333334,0.35,0.9583107742284787,1377233523.0
429,India,2021-04-03,93249.0,513.0,450.419,28.2,5.989,3.414,0.957604358911721,0.2578125,1.0,0.017617800053157155,0.18154812244342172,-0.5579007672762843,0.31428571428571433,0.5833333333333334,0.35,0.9583107742284787,1377233523.0
430,India,2021-04-04,103558.0,478.0,450.419,28.2,5.989,3.414,0.957604358911721,0.2578125,1.0,0.017617800053157155,0.18154812244342172,-0.5579007672762843,0.31428571428571433,0.5833333333333334,0.35,0.9583107742284787,1377233523.0
431,India,2021-04-05,96982.0,446.0,450.419,28.2,5.989,3.414,0.957604358911721,0.2578125,1.0,0.017617800053157155,0.18154812244342172,-0.5579007672762843,0.31428571428571433,0.5833333333333334,0.35,0.9583107742284787,1377233523.0
432,India,2021-04-06,115736.0,630.0,450.419,28.2,5.989,3.414,0.957604358911721,0.2578125,1.0,0.017617800053157155,0.18154812244342172,-0.5579007672762843,0.31428571428571433,0.5833333333333334,0.35,0.9583107742284787,1377233523.0
433,India,2021-04-07,126789.0,685.0,450.419,28.2,5.989,3.414,0.957604358911721,0.2578125,1.0,0.017617800053157155,0.18154812244342172,-0.5579007672762843,0.31428571428571433,0.5833333333333334,0.35,0.9583107742284787,1377233523.0
434,India,2021-04-08,131968.0,780.0,450.419,28.2,5.989,3.414,0.957604358911721,0.2578125,1.0,0.017617800053157155,0.18154812244342172,-0.5579007672762843,0.31428571428571433,0.5833333333333334,0.35,0.9583107742284787,1377233523.0
435,India,2021-04-09,145384.0,794.0,450.419,28.2,5.989,3.414,0.957604358911721,0.2578125,1.0,0.017617800053157155,0.18154812244342172,-0.5579007672762843,0.31428571428571433,0.5833333333333334,0.35,0.9583107742284787,1377233523.0
436,India,2021-04-10,152879.0,839.0,450.419,28.2,5.989,3.414,0.957604358911721,0.2578125,1.0,0.017617800053157155,0.18154812244342172,-0.5579007672762843,0.31428571428571433,0.5833333333333334,0.35,0.9583107742284787,1377233523.0
437,India,2021-04-11,168912.0,904.0,450.419,28.2,5.989,3.414,0.957604358911721,0.2578125,1.0,0.017617800053157155,0.18154812244342172,-0.5579007672762843,0.31428571428571433,0.5833333333333334,0.35,0.9583107742284787,1377233523.0
438,India,2021-04-12,161736.0,879.0,450.419,28.2,5.989,3.414,0.957604358911721,0.2578125,1.0,0.017617800053157155,0.18154812244342172,-0.5579007672762843,0.31428571428571433,0.5833333333333334,0.35,0.9583107742284787,1377233523.0
439,India,2021-04-13,184372.0,1027.0,450.419,28.2,5.989,3.414,0.957604358911721,0.2578125,1.0,0.017617800053157155,0.18154812244342172,-0.5579007672762843,0.31428571428571433,0.5833333333333334,0.35,0.9583107742284787,1377233523.0
440,India,2021-04-14,200739.0,1038.0,450.419,28.2,5.989,3.414,0.957604358911721,0.2578125,1.0,0.017617800053157155,0.18154812244342172,-0.5579007672762843,0.31428571428571433,0.5833333333333334,0.35,0.9583107742284787,1377233523.0
441,India,2021-04-15,217353.0,1185.0,450.419,28.2,5.989,3.414,0.957604358911721,0.2578125,1.0,0.017617800053157155,0.18154812244342172,-0.5579007672762843,0.31428571428571433,0.5833333333333334,0.35,0.9583107742284787,1377233523.0
442,India,2021-04-16,234692.0,1341.0,450.419,28.2,5.989,3.414,0.957604358911721,0.2578125,1.0,0.017617800053157155,0.18154812244342172,-0.5579007672762843,0.31428571428571433,0.5833333333333334,0.35,0.9583107742284787,1377233523.0
443,India,2021-04-17,261394.0,1501.0,450.419,28.2,5.989,3.414,0.957604358911721,0.2578125,1.0,0.017617800053157155,0.18154812244342172,-0.5579007672762843,0.31428571428571433,0.5833333333333334,0.35,0.9583107742284787,1377233523.0
444,India,2021-04-18,273802.0,1619.0,450.419,28.2,5.989,3.414,0.957604358911721,0.2578125,1.0,0.017617800053157155,0.18154812244342172,-0.5579007672762843,0.31428571428571433,0.5833333333333334,0.35,0.9583107742284787,1377233523.0
445,India,2021-04-19,259167.0,1761.0,450.419,28.2,5.989,3.414,0.957604358911721,0.2578125,1.0,0.017617800053157155,0.18154812244342172,-0.5579007672762843,0.31428571428571433,0.5833333333333334,0.35,0.9583107742284787,1377233523.0
446,India,2021-04-20,295158.0,2023.0,450.419,28.2,5.989,3.414,0.957604358911721,0.2578125,1.0,0.017617800053157155,0.18154812244342172,-0.5579007672762843,0.31428571428571433,0.5833333333333334,0.35,0.9583107742284787,1377233523.0
447,India,2021-04-21,314644.0,2104.0,450.419,28.2,5.989,3.414,0.957604358911721,0.2578125,1.0,0.017617800053157155,0.18154812244342172,-0.5579007672762843,0.31428571428571433,0.5833333333333334,0.35,0.9583107742284787,1377233523.0
448,India,2021-04-22,332921.0,2263.0,450.419,28.2,5.989,3.414,0.957604358911721,0.2578125,1.0,0.017617800053157155,0.18154812244342172,-0.5579007672762843,0.31428571428571433,0.5833333333333334,0.35,0.9583107742284787,1377233523.0
449,India,2021-04-23,346786.0,2624.0,450.419,28.2,5.989,3.414,0.957604358911721,0.2578125,1.0,0.017617800053157155,0.18154812244342172,-0.5579007672762843,0.31428571428571433,0.5833333333333334,0.35,0.9583107742284787,1377233523.0
450,India,2021-04-24,349691.0,2767.0,450.419,28.2,5.989,3.414,0.957604358911721,0.2578125,1.0,0.017617800053157155,0.18154812244342172,-0.5579007672762843,0.31428571428571433,0.5833333333333334,0.35,0.9583107742284787,1377233523.0
451,India,2021-04-25,352991.0,2812.0,450.419,28.2,5.989,3.414,0.957604358911721,0.2578125,1.0,0.017617800053157155,0.18154812244342172,-0.5579007672762843,0.31428571428571433,0.5833333333333334,0.35,0.9583107742284787,1377233523.0
452,India,2021-04-26,323023.0,2771.0,450.419,28.2,5.989,3.414,0.957604358911721,0.2578125,1.0,0.017617800053157155,0.18154812244342172,-0.5579007672762843,0.31428571428571433,0.5833333333333334,0.35,0.9583107742284787,1377233523.0
453,India,2021-04-27,360927.0,3293.0,450.419,28.2,5.989,3.414,0.957604358911721,0.2578125,1.0,0.017617800053157155,0.18154812244342172,-0.5579007672762843,0.31428571428571433,0.5833333333333334,0.35,0.9583107742284787,1377233523.0
454,India,2021-04-28,379308.0,3645.0,450.419,28.2,5.989,3.414,0.957604358911721,0.2578125,1.0,0.017617800053157155,0.18154812244342172,-0.5579007672762843,0.31428571428571433,0.5833333333333334,0.35,0.9583107742284787,1377233523.0
455,India,2021-04-29,386555.0,3498.0,450.419,28.2,5.989,3.414,0.957604358911721,0.2578125,1.0,0.017617800053157155,0.18154812244342172,-0.5579007672762843,0.31428571428571433,0.5833333333333334,0.35,0.9583107742284787,1377233523.0
456,India,2021-04-30,401993.0,3523.0,450.419,28.2,5.989,3.414,0.957604358911721,0.2578125,1.0,0.017617800053157155,0.18154812244342172,-0.5579007672762843,0.31428571428571433,0.5833333333333334,0.35,0.9583107742284787,1377233523.0
457,India,2021-05-01,392488.0,3689.0,450.419,28.2,5.989,3.414,0.957604358911721,0.2578125,1.0,0.017617800053157155,0.18154812244342172,-0.5579007672762843,0.31428571428571433,0.5833333333333334,0.35,0.9583107742284787,1377233523.0
458,India,2021-05-02,368060.0,3417.0,450.419,28.2,5.989,3.414,0.957604358911721,0.2578125,1.0,0.017617800053157155,0.18154812244342172,-0.5579007672762843,0.31428571428571433,0.5833333333333334,0.35,0.9583107742284787,1377233523.0
459,India,2021-05-03,357316.0,3449.0,450.419,28.2,5.989,3.414,0.957604358911721,0.2578125,1.0,0.017617800053157155,0.18154812244342172,-0.5579007672762843,0.31428571428571433,0.5833333333333334,0.35,0.9583107742284787,1377233523.0
460,India,2021-05-04,382146.0,3780.0,450.419,28.2,5.989,3.414,0.957604358911721,0.2578125,1.0,0.017617800053157155,0.18154812244342172,-0.5579007672762843,0.31428571428571433,0.5833333333333334,0.35,0.9583107742284787,1377233523.0
461,India,2021-05-05,412431.0,3980.0,450.419,28.2,5.989,3.414,0.957604358911721,0.2578125,1.0,0.017617800053157155,0.18154812244342172,-0.5579007672762843,0.31428571428571433,0.5833333333333334,0.35,0.9583107742284787,1377233523.0
462,India,2021-05-06,414188.0,3915.0,450.419,28.2,5.989,3.414,0.957604358911721,0.2578125,1.0,0.017617800053157155,0.18154812244342172,-0.5579007672762843,0.31428571428571433,0.5833333333333334,0.35,0.9583107742284787,1377233523.0
463,India,2021-05-07,401078.0,4187.0,450.419,28.2,5.989,3.414,0.957604358911721,0.2578125,1.0,0.017617800053157155,0.18154812244342172,-0.5579007672762843,0.31428571428571433,0.5833333333333334,0.35,0.9583107742284787,1377233523.0
464,India,2021-05-08,403405.0,4077.0,450.419,28.2,5.989,3.414,0.957604358911721,0.2578125,1.0,0.017617800053157155,0.18154812244342172,-0.5579007672762843,0.31428571428571433,0.5833333333333334,0.35,0.9583107742284787,1377233523.0
465,India,2021-05-09,366494.0,3769.0,450.419,28.2,5.989,3.414,0.957604358911721,0.2578125,1.0,0.017617800053157155,0.18154812244342172,-0.5579007672762843,0.31428571428571433,0.5833333333333334,0.35,0.9583107742284787,1377233523.0
466,India,2021-05-10,329942.0,3876.0,450.419,28.2,5.989,3.414,0.957604358911721,0.2578125,1.0,0.017617800053157155,0.18154812244342172,-0.5579007672762843,0.31428571428571433,0.5833333333333334,0.35,0.9583107742284787,1377233523.0
467,India,2021-05-11,348421.0,4205.0,450.419,28.2,5.989,3.414,0.957604358911721,0.2578125,1.0,0.017617800053157155,0.18154812244342172,-0.5579007672762843,0.31428571428571433,0.5833333333333334,0.35,0.9583107742284787,1377233523.0
468,India,2021-05-12,362727.0,4120.0,450.419,28.2,5.989,3.414,0.957604358911721,0.2578125,1.0,0.017617800053157155,0.18154812244342172,-0.5579007672762843,0.31428571428571433,0.5833333333333334,0.35,0.9583107742284787,1377233523.0
469,India,2021-05-13,343144.0,4000.0,450.419,28.2,5.989,3.414,0.957604358911721,0.2578125,1.0,0.017617800053157155,0.18154812244342172,-0.5579007672762843,0.31428571428571433,0.5833333333333334,0.35,0.9583107742284787,1377233523.0
470,India,2021-05-14,326098.0,3890.0,450.419,28.2,5.989,3.414,0.957604358911721,0.2578125,1.0,0.017617800053157155,0.18154812244342172,-0.5579007672762843,0.31428571428571433,0.5833333333333334,0.35,0.9583107742284787,1377233523.0
471,India,2021-05-15,311170.0,4077.0,450.419,28.2,5.989,3.414,0.957604358911721,0.2578125,1.0,0.017617800053157155,0.18154812244342172,-0.5579007672762843,0.31428571428571433,0.5833333333333334,0.35,0.9583107742284787,1377233523.0
472,India,2021-05-16,281386.0,4106.0,450.419,28.2,5.989,3.414,0.957604358911721,0.2578125,1.0,0.017617800053157155,0.18154812244342172,-0.5579007672762843,0.31428571428571433,0.5833333333333334,0.35,0.9583107742284787,1377233523.0
473,India,2021-05-17,263533.0,4329.0,450.419,28.2,5.989,3.414,0.957604358911721,0.2578125,1.0,0.017617800053157155,0.18154812244342172,-0.5579007672762843,0.31428571428571433,0.5833333333333334,0.35,0.9583107742284787,1377233523.0
474,India,2021-05-18,267334.0,4529.0,450.419,28.2,5.989,3.414,0.957604358911721,0.2578125,1.0,0.017617800053157155,0.18154812244342172,-0.5579007672762843,0.31428571428571433,0.5833333333333334,0.35,0.9583107742284787,1377233523.0
475,India,2021-05-19,276110.0,3874.0,450.419,28.2,5.989,3.414,0.957604358911721,0.2578125,1.0,0.017617800053157155,0.18154812244342172,-0.5579007672762843,0.31428571428571433,0.5833333333333334,0.35,0.9583107742284787,1377233523.0
476,India,2021-05-20,259551.0,4209.0,450.419,28.2,5.989,3.414,0.957604358911721,0.2578125,1.0,0.017617800053157155,0.18154812244342172,-0.5579007672762843,0.31428571428571433,0.5833333333333334,0.35,0.9583107742284787,1377233523.0
477,India,2021-05-21,257299.0,4194.0,450.419,28.2,5.989,3.414,0.957604358911721,0.2578125,1.0,0.017617800053157155,0.18154812244342172,-0.5579007672762843,0.31428571428571433,0.5833333333333334,0.35,0.9583107742284787,1377233523.0
478,India,2021-05-22,240842.0,3741.0,450.419,28.2,5.989,3.414,0.957604358911721,0.2578125,1.0,0.017617800053157155,0.18154812244342172,-0.5579007672762843,0.31428571428571433,0.5833333333333334,0.35,0.9583107742284787,1377233523.0
479,India,2021-05-23,222315.0,4454.0,450.419,28.2,5.989,3.414,0.957604358911721,0.2578125,1.0,0.017617800053157155,0.18154812244342172,-0.5579007672762843,0.31428571428571433,0.5833333333333334,0.35,0.9583107742284787,1377233523.0
480,India,2021-05-24,196427.0,3511.0,450.419,28.2,5.989,3.414,0.957604358911721,0.2578125,1.0,0.017617800053157155,0.18154812244342172,-0.5579007672762843,0.31428571428571433,0.5833333333333334,0.35,0.9583107742284787,1377233523.0
481,India,2021-05-25,208921.0,4157.0,450.419,28.2,5.989,3.414,0.957604358911721,0.2578125,1.0,0.017617800053157155,0.18154812244342172,-0.5579007672762843,0.31428571428571433,0.5833333333333334,0.35,0.9583107742284787,1377233523.0
482,India,2021-05-26,211298.0,3847.0,450.419,28.2,5.989,3.414,0.957604358911721,0.2578125,1.0,0.017617800053157155,0.18154812244342172,-0.5579007672762843,0.31428571428571433,0.5833333333333334,0.35,0.9583107742284787,1377233523.0
483,India,2021-05-27,186364.0,3660.0,450.419,28.2,5.989,3.414,0.957604358911721,0.2578125,1.0,0.017617800053157155,0.18154812244342172,-0.5579007672762843,0.31428571428571433,0.5833333333333334,0.35,0.9583107742284787,1377233523.0
484,India,2021-05-28,173790.0,3617.0,450.419,28.2,5.989,3.414,0.957604358911721,0.2578125,1.0,0.017617800053157155,0.18154812244342172,-0.5579007672762843,0.31428571428571433,0.5833333333333334,0.35,0.9583107742284787,1377233523.0
485,India,2021-05-29,165553.0,3460.0,450.419,28.2,5.989,3.414,0.957604358911721,0.2578125,1.0,0.017617800053157155,0.18154812244342172,-0.5579007672762843,0.31428571428571433,0.5833333333333334,0.35,0.9583107742284787,1377233523.0
486,India,2021-05-30,152734.0,3128.0,450.419,28.2,5.989,3.414,0.957604358911721,0.2578125,1.0,0.017617800053157155,0.18154812244342172,-0.5579007672762843,0.31428571428571433,0.5833333333333334,0.35,0.9583107742284787,1377233523.0
487,India,2021-05-31,127510.0,2795.0,450.419,28.2,5.989,3.414,0.957604358911721,0.2578125,1.0,0.017617800053157155,0.18154812244342172,-0.5579007672762843,0.31428571428571433,0.5833333333333334,0.35,0.9583107742284787,1377233523.0
488,India,2021-06-01,132788.0,3207.0,450.419,28.2,5.989,3.414,0.957604358911721,0.2578125,1.0,0.017617800053157155,0.18154812244342172,-0.5579007672762843,0.31428571428571433,0.5833333333333334,0.35,0.9583107742284787,1377233523.0
489,India,2021-06-02,134154.0,2887.0,450.419,28.2,5.989,3.414,0.957604358911721,0.2578125,1.0,0.017617800053157155,0.18154812244342172,-0.5579007672762843,0.31428571428571433,0.5833333333333334,0.35,0.9583107742284787,1377233523.0
490,India,2021-06-03,132364.0,2713.0,450.419,28.2,5.989,3.414,0.957604358911721,0.2578125,1.0,0.017617800053157155,0.18154812244342172,-0.5579007672762843,0.31428571428571433,0.5833333333333334,0.35,0.9583107742284787,1377233523.0
491,India,2021-06-04,120529.0,3380.0,450.419,28.2,5.989,3.414,0.957604358911721,0.2578125,1.0,0.017617800053157155,0.18154812244342172,-0.5579007672762843,0.31428571428571433,0.5833333333333334,0.35,0.9583107742284787,1377233523.0
492,India,2021-06-05,114460.0,2677.0,450.419,28.2,5.989,3.414,0.957604358911721,0.2578125,1.0,0.017617800053157155,0.18154812244342172,-0.5579007672762843,0.31428571428571433,0.5833333333333334,0.35,0.9583107742284787,1377233523.0
493,India,2021-06-06,100636.0,2427.0,450.419,28.2,5.989,3.414,0.957604358911721,0.2578125,1.0,0.017617800053157155,0.18154812244342172,-0.5579007672762843,0.31428571428571433,0.5833333333333334,0.35,0.9583107742284787,1377233523.0
494,India,2021-06-07,86498.0,2123.0,450.419,28.2,5.989,3.414,0.957604358911721,0.2578125,1.0,0.017617800053157155,0.18154812244342172,-0.5579007672762843,0.31428571428571433,0.5833333333333334,0.35,0.9583107742284787,1377233523.0
495,India,2021-06-08,92596.0,2219.0,450.419,28.2,5.989,3.414,0.957604358911721,0.2578125,1.0,0.017617800053157155,0.18154812244342172,-0.5579007672762843,0.31428571428571433,0.5833333333333334,0.35,0.9583107742284787,1377233523.0
496,India,2021-06-09,93463.0,2177.0,450.419,28.2,5.989,3.414,0.957604358911721,0.2578125,1.0,0.017617800053157155,0.18154812244342172,-0.5579007672762843,0.31428571428571433,0.5833333333333334,0.35,0.9583107742284787,1377233523.0
498,India,2021-06-11,84332.0,4002.0,450.419,28.2,5.989,3.414,0.957604358911721,0.2578125,1.0,0.017617800053157155,0.18154812244342172,-0.5579007672762843,0.31428571428571433,0.5833333333333334,0.35,0.9583107742284787,1377233523.0
499,India,2021-06-12,80834.0,3303.0,450.419,28.2,5.989,3.414,0.957604358911721,0.2578125,1.0,0.017617800053157155,0.18154812244342172,-0.5579007672762843,0.31428571428571433,0.5833333333333334,0.35,0.9583107742284787,1377233523.0
500,India,2021-06-13,70421.0,3921.0,450.419,28.2,5.989,3.414,0.957604358911721,0.2578125,1.0,0.017617800053157155,0.18154812244342172,-0.5579007672762843,0.31428571428571433,0.5833333333333334,0.35,0.9583107742284787,1377233523.0
501,India,2021-06-14,60471.0,2726.0,450.419,28.2,5.989,3.414,0.957604358911721,0.2578125,1.0,0.017617800053157155,0.18154812244342172,-0.5579007672762843,0.31428571428571433,0.5833333333333334,0.35,0.9583107742284787,1377233523.0
502,India,2021-06-15,62224.0,2542.0,450.419,28.2,5.989,3.414,0.957604358911721,0.2578125,1.0,0.017617800053157155,0.18154812244342172,-0.5579007672762843,0.31428571428571433,0.5833333333333334,0.35,0.9583107742284787,1377233523.0
503,India,2021-06-16,67208.0,2330.0,450.419,28.2,5.989,3.414,0.957604358911721,0.2578125,1.0,0.017617800053157155,0.18154812244342172,-0.5579007672762843,0.31428571428571433,0.5833333333333334,0.35,0.9583107742284787,1377233523.0
504,India,2021-06-17,62480.0,1587.0,450.419,28.2,5.989,3.414,0.957604358911721,0.2578125,1.0,0.017617800053157155,0.18154812244342172,-0.5579007672762843,0.31428571428571433,0.5833333333333334,0.35,0.9583107742284787,1377233523.0
505,India,2021-06-18,60753.0,1647.0,450.419,28.2,5.989,3.414,0.957604358911721,0.2578125,1.0,0.017617800053157155,0.18154812244342172,-0.5579007672762843,0.31428571428571433,0.5833333333333334,0.35,0.9583107742284787,1377233523.0
506,India,2021-06-19,58226.0,1571.0,450.419,28.2,5.989,3.414,0.957604358911721,0.2578125,1.0,0.017617800053157155,0.18154812244342172,-0.5579007672762843,0.31428571428571433,0.5833333333333334,0.35,0.9583107742284787,1377233523.0
507,India,2021-06-20,53449.0,1427.0,450.419,28.2,5.989,3.414,0.957604358911721,0.2578125,1.0,0.017617800053157155,0.18154812244342172,-0.5579007672762843,0.31428571428571433,0.5833333333333334,0.35,0.9583107742284787,1377233523.0
508,India,2021-06-21,42640.0,1167.0,450.419,28.2,5.989,3.414,0.957604358911721,0.2578125,1.0,0.017617800053157155,0.18154812244342172,-0.5579007672762843,0.31428571428571433,0.5833333333333334,0.35,0.9583107742284787,1377233523.0
509,India,2021-06-22,50848.0,1358.0,450.419,28.2,5.989,3.414,0.957604358911721,0.2578125,1.0,0.017617800053157155,0.18154812244342172,-0.5579007672762843,0.31428571428571433,0.5833333333333334,0.35,0.9583107742284787,1377233523.0
510,India,2021-06-23,54069.0,1321.0,450.419,28.2,5.989,3.414,0.957604358911721,0.2578125,1.0,0.017617800053157155,0.18154812244342172,-0.5579007672762843,0.31428571428571433,0.5833333333333334,0.35,0.9583107742284787,1377233523.0
511,India,2021-06-24,51667.0,1329.0,450.419,28.2,5.989,3.414,0.957604358911721,0.2578125,1.0,0.017617800053157155,0.18154812244342172,-0.5579007672762843,0.31428571428571433,0.5833333333333334,0.35,0.9583107742284787,1377233523.0
512,India,2021-06-25,48698.0,1183.0,450.419,28.2,5.989,3.414,0.957604358911721,0.2578125,1.0,0.017617800053157155,0.18154812244342172,-0.5579007672762843,0.31428571428571433,0.5833333333333334,0.35,0.9583107742284787,1377233523.0
513,India,2021-06-26,50040.0,1258.0,450.419,28.2,5.989,3.414,0.957604358911721,0.2578125,1.0,0.017617800053157155,0.18154812244342172,-0.5579007672762843,0.31428571428571433,0.5833333333333334,0.35,0.9583107742284787,1377233523.0
514,India,2021-06-27,46148.0,979.0,450.419,28.2,5.989,3.414,0.957604358911721,0.2578125,1.0,0.017617800053157155,0.18154812244342172,-0.5579007672762843,0.31428571428571433,0.5833333333333334,0.35,0.9583107742284787,1377233523.0
515,India,2021-06-28,37566.0,907.0,450.419,28.2,5.989,3.414,0.957604358911721,0.2578125,1.0,0.017617800053157155,0.18154812244342172,-0.5579007672762843,0.31428571428571433,0.5833333333333334,0.35,0.9583107742284787,1377233523.0
516,India,2021-06-29,45951.0,817.0,450.419,28.2,5.989,3.414,0.957604358911721,0.2578125,1.0,0.017617800053157155,0.18154812244342172,-0.5579007672762843,0.31428571428571433,0.5833333333333334,0.35,0.9583107742284787,1377233523.0
517,India,2021-06-30,48786.0,1005.0,450.419,28.2,5.989,3.414,0.957604358911721,0.2578125,1.0,0.017617800053157155,0.18154812244342172,-0.5579007672762843,0.31428571428571433,0.5833333333333334,0.35,0.9583107742284787,1377233523.0
518,India,2021-07-01,46617.0,853.0,450.419,28.2,5.989,3.414,0.957604358911721,0.2578125,1.0,0.017617800053157155,0.18154812244342172,-0.5579007672762843,0.31428571428571433,0.5833333333333334,0.35,0.9583107742284787,1377233523.0
519,India,2021-07-02,44111.0,738.0,450.419,28.2,5.989,3.414,0.957604358911721,0.2578125,1.0,0.017617800053157155,0.18154812244342172,-0.5579007672762843,0.31428571428571433,0.5833333333333334,0.35,0.9583107742284787,1377233523.0
520,India,2021-07-03,43071.0,955.0,450.419,28.2,5.989,3.414,0.957604358911721,0.2578125,1.0,0.017617800053157155,0.18154812244342172,-0.5579007672762843,0.31428571428571433,0.5833333333333334,0.35,0.9583107742284787,1377233523.0
521,India,2021-07-04,39796.0,723.0,450.419,28.2,5.989,3.414,0.957604358911721,0.2578125,1.0,0.017617800053157155,0.18154812244342172,-0.5579007672762843,0.31428571428571433,0.5833333333333334,0.35,0.9583107742284787,1377233523.0
522,India,2021-07-05,34703.0,553.0,450.419,28.2,5.989,3.414,0.957604358911721,0.2578125,1.0,0.017617800053157155,0.18154812244342172,-0.5579007672762843,0.31428571428571433,0.5833333333333334,0.35,0.9583107742284787,1377233523.0
523,India,2021-07-06,43733.0,930.0,450.419,28.2,5.989,3.414,0.957604358911721,0.2578125,1.0,0.017617800053157155,0.18154812244342172,-0.5579007672762843,0.31428571428571433,0.5833333333333334,0.35,0.9583107742284787,1377233523.0
524,India,2021-07-07,45892.0,817.0,450.419,28.2,5.989,3.414,0.957604358911721,0.2578125,1.0,0.017617800053157155,0.18154812244342172,-0.5579007672762843,0.31428571428571433,0.5833333333333334,0.35,0.9583107742284787,1377233523.0
525,India,2021-07-08,43393.0,911.0,450.419,28.2,5.989,3.414,0.957604358911721,0.2578125,1.0,0.017617800053157155,0.18154812244342172,-0.5579007672762843,0.31428571428571433,0.5833333333333334,0.35,0.9583107742284787,1377233523.0
526,India,2021-07-09,42766.0,1206.0,450.419,28.2,5.989,3.414,0.957604358911721,0.2578125,1.0,0.017617800053157155,0.18154812244342172,-0.5579007672762843,0.31428571428571433,0.5833333333333334,0.35,0.9583107742284787,1377233523.0
527,India,2021-07-10,41506.0,895.0,450.419,28.2,5.989,3.414,0.957604358911721,0.2578125,1.0,0.017617800053157155,0.18154812244342172,-0.5579007672762843,0.31428571428571433,0.5833333333333334,0.35,0.9583107742284787,1377233523.0
528,India,2021-07-11,37154.0,724.0,450.419,28.2,5.989,3.414,0.957604358911721,0.2578125,1.0,0.017617800053157155,0.18154812244342172,-0.5579007672762843,0.31428571428571433,0.5833333333333334,0.35,0.9583107742284787,1377233523.0
529,India,2021-07-12,32906.0,2020.0,450.419,28.2,5.989,3.414,0.957604358911721,0.2578125,1.0,0.017617800053157155,0.18154812244342172,-0.5579007672762843,0.31428571428571433,0.5833333333333334,0.35,0.9583107742284787,1377233523.0
530,India,2021-07-13,38865.0,622.0,450.419,28.2,5.989,3.414,0.957604358911721,0.2578125,1.0,0.017617800053157155,0.18154812244342172,-0.5579007672762843,0.31428571428571433,0.5833333333333334,0.35,0.9583107742284787,1377233523.0
531,India,2021-07-14,41733.0,583.0,450.419,28.2,5.989,3.414,0.957604358911721,0.2578125,1.0,0.017617800053157155,0.18154812244342172,-0.5579007672762843,0.31428571428571433,0.5833333333333334,0.35,0.9583107742284787,1377233523.0
532,India,2021-07-15,38949.0,542.0,450.419,28.2,5.989,3.414,0.957604358911721,0.2578125,1.0,0.017617800053157155,0.18154812244342172,-0.5579007672762843,0.31428571428571433,0.5833333333333334,0.35,0.9583107742284787,1377233523.0
533,India,2021-07-16,38079.0,560.0,450.419,28.2,5.989,3.414,0.957604358911721,0.2578125,1.0,0.017617800053157155,0.18154812244342172,-0.5579007672762843,0.31428571428571433,0.5833333333333334,0.35,0.9583107742284787,1377233523.0
534,India,2021-07-17,41157.0,518.0,450.419,28.2,5.989,3.414,0.957604358911721,0.2578125,1.0,0.017617800053157155,0.18154812244342172,-0.5579007672762843,0.31428571428571433,0.5833333333333334,0.35,0.9583107742284787,1377233523.0
535,India,2021-07-18,38164.0,499.0,450.419,28.2,5.989,3.414,0.957604358911721,0.2578125,1.0,0.017617800053157155,0.18154812244342172,-0.5579007672762843,0.31428571428571433,0.5833333333333334,0.35,0.9583107742284787,1377233523.0
536,India,2021-07-19,30093.0,374.0,450.419,28.2,5.989,3.414,0.957604358911721,0.2578125,1.0,0.017617800053157155,0.18154812244342172,-0.5579007672762843,0.31428571428571433,0.5833333333333334,0.35,0.9583107742284787,1377233523.0
537,India,2021-07-20,42015.0,3998.0,450.419,28.2,5.989,3.414,0.957604358911721,0.2578125,1.0,0.017617800053157155,0.18154812244342172,-0.5579007672762843,0.31428571428571433,0.5833333333333334,0.35,0.9583107742284787,1377233523.0
538,India,2021-07-21,41383.0,507.0,450.419,28.2,5.989,3.414,0.957604358911721,0.2578125,1.0,0.017617800053157155,0.18154812244342172,-0.5579007672762843,0.31428571428571433,0.5833333333333334,0.35,0.9583107742284787,1377233523.0
539,India,2021-07-22,35342.0,483.0,450.419,28.2,5.989,3.414,0.957604358911721,0.2578125,1.0,0.017617800053157155,0.18154812244342172,-0.5579007672762843,0.31428571428571433,0.5833333333333334,0.35,0.9583107742284787,1377233523.0
540,India,2021-07-23,39097.0,546.0,450.419,28.2,5.989,3.414,0.957604358911721,0.2578125,1.0,0.017617800053157155,0.18154812244342172,-0.5579007672762843,0.31428571428571433,0.5833333333333334,0.35,0.9583107742284787,1377233523.0
541,India,2021-07-24,39742.0,535.0,450.419,28.2,5.989,3.414,0.957604358911721,0.2578125,1.0,0.017617800053157155,0.18154812244342172,-0.5579007672762843,0.31428571428571433,0.5833333333333334,0.35,0.9583107742284787,1377233523.0
542,India,2021-07-25,39361.0,416.0,450.419,28.2,5.989,3.414,0.957604358911721,0.2578125,1.0,0.017617800053157155,0.18154812244342172,-0.5579007672762843,0.31428571428571433,0.5833333333333334,0.35,0.9583107742284787,1377233523.0
543,India,2021-07-26,29689.0,415.0,450.419,28.2,5.989,3.414,0.957604358911721,0.2578125,1.0,0.017617800053157155,0.18154812244342172,-0.5579007672762843,0.31428571428571433,0.5833333333333334,0.35,0.9583107742284787,1377233523.0
544,India,2021-07-27,43654.0,640.0,450.419,28.2,5.989,3.414,0.957604358911721,0.2578125,1.0,0.017617800053157155,0.18154812244342172,-0.5579007672762843,0.31428571428571433,0.5833333333333334,0.35,0.9583107742284787,1377233523.0
545,India,2021-07-28,43509.0,640.0,450.419,28.2,5.989,3.414,0.957604358911721,0.2578125,1.0,0.017617800053157155,0.18154812244342172,-0.5579007672762843,0.31428571428571433,0.5833333333333334,0.35,0.9583107742284787,1377233523.0
546,India,2021-07-29,44230.0,555.0,450.419,28.2,5.989,3.414,0.957604358911721,0.2578125,1.0,0.017617800053157155,0.18154812244342172,-0.5579007672762843,0.31428571428571433,0.5833333333333334,0.35,0.9583107742284787,1377233523.0
547,India,2021-07-30,41649.0,593.0,450.419,28.2,5.989,3.414,0.957604358911721,0.2578125,1.0,0.017617800053157155,0.18154812244342172,-0.5579007672762843,0.31428571428571433,0.5833333333333334,0.35,0.9583107742284787,1377233523.0
548,India,2021-07-31,41831.0,541.0,450.419,28.2,5.989,3.414,0.957604358911721,0.2578125,1.0,0.017617800053157155,0.18154812244342172,-0.5579007672762843,0.31428571428571433,0.5833333333333334,0.35,0.9583107742284787,1377233523.0
549,India,2021-08-01,40134.0,422.0,450.419,28.2,5.989,3.414,0.957604358911721,0.2578125,1.0,0.017617800053157155,0.18154812244342172,-0.5579007672762843,0.31428571428571433,0.5833333333333334,0.35,0.9583107742284787,1377233523.0
550,India,2021-08-02,30549.0,422.0,450.419,28.2,5.989,3.414,0.957604358911721,0.2578125,1.0,0.017617800053157155,0.18154812244342172,-0.5579007672762843,0.31428571428571433,0.5833333333333334,0.35,0.9583107742284787,1377233523.0
551,India,2021-08-03,42625.0,562.0,450.419,28.2,5.989,3.414,0.957604358911721,0.2578125,1.0,0.017617800053157155,0.18154812244342172,-0.5579007672762843,0.31428571428571433,0.5833333333333334,0.35,0.9583107742284787,1377233523.0
552,India,2021-08-04,42982.0,533.0,450.419,28.2,5.989,3.414,0.957604358911721,0.2578125,1.0,0.017617800053157155,0.18154812244342172,-0.5579007672762843,0.31428571428571433,0.5833333333333334,0.35,0.9583107742284787,1377233523.0
553,India,2021-08-05,44643.0,464.0,450.419,28.2,5.989,3.414,0.957604358911721,0.2578125,1.0,0.017617800053157155,0.18154812244342172,-0.5579007672762843,0.31428571428571433,0.5833333333333334,0.35,0.9583107742284787,1377233523.0
554,India,2021-08-06,38628.0,617.0,450.419,28.2,5.989,3.414,0.957604358911721,0.2578125,1.0,0.017617800053157155,0.18154812244342172,-0.5579007672762843,0.31428571428571433,0.5833333333333334,0.35,0.9583107742284787,1377233523.0
555,India,2021-08-07,39070.0,491.0,450.419,28.2,5.989,3.414,0.957604358911721,0.2578125,1.0,0.017617800053157155,0.18154812244342172,-0.5579007672762843,0.31428571428571433,0.5833333333333334,0.35,0.9583107742284787,1377233523.0
556,India,2021-08-08,35499.0,447.0,450.419,28.2,5.989,3.414,0.957604358911721,0.2578125,1.0,0.017617800053157155,0.18154812244342172,-0.5579007672762843,0.31428571428571433,0.5833333333333334,0.35,0.9583107742284787,1377233523.0
557,India,2021-08-09,28204.0,373.0,450.419,28.2,5.989,3.414,0.957604358911721,0.2578125,1.0,0.017617800053157155,0.18154812244342172,-0.5579007672762843,0.31428571428571433,0.5833333333333334,0.35,0.9583107742284787,1377233523.0
558,India,2021-08-10,38353.0,497.0,450.419,28.2,5.989,3.414,0.957604358911721,0.2578125,1.0,0.017617800053157155,0.18154812244342172,-0.5579007672762843,0.31428571428571433,0.5833333333333334,0.35,0.9583107742284787,1377233523.0
559,India,2021-08-11,41195.0,490.0,450.419,28.2,5.989,3.414,0.957604358911721,0.2578125,1.0,0.017617800053157155,0.18154812244342172,-0.5579007672762843,0.31428571428571433,0.5833333333333334,0.35,0.9583107742284787,1377233523.0
560,India,2021-08-12,40120.0,585.0,450.419,28.2,5.989,3.414,0.957604358911721,0.2578125,1.0,0.017617800053157155,0.18154812244342172,-0.5579007672762843,0.31428571428571433,0.5833333333333334,0.35,0.9583107742284787,1377233523.0
561,India,2021-08-13,38667.0,478.0,450.419,28.2,5.989,3.414,0.957604358911721,0.2578125,1.0,0.017617800053157155,0.18154812244342172,-0.5579007672762843,0.31428571428571433,0.5833333333333334,0.35,0.9583107742284787,1377233523.0
562,India,2021-08-14,36083.0,493.0,450.419,28.2,5.989,3.414,0.957604358911721,0.2578125,1.0,0.017617800053157155,0.18154812244342172,-0.5579007672762843,0.31428571428571433,0.5833333333333334,0.35,0.9583107742284787,1377233523.0
563,India,2021-08-15,32937.0,417.0,450.419,28.2,5.989,3.414,0.957604358911721,0.2578125,1.0,0.017617800053157155,0.18154812244342172,-0.5579007672762843,0.31428571428571433,0.5833333333333334,0.35,0.9583107742284787,1377233523.0
564,India,2021-08-16,25166.0,437.0,450.419,28.2,5.989,3.414,0.957604358911721,0.2578125,1.0,0.017617800053157155,0.18154812244342172,-0.5579007672762843,0.31428571428571433,0.5833333333333334,0.35,0.9583107742284787,1377233523.0
565,India,2021-08-17,35178.0,440.0,450.419,28.2,5.989,3.414,0.957604358911721,0.2578125,1.0,0.017617800053157155,0.18154812244342172,-0.5579007672762843,0.31428571428571433,0.5833333333333334,0.35,0.9583107742284787,1377233523.0
566,India,2021-08-18,36401.0,530.0,450.419,28.2,5.989,3.414,0.957604358911721,0.2578125,1.0,0.017617800053157155,0.18154812244342172,-0.5579007672762843,0.31428571428571433,0.5833333333333334,0.35,0.9583107742284787,1377233523.0
567,India,2021-08-19,36571.0,540.0,450.419,28.2,5.989,3.414,0.957604358911721,0.2578125,1.0,0.017617800053157155,0.18154812244342172,-0.5579007672762843,0.31428571428571433,0.5833333333333334,0.35,0.9583107742284787,1377233523.0
568,India,2021-08-20,34457.0,375.0,450.419,28.2,5.989,3.414,0.957604358911721,0.2578125,1.0,0.017617800053157155,0.18154812244342172,-0.5579007672762843,0.31428571428571433,0.5833333333333334,0.35,0.9583107742284787,1377233523.0
569,India,2021-08-21,30948.0,403.0,450.419,28.2,5.989,3.414,0.957604358911721,0.2578125,1.0,0.017617800053157155,0.18154812244342172,-0.5579007672762843,0.31428571428571433,0.5833333333333334,0.35,0.9583107742284787,1377233523.0
570,India,2021-08-22,25072.0,389.0,450.419,28.2,5.989,3.414,0.957604358911721,0.2578125,1.0,0.017617800053157155,0.18154812244342172,-0.5579007672762843,0.31428571428571433,0.5833333333333334,0.35,0.9583107742284787,1377233523.0
571,India,2021-08-23,25467.0,354.0,450.419,28.2,5.989,3.414,0.957604358911721,0.2578125,1.0,0.017617800053157155,0.18154812244342172,-0.5579007672762843,0.31428571428571433,0.5833333333333334,0.35,0.9583107742284787,1377233523.0
572,India,2021-08-24,37593.0,648.0,450.419,28.2,5.989,3.414,0.957604358911721,0.2578125,1.0,0.017617800053157155,0.18154812244342172,-0.5579007672762843,0.31428571428571433,0.5833333333333334,0.35,0.9583107742284787,1377233523.0
573,India,2021-08-25,46164.0,607.0,450.419,28.2,5.989,3.414,0.957604358911721,0.2578125,1.0,0.017617800053157155,0.18154812244342172,-0.5579007672762843,0.31428571428571433,0.5833333333333334,0.35,0.9583107742284787,1377233523.0
574,India,2021-08-26,44658.0,496.0,450.419,28.2,5.989,3.414,0.957604358911721,0.2578125,1.0,0.017617800053157155,0.18154812244342172,-0.5579007672762843,0.31428571428571433,0.5833333333333334,0.35,0.9583107742284787,1377233523.0
575,India,2021-08-27,46759.0,509.0,450.419,28.2,5.989,3.414,0.957604358911721,0.2578125,1.0,0.017617800053157155,0.18154812244342172,-0.5579007672762843,0.31428571428571433,0.5833333333333334,0.35,0.9583107742284787,1377233523.0
576,India,2021-08-28,45083.0,460.0,450.419,28.2,5.989,3.414,0.957604358911721,0.2578125,1.0,0.017617800053157155,0.18154812244342172,-0.5579007672762843,0.31428571428571433,0.5833333333333334,0.35,0.9583107742284787,1377233523.0
577,India,2021-08-29,42909.0,380.0,450.419,28.2,5.989,3.414,0.957604358911721,0.2578125,1.0,0.017617800053157155,0.18154812244342172,-0.5579007672762843,0.31428571428571433,0.5833333333333334,0.35,0.9583107742284787,1377233523.0
578,India,2021-08-30,30941.0,350.0,450.419,28.2,5.989,3.414,0.957604358911721,0.2578125,1.0,0.017617800053157155,0.18154812244342172,-0.5579007672762843,0.31428571428571433,0.5833333333333334,0.35,0.9583107742284787,1377233523.0
579,India,2021-08-31,41965.0,460.0,450.419,28.2,5.989,3.414,0.957604358911721,0.2578125,1.0,0.017617800053157155,0.18154812244342172,-0.5579007672762843,0.31428571428571433,0.5833333333333334,0.35,0.9583107742284787,1377233523.0
580,India,2021-09-01,47092.0,509.0,450.419,28.2,5.989,3.414,0.957604358911721,0.2578125,1.0,0.017617800053157155,0.18154812244342172,-0.5579007672762843,0.31428571428571433,0.5833333333333334,0.35,0.9583107742284787,1377233523.0
581,India,2021-09-02,45352.0,366.0,450.419,28.2,5.989,3.414,0.957604358911721,0.2578125,1.0,0.017617800053157155,0.18154812244342172,-0.5579007672762843,0.31428571428571433,0.5833333333333334,0.35,0.9583107742284787,1377233523.0
582,India,2021-09-03,42618.0,330.0,450.419,28.2,5.989,3.414,0.957604358911721,0.2578125,1.0,0.017617800053157155,0.18154812244342172,-0.5579007672762843,0.31428571428571433,0.5833333333333334,0.35,0.9583107742284787,1377233523.0
583,India,2021-09-04,42766.0,308.0,450.419,28.2,5.989,3.414,0.957604358911721,0.2578125,1.0,0.017617800053157155,0.18154812244342172,-0.5579007672762843,0.31428571428571433,0.5833333333333334,0.35,0.9583107742284787,1377233523.0
584,India,2021-09-05,38948.0,219.0,450.419,28.2,5.989,3.414,0.957604358911721,0.2578125,1.0,0.017617800053157155,0.18154812244342172,-0.5579007672762843,0.31428571428571433,0.5833333333333334,0.35,0.9583107742284787,1377233523.0
585,India,2021-09-06,31222.0,290.0,450.419,28.2,5.989,3.414,0.957604358911721,0.2578125,1.0,0.017617800053157155,0.18154812244342172,-0.5579007672762843,0.31428571428571433,0.5833333333333334,0.35,0.9583107742284787,1377233523.0
586,India,2021-09-07,37875.0,369.0,450.419,28.2,5.989,3.414,0.957604358911721,0.2578125,1.0,0.017617800053157155,0.18154812244342172,-0.5579007672762843,0.31428571428571433,0.5833333333333334,0.35,0.9583107742284787,1377233523.0
587,India,2021-09-08,43263.0,338.0,450.419,28.2,5.989,3.414,0.957604358911721,0.2578125,1.0,0.017617800053157155,0.18154812244342172,-0.5579007672762843,0.31428571428571433,0.5833333333333334,0.35,0.9583107742284787,1377233523.0
588,India,2021-09-09,34973.0,260.0,450.419,28.2,5.989,3.414,0.957604358911721,0.2578125,1.0,0.017617800053157155,0.18154812244342172,-0.5579007672762843,0.31428571428571433,0.5833333333333334,0.35,0.9583107742284787,1377233523.0
589,India,2021-09-10,33376.0,308.0,450.419,28.2,5.989,3.414,0.957604358911721,0.2578125,1.0,0.017617800053157155,0.18154812244342172,-0.5579007672762843,0.31428571428571433,0.5833333333333334,0.35,0.9583107742284787,1377233523.0
590,India,2021-09-11,28591.0,338.0,450.419,28.2,5.989,3.414,0.957604358911721,0.2578125,1.0,0.017617800053157155,0.18154812244342172,-0.5579007672762843,0.31428571428571433,0.5833333333333334,0.35,0.9583107742284787,1377233523.0
591,India,2021-09-12,27254.0,219.0,450.419,28.2,5.989,3.414,0.957604358911721,0.2578125,1.0,0.017617800053157155,0.18154812244342172,-0.5579007672762843,0.31428571428571433,0.5833333333333334,0.35,0.9583107742284787,1377233523.0
592,India,2021-09-13,25404.0,339.0,450.419,28.2,5.989,3.414,0.957604358911721,0.2578125,1.0,0.017617800053157155,0.18154812244342172,-0.5579007672762843,0.31428571428571433,0.5833333333333334,0.35,0.9583107742284787,1377233523.0
593,India,2021-09-14,27176.0,284.0,450.419,28.2,5.989,3.414,0.957604358911721,0.2578125,1.0,0.017617800053157155,0.18154812244342172,-0.5579007672762843,0.31428571428571433,0.5833333333333334,0.35,0.9583107742284787,1377233523.0
594,India,2021-09-15,30570.0,431.0,450.419,28.2,5.989,3.414,0.957604358911721,0.2578125,1.0,0.017617800053157155,0.18154812244342172,-0.5579007672762843,0.31428571428571433,0.5833333333333334,0.35,0.9583107742284787,1377233523.0
595,India,2021-09-16,34403.0,320.0,450.419,28.2,5.989,3.414,0.957604358911721,0.2578125,1.0,0.017617800053157155,0.18154812244342172,-0.5579007672762843,0.31428571428571433,0.5833333333333334,0.35,0.9583107742284787,1377233523.0
596,India,2021-09-17,35662.0,281.0,450.419,28.2,5.989,3.414,0.957604358911721,0.2578125,1.0,0.017617800053157155,0.18154812244342172,-0.5579007672762843,0.31428571428571433,0.5833333333333334,0.35,0.9583107742284787,1377233523.0
597,India,2021-09-18,30773.0,309.0,450.419,28.2,5.989,3.414,0.957604358911721,0.2578125,1.0,0.017617800053157155,0.18154812244342172,-0.5579007672762843,0.31428571428571433,0.5833333333333334,0.35,0.9583107742284787,1377233523.0
598,India,2021-09-19,30256.0,295.0,450.419,28.2,5.989,3.414,0.957604358911721,0.2578125,1.0,0.017617800053157155,0.18154812244342172,-0.5579007672762843,0.31428571428571433,0.5833333333333334,0.35,0.9583107742284787,1377233523.0
599,India,2021-09-20,26115.0,252.0,450.419,28.2,5.989,3.414,0.957604358911721,0.2578125,1.0,0.017617800053157155,0.18154812244342172,-0.5579007672762843,0.31428571428571433,0.5833333333333334,0.35,0.9583107742284787,1377233523.0
600,India,2021-09-21,26964.0,383.0,450.419,28.2,5.989,3.414,0.957604358911721,0.2578125,1.0,0.017617800053157155,0.18154812244342172,-0.5579007672762843,0.31428571428571433,0.5833333333333334,0.35,0.9583107742284787,1377233523.0
601,India,2021-09-22,31923.0,282.0,450.419,28.2,5.989,3.414,0.957604358911721,0.2578125,1.0,0.017617800053157155,0.18154812244342172,-0.5579007672762843,0.31428571428571433,0.5833333333333334,0.35,0.9583107742284787,1377233523.0
602,India,2021-09-23,31382.0,318.0,450.419,28.2,5.989,3.414,0.957604358911721,0.2578125,1.0,0.017617800053157155,0.18154812244342172,-0.5579007672762843,0.31428571428571433,0.5833333333333334,0.35,0.9583107742284787,1377233523.0
603,India,2021-09-24,29616.0,290.0,450.419,28.2,5.989,3.414,0.957604358911721,0.2578125,1.0,0.017617800053157155,0.18154812244342172,-0.5579007672762843,0.31428571428571433,0.5833333333333334,0.35,0.9583107742284787,1377233523.0
604,India,2021-09-25,28326.0,260.0,450.419,28.2,5.989,3.414,0.957604358911721,0.2578125,1.0,0.017617800053157155,0.18154812244342172,-0.5579007672762843,0.31428571428571433,0.5833333333333334,0.35,0.9583107742284787,1377233523.0
605,India,2021-09-26,26041.0,276.0,450.419,28.2,5.989,3.414,0.957604358911721,0.2578125,1.0,0.017617800053157155,0.18154812244342172,-0.5579007672762843,0.31428571428571433,0.5833333333333334,0.35,0.9583107742284787,1377233523.0
606,India,2021-09-27,18795.0,179.0,450.419,28.2,5.989,3.414,0.957604358911721,0.2578125,1.0,0.017617800053157155,0.18154812244342172,-0.5579007672762843,0.31428571428571433,0.5833333333333334,0.35,0.9583107742284787,1377233523.0
607,India,2021-09-28,18870.0,378.0,450.419,28.2,5.989,3.414,0.957604358911721,0.2578125,1.0,0.017617800053157155,0.18154812244342172,-0.5579007672762843,0.31428571428571433,0.5833333333333334,0.35,0.9583107742284787,1377233523.0
608,India,2021-09-29,23529.0,311.0,450.419,28.2,5.989,3.414,0.957604358911721,0.2578125,1.0,0.017617800053157155,0.18154812244342172,-0.5579007672762843,0.31428571428571433,0.5833333333333334,0.35,0.9583107742284787,1377233523.0
609,India,2021-09-30,26727.0,277.0,450.419,28.2,5.989,3.414,0.957604358911721,0.2578125,1.0,0.017617800053157155,0.18154812244342172,-0.5579007672762843,0.31428571428571433,0.5833333333333334,0.35,0.9583107742284787,1377233523.0
610,India,2021-10-01,24354.0,234.0,450.419,28.2,5.989,3.414,0.957604358911721,0.2578125,1.0,0.017617800053157155,0.18154812244342172,-0.5579007672762843,0.31428571428571433,0.5833333333333334,0.35,0.9583107742284787,1377233523.0
611,India,2021-10-02,22842.0,244.0,450.419,28.2,5.989,3.414,0.957604358911721,0.2578125,1.0,0.017617800053157155,0.18154812244342172,-0.5579007672762843,0.31428571428571433,0.5833333333333334,0.35,0.9583107742284787,1377233523.0
612,India,2021-10-03,20799.0,180.0,450.419,28.2,5.989,3.414,0.957604358911721,0.2578125,1.0,0.017617800053157155,0.18154812244342172,-0.5579007672762843,0.31428571428571433,0.5833333333333334,0.35,0.9583107742284787,1377233523.0
613,India,2021-10-04,18346.0,263.0,450.419,28.2,5.989,3.414,0.957604358911721,0.2578125,1.0,0.017617800053157155,0.18154812244342172,-0.5579007672762843,0.31428571428571433,0.5833333333333334,0.35,0.9583107742284787,1377233523.0
614,India,2021-10-05,18833.0,278.0,450.419,28.2,5.989,3.414,0.957604358911721,0.2578125,1.0,0.017617800053157155,0.18154812244342172,-0.5579007672762843,0.31428571428571433,0.5833333333333334,0.35,0.9583107742284787,1377233523.0
615,India,2021-10-06,22431.0,318.0,450.419,28.2,5.989,3.414,0.957604358911721,0.2578125,1.0,0.017617800053157155,0.18154812244342172,-0.5579007672762843,0.31428571428571433,0.5833333333333334,0.35,0.9583107742284787,1377233523.0
616,India,2021-10-07,21257.0,271.0,450.419,28.2,5.989,3.414,0.957604358911721,0.2578125,1.0,0.017617800053157155,0.18154812244342172,-0.5579007672762843,0.31428571428571433,0.5833333333333334,0.35,0.9583107742284787,1377233523.0
617,India,2021-10-08,19740.0,248.0,450.419,28.2,5.989,3.414,0.957604358911721,0.2578125,1.0,0.017617800053157155,0.18154812244342172,-0.5579007672762843,0.31428571428571433,0.5833333333333334,0.35,0.9583107742284787,1377233523.0
618,India,2021-10-09,18166.0,214.0,450.419,28.2,5.989,3.414,0.957604358911721,0.2578125,1.0,0.017617800053157155,0.18154812244342172,-0.5579007672762843,0.31428571428571433,0.5833333333333334,0.35,0.9583107742284787,1377233523.0
619,India,2021-10-10,18132.0,193.0,450.419,28.2,5.989,3.414,0.957604358911721,0.2578125,1.0,0.017617800053157155,0.18154812244342172,-0.5579007672762843,0.31428571428571433,0.5833333333333334,0.35,0.9583107742284787,1377233523.0
620,India,2021-10-11,14313.0,181.0,450.419,28.2,5.989,3.414,0.957604358911721,0.2578125,1.0,0.017617800053157155,0.18154812244342172,-0.5579007672762843,0.31428571428571433,0.5833333333333334,0.35,0.9583107742284787,1377233523.0
621,India,2021-10-12,15823.0,226.0,450.419,28.2,5.989,3.414,0.957604358911721,0.2578125,1.0,0.017617800053157155,0.18154812244342172,-0.5579007672762843,0.31428571428571433,0.5833333333333334,0.35,0.9583107742284787,1377233523.0
622,India,2021-10-13,18987.0,246.0,450.419,28.2,5.989,3.414,0.957604358911721,0.2578125,1.0,0.017617800053157155,0.18154812244342172,-0.5579007672762843,0.31428571428571433,0.5833333333333334,0.35,0.9583107742284787,1377233523.0
623,India,2021-10-14,16862.0,379.0,450.419,28.2,5.989,3.414,0.957604358911721,0.2578125,1.0,0.017617800053157155,0.18154812244342172,-0.5579007672762843,0.31428571428571433,0.5833333333333334,0.35,0.9583107742284787,1377233523.0
624,India,2021-10-15,15981.0,166.0,450.419,28.2,5.989,3.414,0.957604358911721,0.2578125,1.0,0.017617800053157155,0.18154812244342172,-0.5579007672762843,0.31428571428571433,0.5833333333333334,0.35,0.9583107742284787,1377233523.0
625,India,2021-10-16,14146.0,144.0,450.419,28.2,5.989,3.414,0.957604358911721,0.2578125,1.0,0.017617800053157155,0.18154812244342172,-0.5579007672762843,0.31428571428571433,0.5833333333333334,0.35,0.9583107742284787,1377233523.0
626,India,2021-10-17,13596.0,166.0,450.419,28.2,5.989,3.414,0.957604358911721,0.2578125,1.0,0.017617800053157155,0.18154812244342172,-0.5579007672762843,0.31428571428571433,0.5833333333333334,0.35,0.9583107742284787,1377233523.0
627,India,2021-10-18,13058.0,164.0,450.419,28.2,5.989,3.414,0.957604358911721,0.2578125,1.0,0.017617800053157155,0.18154812244342172,-0.5579007672762843,0.31428571428571433,0.5833333333333334,0.35,0.9583107742284787,1377233523.0
628,India,2021-10-19,14623.0,197.0,450.419,28.2,5.989,3.414,0.957604358911721,0.2578125,1.0,0.017617800053157155,0.18154812244342172,-0.5579007672762843,0.31428571428571433,0.5833333333333334,0.35,0.9583107742284787,1377233523.0
629,India,2021-10-20,18454.0,160.0,450.419,28.2,5.989,3.414,0.957604358911721,0.2578125,1.0,0.017617800053157155,0.18154812244342172,-0.5579007672762843,0.31428571428571433,0.5833333333333334,0.35,0.9583107742284787,1377233523.0
630,India,2021-10-21,15786.0,231.0,450.419,28.2,5.989,3.414,0.957604358911721,0.2578125,1.0,0.017617800053157155,0.18154812244342172,-0.5579007672762843,0.31428571428571433,0.5833333333333334,0.35,0.9583107742284787,1377233523.0
631,India,2021-10-22,16326.0,666.0,450.419,28.2,5.989,3.414,0.957604358911721,0.2578125,1.0,0.017617800053157155,0.18154812244342172,-0.5579007672762843,0.31428571428571433,0.5833333333333334,0.35,0.9583107742284787,1377233523.0
632,India,2021-10-23,15906.0,561.0,450.419,28.2,5.989,3.414,0.957604358911721,0.2578125,1.0,0.017617800053157155,0.18154812244342172,-0.5579007672762843,0.31428571428571433,0.5833333333333334,0.35,0.9583107742284787,1377233523.0
633,India,2021-10-24,14306.0,443.0,450.419,28.2,5.989,3.414,0.957604358911721,0.2578125,1.0,0.017617800053157155,0.18154812244342172,-0.5579007672762843,0.31428571428571433,0.5833333333333334,0.35,0.9583107742284787,1377233523.0
634,India,2021-10-25,12428.0,356.0,450.419,28.2,5.989,3.414,0.957604358911721,0.2578125,1.0,0.017617800053157155,0.18154812244342172,-0.5579007672762843,0.31428571428571433,0.5833333333333334,0.35,0.9583107742284787,1377233523.0
635,India,2021-10-26,13451.0,585.0,450.419,28.2,5.989,3.414,0.957604358911721,0.2578125,1.0,0.017617800053157155,0.18154812244342172,-0.5579007672762843,0.31428571428571433,0.5833333333333334,0.35,0.9583107742284787,1377233523.0
636,India,2021-10-27,16156.0,733.0,450.419,28.2,5.989,3.414,0.957604358911721,0.2578125,1.0,0.017617800053157155,0.18154812244342172,-0.5579007672762843,0.31428571428571433,0.5833333333333334,0.35,0.9583107742284787,1377233523.0
637,India,2021-10-28,14348.0,805.0,450.419,28.2,5.989,3.414,0.957604358911721,0.2578125,1.0,0.017617800053157155,0.18154812244342172,-0.5579007672762843,0.31428571428571433,0.5833333333333334,0.35,0.9583107742284787,1377233523.0
638,India,2021-10-29,14313.0,549.0,450.419,28.2,5.989,3.414,0.957604358911721,0.2578125,1.0,0.017617800053157155,0.18154812244342172,-0.5579007672762843,0.31428571428571433,0.5833333333333334,0.35,0.9583107742284787,1377233523.0
639,India,2021-10-30,12830.0,446.0,450.419,28.2,5.989,3.414,0.957604358911721,0.2578125,1.0,0.017617800053157155,0.18154812244342172,-0.5579007672762843,0.31428571428571433,0.5833333333333334,0.35,0.9583107742284787,1377233523.0
640,India,2021-10-31,12514.0,251.0,450.419,28.2,5.989,3.414,0.957604358911721,0.2578125,1.0,0.017617800053157155,0.18154812244342172,-0.5579007672762843,0.31428571428571433,0.5833333333333334,0.35,0.9583107742284787,1377233523.0
641,India,2021-11-01,10423.0,443.0,450.419,28.2,5.989,3.414,0.957604358911721,0.2578125,1.0,0.017617800053157155,0.18154812244342172,-0.5579007672762843,0.31428571428571433,0.5833333333333334,0.35,0.9583107742284787,1377233523.0
642,India,2021-11-02,11903.0,311.0,450.419,28.2,5.989,3.414,0.957604358911721,0.2578125,1.0,0.017617800053157155,0.18154812244342172,-0.5579007672762843,0.31428571428571433,0.5833333333333334,0.35,0.9583107742284787,1377233523.0
643,India,2021-11-03,12885.0,461.0,450.419,28.2,5.989,3.414,0.957604358911721,0.2578125,1.0,0.017617800053157155,0.18154812244342172,-0.5579007672762843,0.31428571428571433,0.5833333333333334,0.35,0.9583107742284787,1377233523.0
644,India,2021-11-04,12729.0,221.0,450.419,28.2,5.989,3.414,0.957604358911721,0.2578125,1.0,0.017617800053157155,0.18154812244342172,-0.5579007672762843,0.31428571428571433,0.5833333333333334,0.35,0.9583107742284787,1377233523.0
645,India,2021-11-05,10929.0,392.0,450.419,28.2,5.989,3.414,0.957604358911721,0.2578125,1.0,0.017617800053157155,0.18154812244342172,-0.5579007672762843,0.31428571428571433,0.5833333333333334,0.35,0.9583107742284787,1377233523.0
646,India,2021-11-06,10826.0,526.0,450.419,28.2,5.989,3.414,0.957604358911721,0.2578125,1.0,0.017617800053157155,0.18154812244342172,-0.5579007672762843,0.31428571428571433,0.5833333333333334,0.35,0.9583107742284787,1377233523.0
647,India,2021-11-07,11478.0,266.0,450.419,28.2,5.989,3.414,0.957604358911721,0.2578125,1.0,0.017617800053157155,0.18154812244342172,-0.5579007672762843,0.31428571428571433,0.5833333333333334,0.35,0.9583107742284787,1377233523.0
648,India,2021-11-08,10126.0,332.0,450.419,28.2,5.989,3.414,0.957604358911721,0.2578125,1.0,0.017617800053157155,0.18154812244342172,-0.5579007672762843,0.31428571428571433,0.5833333333333334,0.35,0.9583107742284787,1377233523.0
649,India,2021-11-09,11466.0,460.0,450.419,28.2,5.989,3.414,0.957604358911721,0.2578125,1.0,0.017617800053157155,0.18154812244342172,-0.5579007672762843,0.31428571428571433,0.5833333333333334,0.35,0.9583107742284787,1377233523.0
650,India,2021-11-10,13091.0,340.0,450.419,28.2,5.989,3.414,0.957604358911721,0.2578125,1.0,0.017617800053157155,0.18154812244342172,-0.5579007672762843,0.31428571428571433,0.5833333333333334,0.35,0.9583107742284787,1377233523.0
651,India,2021-11-11,12516.0,501.0,450.419,28.2,5.989,3.414,0.957604358911721,0.2578125,1.0,0.017617800053157155,0.18154812244342172,-0.5579007672762843,0.31428571428571433,0.5833333333333334,0.35,0.9583107742284787,1377233523.0
652,India,2021-11-12,11850.0,555.0,450.419,28.2,5.989,3.414,0.957604358911721,0.2578125,1.0,0.017617800053157155,0.18154812244342172,-0.5579007672762843,0.31428571428571433,0.5833333333333334,0.35,0.9583107742284787,1377233523.0
653,India,2021-11-13,11271.0,285.0,450.419,28.2,5.989,3.414,0.957604358911721,0.2578125,1.0,0.017617800053157155,0.18154812244342172,-0.5579007672762843,0.31428571428571433,0.5833333333333334,0.35,0.9583107742284787,1377233523.0
654,India,2021-11-14,10229.0,125.0,450.419,28.2,5.989,3.414,0.957604358911721,0.2578125,1.0,0.017617800053157155,0.18154812244342172,-0.5579007672762843,0.31428571428571433,0.5833333333333334,0.35,0.9583107742284787,1377233523.0
655,India,2021-11-15,8865.0,197.0,450.419,28.2,5.989,3.414,0.957604358911721,0.2578125,1.0,0.017617800053157155,0.18154812244342172,-0.5579007672762843,0.31428571428571433,0.5833333333333334,0.35,0.9583107742284787,1377233523.0
656,India,2021-11-16,10197.0,301.0,450.419,28.2,5.989,3.414,0.957604358911721,0.2578125,1.0,0.017617800053157155,0.18154812244342172,-0.5579007672762843,0.31428571428571433,0.5833333333333334,0.35,0.9583107742284787,1377233523.0
657,India,2021-11-17,11919.0,470.0,450.419,28.2,5.989,3.414,0.957604358911721,0.2578125,1.0,0.017617800053157155,0.18154812244342172,-0.5579007672762843,0.31428571428571433,0.5833333333333334,0.35,0.9583107742284787,1377233523.0
658,India,2021-11-18,11106.0,459.0,450.419,28.2,5.989,3.414,0.957604358911721,0.2578125,1.0,0.017617800053157155,0.18154812244342172,-0.5579007672762843,0.31428571428571433,0.5833333333333334,0.35,0.9583107742284787,1377233523.0
659,India,2021-11-19,10302.0,267.0,450.419,28.2,5.989,3.414,0.957604358911721,0.2578125,1.0,0.017617800053157155,0.18154812244342172,-0.5579007672762843,0.31428571428571433,0.5833333333333334,0.35,0.9583107742284787,1377233523.0
660,India,2021-11-20,10488.0,313.0,450.419,28.2,5.989,3.414,0.957604358911721,0.2578125,1.0,0.017617800053157155,0.18154812244342172,-0.5579007672762843,0.31428571428571433,0.5833333333333334,0.35,0.9583107742284787,1377233523.0
661,India,2021-11-21,8488.0,249.0,450.419,28.2,5.989,3.414,0.957604358911721,0.2578125,1.0,0.017617800053157155,0.18154812244342172,-0.5579007672762843,0.31428571428571433,0.5833333333333334,0.35,0.9583107742284787,1377233523.0
662,India,2021-11-22,7579.0,236.0,450.419,28.2,5.989,3.414,0.957604358911721,0.2578125,1.0,0.017617800053157155,0.18154812244342172,-0.5579007672762843,0.31428571428571433,0.5833333333333334,0.35,0.9583107742284787,1377233523.0
663,India,2021-11-23,9283.0,437.0,450.419,28.2,5.989,3.414,0.957604358911721,0.2578125,1.0,0.017617800053157155,0.18154812244342172,-0.5579007672762843,0.31428571428571433,0.5833333333333334,0.35,0.9583107742284787,1377233523.0
664,India,2021-11-24,9119.0,396.0,450.419,28.2,5.989,3.414,0.957604358911721,0.2578125,1.0,0.017617800053157155,0.18154812244342172,-0.5579007672762843,0.31428571428571433,0.5833333333333334,0.35,0.9583107742284787,1377233523.0
665,India,2021-11-25,10549.0,488.0,450.419,28.2,5.989,3.414,0.957604358911721,0.2578125,1.0,0.017617800053157155,0.18154812244342172,-0.5579007672762843,0.31428571428571433,0.5833333333333334,0.35,0.9583107742284787,1377233523.0
666,India,2021-11-26,8318.0,465.0,450.419,28.2,5.989,3.414,0.957604358911721,0.2578125,1.0,0.017617800053157155,0.18154812244342172,-0.5579007672762843,0.31428571428571433,0.5833333333333334,0.35,0.9583107742284787,1377233523.0
667,India,2021-11-27,8774.0,621.0,450.419,28.2,5.989,3.414,0.957604358911721,0.2578125,1.0,0.017617800053157155,0.18154812244342172,-0.5579007672762843,0.31428571428571433,0.5833333333333334,0.35,0.9583107742284787,1377233523.0
668,India,2021-11-28,8309.0,236.0,450.419,28.2,5.989,3.414,0.957604358911721,0.2578125,1.0,0.017617800053157155,0.18154812244342172,-0.5579007672762843,0.31428571428571433,0.5833333333333334,0.35,0.9583107742284787,1377233523.0
669,India,2021-11-29,6990.0,190.0,450.419,28.2,5.989,3.414,0.957604358911721,0.2578125,1.0,0.017617800053157155,0.18154812244342172,-0.5579007672762843,0.31428571428571433,0.5833333333333334,0.35,0.9583107742284787,1377233523.0
670,India,2021-11-30,8954.0,267.0,450.419,28.2,5.989,3.414,0.957604358911721,0.2578125,1.0,0.017617800053157155,0.18154812244342172,-0.5579007672762843,0.31428571428571433,0.5833333333333334,0.35,0.9583107742284787,1377233523.0
671,India,2021-12-01,9765.0,477.0,450.419,28.2,5.989,3.414,0.957604358911721,0.2578125,1.0,0.017617800053157155,0.18154812244342172,-0.5579007672762843,0.31428571428571433,0.5833333333333334,0.35,0.9583107742284787,1377233523.0
672,India,2021-12-02,9216.0,391.0,450.419,28.2,5.989,3.414,0.957604358911721,0.2578125,1.0,0.017617800053157155,0.18154812244342172,-0.5579007672762843,0.31428571428571433,0.5833333333333334,0.35,0.9583107742284787,1377233523.0
673,India,2021-12-03,8603.0,415.0,450.419,28.2,5.989,3.414,0.957604358911721,0.2578125,1.0,0.017617800053157155,0.18154812244342172,-0.5579007672762843,0.31428571428571433,0.5833333333333334,0.35,0.9583107742284787,1377233523.0
674,India,2021-12-04,0.0,0.0,450.419,28.2,5.989,3.414,0.957604358911721,0.2578125,1.0,0.017617800053157155,0.18154812244342172,-0.5579007672762843,0.31428571428571433,0.5833333333333334,0.35,0.9583107742284787,1377233523.0
675,India,2021-12-05,17201.0,3007.0,450.419,28.2,5.989,3.414,0.957604358911721,0.2578125,1.0,0.017617800053157155,0.18154812244342172,-0.5579007672762843,0.31428571428571433,0.5833333333333334,0.35,0.9583107742284787,1377233523.0
676,India,2021-12-06,6822.0,220.0,450.419,28.2,5.989,3.414,0.957604358911721,0.2578125,1.0,0.017617800053157155,0.18154812244342172,-0.5579007672762843,0.31428571428571433,0.5833333333333334,0.35,0.9583107742284787,1377233523.0
677,India,2021-12-07,8439.0,195.0,450.419,28.2,5.989,3.414,0.957604358911721,0.2578125,1.0,0.017617800053157155,0.18154812244342172,-0.5579007672762843,0.31428571428571433,0.5833333333333334,0.35,0.9583107742284787,1377233523.0
678,India,2021-12-08,9419.0,159.0,450.419,28.2,5.989,3.414,0.957604358911721,0.2578125,1.0,0.017617800053157155,0.18154812244342172,-0.5579007672762843,0.31428571428571433,0.5833333333333334,0.35,0.9583107742284787,1377233523.0
679,India,2021-12-09,8402.0,368.0,450.419,28.2,5.989,3.414,0.957604358911721,0.2578125,1.0,0.017617800053157155,0.18154812244342172,-0.5579007672762843,0.31428571428571433,0.5833333333333334,0.35,0.9583107742284787,1377233523.0
680,India,2021-12-10,7990.0,393.0,450.419,28.2,5.989,3.414,0.957604358911721,0.2578125,1.0,0.017617800053157155,0.18154812244342172,-0.5579007672762843,0.31428571428571433,0.5833333333333334,0.35,0.9583107742284787,1377233523.0
681,India,2021-12-11,7877.0,562.0,450.419,28.2,5.989,3.414,0.957604358911721,0.2578125,1.0,0.017617800053157155,0.18154812244342172,-0.5579007672762843,0.31428571428571433,0.5833333333333334,0.35,0.9583107742284787,1377233523.0
682,India,2021-12-12,7350.0,202.0,450.419,28.2,5.989,3.414,0.957604358911721,0.2578125,1.0,0.017617800053157155,0.18154812244342172,-0.5579007672762843,0.31428571428571433,0.5833333333333334,0.35,0.9583107742284787,1377233523.0
683,India,2021-12-13,5784.0,252.0,450.419,28.2,5.989,3.414,0.957604358911721,0.2578125,1.0,0.017617800053157155,0.18154812244342172,-0.5579007672762843,0.31428571428571433,0.5833333333333334,0.35,0.9583107742284787,1377233523.0
684,India,2021-12-14,6984.0,247.0,450.419,28.2,5.989,3.414,0.957604358911721,0.2578125,1.0,0.017617800053157155,0.18154812244342172,-0.5579007672762843,0.31428571428571433,0.5833333333333334,0.35,0.9583107742284787,1377233523.0
685,India,2021-12-15,7974.0,343.0,450.419,28.2,5.989,3.414,0.957604358911721,0.2578125,1.0,0.017617800053157155,0.18154812244342172,-0.5579007672762843,0.31428571428571433,0.5833333333333334,0.35,0.9583107742284787,1377233523.0
686,India,2021-12-16,7447.0,391.0,450.419,28.2,5.989,3.414,0.957604358911721,0.2578125,1.0,0.017617800053157155,0.18154812244342172,-0.5579007672762843,0.31428571428571433,0.5833333333333334,0.35,0.9583107742284787,1377233523.0
687,India,2021-12-17,0.0,0.0,450.419,28.2,5.989,3.414,0.957604358911721,0.2578125,1.0,0.017617800053157155,0.18154812244342172,-0.5579007672762843,0.31428571428571433,0.5833333333333334,0.35,0.9583107742284787,1377233523.0
688,India,2021-12-18,7145.0,289.0,450.419,28.2,5.989,3.414,0.957604358911721,0.2578125,1.0,0.017617800053157155,0.18154812244342172,-0.5579007672762843,0.31428571428571433,0.5833333333333334,0.35,0.9583107742284787,1377233523.0
689,India,2021-12-19,13644.0,396.0,450.419,28.2,5.989,3.414,0.957604358911721,0.2578125,1.0,0.017617800053157155,0.18154812244342172,-0.5579007672762843,0.31428571428571433,0.5833333333333334,0.35,0.9583107742284787,1377233523.0
690,India,2021-12-20,5326.0,453.0,450.419,28.2,5.989,3.414,0.957604358911721,0.2578125,1.0,0.017617800053157155,0.18154812244342172,-0.5579007672762843,0.31428571428571433,0.5833333333333334,0.35,0.9583107742284787,1377233523.0
691,India,2021-12-21,6317.0,318.0,450.419,28.2,5.989,3.414,0.957604358911721,0.2578125,1.0,0.017617800053157155,0.18154812244342172,-0.5579007672762843,0.31428571428571433,0.5833333333333334,0.35,0.9583107742284787,1377233523.0
692,India,2021-12-22,7495.0,434.0,450.419,28.2,5.989,3.414,0.957604358911721,0.2578125,1.0,0.017617800053157155,0.18154812244342172,-0.5579007672762843,0.31428571428571433,0.5833333333333334,0.35,0.9583107742284787,1377233523.0
693,India,2021-12-23,6650.0,374.0,450.419,28.2,5.989,3.414,0.957604358911721,0.2578125,1.0,0.017617800053157155,0.18154812244342172,-0.5579007672762843,0.31428571428571433,0.5833333333333334,0.35,0.9583107742284787,1377233523.0
694,India,2021-12-24,7189.0,387.0,450.419,28.2,5.989,3.414,0.957604358911721,0.2578125,1.0,0.017617800053157155,0.18154812244342172,-0.5579007672762843,0.31428571428571433,0.5833333333333334,0.35,0.9583107742284787,1377233523.0
695,India,2021-12-25,6987.0,162.0,450.419,28.2,5.989,3.414,0.957604358911721,0.2578125,1.0,0.017617800053157155,0.18154812244342172,-0.5579007672762843,0.31428571428571433,0.5833333333333334,0.35,0.9583107742284787,1377233523.0
696,India,2021-12-26,6531.0,315.0,450.419,28.2,5.989,3.414,0.957604358911721,0.2578125,1.0,0.017617800053157155,0.18154812244342172,-0.5579007672762843,0.31428571428571433,0.5833333333333334,0.35,0.9583107742284787,1377233523.0
697,India,2021-12-27,6358.0,293.0,450.419,28.2,5.989,3.414,0.957604358911721,0.2578125,1.0,0.017617800053157155,0.18154812244342172,-0.5579007672762843,0.31428571428571433,0.5833333333333334,0.35,0.9583107742284787,1377233523.0
698,India,2021-12-28,9195.0,302.0,450.419,28.2,5.989,3.414,0.957604358911721,0.2578125,1.0,0.017617800053157155,0.18154812244342172,-0.5579007672762843,0.31428571428571433,0.5833333333333334,0.35,0.9583107742284787,1377233523.0
699,India,2021-12-29,13154.0,268.0,450.419,28.2,5.989,3.414,0.957604358911721,0.2578125,1.0,0.017617800053157155,0.18154812244342172,-0.5579007672762843,0.31428571428571433,0.5833333333333334,0.35,0.9583107742284787,1377233523.0
700,India,2021-12-30,16764.0,220.0,450.419,28.2,5.989,3.414,0.957604358911721,0.2578125,1.0,0.017617800053157155,0.18154812244342172,-0.5579007672762843,0.31428571428571433,0.5833333333333334,0.35,0.9583107742284787,1377233523.0
701,India,2021-12-31,22775.0,406.0,450.419,28.2,5.989,3.414,0.957604358911721,0.2578125,1.0,0.017617800053157155,0.18154812244342172,-0.5579007672762843,0.31428571428571433,0.5833333333333334,0.35,0.9583107742284787,1377233523.0
702,India,2022-01-01,27553.0,284.0,450.419,28.2,5.989,3.414,0.957604358911721,0.2578125,1.0,0.017617800053157155,0.18154812244342172,-0.5579007672762843,0.31428571428571433,0.5833333333333334,0.35,0.9583107742284787,1377233523.0
703,India,2022-01-02,33750.0,123.0,450.419,28.2,5.989,3.414,0.957604358911721,0.2578125,1.0,0.017617800053157155,0.18154812244342172,-0.5579007672762843,0.31428571428571433,0.5833333333333334,0.35,0.9583107742284787,1377233523.0
704,India,2022-01-03,37379.0,124.0,450.419,28.2,5.989,3.414,0.957604358911721,0.2578125,1.0,0.017617800053157155,0.18154812244342172,-0.5579007672762843,0.31428571428571433,0.5833333333333334,0.35,0.9583107742284787,1377233523.0
705,India,2022-01-04,58097.0,534.0,450.419,28.2,5.989,3.414,0.957604358911721,0.2578125,1.0,0.017617800053157155,0.18154812244342172,-0.5579007672762843,0.31428571428571433,0.5833333333333334,0.35,0.9583107742284787,1377233523.0
706,India,2022-01-05,90928.0,325.0,450.419,28.2,5.989,3.414,0.957604358911721,0.2578125,1.0,0.017617800053157155,0.18154812244342172,-0.5579007672762843,0.31428571428571433,0.5833333333333334,0.35,0.9583107742284787,1377233523.0
707,India,2022-01-06,117100.0,302.0,450.419,28.2,5.989,3.414,0.957604358911721,0.2578125,1.0,0.017617800053157155,0.18154812244342172,-0.5579007672762843,0.31428571428571433,0.5833333333333334,0.35,0.9583107742284787,1377233523.0
708,India,2022-01-07,141986.0,285.0,450.419,28.2,5.989,3.414,0.957604358911721,0.2578125,1.0,0.017617800053157155,0.18154812244342172,-0.5579007672762843,0.31428571428571433,0.5833333333333334,0.35,0.9583107742284787,1377233523.0
709,India,2022-01-08,159632.0,327.0,450.419,28.2,5.989,3.414,0.957604358911721,0.2578125,1.0,0.017617800053157155,0.18154812244342172,-0.5579007672762843,0.31428571428571433,0.5833333333333334,0.35,0.9583107742284787,1377233523.0
710,India,2022-01-09,179723.0,146.0,450.419,28.2,5.989,3.414,0.957604358911721,0.2578125,1.0,0.017617800053157155,0.18154812244342172,-0.5579007672762843,0.31428571428571433,0.5833333333333334,0.35,0.9583107742284787,1377233523.0
711,India,2022-01-10,168063.0,277.0,450.419,28.2,5.989,3.414,0.957604358911721,0.2578125,1.0,0.017617800053157155,0.18154812244342172,-0.5579007672762843,0.31428571428571433,0.5833333333333334,0.35,0.9583107742284787,1377233523.0
712,India,2022-01-11,194720.0,442.0,450.419,28.2,5.989,3.414,0.957604358911721,0.2578125,1.0,0.017617800053157155,0.18154812244342172,-0.5579007672762843,0.31428571428571433,0.5833333333333334,0.35,0.9583107742284787,1377233523.0
713,India,2022-01-12,247417.0,380.0,450.419,28.2,5.989,3.414,0.957604358911721,0.2578125,1.0,0.017617800053157155,0.18154812244342172,-0.5579007672762843,0.31428571428571433,0.5833333333333334,0.35,0.9583107742284787,1377233523.0
714,India,2022-01-13,264202.0,411.0,450.419,28.2,5.989,3.414,0.957604358911721,0.2578125,1.0,0.017617800053157155,0.18154812244342172,-0.5579007672762843,0.31428571428571433,0.5833333333333334,0.35,0.9583107742284787,1377233523.0
715,India,2022-01-14,268833.0,306.0,450.419,28.2,5.989,3.414,0.957604358911721,0.2578125,1.0,0.017617800053157155,0.18154812244342172,-0.5579007672762843,0.31428571428571433,0.5833333333333334,0.35,0.9583107742284787,1377233523.0
716,India,2022-01-15,271202.0,314.0,450.419,28.2,5.989,3.414,0.957604358911721,0.2578125,1.0,0.017617800053157155,0.18154812244342172,-0.5579007672762843,0.31428571428571433,0.5833333333333334,0.35,0.9583107742284787,1377233523.0
717,India,2022-01-16,258089.0,385.0,450.419,28.2,5.989,3.414,0.957604358911721,0.2578125,1.0,0.017617800053157155,0.18154812244342172,-0.5579007672762843,0.31428571428571433,0.5833333333333334,0.35,0.9583107742284787,1377233523.0
718,India,2022-01-17,238018.0,310.0,450.419,28.2,5.989,3.414,0.957604358911721,0.2578125,1.0,0.017617800053157155,0.18154812244342172,-0.5579007672762843,0.31428571428571433,0.5833333333333334,0.35,0.9583107742284787,1377233523.0
719,India,2022-01-18,282970.0,441.0,450.419,28.2,5.989,3.414,0.957604358911721,0.2578125,1.0,0.017617800053157155,0.18154812244342172,-0.5579007672762843,0.31428571428571433,0.5833333333333334,0.35,0.9583107742284787,1377233523.0
720,India,2022-01-19,317532.0,491.0,450.419,28.2,5.989,3.414,0.957604358911721,0.2578125,1.0,0.017617800053157155,0.18154812244342172,-0.5579007672762843,0.31428571428571433,0.5833333333333334,0.35,0.9583107742284787,1377233523.0
721,India,2022-01-20,347254.0,703.0,450.419,28.2,5.989,3.414,0.957604358911721,0.2578125,1.0,0.017617800053157155,0.18154812244342172,-0.5579007672762843,0.31428571428571433,0.5833333333333334,0.35,0.9583107742284787,1377233523.0
722,India,2022-01-21,337704.0,488.0,450.419,28.2,5.989,3.414,0.957604358911721,0.2578125,1.0,0.017617800053157155,0.18154812244342172,-0.5579007672762843,0.31428571428571433,0.5833333333333334,0.35,0.9583107742284787,1377233523.0
723,India,2022-01-22,333533.0,525.0,450.419,28.2,5.989,3.414,0.957604358911721,0.2578125,1.0,0.017617800053157155,0.18154812244342172,-0.5579007672762843,0.31428571428571433,0.5833333333333334,0.35,0.9583107742284787,1377233523.0
724,India,2022-01-23,306064.0,439.0,450.419,28.2,5.989,3.414,0.957604358911721,0.2578125,1.0,0.017617800053157155,0.18154812244342172,-0.5579007672762843,0.31428571428571433,0.5833333333333334,0.35,0.9583107742284787,1377233523.0
725,India,2022-01-24,255874.0,614.0,450.419,28.2,5.989,3.414,0.957604358911721,0.2578125,1.0,0.017617800053157155,0.18154812244342172,-0.5579007672762843,0.31428571428571433,0.5833333333333334,0.35,0.9583107742284787,1377233523.0
726,India,2022-01-25,285914.0,665.0,450.419,28.2,5.989,3.414,0.957604358911721,0.2578125,1.0,0.017617800053157155,0.18154812244342172,-0.5579007672762843,0.31428571428571433,0.5833333333333334,0.35,0.9583107742284787,1377233523.0
727,India,2022-01-26,286384.0,573.0,450.419,28.2,5.989,3.414,0.957604358911721,0.2578125,1.0,0.017617800053157155,0.18154812244342172,-0.5579007672762843,0.31428571428571433,0.5833333333333334,0.35,0.9583107742284787,1377233523.0
728,India,2022-01-27,251209.0,627.0,450.419,28.2,5.989,3.414,0.957604358911721,0.2578125,1.0,0.017617800053157155,0.18154812244342172,-0.5579007672762843,0.31428571428571433,0.5833333333333334,0.35,0.9583107742284787,1377233523.0
729,India,2022-01-28,235532.0,871.0,450.419,28.2,5.989,3.414,0.957604358911721,0.2578125,1.0,0.017617800053157155,0.18154812244342172,-0.5579007672762843,0.31428571428571433,0.5833333333333334,0.35,0.9583107742284787,1377233523.0
730,India,2022-01-29,234281.0,893.0,450.419,28.2,5.989,3.414,0.957604358911721,0.2578125,1.0,0.017617800053157155,0.18154812244342172,-0.5579007672762843,0.31428571428571433,0.5833333333333334,0.35,0.9583107742284787,1377233523.0
731,India,2022-01-30,209918.0,959.0,450.419,28.2,5.989,3.414,0.957604358911721,0.2578125,1.0,0.017617800053157155,0.18154812244342172,-0.5579007672762843,0.31428571428571433,0.5833333333333334,0.35,0.9583107742284787,1377233523.0
732,India,2022-01-31,167059.0,1192.0,450.419,28.2,5.989,3.414,0.957604358911721,0.2578125,1.0,0.017617800053157155,0.18154812244342172,-0.5579007672762843,0.31428571428571433,0.5833333333333334,0.35,0.9583107742284787,1377233523.0
733,India,2022-02-01,161386.0,1733.0,450.419,28.2,5.989,3.414,0.957604358911721,0.2578125,1.0,0.017617800053157155,0.18154812244342172,-0.5579007672762843,0.31428571428571433,0.5833333333333334,0.35,0.9583107742284787,1377233523.0
734,India,2022-02-02,172433.0,1008.0,450.419,28.2,5.989,3.414,0.957604358911721,0.2578125,1.0,0.017617800053157155,0.18154812244342172,-0.5579007672762843,0.31428571428571433,0.5833333333333334,0.35,0.9583107742284787,1377233523.0
735,India,2022-02-03,149394.0,1072.0,450.419,28.2,5.989,3.414,0.957604358911721,0.2578125,1.0,0.017617800053157155,0.18154812244342172,-0.5579007672762843,0.31428571428571433,0.5833333333333334,0.35,0.9583107742284787,1377233523.0
736,India,2022-02-04,127952.0,1059.0,450.419,28.2,5.989,3.414,0.957604358911721,0.2578125,1.0,0.017617800053157155,0.18154812244342172,-0.5579007672762843,0.31428571428571433,0.5833333333333334,0.35,0.9583107742284787,1377233523.0
737,India,2022-02-05,107474.0,865.0,450.419,28.2,5.989,3.414,0.957604358911721,0.2578125,1.0,0.017617800053157155,0.18154812244342172,-0.5579007672762843,0.31428571428571433,0.5833333333333334,0.35,0.9583107742284787,1377233523.0
738,India,2022-02-06,83876.0,895.0,450.419,28.2,5.989,3.414,0.957604358911721,0.2578125,1.0,0.017617800053157155,0.18154812244342172,-0.5579007672762843,0.31428571428571433,0.5833333333333334,0.35,0.9583107742284787,1377233523.0
739,India,2022-02-07,67597.0,1188.0,450.419,28.2,5.989,3.414,0.957604358911721,0.2578125,1.0,0.017617800053157155,0.18154812244342172,-0.5579007672762843,0.31428571428571433,0.5833333333333334,0.35,0.9583107742284787,1377233523.0
740,India,2022-02-08,71365.0,1217.0,450.419,28.2,5.989,3.414,0.957604358911721,0.2578125,1.0,0.017617800053157155,0.18154812244342172,-0.5579007672762843,0.31428571428571433,0.5833333333333334,0.35,0.9583107742284787,1377233523.0
741,India,2022-02-09,67084.0,1241.0,450.419,28.2,5.989,3.414,0.957604358911721,0.2578125,1.0,0.017617800053157155,0.18154812244342172,-0.5579007672762843,0.31428571428571433,0.5833333333333334,0.35,0.9583107742284787,1377233523.0
742,India,2022-02-10,58077.0,657.0,450.419,28.2,5.989,3.414,0.957604358911721,0.2578125,1.0,0.017617800053157155,0.18154812244342172,-0.5579007672762843,0.31428571428571433,0.5833333333333334,0.35,0.9583107742284787,1377233523.0
743,India,2022-02-11,50407.0,804.0,450.419,28.2,5.989,3.414,0.957604358911721,0.2578125,1.0,0.017617800053157155,0.18154812244342172,-0.5579007672762843,0.31428571428571433,0.5833333333333334,0.35,0.9583107742284787,1377233523.0
744,India,2022-02-12,44877.0,684.0,450.419,28.2,5.989,3.414,0.957604358911721,0.2578125,1.0,0.017617800053157155,0.18154812244342172,-0.5579007672762843,0.31428571428571433,0.5833333333333334,0.35,0.9583107742284787,1377233523.0
745,India,2022-02-13,34113.0,346.0,450.419,28.2,5.989,3.414,0.957604358911721,0.2578125,1.0,0.017617800053157155,0.18154812244342172,-0.5579007672762843,0.31428571428571433,0.5833333333333334,0.35,0.9583107742284787,1377233523.0
746,India,2022-02-14,27409.0,347.0,450.419,28.2,5.989,3.414,0.957604358911721,0.2578125,1.0,0.017617800053157155,0.18154812244342172,-0.5579007672762843,0.31428571428571433,0.5833333333333334,0.35,0.9583107742284787,1377233523.0
747,India,2022-02-15,30615.0,514.0,450.419,28.2,5.989,3.414,0.957604358911721,0.2578125,1.0,0.017617800053157155,0.18154812244342172,-0.5579007672762843,0.31428571428571433,0.5833333333333334,0.35,0.9583107742284787,1377233523.0
748,India,2022-02-16,30757.0,541.0,450.419,28.2,5.989,3.414,0.957604358911721,0.2578125,1.0,0.017617800053157155,0.18154812244342172,-0.5579007672762843,0.31428571428571433,0.5833333333333334,0.35,0.9583107742284787,1377233523.0
749,India,2022-02-17,25920.0,492.0,450.419,28.2,5.989,3.414,0.957604358911721,0.2578125,1.0,0.017617800053157155,0.18154812244342172,-0.5579007672762843,0.31428571428571433,0.5833333333333334,0.35,0.9583107742284787,1377233523.0
750,India,2022-02-18,22270.0,325.0,450.419,28.2,5.989,3.414,0.957604358911721,0.2578125,1.0,0.017617800053157155,0.18154812244342172,-0.5579007672762843,0.31428571428571433,0.5833333333333334,0.35,0.9583107742284787,1377233523.0
751,India,2022-02-19,19968.0,673.0,450.419,28.2,5.989,3.414,0.957604358911721,0.2578125,1.0,0.017617800053157155,0.18154812244342172,-0.5579007672762843,0.31428571428571433,0.5833333333333334,0.35,0.9583107742284787,1377233523.0
752,India,2022-02-20,16051.0,206.0,450.419,28.2,5.989,3.414,0.957604358911721,0.2578125,1.0,0.017617800053157155,0.18154812244342172,-0.5579007672762843,0.31428571428571433,0.5833333333333334,0.35,0.9583107742284787,1377233523.0
753,India,2022-02-21,13405.0,235.0,450.419,28.2,5.989,3.414,0.957604358911721,0.2578125,1.0,0.017617800053157155,0.18154812244342172,-0.5579007672762843,0.31428571428571433,0.5833333333333334,0.35,0.9583107742284787,1377233523.0
754,India,2022-02-22,15102.0,278.0,450.419,28.2,5.989,3.414,0.957604358911721,0.2578125,1.0,0.017617800053157155,0.18154812244342172,-0.5579007672762843,0.31428571428571433,0.5833333333333334,0.35,0.9583107742284787,1377233523.0
755,India,2022-02-23,14148.0,302.0,450.419,28.2,5.989,3.414,0.957604358911721,0.2578125,1.0,0.017617800053157155,0.18154812244342172,-0.5579007672762843,0.31428571428571433,0.5833333333333334,0.35,0.9583107742284787,1377233523.0
756,India,2022-02-24,13166.0,302.0,450.419,28.2,5.989,3.414,0.957604358911721,0.2578125,1.0,0.017617800053157155,0.18154812244342172,-0.5579007672762843,0.31428571428571433,0.5833333333333334,0.35,0.9583107742284787,1377233523.0
757,India,2022-02-25,11499.0,255.0,450.419,28.2,5.989,3.414,0.957604358911721,0.2578125,1.0,0.017617800053157155,0.18154812244342172,-0.5579007672762843,0.31428571428571433,0.5833333333333334,0.35,0.9583107742284787,1377233523.0
758,India,2022-02-26,10273.0,243.0,450.419,28.2,5.989,3.414,0.957604358911721,0.2578125,1.0,0.017617800053157155,0.18154812244342172,-0.5579007672762843,0.31428571428571433,0.5833333333333334,0.35,0.9583107742284787,1377233523.0
759,India,2022-02-27,8013.0,119.0,450.419,28.2,5.989,3.414,0.957604358911721,0.2578125,1.0,0.017617800053157155,0.18154812244342172,-0.5579007672762843,0.31428571428571433,0.5833333333333334,0.35,0.9583107742284787,1377233523.0
760,India,2022-02-28,6915.0,180.0,450.419,28.2,5.989,3.414,0.957604358911721,0.2578125,1.0,0.017617800053157155,0.18154812244342172,-0.5579007672762843,0.31428571428571433,0.5833333333333334,0.35,0.9583107742284787,1377233523.0
761,India,2022-03-01,7554.0,223.0,450.419,28.2,5.989,3.414,0.957604358911721,0.2578125,1.0,0.017617800053157155,0.18154812244342172,-0.5579007672762843,0.31428571428571433,0.5833333333333334,0.35,0.9583107742284787,1377233523.0
762,India,2022-03-02,6561.0,142.0,450.419,28.2,5.989,3.414,0.957604358911721,0.2578125,1.0,0.017617800053157155,0.18154812244342172,-0.5579007672762843,0.31428571428571433,0.5833333333333334,0.35,0.9583107742284787,1377233523.0
763,India,2022-03-03,6396.0,201.0,450.419,28.2,5.989,3.414,0.957604358911721,0.2578125,1.0,0.017617800053157155,0.18154812244342172,-0.5579007672762843,0.31428571428571433,0.5833333333333334,0.35,0.9583107742284787,1377233523.0
764,India,2022-03-04,5921.0,289.0,450.419,28.2,5.989,3.414,0.957604358911721,0.2578125,1.0,0.017617800053157155,0.18154812244342172,-0.5579007672762843,0.31428571428571433,0.5833333333333334,0.35,0.9583107742284787,1377233523.0
765,India,2022-03-05,5476.0,158.0,450.419,28.2,5.989,3.414,0.957604358911721,0.2578125,1.0,0.017617800053157155,0.18154812244342172,-0.5579007672762843,0.31428571428571433,0.5833333333333334,0.35,0.9583107742284787,1377233523.0
766,India,2022-03-06,4362.0,66.0,450.419,28.2,5.989,3.414,0.957604358911721,0.2578125,1.0,0.017617800053157155,0.18154812244342172,-0.5579007672762843,0.31428571428571433,0.5833333333333334,0.35,0.9583107742284787,1377233523.0
767,India,2022-03-07,3993.0,108.0,450.419,28.2,5.989,3.414,0.957604358911721,0.2578125,1.0,0.017617800053157155,0.18154812244342172,-0.5579007672762843,0.31428571428571433,0.5833333333333334,0.35,0.9583107742284787,1377233523.0
768,India,2022-03-08,4575.0,145.0,450.419,28.2,5.989,3.414,0.957604358911721,0.2578125,1.0,0.017617800053157155,0.18154812244342172,-0.5579007672762843,0.31428571428571433,0.5833333333333334,0.35,0.9583107742284787,1377233523.0
769,India,2022-03-09,4184.0,104.0,450.419,28.2,5.989,3.414,0.957604358911721,0.2578125,1.0,0.017617800053157155,0.18154812244342172,-0.5579007672762843,0.31428571428571433,0.5833333333333334,0.35,0.9583107742284787,1377233523.0
770,India,2022-03-10,4194.0,255.0,450.419,28.2,5.989,3.414,0.957604358911721,0.2578125,1.0,0.017617800053157155,0.18154812244342172,-0.5579007672762843,0.31428571428571433,0.5833333333333334,0.35,0.9583107742284787,1377233523.0
771,India,2022-03-11,3614.0,89.0,450.419,28.2,5.989,3.414,0.957604358911721,0.2578125,1.0,0.017617800053157155,0.18154812244342172,-0.5579007672762843,0.31428571428571433,0.5833333333333334,0.35,0.9583107742284787,1377233523.0
772,India,2022-03-12,3116.0,47.0,450.419,28.2,5.989,3.414,0.957604358911721,0.2578125,1.0,0.017617800053157155,0.18154812244342172,-0.5579007672762843,0.31428571428571433,0.5833333333333334,0.35,0.9583107742284787,1377233523.0
773,India,2022-03-13,2503.0,27.0,450.419,28.2,5.989,3.414,0.957604358911721,0.2578125,1.0,0.017617800053157155,0.18154812244342172,-0.5579007672762843,0.31428571428571433,0.5833333333333334,0.35,0.9583107742284787,1377233523.0
774,India,2022-03-14,2568.0,97.0,450.419,28.2,5.989,3.414,0.957604358911721,0.2578125,1.0,0.017617800053157155,0.18154812244342172,-0.5579007672762843,0.31428571428571433,0.5833333333333334,0.35,0.9583107742284787,1377233523.0
775,India,2022-03-15,2876.0,98.0,450.419,28.2,5.989,3.414,0.957604358911721,0.2578125,1.0,0.017617800053157155,0.18154812244342172,-0.5579007672762843,0.31428571428571433,0.5833333333333334,0.35,0.9583107742284787,1377233523.0
776,India,2022-03-16,2539.0,60.0,450.419,28.2,5.989,3.414,0.957604358911721,0.2578125,1.0,0.017617800053157155,0.18154812244342172,-0.5579007672762843,0.31428571428571433,0.5833333333333334,0.35,0.9583107742284787,1377233523.0
777,India,2022-03-17,2528.0,149.0,450.419,28.2,5.989,3.414,0.957604358911721,0.2578125,1.0,0.017617800053157155,0.18154812244342172,-0.5579007672762843,0.31428571428571433,0.5833333333333334,0.35,0.9583107742284787,1377233523.0
778,India,2022-03-18,2075.0,71.0,450.419,28.2,5.989,3.414,0.957604358911721,0.2578125,1.0,0.017617800053157155,0.18154812244342172,-0.5579007672762843,0.31428571428571433,0.5833333333333334,0.35,0.9583107742284787,1377233523.0
779,India,2022-03-19,1761.0,127.0,450.419,28.2,5.989,3.414,0.957604358911721,0.2578125,1.0,0.017617800053157155,0.18154812244342172,-0.5579007672762843,0.31428571428571433,0.5833333333333334,0.35,0.9583107742284787,1377233523.0
780,India,2022-03-20,1549.0,31.0,450.419,28.2,5.989,3.414,0.957604358911721,0.2578125,1.0,0.017617800053157155,0.18154812244342172,-0.5579007672762843,0.31428571428571433,0.5833333333333334,0.35,0.9583107742284787,1377233523.0
781,India,2022-03-21,1581.0,33.0,450.419,28.2,5.989,3.414,0.957604358911721,0.2578125,1.0,0.017617800053157155,0.18154812244342172,-0.5579007672762843,0.31428571428571433,0.5833333333333334,0.35,0.9583107742284787,1377233523.0
782,India,2022-03-22,1778.0,62.0,450.419,28.2,5.989,3.414,0.957604358911721,0.2578125,1.0,0.017617800053157155,0.18154812244342172,-0.5579007672762843,0.31428571428571433,0.5833333333333334,0.35,0.9583107742284787,1377233523.0
783,India,2022-03-23,1938.0,67.0,450.419,28.2,5.989,3.414,0.957604358911721,0.2578125,1.0,0.017617800053157155,0.18154812244342172,-0.5579007672762843,0.31428571428571433,0.5833333333333334,0.35,0.9583107742284787,1377233523.0
784,India,2022-03-24,1685.0,83.0,450.419,28.2,5.989,3.414,0.957604358911721,0.2578125,1.0,0.017617800053157155,0.18154812244342172,-0.5579007672762843,0.31428571428571433,0.5833333333333334,0.35,0.9583107742284787,1377233523.0
785,India,2022-03-25,1660.0,4100.0,450.419,28.2,5.989,3.414,0.957604358911721,0.2578125,1.0,0.017617800053157155,0.18154812244342172,-0.5579007672762843,0.31428571428571433,0.5833333333333334,0.35,0.9583107742284787,1377233523.0
786,India,2022-03-26,1421.0,149.0,450.419,28.2,5.989,3.414,0.957604358911721,0.2578125,1.0,0.017617800053157155,0.18154812244342172,-0.5579007672762843,0.31428571428571433,0.5833333333333334,0.35,0.9583107742284787,1377233523.0
787,India,2022-03-27,1270.0,31.0,450.419,28.2,5.989,3.414,0.957604358911721,0.2578125,1.0,0.017617800053157155,0.18154812244342172,-0.5579007672762843,0.31428571428571433,0.5833333333333334,0.35,0.9583107742284787,1377233523.0
788,India,2022-03-28,1259.0,35.0,450.419,28.2,5.989,3.414,0.957604358911721,0.2578125,1.0,0.017617800053157155,0.18154812244342172,-0.5579007672762843,0.31428571428571433,0.5833333333333334,0.35,0.9583107742284787,1377233523.0
789,India,2022-03-29,1233.0,31.0,450.419,28.2,5.989,3.414,0.957604358911721,0.2578125,1.0,0.017617800053157155,0.18154812244342172,-0.5579007672762843,0.31428571428571433,0.5833333333333334,0.35,0.9583107742284787,1377233523.0
790,India,2022-03-30,1225.0,28.0,450.419,28.2,5.989,3.414,0.957604358911721,0.2578125,1.0,0.017617800053157155,0.18154812244342172,-0.5579007672762843,0.31428571428571433,0.5833333333333334,0.35,0.9583107742284787,1377233523.0
791,India,2022-03-31,1335.0,52.0,450.419,28.2,5.989,3.414,0.957604358911721,0.2578125,1.0,0.017617800053157155,0.18154812244342172,-0.5579007672762843,0.31428571428571433,0.5833333333333334,0.35,0.9583107742284787,1377233523.0
792,India,2022-04-01,1260.0,83.0,450.419,28.2,5.989,3.414,0.957604358911721,0.2578125,1.0,0.017617800053157155,0.18154812244342172,-0.5579007672762843,0.31428571428571433,0.5833333333333334,0.35,0.9583107742284787,1377233523.0
793,India,2022-04-02,1096.0,81.0,450.419,28.2,5.989,3.414,0.957604358911721,0.2578125,1.0,0.017617800053157155,0.18154812244342172,-0.5579007672762843,0.31428571428571433,0.5833333333333334,0.35,0.9583107742284787,1377233523.0
794,India,2022-04-03,913.0,13.0,450.419,28.2,5.989,3.414,0.957604358911721,0.2578125,1.0,0.017617800053157155,0.18154812244342172,-0.5579007672762843,0.31428571428571433,0.5833333333333334,0.35,0.9583107742284787,1377233523.0
795,India,2022-04-04,795.0,58.0,450.419,28.2,5.989,3.414,0.957604358911721,0.2578125,1.0,0.017617800053157155,0.18154812244342172,-0.5579007672762843,0.31428571428571433,0.5833333333333334,0.35,0.9583107742284787,1377233523.0
796,India,2022-04-05,1086.0,71.0,450.419,28.2,5.989,3.414,0.957604358911721,0.2578125,1.0,0.017617800053157155,0.18154812244342172,-0.5579007672762843,0.31428571428571433,0.5833333333333334,0.35,0.9583107742284787,1377233523.0
797,India,2022-04-06,1033.0,43.0,450.419,28.2,5.989,3.414,0.957604358911721,0.2578125,1.0,0.017617800053157155,0.18154812244342172,-0.5579007672762843,0.31428571428571433,0.5833333333333334,0.35,0.9583107742284787,1377233523.0
798,India,2022-04-07,1109.0,43.0,450.419,28.2,5.989,3.414,0.957604358911721,0.2578125,1.0,0.017617800053157155,0.18154812244342172,-0.5579007672762843,0.31428571428571433,0.5833333333333334,0.35,0.9583107742284787,1377233523.0
799,India,2022-04-08,1150.0,83.0,450.419,28.2,5.989,3.414,0.957604358911721,0.2578125,1.0,0.017617800053157155,0.18154812244342172,-0.5579007672762843,0.31428571428571433,0.5833333333333334,0.35,0.9583107742284787,1377233523.0
800,India,2022-04-09,1054.0,29.0,450.419,28.2,5.989,3.414,0.957604358911721,0.2578125,1.0,0.017617800053157155,0.18154812244342172,-0.5579007672762843,0.31428571428571433,0.5833333333333334,0.35,0.9583107742284787,1377233523.0
801,India,2022-04-10,861.0,6.0,450.419,28.2,5.989,3.414,0.957604358911721,0.2578125,1.0,0.017617800053157155,0.18154812244342172,-0.5579007672762843,0.31428571428571433,0.5833333333333334,0.35,0.9583107742284787,1377233523.0
802,India,2022-04-11,796.0,19.0,450.419,28.2,5.989,3.414,0.957604358911721,0.2578125,1.0,0.017617800053157155,0.18154812244342172,-0.5579007672762843,0.31428571428571433,0.5833333333333334,0.35,0.9583107742284787,1377233523.0
803,India,2022-04-12,1088.0,26.0,450.419,28.2,5.989,3.414,0.957604358911721,0.2578125,1.0,0.017617800053157155,0.18154812244342172,-0.5579007672762843,0.31428571428571433,0.5833333333333334,0.35,0.9583107742284787,1377233523.0
804,India,2022-04-13,1007.0,1.0,450.419,28.2,5.989,3.414,0.957604358911721,0.2578125,1.0,0.017617800053157155,0.18154812244342172,-0.5579007672762843,0.31428571428571433,0.5833333333333334,0.35,0.9583107742284787,1377233523.0
805,India,2022-04-14,949.0,6.0,450.419,28.2,5.989,3.414,0.957604358911721,0.2578125,1.0,0.017617800053157155,0.18154812244342172,-0.5579007672762843,0.31428571428571433,0.5833333333333334,0.35,0.9583107742284787,1377233523.0
806,India,2022-04-15,975.0,4.0,450.419,28.2,5.989,3.414,0.957604358911721,0.2578125,1.0,0.017617800053157155,0.18154812244342172,-0.5579007672762843,0.31428571428571433,0.5833333333333334,0.35,0.9583107742284787,1377233523.0
807,India,2022-04-16,1150.0,4.0,450.419,28.2,5.989,3.414,0.957604358911721,0.2578125,1.0,0.017617800053157155,0.18154812244342172,-0.5579007672762843,0.31428571428571433,0.5833333333333334,0.35,0.9583107742284787,1377233523.0
808,India,2022-04-17,2183.0,214.0,450.419,28.2,5.989,3.414,0.957604358911721,0.2578125,1.0,0.017617800053157155,0.18154812244342172,-0.5579007672762843,0.31428571428571433,0.5833333333333334,0.35,0.9583107742284787,1377233523.0
809,India,2022-04-18,1247.0,1.0,450.419,28.2,5.989,3.414,0.957604358911721,0.2578125,1.0,0.017617800053157155,0.18154812244342172,-0.5579007672762843,0.31428571428571433,0.5833333333333334,0.35,0.9583107742284787,1377233523.0
810,India,2022-04-19,2067.0,40.0,450.419,28.2,5.989,3.414,0.957604358911721,0.2578125,1.0,0.017617800053157155,0.18154812244342172,-0.5579007672762843,0.31428571428571433,0.5833333333333334,0.35,0.9583107742284787,1377233523.0
811,India,2022-04-20,2380.0,56.0,450.419,28.2,5.989,3.414,0.957604358911721,0.2578125,1.0,0.017617800053157155,0.18154812244342172,-0.5579007672762843,0.31428571428571433,0.5833333333333334,0.35,0.9583107742284787,1377233523.0
812,India,2022-04-21,2451.0,54.0,450.419,28.2,5.989,3.414,0.957604358911721,0.2578125,1.0,0.017617800053157155,0.18154812244342172,-0.5579007672762843,0.31428571428571433,0.5833333333333334,0.35,0.9583107742284787,1377233523.0
813,India,2022-04-22,2527.0,33.0,450.419,28.2,5.989,3.414,0.957604358911721,0.2578125,1.0,0.017617800053157155,0.18154812244342172,-0.5579007672762843,0.31428571428571433,0.5833333333333334,0.35,0.9583107742284787,1377233523.0
814,India,2022-04-23,2593.0,44.0,450.419,28.2,5.989,3.414,0.957604358911721,0.2578125,1.0,0.017617800053157155,0.18154812244342172,-0.5579007672762843,0.31428571428571433,0.5833333333333334,0.35,0.9583107742284787,1377233523.0
815,India,2022-04-24,2541.0,30.0,450.419,28.2,5.989,3.414,0.957604358911721,0.2578125,1.0,0.017617800053157155,0.18154812244342172,-0.5579007672762843,0.31428571428571433,0.5833333333333334,0.35,0.9583107742284787,1377233523.0
816,India,2022-04-25,11.0,0.0,450.419,28.2,5.989,3.414,0.957604358911721,0.2578125,1.0,0.017617800053157155,0.18154812244342172,-0.5579007672762843,0.31428571428571433,0.5833333333333334,0.35,0.9583107742284787,1377233523.0
817,India,2022-04-26,5399.0,1431.0,450.419,28.2,5.989,3.414,0.957604358911721,0.2578125,1.0,0.017617800053157155,0.18154812244342172,-0.5579007672762843,0.31428571428571433,0.5833333333333334,0.35,0.9583107742284787,1377233523.0
818,India,2022-04-27,3303.0,39.0,450.419,28.2,5.989,3.414,0.957604358911721,0.2578125,1.0,0.017617800053157155,0.18154812244342172,-0.5579007672762843,0.31428571428571433,0.5833333333333334,0.35,0.9583107742284787,1377233523.0
819,India,2022-04-28,3377.0,60.0,450.419,28.2,5.989,3.414,0.957604358911721,0.2578125,1.0,0.017617800053157155,0.18154812244342172,-0.5579007672762843,0.31428571428571433,0.5833333333333334,0.35,0.9583107742284787,1377233523.0
820,India,2022-04-29,3688.0,50.0,450.419,28.2,5.989,3.414,0.957604358911721,0.2578125,1.0,0.017617800053157155,0.18154812244342172,-0.5579007672762843,0.31428571428571433,0.5833333333333334,0.35,0.9583107742284787,1377233523.0
821,India,2022-04-30,3324.0,40.0,450.419,28.2,5.989,3.414,0.957604358911721,0.2578125,1.0,0.017617800053157155,0.18154812244342172,-0.5579007672762843,0.31428571428571433,0.5833333333333334,0.35,0.9583107742284787,1377233523.0
822,India,2022-05-01,3157.0,26.0,450.419,28.2,5.989,3.414,0.957604358911721,0.2578125,1.0,0.017617800053157155,0.18154812244342172,-0.5579007672762843,0.31428571428571433,0.5833333333333334,0.35,0.9583107742284787,1377233523.0
823,India,2022-05-02,2568.0,20.0,450.419,28.2,5.989,3.414,0.957604358911721,0.2578125,1.0,0.017617800053157155,0.18154812244342172,-0.5579007672762843,0.31428571428571433,0.5833333333333334,0.35,0.9583107742284787,1377233523.0
824,India,2022-05-03,3205.0,31.0,450.419,28.2,5.989,3.414,0.957604358911721,0.2578125,1.0,0.017617800053157155,0.18154812244342172,-0.5579007672762843,0.31428571428571433,0.5833333333333334,0.35,0.9583107742284787,1377233523.0
825,India,2022-05-04,3275.0,55.0,450.419,28.2,5.989,3.414,0.957604358911721,0.2578125,1.0,0.017617800053157155,0.18154812244342172,-0.5579007672762843,0.31428571428571433,0.5833333333333334,0.35,0.9583107742284787,1377233523.0
826,India,2022-05-05,3545.0,27.0,450.419,28.2,5.989,3.414,0.957604358911721,0.2578125,1.0,0.017617800053157155,0.18154812244342172,-0.5579007672762843,0.31428571428571433,0.5833333333333334,0.35,0.9583107742284787,1377233523.0
827,India,2022-05-06,3805.0,22.0,450.419,28.2,5.989,3.414,0.957604358911721,0.2578125,1.0,0.017617800053157155,0.18154812244342172,-0.5579007672762843,0.31428571428571433,0.5833333333333334,0.35,0.9583107742284787,1377233523.0
828,India,2022-05-07,3451.0,40.0,450.419,28.2,5.989,3.414,0.957604358911721,0.2578125,1.0,0.017617800053157155,0.18154812244342172,-0.5579007672762843,0.31428571428571433,0.5833333333333334,0.35,0.9583107742284787,1377233523.0
829,India,2022-05-08,3207.0,29.0,450.419,28.2,5.989,3.414,0.957604358911721,0.2578125,1.0,0.017617800053157155,0.18154812244342172,-0.5579007672762843,0.31428571428571433,0.5833333333333334,0.35,0.9583107742284787,1377233523.0
830,India,2022-05-09,2288.0,10.0,450.419,28.2,5.989,3.414,0.957604358911721,0.2578125,1.0,0.017617800053157155,0.18154812244342172,-0.5579007672762843,0.31428571428571433,0.5833333333333334,0.35,0.9583107742284787,1377233523.0
831,India,2022-05-10,2897.0,54.0,450.419,28.2,5.989,3.414,0.957604358911721,0.2578125,1.0,0.017617800053157155,0.18154812244342172,-0.5579007672762843,0.31428571428571433,0.5833333333333334,0.35,0.9583107742284787,1377233523.0
832,India,2022-05-11,2827.0,24.0,450.419,28.2,5.989,3.414,0.957604358911721,0.2578125,1.0,0.017617800053157155,0.18154812244342172,-0.5579007672762843,0.31428571428571433,0.5833333333333334,0.35,0.9583107742284787,1377233523.0
833,India,2022-05-12,2841.0,9.0,450.419,28.2,5.989,3.414,0.957604358911721,0.2578125,1.0,0.017617800053157155,0.18154812244342172,-0.5579007672762843,0.31428571428571433,0.5833333333333334,0.35,0.9583107742284787,1377233523.0
834,India,2022-05-13,2858.0,11.0,450.419,28.2,5.989,3.414,0.957604358911721,0.2578125,1.0,0.017617800053157155,0.18154812244342172,-0.5579007672762843,0.31428571428571433,0.5833333333333334,0.35,0.9583107742284787,1377233523.0
835,India,2022-05-14,2487.0,13.0,450.419,28.2,5.989,3.414,0.957604358911721,0.2578125,1.0,0.017617800053157155,0.18154812244342172,-0.5579007672762843,0.31428571428571433,0.5833333333333334,0.35,0.9583107742284787,1377233523.0
836,India,2022-05-15,2202.0,27.0,450.419,28.2,5.989,3.414,0.957604358911721,0.2578125,1.0,0.017617800053157155,0.18154812244342172,-0.5579007672762843,0.31428571428571433,0.5833333333333334,0.35,0.9583107742284787,1377233523.0
837,India,2022-05-16,1569.0,19.0,450.419,28.2,5.989,3.414,0.957604358911721,0.2578125,1.0,0.017617800053157155,0.18154812244342172,-0.5579007672762843,0.31428571428571433,0.5833333333333334,0.35,0.9583107742284787,1377233523.0
838,India,2022-05-17,1829.0,33.0,450.419,28.2,5.989,3.414,0.957604358911721,0.2578125,1.0,0.017617800053157155,0.18154812244342172,-0.5579007672762843,0.31428571428571433,0.5833333333333334,0.35,0.9583107742284787,1377233523.0
839,India,2022-05-18,2364.0,10.0,450.419,28.2,5.989,3.414,0.957604358911721,0.2578125,1.0,0.017617800053157155,0.18154812244342172,-0.5579007672762843,0.31428571428571433,0.5833333333333334,0.35,0.9583107742284787,1377233523.0
840,India,2022-05-19,2259.0,20.0,450.419,28.2,5.989,3.414,0.957604358911721,0.2578125,1.0,0.017617800053157155,0.18154812244342172,-0.5579007672762843,0.31428571428571433,0.5833333333333334,0.35,0.9583107742284787,1377233523.0
841,India,2022-05-20,2323.0,25.0,450.419,28.2,5.989,3.414,0.957604358911721,0.2578125,1.0,0.017617800053157155,0.18154812244342172,-0.5579007672762843,0.31428571428571433,0.5833333333333334,0.35,0.9583107742284787,1377233523.0
842,India,2022-05-21,2226.0,65.0,450.419,28.2,5.989,3.414,0.957604358911721,0.2578125,1.0,0.017617800053157155,0.18154812244342172,-0.5579007672762843,0.31428571428571433,0.5833333333333334,0.35,0.9583107742284787,1377233523.0
843,India,2022-05-22,2022.0,46.0,450.419,28.2,5.989,3.414,0.957604358911721,0.2578125,1.0,0.017617800053157155,0.18154812244342172,-0.5579007672762843,0.31428571428571433,0.5833333333333334,0.35,0.9583107742284787,1377233523.0
844,India,2022-05-23,1675.0,31.0,450.419,28.2,5.989,3.414,0.957604358911721,0.2578125,1.0,0.017617800053157155,0.18154812244342172,-0.5579007672762843,0.31428571428571433,0.5833333333333334,0.35,0.9583107742284787,1377233523.0
845,India,2022-05-24,2124.0,17.0,450.419,28.2,5.989,3.414,0.957604358911721,0.2578125,1.0,0.017617800053157155,0.18154812244342172,-0.5579007672762843,0.31428571428571433,0.5833333333333334,0.35,0.9583107742284787,1377233523.0
846,India,2022-05-25,2628.0,18.0,450.419,28.2,5.989,3.414,0.957604358911721,0.2578125,1.0,0.017617800053157155,0.18154812244342172,-0.5579007672762843,0.31428571428571433,0.5833333333333334,0.35,0.9583107742284787,1377233523.0
847,India,2022-05-26,2710.0,14.0,450.419,28.2,5.989,3.414,0.957604358911721,0.2578125,1.0,0.017617800053157155,0.18154812244342172,-0.5579007672762843,0.31428571428571433,0.5833333333333334,0.35,0.9583107742284787,1377233523.0
848,India,2022-05-27,2685.0,33.0,450.419,28.2,5.989,3.414,0.957604358911721,0.2578125,1.0,0.017617800053157155,0.18154812244342172,-0.5579007672762843,0.31428571428571433,0.5833333333333334,0.35,0.9583107742284787,1377233523.0
849,India,2022-05-28,2828.0,14.0,450.419,28.2,5.989,3.414,0.957604358911721,0.2578125,1.0,0.017617800053157155,0.18154812244342172,-0.5579007672762843,0.31428571428571433,0.5833333333333334,0.35,0.9583107742284787,1377233523.0
850,India,2022-05-29,2706.0,25.0,450.419,28.2,5.989,3.414,0.957604358911721,0.2578125,1.0,0.017617800053157155,0.18154812244342172,-0.5579007672762843,0.31428571428571433,0.5833333333333334,0.35,0.9583107742284787,1377233523.0
851,India,2022-05-30,2338.0,19.0,450.419,28.2,5.989,3.414,0.957604358911721,0.2578125,1.0,0.017617800053157155,0.18154812244342172,-0.5579007672762843,0.31428571428571433,0.5833333333333334,0.35,0.9583107742284787,1377233523.0
852,India,2022-05-31,2745.0,6.0,450.419,28.2,5.989,3.414,0.957604358911721,0.2578125,1.0,0.017617800053157155,0.18154812244342172,-0.5579007672762843,0.31428571428571433,0.5833333333333334,0.35,0.9583107742284787,1377233523.0
853,India,2022-06-01,3712.0,5.0,450.419,28.2,5.989,3.414,0.957604358911721,0.2578125,1.0,0.017617800053157155,0.18154812244342172,-0.5579007672762843,0.31428571428571433,0.5833333333333334,0.35,0.9583107742284787,1377233523.0
854,India,2022-06-02,4041.0,10.0,450.419,28.2,5.989,3.414,0.957604358911721,0.2578125,1.0,0.017617800053157155,0.18154812244342172,-0.5579007672762843,0.31428571428571433,0.5833333333333334,0.35,0.9583107742284787,1377233523.0
855,India,2022-06-03,3962.0,26.0,450.419,28.2,5.989,3.414,0.957604358911721,0.2578125,1.0,0.017617800053157155,0.18154812244342172,-0.5579007672762843,0.31428571428571433,0.5833333333333334,0.35,0.9583107742284787,1377233523.0
856,India,2022-06-04,4270.0,15.0,450.419,28.2,5.989,3.414,0.957604358911721,0.2578125,1.0,0.017617800053157155,0.18154812244342172,-0.5579007672762843,0.31428571428571433,0.5833333333333334,0.35,0.9583107742284787,1377233523.0
857,India,2022-06-05,4518.0,9.0,450.419,28.2,5.989,3.414,0.957604358911721,0.2578125,1.0,0.017617800053157155,0.18154812244342172,-0.5579007672762843,0.31428571428571433,0.5833333333333334,0.35,0.9583107742284787,1377233523.0
858,India,2022-06-06,3714.0,7.0,450.419,28.2,5.989,3.414,0.957604358911721,0.2578125,1.0,0.017617800053157155,0.18154812244342172,-0.5579007672762843,0.31428571428571433,0.5833333333333334,0.35,0.9583107742284787,1377233523.0
859,India,2022-06-07,5233.0,7.0,450.419,28.2,5.989,3.414,0.957604358911721,0.2578125,1.0,0.017617800053157155,0.18154812244342172,-0.5579007672762843,0.31428571428571433,0.5833333333333334,0.35,0.9583107742284787,1377233523.0
860,India,2022-06-08,7240.0,8.0,450.419,28.2,5.989,3.414,0.957604358911721,0.2578125,1.0,0.017617800053157155,0.18154812244342172,-0.5579007672762843,0.31428571428571433,0.5833333333333334,0.35,0.9583107742284787,1377233523.0
861,India,2022-06-09,7584.0,24.0,450.419,28.2,5.989,3.414,0.957604358911721,0.2578125,1.0,0.017617800053157155,0.18154812244342172,-0.5579007672762843,0.31428571428571433,0.5833333333333334,0.35,0.9583107742284787,1377233523.0
862,India,2022-06-10,8329.0,10.0,450.419,28.2,5.989,3.414,0.957604358911721,0.2578125,1.0,0.017617800053157155,0.18154812244342172,-0.5579007672762843,0.31428571428571433,0.5833333333333334,0.35,0.9583107742284787,1377233523.0
863,India,2022-06-11,8582.0,4.0,450.419,28.2,5.989,3.414,0.957604358911721,0.2578125,1.0,0.017617800053157155,0.18154812244342172,-0.5579007672762843,0.31428571428571433,0.5833333333333334,0.35,0.9583107742284787,1377233523.0
864,India,2022-06-12,8084.0,10.0,450.419,28.2,5.989,3.414,0.957604358911721,0.2578125,1.0,0.017617800053157155,0.18154812244342172,-0.5579007672762843,0.31428571428571433,0.5833333333333334,0.35,0.9583107742284787,1377233523.0
865,India,2022-06-13,6594.0,6.0,450.419,28.2,5.989,3.414,0.957604358911721,0.2578125,1.0,0.017617800053157155,0.18154812244342172,-0.5579007672762843,0.31428571428571433,0.5833333333333334,0.35,0.9583107742284787,1377233523.0
866,India,2022-06-14,8822.0,15.0,450.419,28.2,5.989,3.414,0.957604358911721,0.2578125,1.0,0.017617800053157155,0.18154812244342172,-0.5579007672762843,0.31428571428571433,0.5833333333333334,0.35,0.9583107742284787,1377233523.0
867,India,2022-06-15,12213.0,11.0,450.419,28.2,5.989,3.414,0.957604358911721,0.2578125,1.0,0.017617800053157155,0.18154812244342172,-0.5579007672762843,0.31428571428571433,0.5833333333333334,0.35,0.9583107742284787,1377233523.0
868,India,2022-06-16,12847.0,14.0,450.419,28.2,5.989,3.414,0.957604358911721,0.2578125,1.0,0.017617800053157155,0.18154812244342172,-0.5579007672762843,0.31428571428571433,0.5833333333333334,0.35,0.9583107742284787,1377233523.0
869,India,2022-06-17,13216.0,23.0,450.419,28.2,5.989,3.414,0.957604358911721,0.2578125,1.0,0.017617800053157155,0.18154812244342172,-0.5579007672762843,0.31428571428571433,0.5833333333333334,0.35,0.9583107742284787,1377233523.0
870,India,2022-06-18,12899.0,15.0,450.419,28.2,5.989,3.414,0.957604358911721,0.2578125,1.0,0.017617800053157155,0.18154812244342172,-0.5579007672762843,0.31428571428571433,0.5833333333333334,0.35,0.9583107742284787,1377233523.0
871,India,2022-06-19,12781.0,18.0,450.419,28.2,5.989,3.414,0.957604358911721,0.2578125,1.0,0.017617800053157155,0.18154812244342172,-0.5579007672762843,0.31428571428571433,0.5833333333333334,0.35,0.9583107742284787,1377233523.0
872,India,2022-06-20,9923.0,17.0,450.419,28.2,5.989,3.414,0.957604358911721,0.2578125,1.0,0.017617800053157155,0.18154812244342172,-0.5579007672762843,0.31428571428571433,0.5833333333333334,0.35,0.9583107742284787,1377233523.0
873,India,2022-06-21,12249.0,13.0,450.419,28.2,5.989,3.414,0.957604358911721,0.2578125,1.0,0.017617800053157155,0.18154812244342172,-0.5579007672762843,0.31428571428571433,0.5833333333333334,0.35,0.9583107742284787,1377233523.0
874,India,2022-06-22,13313.0,38.0,450.419,28.2,5.989,3.414,0.957604358911721,0.2578125,1.0,0.017617800053157155,0.18154812244342172,-0.5579007672762843,0.31428571428571433,0.5833333333333334,0.35,0.9583107742284787,1377233523.0
875,India,2022-06-23,17336.0,13.0,450.419,28.2,5.989,3.414,0.957604358911721,0.2578125,1.0,0.017617800053157155,0.18154812244342172,-0.5579007672762843,0.31428571428571433,0.5833333333333334,0.35,0.9583107742284787,1377233523.0
876,India,2022-06-24,15940.0,20.0,450.419,28.2,5.989,3.414,0.957604358911721,0.2578125,1.0,0.017617800053157155,0.18154812244342172,-0.5579007672762843,0.31428571428571433,0.5833333333333334,0.35,0.9583107742284787,1377233523.0
877,India,2022-06-25,11739.0,25.0,450.419,28.2,5.989,3.414,0.957604358911721,0.2578125,1.0,0.017617800053157155,0.18154812244342172,-0.5579007672762843,0.31428571428571433,0.5833333333333334,0.35,0.9583107742284787,1377233523.0
878,India,2022-06-26,17073.0,21.0,450.419,28.2,5.989,3.414,0.957604358911721,0.2578125,1.0,0.017617800053157155,0.18154812244342172,-0.5579007672762843,0.31428571428571433,0.5833333333333334,0.35,0.9583107742284787,1377233523.0
879,India,2022-06-27,11793.0,27.0,450.419,28.2,5.989,3.414,0.957604358911721,0.2578125,1.0,0.017617800053157155,0.18154812244342172,-0.5579007672762843,0.31428571428571433,0.5833333333333334,0.35,0.9583107742284787,1377233523.0
880,India,2022-06-28,14506.0,30.0,450.419,28.2,5.989,3.414,0.957604358911721,0.2578125,1.0,0.017617800053157155,0.18154812244342172,-0.5579007672762843,0.31428571428571433,0.5833333333333334,0.35,0.9583107742284787,1377233523.0
881,India,2022-06-29,18819.0,39.0,450.419,28.2,5.989,3.414,0.957604358911721,0.2578125,1.0,0.017617800053157155,0.18154812244342172,-0.5579007672762843,0.31428571428571433,0.5833333333333334,0.35,0.9583107742284787,1377233523.0
882,India,2022-06-30,17070.0,23.0,450.419,28.2,5.989,3.414,0.957604358911721,0.2578125,1.0,0.017617800053157155,0.18154812244342172,-0.5579007672762843,0.31428571428571433,0.5833333333333334,0.35,0.9583107742284787,1377233523.0
883,India,2022-07-01,17092.0,29.0,450.419,28.2,5.989,3.414,0.957604358911721,0.2578125,1.0,0.017617800053157155,0.18154812244342172,-0.5579007672762843,0.31428571428571433,0.5833333333333334,0.35,0.9583107742284787,1377233523.0
884,India,2022-07-02,16103.0,31.0,450.419,28.2,5.989,3.414,0.957604358911721,0.2578125,1.0,0.017617800053157155,0.18154812244342172,-0.5579007672762843,0.31428571428571433,0.5833333333333334,0.35,0.9583107742284787,1377233523.0
885,India,2022-07-03,16135.0,24.0,450.419,28.2,5.989,3.414,0.957604358911721,0.2578125,1.0,0.017617800053157155,0.18154812244342172,-0.5579007672762843,0.31428571428571433,0.5833333333333334,0.35,0.9583107742284787,1377233523.0
886,India,2022-07-04,13086.0,19.0,450.419,28.2,5.989,3.414,0.957604358911721,0.2578125,1.0,0.017617800053157155,0.18154812244342172,-0.5579007672762843,0.31428571428571433,0.5833333333333334,0.35,0.9583107742284787,1377233523.0
887,India,2022-07-05,16159.0,28.0,450.419,28.2,5.989,3.414,0.957604358911721,0.2578125,1.0,0.017617800053157155,0.18154812244342172,-0.5579007672762843,0.31428571428571433,0.5833333333333334,0.35,0.9583107742284787,1377233523.0
888,India,2022-07-06,18930.0,35.0,450.419,28.2,5.989,3.414,0.957604358911721,0.2578125,1.0,0.017617800053157155,0.18154812244342172,-0.5579007672762843,0.31428571428571433,0.5833333333333334,0.35,0.9583107742284787,1377233523.0
889,India,2022-07-07,18815.0,38.0,450.419,28.2,5.989,3.414,0.957604358911721,0.2578125,1.0,0.017617800053157155,0.18154812244342172,-0.5579007672762843,0.31428571428571433,0.5833333333333334,0.35,0.9583107742284787,1377233523.0
890,India,2022-07-08,18840.0,43.0,450.419,28.2,5.989,3.414,0.957604358911721,0.2578125,1.0,0.017617800053157155,0.18154812244342172,-0.5579007672762843,0.31428571428571433,0.5833333333333334,0.35,0.9583107742284787,1377233523.0
891,India,2022-07-09,18257.0,42.0,450.419,28.2,5.989,3.414,0.957604358911721,0.2578125,1.0,0.017617800053157155,0.18154812244342172,-0.5579007672762843,0.31428571428571433,0.5833333333333334,0.35,0.9583107742284787,1377233523.0
892,India,2022-07-10,16678.0,26.0,450.419,28.2,5.989,3.414,0.957604358911721,0.2578125,1.0,0.017617800053157155,0.18154812244342172,-0.5579007672762843,0.31428571428571433,0.5833333333333334,0.35,0.9583107742284787,1377233523.0
893,India,2022-07-11,13615.0,20.0,450.419,28.2,5.989,3.414,0.957604358911721,0.2578125,1.0,0.017617800053157155,0.18154812244342172,-0.5579007672762843,0.31428571428571433,0.5833333333333334,0.35,0.9583107742284787,1377233523.0
894,India,2022-07-12,16906.0,45.0,450.419,28.2,5.989,3.414,0.957604358911721,0.2578125,1.0,0.017617800053157155,0.18154812244342172,-0.5579007672762843,0.31428571428571433,0.5833333333333334,0.35,0.9583107742284787,1377233523.0
895,India,2022-07-13,20139.0,38.0,450.419,28.2,5.989,3.414,0.957604358911721,0.2578125,1.0,0.017617800053157155,0.18154812244342172,-0.5579007672762843,0.31428571428571433,0.5833333333333334,0.35,0.9583107742284787,1377233523.0
896,India,2022-07-14,20038.0,47.0,450.419,28.2,5.989,3.414,0.957604358911721,0.2578125,1.0,0.017617800053157155,0.18154812244342172,-0.5579007672762843,0.31428571428571433,0.5833333333333334,0.35,0.9583107742284787,1377233523.0
897,India,2022-07-15,20044.0,56.0,450.419,28.2,5.989,3.414,0.957604358911721,0.2578125,1.0,0.017617800053157155,0.18154812244342172,-0.5579007672762843,0.31428571428571433,0.5833333333333334,0.35,0.9583107742284787,1377233523.0
898,India,2022-07-16,20528.0,49.0,450.419,28.2,5.989,3.414,0.957604358911721,0.2578125,1.0,0.017617800053157155,0.18154812244342172,-0.5579007672762843,0.31428571428571433,0.5833333333333334,0.35,0.9583107742284787,1377233523.0
899,India,2022-07-17,16935.0,51.0,450.419,28.2,5.989,3.414,0.957604358911721,0.2578125,1.0,0.017617800053157155,0.18154812244342172,-0.5579007672762843,0.31428571428571433,0.5833333333333334,0.35,0.9583107742284787,1377233523.0
900,India,2022-07-18,15528.0,25.0,450.419,28.2,5.989,3.414,0.957604358911721,0.2578125,1.0,0.017617800053157155,0.18154812244342172,-0.5579007672762843,0.31428571428571433,0.5833333333333334,0.35,0.9583107742284787,1377233523.0
901,India,2022-07-19,18616.0,36.0,450.419,28.2,5.989,3.414,0.957604358911721,0.2578125,1.0,0.017617800053157155,0.18154812244342172,-0.5579007672762843,0.31428571428571433,0.5833333333333334,0.35,0.9583107742284787,1377233523.0
902,India,2022-07-20,23050.0,45.0,450.419,28.2,5.989,3.414,0.957604358911721,0.2578125,1.0,0.017617800053157155,0.18154812244342172,-0.5579007672762843,0.31428571428571433,0.5833333333333334,0.35,0.9583107742284787,1377233523.0
903,India,2022-07-21,22337.0,64.0,450.419,28.2,5.989,3.414,0.957604358911721,0.2578125,1.0,0.017617800053157155,0.18154812244342172,-0.5579007672762843,0.31428571428571433,0.5833333333333334,0.35,0.9583107742284787,1377233523.0
904,India,2022-07-22,21411.0,67.0,450.419,28.2,5.989,3.414,0.957604358911721,0.2578125,1.0,0.017617800053157155,0.18154812244342172,-0.5579007672762843,0.31428571428571433,0.5833333333333334,0.35,0.9583107742284787,1377233523.0
905,India,2022-07-23,20279.0,36.0,450.419,28.2,5.989,3.414,0.957604358911721,0.2578125,1.0,0.017617800053157155,0.18154812244342172,-0.5579007672762843,0.31428571428571433,0.5833333333333334,0.35,0.9583107742284787,1377233523.0
906,India,2022-07-24,16866.0,41.0,450.419,28.2,5.989,3.414,0.957604358911721,0.2578125,1.0,0.017617800053157155,0.18154812244342172,-0.5579007672762843,0.31428571428571433,0.5833333333333334,0.35,0.9583107742284787,1377233523.0
907,India,2022-07-25,14830.0,36.0,450.419,28.2,5.989,3.414,0.957604358911721,0.2578125,1.0,0.017617800053157155,0.18154812244342172,-0.5579007672762843,0.31428571428571433,0.5833333333333334,0.35,0.9583107742284787,1377233523.0
908,India,2022-07-26,18313.0,57.0,450.419,28.2,5.989,3.414,0.957604358911721,0.2578125,1.0,0.017617800053157155,0.18154812244342172,-0.5579007672762843,0.31428571428571433,0.5833333333333334,0.35,0.9583107742284787,1377233523.0
909,India,2022-07-27,20557.0,45.0,450.419,28.2,5.989,3.414,0.957604358911721,0.2578125,1.0,0.017617800053157155,0.18154812244342172,-0.5579007672762843,0.31428571428571433,0.5833333333333334,0.35,0.9583107742284787,1377233523.0
910,India,2022-07-28,20409.0,46.0,450.419,28.2,5.989,3.414,0.957604358911721,0.2578125,1.0,0.017617800053157155,0.18154812244342172,-0.5579007672762843,0.31428571428571433,0.5833333333333334,0.35,0.9583107742284787,1377233523.0
911,India,2022-07-29,20408.0,54.0,450.419,28.2,5.989,3.414,0.957604358911721,0.2578125,1.0,0.017617800053157155,0.18154812244342172,-0.5579007672762843,0.31428571428571433,0.5833333333333334,0.35,0.9583107742284787,1377233523.0
912,India,2022-07-30,19673.0,45.0,450.419,28.2,5.989,3.414,0.957604358911721,0.2578125,1.0,0.017617800053157155,0.18154812244342172,-0.5579007672762843,0.31428571428571433,0.5833333333333334,0.35,0.9583107742284787,1377233523.0
913,India,2022-07-31,16464.0,39.0,450.419,28.2,5.989,3.414,0.957604358911721,0.2578125,1.0,0.017617800053157155,0.18154812244342172,-0.5579007672762843,0.31428571428571433,0.5833333333333334,0.35,0.9583107742284787,1377233523.0
914,India,2022-08-01,13734.0,34.0,450.419,28.2,5.989,3.414,0.957604358911721,0.2578125,1.0,0.017617800053157155,0.18154812244342172,-0.5579007672762843,0.31428571428571433,0.5833333333333334,0.35,0.9583107742284787,1377233523.0
915,India,2022-08-02,17135.0,47.0,450.419,28.2,5.989,3.414,0.957604358911721,0.2578125,1.0,0.017617800053157155,0.18154812244342172,-0.5579007672762843,0.31428571428571433,0.5833333333333334,0.35,0.9583107742284787,1377233523.0
916,India,2022-08-03,19893.0,53.0,450.419,28.2,5.989,3.414,0.957604358911721,0.2578125,1.0,0.017617800053157155,0.18154812244342172,-0.5579007672762843,0.31428571428571433,0.5833333333333334,0.35,0.9583107742284787,1377233523.0
917,India,2022-08-04,20551.0,70.0,450.419,28.2,5.989,3.414,0.957604358911721,0.2578125,1.0,0.017617800053157155,0.18154812244342172,-0.5579007672762843,0.31428571428571433,0.5833333333333334,0.35,0.9583107742284787,1377233523.0
918,India,2022-08-05,19406.0,49.0,450.419,28.2,5.989,3.414,0.957604358911721,0.2578125,1.0,0.017617800053157155,0.18154812244342172,-0.5579007672762843,0.31428571428571433,0.5833333333333334,0.35,0.9583107742284787,1377233523.0
919,India,2022-08-06,18715.0,40.0,450.419,28.2,5.989,3.414,0.957604358911721,0.2578125,1.0,0.017617800053157155,0.18154812244342172,-0.5579007672762843,0.31428571428571433,0.5833333333333334,0.35,0.9583107742284787,1377233523.0
920,India,2022-08-07,0.0,0.0,450.419,28.2,5.989,3.414,0.957604358911721,0.2578125,1.0,0.017617800053157155,0.18154812244342172,-0.5579007672762843,0.31428571428571433,0.5833333333333334,0.35,0.9583107742284787,1377233523.0
921,India,2022-08-08,28941.0,83.0,450.419,28.2,5.989,3.414,0.957604358911721,0.2578125,1.0,0.017617800053157155,0.18154812244342172,-0.5579007672762843,0.31428571428571433,0.5833333333333334,0.35,0.9583107742284787,1377233523.0
922,India,2022-08-09,16047.0,54.0,450.419,28.2,5.989,3.414,0.957604358911721,0.2578125,1.0,0.017617800053157155,0.18154812244342172,-0.5579007672762843,0.31428571428571433,0.5833333333333334,0.35,0.9583107742284787,1377233523.0
923,India,2022-08-10,16299.0,53.0,450.419,28.2,5.989,3.414,0.957604358911721,0.2578125,1.0,0.017617800053157155,0.18154812244342172,-0.5579007672762843,0.31428571428571433,0.5833333333333334,0.35,0.9583107742284787,1377233523.0
924,India,2022-08-11,16561.0,49.0,450.419,28.2,5.989,3.414,0.957604358911721,0.2578125,1.0,0.017617800053157155,0.18154812244342172,-0.5579007672762843,0.31428571428571433,0.5833333333333334,0.35,0.9583107742284787,1377233523.0
925,India,2022-08-12,15815.0,68.0,450.419,28.2,5.989,3.414,0.957604358911721,0.2578125,1.0,0.017617800053157155,0.18154812244342172,-0.5579007672762843,0.31428571428571433,0.5833333333333334,0.35,0.9583107742284787,1377233523.0
926,India,2022-08-13,14092.0,41.0,450.419,28.2,5.989,3.414,0.957604358911721,0.2578125,1.0,0.017617800053157155,0.18154812244342172,-0.5579007672762843,0.31428571428571433,0.5833333333333334,0.35,0.9583107742284787,1377233523.0
927,India,2022-08-14,14917.0,32.0,450.419,28.2,5.989,3.414,0.957604358911721,0.2578125,1.0,0.017617800053157155,0.18154812244342172,-0.5579007672762843,0.31428571428571433,0.5833333333333334,0.35,0.9583107742284787,1377233523.0
928,India,2022-08-15,9330.0,29.0,450.419,28.2,5.989,3.414,0.957604358911721,0.2578125,1.0,0.017617800053157155,0.18154812244342172,-0.5579007672762843,0.31428571428571433,0.5833333333333334,0.35,0.9583107742284787,1377233523.0
929,India,2022-08-16,8545.0,36.0,450.419,28.2,5.989,3.414,0.957604358911721,0.2578125,1.0,0.017617800053157155,0.18154812244342172,-0.5579007672762843,0.31428571428571433,0.5833333333333334,0.35,0.9583107742284787,1377233523.0
930,India,2022-08-17,12608.0,72.0,450.419,28.2,5.989,3.414,0.957604358911721,0.2578125,1.0,0.017617800053157155,0.18154812244342172,-0.5579007672762843,0.31428571428571433,0.5833333333333334,0.35,0.9583107742284787,1377233523.0
931,India,2022-08-18,15754.0,47.0,450.419,28.2,5.989,3.414,0.957604358911721,0.2578125,1.0,0.017617800053157155,0.18154812244342172,-0.5579007672762843,0.31428571428571433,0.5833333333333334,0.35,0.9583107742284787,1377233523.0
932,India,2022-08-19,13272.0,36.0,450.419,28.2,5.989,3.414,0.957604358911721,0.2578125,1.0,0.017617800053157155,0.18154812244342172,-0.5579007672762843,0.31428571428571433,0.5833333333333334,0.35,0.9583107742284787,1377233523.0
933,India,2022-08-20,11539.0,43.0,450.419,28.2,5.989,3.414,0.957604358911721,0.2578125,1.0,0.017617800053157155,0.18154812244342172,-0.5579007672762843,0.31428571428571433,0.5833333333333334,0.35,0.9583107742284787,1377233523.0
934,India,2022-08-21,9531.0,36.0,450.419,28.2,5.989,3.414,0.957604358911721,0.2578125,1.0,0.017617800053157155,0.18154812244342172,-0.5579007672762843,0.31428571428571433,0.5833333333333334,0.35,0.9583107742284787,1377233523.0
935,India,2022-08-22,8586.0,48.0,450.419,28.2,5.989,3.414,0.957604358911721,0.2578125,1.0,0.017617800053157155,0.18154812244342172,-0.5579007672762843,0.31428571428571433,0.5833333333333334,0.35,0.9583107742284787,1377233523.0
936,India,2022-08-23,10649.0,36.0,450.419,28.2,5.989,3.414,0.957604358911721,0.2578125,1.0,0.017617800053157155,0.18154812244342172,-0.5579007672762843,0.31428571428571433,0.5833333333333334,0.35,0.9583107742284787,1377233523.0
937,India,2022-08-24,10725.0,36.0,450.419,28.2,5.989,3.414,0.957604358911721,0.2578125,1.0,0.017617800053157155,0.18154812244342172,-0.5579007672762843,0.31428571428571433,0.5833333333333334,0.35,0.9583107742284787,1377233523.0
938,India,2022-08-25,10256.0,68.0,450.419,28.2,5.989,3.414,0.957604358911721,0.2578125,1.0,0.017617800053157155,0.18154812244342172,-0.5579007672762843,0.31428571428571433,0.5833333333333334,0.35,0.9583107742284787,1377233523.0
939,India,2022-08-26,9520.0,41.0,450.419,28.2,5.989,3.414,0.957604358911721,0.2578125,1.0,0.017617800053157155,0.18154812244342172,-0.5579007672762843,0.31428571428571433,0.5833333333333334,0.35,0.9583107742284787,1377233523.0
940,India,2022-08-27,9436.0,157.0,450.419,28.2,5.989,3.414,0.957604358911721,0.2578125,1.0,0.017617800053157155,0.18154812244342172,-0.5579007672762843,0.31428571428571433,0.5833333333333334,0.35,0.9583107742284787,1377233523.0
941,India,2022-08-28,7591.0,45.0,450.419,28.2,5.989,3.414,0.957604358911721,0.2578125,1.0,0.017617800053157155,0.18154812244342172,-0.5579007672762843,0.31428571428571433,0.5833333333333334,0.35,0.9583107742284787,1377233523.0
942,India,2022-08-29,0.0,0.0,450.419,28.2,5.989,3.414,0.957604358911721,0.2578125,1.0,0.017617800053157155,0.18154812244342172,-0.5579007672762843,0.31428571428571433,0.5833333333333334,0.35,0.9583107742284787,1377233523.0
943,India,2022-08-30,0.0,0.0,450.419,28.2,5.989,3.414,0.957604358911721,0.2578125,1.0,0.017617800053157155,0.18154812244342172,-0.5579007672762843,0.31428571428571433,0.5833333333333334,0.35,0.9583107742284787,1377233523.0
944,India,2022-08-31,20616.0,112.0,450.419,28.2,5.989,3.414,0.957604358911721,0.2578125,1.0,0.017617800053157155,0.18154812244342172,-0.5579007672762843,0.31428571428571433,0.5833333333333334,0.35,0.9583107742284787,1377233523.0
945,India,2022-09-01,6168.0,21.0,450.419,28.2,5.989,3.414,0.957604358911721,0.2578125,1.0,0.017617800053157155,0.18154812244342172,-0.5579007672762843,0.31428571428571433,0.5833333333333334,0.35,0.9583107742284787,1377233523.0
946,India,2022-09-02,7219.0,33.0,450.419,28.2,5.989,3.414,0.957604358911721,0.2578125,1.0,0.017617800053157155,0.18154812244342172,-0.5579007672762843,0.31428571428571433,0.5833333333333334,0.35,0.9583107742284787,1377233523.0
947,India,2022-09-03,6809.0,26.0,450.419,28.2,5.989,3.414,0.957604358911721,0.2578125,1.0,0.017617800053157155,0.18154812244342172,-0.5579007672762843,0.31428571428571433,0.5833333333333334,0.35,0.9583107742284787,1377233523.0
948,India,2022-09-04,5910.0,16.0,450.419,28.2,5.989,3.414,0.957604358911721,0.2578125,1.0,0.017617800053157155,0.18154812244342172,-0.5579007672762843,0.31428571428571433,0.5833333333333334,0.35,0.9583107742284787,1377233523.0
949,India,2022-09-05,4417.0,23.0,450.419,28.2,5.989,3.414,0.957604358911721,0.2578125,1.0,0.017617800053157155,0.18154812244342172,-0.5579007672762843,0.31428571428571433,0.5833333333333334,0.35,0.9583107742284787,1377233523.0
950,India,2022-09-06,2799.0,27.0,450.419,28.2,5.989,3.414,0.957604358911721,0.2578125,1.0,0.017617800053157155,0.18154812244342172,-0.5579007672762843,0.31428571428571433,0.5833333333333334,0.35,0.9583107742284787,1377233523.0
951,India,2022-09-07,8975.0,33.0,450.419,28.2,5.989,3.414,0.957604358911721,0.2578125,1.0,0.017617800053157155,0.18154812244342172,-0.5579007672762843,0.31428571428571433,0.5833333333333334,0.35,0.9583107742284787,1377233523.0
952,India,2022-09-08,6093.0,31.0,450.419,28.2,5.989,3.414,0.957604358911721,0.2578125,1.0,0.017617800053157155,0.18154812244342172,-0.5579007672762843,0.31428571428571433,0.5833333333333334,0.35,0.9583107742284787,1377233523.0
953,India,2022-09-09,5554.0,18.0,450.419,28.2,5.989,3.414,0.957604358911721,0.2578125,1.0,0.017617800053157155,0.18154812244342172,-0.5579007672762843,0.31428571428571433,0.5833333333333334,0.35,0.9583107742284787,1377233523.0
954,India,2022-09-10,5076.0,11.0,450.419,28.2,5.989,3.414,0.957604358911721,0.2578125,1.0,0.017617800053157155,0.18154812244342172,-0.5579007672762843,0.31428571428571433,0.5833333333333334,0.35,0.9583107742284787,1377233523.0
955,India,2022-09-11,5221.0,15.0,450.419,28.2,5.989,3.414,0.957604358911721,0.2578125,1.0,0.017617800053157155,0.18154812244342172,-0.5579007672762843,0.31428571428571433,0.5833333333333334,0.35,0.9583107742284787,1377233523.0
956,India,2022-09-12,1783.0,20.0,450.419,28.2,5.989,3.414,0.957604358911721,0.2578125,1.0,0.017617800053157155,0.18154812244342172,-0.5579007672762843,0.31428571428571433,0.5833333333333334,0.35,0.9583107742284787,1377233523.0
957,India,2022-09-13,7694.0,31.0,450.419,28.2,5.989,3.414,0.957604358911721,0.2578125,1.0,0.017617800053157155,0.18154812244342172,-0.5579007672762843,0.31428571428571433,0.5833333333333334,0.35,0.9583107742284787,1377233523.0
958,India,2022-09-14,6422.0,34.0,450.419,28.2,5.989,3.414,0.957604358911721,0.2578125,1.0,0.017617800053157155,0.18154812244342172,-0.5579007672762843,0.31428571428571433,0.5833333333333334,0.35,0.9583107742284787,1377233523.0
959,India,2022-09-15,6298.0,23.0,450.419,28.2,5.989,3.414,0.957604358911721,0.2578125,1.0,0.017617800053157155,0.18154812244342172,-0.5579007672762843,0.31428571428571433,0.5833333333333334,0.35,0.9583107742284787,1377233523.0
960,India,2022-09-16,5747.0,29.0,450.419,28.2,5.989,3.414,0.957604358911721,0.2578125,1.0,0.017617800053157155,0.18154812244342172,-0.5579007672762843,0.31428571428571433,0.5833333333333334,0.35,0.9583107742284787,1377233523.0
961,India,2022-09-17,5664.0,35.0,450.419,28.2,5.989,3.414,0.957604358911721,0.2578125,1.0,0.017617800053157155,0.18154812244342172,-0.5579007672762843,0.31428571428571433,0.5833333333333334,0.35,0.9583107742284787,1377233523.0
962,India,2022-09-18,4858.0,18.0,450.419,28.2,5.989,3.414,0.957604358911721,0.2578125,1.0,0.017617800053157155,0.18154812244342172,-0.5579007672762843,0.31428571428571433,0.5833333333333334,0.35,0.9583107742284787,1377233523.0
963,India,2022-09-19,4043.0,15.0,450.419,28.2,5.989,3.414,0.957604358911721,0.2578125,1.0,0.017617800053157155,0.18154812244342172,-0.5579007672762843,0.31428571428571433,0.5833333333333334,0.35,0.9583107742284787,1377233523.0
964,India,2022-09-20,1922.0,33.0,450.419,28.2,5.989,3.414,0.957604358911721,0.2578125,1.0,0.017617800053157155,0.18154812244342172,-0.5579007672762843,0.31428571428571433,0.5833333333333334,0.35,0.9583107742284787,1377233523.0
965,India,2022-09-21,8031.0,26.0,450.419,28.2,5.989,3.414,0.957604358911721,0.2578125,1.0,0.017617800053157155,0.18154812244342172,-0.5579007672762843,0.31428571428571433,0.5833333333333334,0.35,0.9583107742284787,1377233523.0
966,India,2022-09-22,5383.0,20.0,450.419,28.2,5.989,3.414,0.957604358911721,0.2578125,1.0,0.017617800053157155,0.18154812244342172,-0.5579007672762843,0.31428571428571433,0.5833333333333334,0.35,0.9583107742284787,1377233523.0
967,India,2022-09-23,4912.0,38.0,450.419,28.2,5.989,3.414,0.957604358911721,0.2578125,1.0,0.017617800053157155,0.18154812244342172,-0.5579007672762843,0.31428571428571433,0.5833333333333334,0.35,0.9583107742284787,1377233523.0
968,India,2022-09-24,4777.0,23.0,450.419,28.2,5.989,3.414,0.957604358911721,0.2578125,1.0,0.017617800053157155,0.18154812244342172,-0.5579007672762843,0.31428571428571433,0.5833333333333334,0.35,0.9583107742284787,1377233523.0
969,India,2022-09-25,4129.0,20.0,450.419,28.2,5.989,3.414,0.957604358911721,0.2578125,1.0,0.017617800053157155,0.18154812244342172,-0.5579007672762843,0.31428571428571433,0.5833333333333334,0.35,0.9583107742284787,1377233523.0
970,India,2022-09-26,3230.0,32.0,450.419,28.2,5.989,3.414,0.957604358911721,0.2578125,1.0,0.017617800053157155,0.18154812244342172,-0.5579007672762843,0.31428571428571433,0.5833333333333334,0.35,0.9583107742284787,1377233523.0
971,India,2022-09-27,3615.0,22.0,450.419,28.2,5.989,3.414,0.957604358911721,0.2578125,1.0,0.017617800053157155,0.18154812244342172,-0.5579007672762843,0.31428571428571433,0.5833333333333334,0.35,0.9583107742284787,1377233523.0
972,India,2022-09-28,4272.0,27.0,450.419,28.2,5.989,3.414,0.957604358911721,0.2578125,1.0,0.017617800053157155,0.18154812244342172,-0.5579007672762843,0.31428571428571433,0.5833333333333334,0.35,0.9583107742284787,1377233523.0
973,India,2022-09-29,3947.0,18.0,450.419,28.2,5.989,3.414,0.957604358911721,0.2578125,1.0,0.017617800053157155,0.18154812244342172,-0.5579007672762843,0.31428571428571433,0.5833333333333334,0.35,0.9583107742284787,1377233523.0
974,India,2022-09-30,3805.0,26.0,450.419,28.2,5.989,3.414,0.957604358911721,0.2578125,1.0,0.017617800053157155,0.18154812244342172,-0.5579007672762843,0.31428571428571433,0.5833333333333334,0.35,0.9583107742284787,1377233523.0
975,India,2022-10-01,3375.0,18.0,450.419,28.2,5.989,3.414,0.957604358911721,0.2578125,1.0,0.017617800053157155,0.18154812244342172,-0.5579007672762843,0.31428571428571433,0.5833333333333334,0.35,0.9583107742284787,1377233523.0
976,India,2022-10-02,3011.0,28.0,450.419,28.2,5.989,3.414,0.957604358911721,0.2578125,1.0,0.017617800053157155,0.18154812244342172,-0.5579007672762843,0.31428571428571433,0.5833333333333334,0.35,0.9583107742284787,1377233523.0
977,India,2022-10-03,1968.0,15.0,450.419,28.2,5.989,3.414,0.957604358911721,0.2578125,1.0,0.017617800053157155,0.18154812244342172,-0.5579007672762843,0.31428571428571433,0.5833333333333334,0.35,0.9583107742284787,1377233523.0
978,India,2022-10-04,2426.0,17.0,450.419,28.2,5.989,3.414,0.957604358911721,0.2578125,1.0,0.017617800053157155,0.18154812244342172,-0.5579007672762843,0.31428571428571433,0.5833333333333334,0.35,0.9583107742284787,1377233523.0
979,India,2022-10-05,2571.0,12.0,450.419,28.2,5.989,3.414,0.957604358911721,0.2578125,1.0,0.017617800053157155,0.18154812244342172,-0.5579007672762843,0.31428571428571433,0.5833333333333334,0.35,0.9583107742284787,1377233523.0
980,India,2022-10-06,1997.0,9.0,450.419,28.2,5.989,3.414,0.957604358911721,0.2578125,1.0,0.017617800053157155,0.18154812244342172,-0.5579007672762843,0.31428571428571433,0.5833333333333334,0.35,0.9583107742284787,1377233523.0
981,India,2022-10-07,2797.0,24.0,450.419,28.2,5.989,3.414,0.957604358911721,0.2578125,1.0,0.017617800053157155,0.18154812244342172,-0.5579007672762843,0.31428571428571433,0.5833333333333334,0.35,0.9583107742284787,1377233523.0
982,India,2022-10-08,2756.0,21.0,450.419,28.2,5.989,3.414,0.957604358911721,0.2578125,1.0,0.017617800053157155,0.18154812244342172,-0.5579007672762843,0.31428571428571433,0.5833333333333334,0.35,0.9583107742284787,1377233523.0
983,India,2022-10-09,2424.0,15.0,450.419,28.2,5.989,3.414,0.957604358911721,0.2578125,1.0,0.017617800053157155,0.18154812244342172,-0.5579007672762843,0.31428571428571433,0.5833333333333334,0.35,0.9583107742284787,1377233523.0
984,India,2022-10-10,1957.0,8.0,450.419,28.2,5.989,3.414,0.957604358911721,0.2578125,1.0,0.017617800053157155,0.18154812244342172,-0.5579007672762843,0.31428571428571433,0.5833333333333334,0.35,0.9583107742284787,1377233523.0
986,India,2022-10-12,5084.0,12.0,450.419,28.2,5.989,3.414,0.957604358911721,0.2578125,1.0,0.017617800053157155,0.18154812244342172,-0.5579007672762843,0.31428571428571433,0.5833333333333334,0.35,0.9583107742284787,1377233523.0
987,India,2022-10-13,2678.0,10.0,450.419,28.2,5.989,3.414,0.957604358911721,0.2578125,1.0,0.017617800053157155,0.18154812244342172,-0.5579007672762843,0.31428571428571433,0.5833333333333334,0.35,0.9583107742284787,1377233523.0
988,India,2022-10-14,2430.0,17.0,450.419,28.2,5.989,3.414,0.957604358911721,0.2578125,1.0,0.017617800053157155,0.18154812244342172,-0.5579007672762843,0.31428571428571433,0.5833333333333334,0.35,0.9583107742284787,1377233523.0
989,India,2022-10-15,2401.0,21.0,450.419,28.2,5.989,3.414,0.957604358911721,0.2578125,1.0,0.017617800053157155,0.18154812244342172,-0.5579007672762843,0.31428571428571433,0.5833333333333334,0.35,0.9583107742284787,1377233523.0
990,India,2022-10-16,2060.0,10.0,450.419,28.2,5.989,3.414,0.957604358911721,0.2578125,1.0,0.017617800053157155,0.18154812244342172,-0.5579007672762843,0.31428571428571433,0.5833333333333334,0.35,0.9583107742284787,1377233523.0
991,India,2022-10-17,1542.0,8.0,450.419,28.2,5.989,3.414,0.957604358911721,0.2578125,1.0,0.017617800053157155,0.18154812244342172,-0.5579007672762843,0.31428571428571433,0.5833333333333334,0.35,0.9583107742284787,1377233523.0
992,India,2022-10-18,1946.0,10.0,450.419,28.2,5.989,3.414,0.957604358911721,0.2578125,1.0,0.017617800053157155,0.18154812244342172,-0.5579007672762843,0.31428571428571433,0.5833333333333334,0.35,0.9583107742284787,1377233523.0
993,India,2022-10-19,2141.0,20.0,450.419,28.2,5.989,3.414,0.957604358911721,0.2578125,1.0,0.017617800053157155,0.18154812244342172,-0.5579007672762843,0.31428571428571433,0.5833333333333334,0.35,0.9583107742284787,1377233523.0
994,India,2022-10-20,2119.0,10.0,450.419,28.2,5.989,3.414,0.957604358911721,0.2578125,1.0,0.017617800053157155,0.18154812244342172,-0.5579007672762843,0.31428571428571433,0.5833333333333334,0.35,0.9583107742284787,1377233523.0
995,India,2022-10-21,2112.0,4.0,450.419,28.2,5.989,3.414,0.957604358911721,0.2578125,1.0,0.017617800053157155,0.18154812244342172,-0.5579007672762843,0.31428571428571433,0.5833333333333334,0.35,0.9583107742284787,1377233523.0
996,India,2022-10-22,1994.0,4.0,450.419,28.2,5.989,3.414,0.957604358911721,0.2578125,1.0,0.017617800053157155,0.18154812244342172,-0.5579007672762843,0.31428571428571433,0.5833333333333334,0.35,0.9583107742284787,1377233523.0
997,India,2022-10-23,1334.0,16.0,450.419,28.2,5.989,3.414,0.957604358911721,0.2578125,1.0,0.017617800053157155,0.18154812244342172,-0.5579007672762843,0.31428571428571433,0.5833333333333334,0.35,0.9583107742284787,1377233523.0
998,India,2022-10-24,862.0,3.0,450.419,28.2,5.989,3.414,0.957604358911721,0.2578125,1.0,0.017617800053157155,0.18154812244342172,-0.5579007672762843,0.31428571428571433,0.5833333333333334,0.35,0.9583107742284787,1377233523.0
999,India,2022-10-25,830.0,1.0,450.419,28.2,5.989,3.414,0.957604358911721,0.2578125,1.0,0.017617800053157155,0.18154812244342172,-0.5579007672762843,0.31428571428571433,0.5833333333333334,0.35,0.9583107742284787,1377233523.0
1000,India,2022-10-26,1112.0,6.0,450.419,28.2,5.989,3.414,0.957604358911721,0.2578125,1.0,0.017617800053157155,0.18154812244342172,-0.5579007672762843,0.31428571428571433,0.5833333333333334,0.35,0.9583107742284787,1377233523.0
1001,India,2022-10-27,2208.0,12.0,450.419,28.2,5.989,3.414,0.957604358911721,0.2578125,1.0,0.017617800053157155,0.18154812244342172,-0.5579007672762843,0.31428571428571433,0.5833333333333334,0.35,0.9583107742284787,1377233523.0
1002,India,2022-10-28,1574.0,9.0,450.419,28.2,5.989,3.414,0.957604358911721,0.2578125,1.0,0.017617800053157155,0.18154812244342172,-0.5579007672762843,0.31428571428571433,0.5833333333333334,0.35,0.9583107742284787,1377233523.0
1003,India,2022-10-29,1594.0,8.0,450.419,28.2,5.989,3.414,0.957604358911721,0.2578125,1.0,0.017617800053157155,0.18154812244342172,-0.5579007672762843,0.31428571428571433,0.5833333333333334,0.35,0.9583107742284787,1377233523.0
1004,India,2022-10-30,1336.0,8.0,450.419,28.2,5.989,3.414,0.957604358911721,0.2578125,1.0,0.017617800053157155,0.18154812244342172,-0.5579007672762843,0.31428571428571433,0.5833333333333334,0.35,0.9583107742284787,1377233523.0
1005,India,2022-10-31,1046.0,53.0,450.419,28.2,5.989,3.414,0.957604358911721,0.2578125,1.0,0.017617800053157155,0.18154812244342172,-0.5579007672762843,0.31428571428571433,0.5833333333333334,0.35,0.9583107742284787,1377233523.0
1006,India,2022-11-01,1190.0,1375.0,450.419,28.2,5.989,3.414,0.957604358911721,0.2578125,1.0,0.017617800053157155,0.18154812244342172,-0.5579007672762843,0.31428571428571433,0.5833333333333334,0.35,0.9583107742284787,1377233523.0
1007,India,2022-11-02,98.0,9.0,450.419,28.2,5.989,3.414,0.957604358911721,0.2578125,1.0,0.017617800053157155,0.18154812244342172,-0.5579007672762843,0.31428571428571433,0.5833333333333334,0.35,0.9583107742284787,1377233523.0
1008,India,2022-11-03,2439.0,18.0,450.419,28.2,5.989,3.414,0.957604358911721,0.2578125,1.0,0.017617800053157155,0.18154812244342172,-0.5579007672762843,0.31428571428571433,0.5833333333333334,0.35,0.9583107742284787,1377233523.0
1009,India,2022-11-04,1082.0,7.0,450.419,28.2,5.989,3.414,0.957604358911721,0.2578125,1.0,0.017617800053157155,0.18154812244342172,-0.5579007672762843,0.31428571428571433,0.5833333333333334,0.35,0.9583107742284787,1377233523.0
1010,India,2022-11-05,1132.0,14.0,450.419,28.2,5.989,3.414,0.957604358911721,0.2578125,1.0,0.017617800053157155,0.18154812244342172,-0.5579007672762843,0.31428571428571433,0.5833333333333334,0.35,0.9583107742284787,1377233523.0
1011,India,2022-11-06,925.0,9.0,450.419,28.2,5.989,3.414,0.957604358911721,0.2578125,1.0,0.017617800053157155,0.18154812244342172,-0.5579007672762843,0.31428571428571433,0.5833333333333334,0.35,0.9583107742284787,1377233523.0
1013,India,2022-11-08,0.0,0.0,450.419,28.2,5.989,3.414,0.957604358911721,0.2578125,1.0,0.017617800053157155,0.18154812244342172,-0.5579007672762843,0.31428571428571433,0.5833333333333334,0.35,0.9583107742284787,1377233523.0
1014,India,2022-11-09,0.0,0.0,450.419,28.2,5.989,3.414,0.957604358911721,0.2578125,1.0,0.017617800053157155,0.18154812244342172,-0.5579007672762843,0.31428571428571433,0.5833333333333334,0.35,0.9583107742284787,1377233523.0
1015,India,2022-11-10,4517.0,11.0,450.419,28.2,5.989,3.414,0.957604358911721,0.2578125,1.0,0.017617800053157155,0.18154812244342172,-0.5579007672762843,0.31428571428571433,0.5833333333333334,0.35,0.9583107742284787,1377233523.0
1016,India,2022-11-11,833.0,8.0,450.419,28.2,5.989,3.414,0.957604358911721,0.2578125,1.0,0.017617800053157155,0.18154812244342172,-0.5579007672762843,0.31428571428571433,0.5833333333333334,0.35,0.9583107742284787,1377233523.0
1017,India,2022-11-12,729.0,3.0,450.419,28.2,5.989,3.414,0.957604358911721,0.2578125,1.0,0.017617800053157155,0.18154812244342172,-0.5579007672762843,0.31428571428571433,0.5833333333333334,0.35,0.9583107742284787,1377233523.0
1018,India,2022-11-13,552.0,1.0,450.419,28.2,5.989,3.414,0.957604358911721,0.2578125,1.0,0.017617800053157155,0.18154812244342172,-0.5579007672762843,0.31428571428571433,0.5833333333333334,0.35,0.9583107742284787,1377233523.0
1019,India,2022-11-14,466.0,1.0,450.419,28.2,5.989,3.414,0.957604358911721,0.2578125,1.0,0.017617800053157155,0.18154812244342172,-0.5579007672762843,0.31428571428571433,0.5833333333333334,0.35,0.9583107742284787,1377233523.0
1020,India,2022-11-15,510.0,2.0,450.419,28.2,5.989,3.414,0.957604358911721,0.2578125,1.0,0.017617800053157155,0.18154812244342172,-0.5579007672762843,0.31428571428571433,0.5833333333333334,0.35,0.9583107742284787,1377233523.0
1021,India,2022-11-16,635.0,11.0,450.419,28.2,5.989,3.414,0.957604358911721,0.2578125,1.0,0.017617800053157155,0.18154812244342172,-0.5579007672762843,0.31428571428571433,0.5833333333333334,0.35,0.9583107742284787,1377233523.0
1023,India,2022-11-18,1781.0,17.0,450.419,28.2,5.989,3.414,0.957604358911721,0.2578125,1.0,0.017617800053157155,0.18154812244342172,-0.5579007672762843,0.31428571428571433,0.5833333333333334,0.35,0.9583107742284787,1377233523.0
1024,India,2022-11-19,492.0,4.0,450.419,28.2,5.989,3.414,0.957604358911721,0.2578125,1.0,0.017617800053157155,0.18154812244342172,-0.5579007672762843,0.31428571428571433,0.5833333333333334,0.35,0.9583107742284787,1377233523.0
1025,India,2022-11-20,406.0,12.0,450.419,28.2,5.989,3.414,0.957604358911721,0.2578125,1.0,0.017617800053157155,0.18154812244342172,-0.5579007672762843,0.31428571428571433,0.5833333333333334,0.35,0.9583107742284787,1377233523.0
1026,India,2022-11-21,294.0,5.0,450.419,28.2,5.989,3.414,0.957604358911721,0.2578125,1.0,0.017617800053157155,0.18154812244342172,-0.5579007672762843,0.31428571428571433,0.5833333333333334,0.35,0.9583107742284787,1377233523.0
1027,India,2022-11-22,360.0,5.0,450.419,28.2,5.989,3.414,0.957604358911721,0.2578125,1.0,0.017617800053157155,0.18154812244342172,-0.5579007672762843,0.31428571428571433,0.5833333333333334,0.35,0.9583107742284787,1377233523.0
1028,India,2022-11-23,408.0,5.0,450.419,28.2,5.989,3.414,0.957604358911721,0.2578125,1.0,0.017617800053157155,0.18154812244342172,-0.5579007672762843,0.31428571428571433,0.5833333333333334,0.35,0.9583107742284787,1377233523.0
1029,India,2022-11-24,340.0,3.0,450.419,28.2,5.989,3.414,0.957604358911721,0.2578125,1.0,0.017617800053157155,0.18154812244342172,-0.5579007672762843,0.31428571428571433,0.5833333333333334,0.35,0.9583107742284787,1377233523.0
1030,India,2022-11-25,394.0,4.0,450.419,28.2,5.989,3.414,0.957604358911721,0.2578125,1.0,0.017617800053157155,0.18154812244342172,-0.5579007672762843,0.31428571428571433,0.5833333333333334,0.35,0.9583107742284787,1377233523.0
1031,India,2022-11-26,345.0,4.0,450.419,28.2,5.989,3.414,0.957604358911721,0.2578125,1.0,0.017617800053157155,0.18154812244342172,-0.5579007672762843,0.31428571428571433,0.5833333333333334,0.35,0.9583107742284787,1377233523.0
1032,India,2022-11-27,291.0,2.0,450.419,28.2,5.989,3.414,0.957604358911721,0.2578125,1.0,0.017617800053157155,0.18154812244342172,-0.5579007672762843,0.31428571428571433,0.5833333333333334,0.35,0.9583107742284787,1377233523.0
1033,India,2022-11-28,215.0,1.0,450.419,28.2,5.989,3.414,0.957604358911721,0.2578125,1.0,0.017617800053157155,0.18154812244342172,-0.5579007672762843,0.31428571428571433,0.5833333333333334,0.35,0.9583107742284787,1377233523.0
1034,India,2022-11-29,274.0,5.0,450.419,28.2,5.989,3.414,0.957604358911721,0.2578125,1.0,0.017617800053157155,0.18154812244342172,-0.5579007672762843,0.31428571428571433,0.5833333333333334,0.35,0.9583107742284787,1377233523.0
1035,India,2022-11-30,296.0,2.0,450.419,28.2,5.989,3.414,0.957604358911721,0.2578125,1.0,0.017617800053157155,0.18154812244342172,-0.5579007672762843,0.31428571428571433,0.5833333333333334,0.35,0.9583107742284787,1377233523.0
1036,India,2022-12-01,275.0,2.0,450.419,28.2,5.989,3.414,0.957604358911721,0.2578125,1.0,0.017617800053157155,0.18154812244342172,-0.5579007672762843,0.31428571428571433,0.5833333333333334,0.35,0.9583107742284787,1377233523.0
1037,India,2022-12-02,252.0,3.0,450.419,28.2,5.989,3.414,0.957604358911721,0.2578125,1.0,0.017617800053157155,0.18154812244342172,-0.5579007672762843,0.31428571428571433,0.5833333333333334,0.35,0.9583107742284787,1377233523.0
1038,India,2022-12-03,226.0,1.0,450.419,28.2,5.989,3.414,0.957604358911721,0.2578125,1.0,0.017617800053157155,0.18154812244342172,-0.5579007672762843,0.31428571428571433,0.5833333333333334,0.35,0.9583107742284787,1377233523.0
1039,India,2022-12-04,226.0,2.0,450.419,28.2,5.989,3.414,0.957604358911721,0.2578125,1.0,0.017617800053157155,0.18154812244342172,-0.5579007672762843,0.31428571428571433,0.5833333333333334,0.35,0.9583107742284787,1377233523.0
1040,India,2022-12-05,164.0,3.0,450.419,28.2,5.989,3.414,0.957604358911721,0.2578125,1.0,0.017617800053157155,0.18154812244342172,-0.5579007672762843,0.31428571428571433,0.5833333333333334,0.35,0.9583107742284787,1377233523.0
1041,India,2022-12-06,166.0,5.0,450.419,28.2,5.989,3.414,0.957604358911721,0.2578125,1.0,0.017617800053157155,0.18154812244342172,-0.5579007672762843,0.31428571428571433,0.5833333333333334,0.35,0.9583107742284787,1377233523.0
1042,India,2022-12-07,241.0,9.0,450.419,28.2,5.989,3.414,0.957604358911721,0.2578125,1.0,0.017617800053157155,0.18154812244342172,-0.5579007672762843,0.31428571428571433,0.5833333333333334,0.35,0.9583107742284787,1377233523.0
1043,India,2022-12-08,249.0,6.0,450.419,28.2,5.989,3.414,0.957604358911721,0.2578125,1.0,0.017617800053157155,0.18154812244342172,-0.5579007672762843,0.31428571428571433,0.5833333333333334,0.35,0.9583107742284787,1377233523.0
1044,India,2022-12-09,210.0,1.0,450.419,28.2,5.989,3.414,0.957604358911721,0.2578125,1.0,0.017617800053157155,0.18154812244342172,-0.5579007672762843,0.31428571428571433,0.5833333333333334,0.35,0.9583107742284787,1377233523.0
1045,India,2022-12-10,173.0,4.0,450.419,28.2,5.989,3.414,0.957604358911721,0.2578125,1.0,0.017617800053157155,0.18154812244342172,-0.5579007672762843,0.31428571428571433,0.5833333333333334,0.35,0.9583107742284787,1377233523.0
1046,India,2022-12-11,0.0,0.0,450.419,28.2,5.989,3.414,0.957604358911721,0.2578125,1.0,0.017617800053157155,0.18154812244342172,-0.5579007672762843,0.31428571428571433,0.5833333333333334,0.35,0.9583107742284787,1377233523.0
1047,India,2022-12-12,273.0,0.0,450.419,28.2,5.989,3.414,0.957604358911721,0.2578125,1.0,0.017617800053157155,0.18154812244342172,-0.5579007672762843,0.31428571428571433,0.5833333333333334,0.35,0.9583107742284787,1377233523.0
1048,India,2022-12-13,152.0,0.0,450.419,28.2,5.989,3.414,0.957604358911721,0.2578125,1.0,0.017617800053157155,0.18154812244342172,-0.5579007672762843,0.31428571428571433,0.5833333333333334,0.35,0.9583107742284787,1377233523.0
1049,India,2022-12-14,200.0,5.0,450.419,28.2,5.989,3.414,0.957604358911721,0.2578125,1.0,0.017617800053157155,0.18154812244342172,-0.5579007672762843,0.31428571428571433,0.5833333333333334,0.35,0.9583107742284787,1377233523.0
1050,India,2022-12-15,162.0,0.0,450.419,28.2,5.989,3.414,0.957604358911721,0.2578125,1.0,0.017617800053157155,0.18154812244342172,-0.5579007672762843,0.31428571428571433,0.5833333333333334,0.35,0.9583107742284787,1377233523.0
1051,India,2022-12-16,167.0,4.0,450.419,28.2,5.989,3.414,0.957604358911721,0.2578125,1.0,0.017617800053157155,0.18154812244342172,-0.5579007672762843,0.31428571428571433,0.5833333333333334,0.35,0.9583107742284787,1377233523.0
1052,India,2022-12-17,176.0,5.0,450.419,28.2,5.989,3.414,0.957604358911721,0.2578125,1.0,0.017617800053157155,0.18154812244342172,-0.5579007672762843,0.31428571428571433,0.5833333333333334,0.35,0.9583107742284787,1377233523.0
1053,India,2022-12-18,135.0,2.0,450.419,28.2,5.989,3.414,0.957604358911721,0.2578125,1.0,0.017617800053157155,0.18154812244342172,-0.5579007672762843,0.31428571428571433,0.5833333333333334,0.35,0.9583107742284787,1377233523.0
1054,India,2022-12-19,112.0,3.0,450.419,28.2,5.989,3.414,0.957604358911721,0.2578125,1.0,0.017617800053157155,0.18154812244342172,-0.5579007672762843,0.31428571428571433,0.5833333333333334,0.35,0.9583107742284787,1377233523.0
1055,India,2022-12-20,132.0,3.0,450.419,28.2,5.989,3.414,0.957604358911721,0.2578125,1.0,0.017617800053157155,0.18154812244342172,-0.5579007672762843,0.31428571428571433,0.5833333333333334,0.35,0.9583107742284787,1377233523.0
1056,India,2022-12-21,185.0,1.0,450.419,28.2,5.989,3.414,0.957604358911721,0.2578125,1.0,0.017617800053157155,0.18154812244342172,-0.5579007672762843,0.31428571428571433,0.5833333333333334,0.35,0.9583107742284787,1377233523.0
1057,India,2022-12-22,163.0,9.0,450.419,28.2,5.989,3.414,0.957604358911721,0.2578125,1.0,0.017617800053157155,0.18154812244342172,-0.5579007672762843,0.31428571428571433,0.5833333333333334,0.35,0.9583107742284787,1377233523.0
1058,India,2022-12-23,201.0,1.0,450.419,28.2,5.989,3.414,0.957604358911721,0.2578125,1.0,0.017617800053157155,0.18154812244342172,-0.5579007672762843,0.31428571428571433,0.5833333333333334,0.35,0.9583107742284787,1377233523.0
1059,India,2022-12-24,227.0,2.0,450.419,28.2,5.989,3.414,0.957604358911721,0.2578125,1.0,0.017617800053157155,0.18154812244342172,-0.5579007672762843,0.31428571428571433,0.5833333333333334,0.35,0.9583107742284787,1377233523.0
1060,India,2022-12-25,187.0,2.0,450.419,28.2,5.989,3.414,0.957604358911721,0.2578125,1.0,0.017617800053157155,0.18154812244342172,-0.5579007672762843,0.31428571428571433,0.5833333333333334,0.35,0.9583107742284787,1377233523.0
1061,India,2022-12-26,166.0,1.0,450.419,28.2,5.989,3.414,0.957604358911721,0.2578125,1.0,0.017617800053157155,0.18154812244342172,-0.5579007672762843,0.31428571428571433,0.5833333333333334,0.35,0.9583107742284787,1377233523.0
1062,India,2022-12-27,188.0,0.0,450.419,28.2,5.989,3.414,0.957604358911721,0.2578125,1.0,0.017617800053157155,0.18154812244342172,-0.5579007672762843,0.31428571428571433,0.5833333333333334,0.35,0.9583107742284787,1377233523.0
1063,India,2022-12-28,268.0,2.0,450.419,28.2,5.989,3.414,0.957604358911721,0.2578125,1.0,0.017617800053157155,0.18154812244342172,-0.5579007672762843,0.31428571428571433,0.5833333333333334,0.35,0.9583107742284787,1377233523.0
1064,India,2022-12-29,243.0,1.0,450.419,28.2,5.989,3.414,0.957604358911721,0.2578125,1.0,0.017617800053157155,0.18154812244342172,-0.5579007672762843,0.31428571428571433,0.5833333333333334,0.35,0.9583107742284787,1377233523.0
1065,India,2022-12-30,226.0,3.0,450.419,28.2,5.989,3.414,0.957604358911721,0.2578125,1.0,0.017617800053157155,0.18154812244342172,-0.5579007672762843,0.31428571428571433,0.5833333333333334,0.35,0.9583107742284787,1377233523.0
1066,India,2022-12-31,265.0,3.0,450.419,28.2,5.989,3.414,0.957604358911721,0.2578125,1.0,0.017617800053157155,0.18154812244342172,-0.5579007672762843,0.31428571428571433,0.5833333333333334,0.35,0.9583107742284787,1377233523.0
1067,India,2023-01-01,173.0,2.0,450.419,28.2,5.989,3.414,0.957604358911721,0.2578125,1.0,0.017617800053157155,0.18154812244342172,-0.5579007672762843,0.31428571428571433,0.5833333333333334,0.35,0.9583107742284787,1377233523.0
1068,India,2023-01-02,134.0,0.0,450.419,28.2,5.989,3.414,0.957604358911721,0.2578125,1.0,0.017617800053157155,0.18154812244342172,-0.5579007672762843,0.31428571428571433,0.5833333333333334,0.35,0.9583107742284787,1377233523.0
1069,India,2023-01-03,175.0,0.0,450.419,28.2,5.989,3.414,0.957604358911721,0.2578125,1.0,0.017617800053157155,0.18154812244342172,-0.5579007672762843,0.31428571428571433,0.5833333333333334,0.35,0.9583107742284787,1377233523.0
1070,India,2023-01-04,188.0,3.0,450.419,28.2,5.989,3.414,0.957604358911721,0.2578125,1.0,0.017617800053157155,0.18154812244342172,-0.5579007672762843,0.31428571428571433,0.5833333333333334,0.35,0.9583107742284787,1377233523.0
1071,India,2023-01-05,228.0,4.0,450.419,28.2,5.989,3.414,0.957604358911721,0.2578125,1.0,0.017617800053157155,0.18154812244342172,-0.5579007672762843,0.31428571428571433,0.5833333333333334,0.35,0.9583107742284787,1377233523.0
1072,India,2023-01-06,214.0,4.0,450.419,28.2,5.989,3.414,0.957604358911721,0.2578125,1.0,0.017617800053157155,0.18154812244342172,-0.5579007672762843,0.31428571428571433,0.5833333333333334,0.35,0.9583107742284787,1377233523.0
1073,India,2023-01-07,163.0,2.0,450.419,28.2,5.989,3.414,0.957604358911721,0.2578125,1.0,0.017617800053157155,0.18154812244342172,-0.5579007672762843,0.31428571428571433,0.5833333333333334,0.35,0.9583107742284787,1377233523.0
1074,India,2023-01-08,170.0,1.0,450.419,28.2,5.989,3.414,0.957604358911721,0.2578125,1.0,0.017617800053157155,0.18154812244342172,-0.5579007672762843,0.31428571428571433,0.5833333333333334,0.35,0.9583107742284787,1377233523.0
1075,India,2023-01-09,121.0,1.0,450.419,28.2,5.989,3.414,0.957604358911721,0.2578125,1.0,0.017617800053157155,0.18154812244342172,-0.5579007672762843,0.31428571428571433,0.5833333333333334,0.35,0.9583107742284787,1377233523.0
1076,India,2023-01-10,171.0,0.0,450.419,28.2,5.989,3.414,0.957604358911721,0.2578125,1.0,0.017617800053157155,0.18154812244342172,-0.5579007672762843,0.31428571428571433,0.5833333333333334,0.35,0.9583107742284787,1377233523.0
1077,India,2023-01-11,197.0,1.0,450.419,28.2,5.989,3.414,0.957604358911721,0.2578125,1.0,0.017617800053157155,0.18154812244342172,-0.5579007672762843,0.31428571428571433,0.5833333333333334,0.35,0.9583107742284787,1377233523.0
1078,India,2023-01-12,174.0,2.0,450.419,28.2,5.989,3.414,0.957604358911721,0.2578125,1.0,0.017617800053157155,0.18154812244342172,-0.5579007672762843,0.31428571428571433,0.5833333333333334,0.35,0.9583107742284787,1377233523.0
1079,India,2023-01-13,179.0,1.0,450.419,28.2,5.989,3.414,0.957604358911721,0.2578125,1.0,0.017617800053157155,0.18154812244342172,-0.5579007672762843,0.31428571428571433,0.5833333333333334,0.35,0.9583107742284787,1377233523.0
1080,India,2023-01-14,104.0,0.0,450.419,28.2,5.989,3.414,0.957604358911721,0.2578125,1.0,0.017617800053157155,0.18154812244342172,-0.5579007672762843,0.31428571428571433,0.5833333333333334,0.35,0.9583107742284787,1377233523.0
1081,India,2023-01-15,114.0,0.0,450.419,28.2,5.989,3.414,0.957604358911721,0.2578125,1.0,0.017617800053157155,0.18154812244342172,-0.5579007672762843,0.31428571428571433,0.5833333333333334,0.35,0.9583107742284787,1377233523.0
1082,India,2023-01-16,89.0,0.0,450.419,28.2,5.989,3.414,0.957604358911721,0.2578125,1.0,0.017617800053157155,0.18154812244342172,-0.5579007672762843,0.31428571428571433,0.5833333333333334,0.35,0.9583107742284787,1377233523.0
1083,India,2023-01-17,128.0,2.0,450.419,28.2,5.989,3.414,0.957604358911721,0.2578125,1.0,0.017617800053157155,0.18154812244342172,-0.5579007672762843,0.31428571428571433,0.5833333333333334,0.35,0.9583107742284787,1377233523.0
1084,India,2023-01-18,134.0,0.0,450.419,28.2,5.989,3.414,0.957604358911721,0.2578125,1.0,0.017617800053157155,0.18154812244342172,-0.5579007672762843,0.31428571428571433,0.5833333333333334,0.35,0.9583107742284787,1377233523.0
1085,India,2023-01-19,145.0,0.0,450.419,28.2,5.989,3.414,0.957604358911721,0.2578125,1.0,0.017617800053157155,0.18154812244342172,-0.5579007672762843,0.31428571428571433,0.5833333333333334,0.35,0.9583107742284787,1377233523.0
1086,India,2023-01-20,131.0,2.0,450.419,28.2,5.989,3.414,0.957604358911721,0.2578125,1.0,0.017617800053157155,0.18154812244342172,-0.5579007672762843,0.31428571428571433,0.5833333333333334,0.35,0.9583107742284787,1377233523.0
1087,India,2023-01-21,140.0,3.0,450.419,28.2,5.989,3.414,0.957604358911721,0.2578125,1.0,0.017617800053157155,0.18154812244342172,-0.5579007672762843,0.31428571428571433,0.5833333333333334,0.35,0.9583107742284787,1377233523.0
1088,India,2023-01-22,94.0,2.0,450.419,28.2,5.989,3.414,0.957604358911721,0.2578125,1.0,0.017617800053157155,0.18154812244342172,-0.5579007672762843,0.31428571428571433,0.5833333333333334,0.35,0.9583107742284787,1377233523.0
1089,India,2023-01-23,89.0,2.0,450.419,28.2,5.989,3.414,0.957604358911721,0.2578125,1.0,0.017617800053157155,0.18154812244342172,-0.5579007672762843,0.31428571428571433,0.5833333333333334,0.35,0.9583107742284787,1377233523.0
1090,India,2023-01-24,102.0,0.0,450.419,28.2,5.989,3.414,0.957604358911721,0.2578125,1.0,0.017617800053157155,0.18154812244342172,-0.5579007672762843,0.31428571428571433,0.5833333333333334,0.35,0.9583107742284787,1377233523.0
1091,India,2023-01-25,132.0,1.0,450.419,28.2,5.989,3.414,0.957604358911721,0.2578125,1.0,0.017617800053157155,0.18154812244342172,-0.5579007672762843,0.31428571428571433,0.5833333333333334,0.35,0.9583107742284787,1377233523.0
1092,India,2023-01-26,99.0,1.0,450.419,28.2,5.989,3.414,0.957604358911721,0.2578125,1.0,0.017617800053157155,0.18154812244342172,-0.5579007672762843,0.31428571428571433,0.5833333333333334,0.35,0.9583107742284787,1377233523.0
1093,India,2023-01-27,93.0,0.0,450.419,28.2,5.989,3.414,0.957604358911721,0.2578125,1.0,0.017617800053157155,0.18154812244342172,-0.5579007672762843,0.31428571428571433,0.5833333333333334,0.35,0.9583107742284787,1377233523.0
1094,India,2023-01-28,109.0,1.0,450.419,28.2,5.989,3.414,0.957604358911721,0.2578125,1.0,0.017617800053157155,0.18154812244342172,-0.5579007672762843,0.31428571428571433,0.5833333333333334,0.35,0.9583107742284787,1377233523.0
1095,India,2023-01-29,80.0,0.0,450.419,28.2,5.989,3.414,0.957604358911721,0.2578125,1.0,0.017617800053157155,0.18154812244342172,-0.5579007672762843,0.31428571428571433,0.5833333333333334,0.35,0.9583107742284787,1377233523.0
1096,India,2023-01-30,66.0,0.0,450.419,28.2,5.989,3.414,0.957604358911721,0.2578125,1.0,0.017617800053157155,0.18154812244342172,-0.5579007672762843,0.31428571428571433,0.5833333333333334,0.35,0.9583107742284787,1377233523.0
1097,India,2023-01-31,111.0,0.0,450.419,28.2,5.989,3.414,0.957604358911721,0.2578125,1.0,0.017617800053157155,0.18154812244342172,-0.5579007672762843,0.31428571428571433,0.5833333333333334,0.35,0.9583107742284787,1377233523.0
1098,India,2023-02-01,128.0,1.0,450.419,28.2,5.989,3.414,0.957604358911721,0.2578125,1.0,0.017617800053157155,0.18154812244342172,-0.5579007672762843,0.31428571428571433,0.5833333333333334,0.35,0.9583107742284787,1377233523.0
1099,India,2023-02-02,99.0,0.0,450.419,28.2,5.989,3.414,0.957604358911721,0.2578125,1.0,0.017617800053157155,0.18154812244342172,-0.5579007672762843,0.31428571428571433,0.5833333333333334,0.35,0.9583107742284787,1377233523.0
1100,India,2023-02-03,128.0,4.0,450.419,28.2,5.989,3.414,0.957604358911721,0.2578125,1.0,0.017617800053157155,0.18154812244342172,-0.5579007672762843,0.31428571428571433,0.5833333333333334,0.35,0.9583107742284787,1377233523.0
1101,India,2023-02-04,113.0,0.0,450.419,28.2,5.989,3.414,0.957604358911721,0.2578125,1.0,0.017617800053157155,0.18154812244342172,-0.5579007672762843,0.31428571428571433,0.5833333333333334,0.35,0.9583107742284787,1377233523.0
1102,India,2023-02-05,91.0,0.0,450.419,28.2,5.989,3.414,0.957604358911721,0.2578125,1.0,0.017617800053157155,0.18154812244342172,-0.5579007672762843,0.31428571428571433,0.5833333333333334,0.35,0.9583107742284787,1377233523.0
1103,India,2023-02-06,89.0,0.0,450.419,28.2,5.989,3.414,0.957604358911721,0.2578125,1.0,0.017617800053157155,0.18154812244342172,-0.5579007672762843,0.31428571428571433,0.5833333333333334,0.35,0.9583107742284787,1377233523.0
1104,India,2023-02-07,96.0,1.0,450.419,28.2,5.989,3.414,0.957604358911721,0.2578125,1.0,0.017617800053157155,0.18154812244342172,-0.5579007672762843,0.31428571428571433,0.5833333333333334,0.35,0.9583107742284787,1377233523.0
1105,India,2023-02-08,109.0,2.0,450.419,28.2,5.989,3.414,0.957604358911721,0.2578125,1.0,0.017617800053157155,0.18154812244342172,-0.5579007672762843,0.31428571428571433,0.5833333333333334,0.35,0.9583107742284787,1377233523.0
1106,India,2023-02-09,114.0,2.0,450.419,28.2,5.989,3.414,0.957604358911721,0.2578125,1.0,0.017617800053157155,0.18154812244342172,-0.5579007672762843,0.31428571428571433,0.5833333333333334,0.35,0.9583107742284787,1377233523.0
1108,India,2023-02-11,1357.0,0.0,450.419,28.2,5.989,3.414,0.957604358911721,0.2578125,1.0,0.017617800053157155,0.18154812244342172,-0.5579007672762843,0.31428571428571433,0.5833333333333334,0.35,0.9583107742284787,1377233523.0
1109,India,2023-02-12,206.0,3.0,450.419,28.2,5.989,3.414,0.957604358911721,0.2578125,1.0,0.017617800053157155,0.18154812244342172,-0.5579007672762843,0.31428571428571433,0.5833333333333334,0.35,0.9583107742284787,1377233523.0
1110,India,2023-02-13,74.0,0.0,450.419,28.2,5.989,3.414,0.957604358911721,0.2578125,1.0,0.017617800053157155,0.18154812244342172,-0.5579007672762843,0.31428571428571433,0.5833333333333334,0.35,0.9583107742284787,1377233523.0
1111,India,2023-02-14,102.0,3.0,450.419,28.2,5.989,3.414,0.957604358911721,0.2578125,1.0,0.017617800053157155,0.18154812244342172,-0.5579007672762843,0.31428571428571433,0.5833333333333334,0.35,0.9583107742284787,1377233523.0
1112,India,2023-02-15,126.0,1.0,450.419,28.2,5.989,3.414,0.957604358911721,0.2578125,1.0,0.017617800053157155,0.18154812244342172,-0.5579007672762843,0.31428571428571433,0.5833333333333334,0.35,0.9583107742284787,1377233523.0
1113,India,2023-02-16,157.0,0.0,450.419,28.2,5.989,3.414,0.957604358911721,0.2578125,1.0,0.017617800053157155,0.18154812244342172,-0.5579007672762843,0.31428571428571433,0.5833333333333334,0.35,0.9583107742284787,1377233523.0
1114,India,2023-02-17,117.0,0.0,450.419,28.2,5.989,3.414,0.957604358911721,0.2578125,1.0,0.017617800053157155,0.18154812244342172,-0.5579007672762843,0.31428571428571433,0.5833333333333334,0.35,0.9583107742284787,1377233523.0
1115,India,2023-02-18,142.0,3.0,450.419,28.2,5.989,3.414,0.957604358911721,0.2578125,1.0,0.017617800053157155,0.18154812244342172,-0.5579007672762843,0.31428571428571433,0.5833333333333334,0.35,0.9583107742284787,1377233523.0
1116,India,2023-02-19,120.0,1.0,450.419,28.2,5.989,3.414,0.957604358911721,0.2578125,1.0,0.017617800053157155,0.18154812244342172,-0.5579007672762843,0.31428571428571433,0.5833333333333334,0.35,0.9583107742284787,1377233523.0
1117,India,2023-02-20,95.0,0.0,450.419,28.2,5.989,3.414,0.957604358911721,0.2578125,1.0,0.017617800053157155,0.18154812244342172,-0.5579007672762843,0.31428571428571433,0.5833333333333334,0.35,0.9583107742284787,1377233523.0
1118,India,2023-02-21,125.0,1.0,450.419,28.2,5.989,3.414,0.957604358911721,0.2578125,1.0,0.017617800053157155,0.18154812244342172,-0.5579007672762843,0.31428571428571433,0.5833333333333334,0.35,0.9583107742284787,1377233523.0
1119,India,2023-02-22,193.0,1.0,450.419,28.2,5.989,3.414,0.957604358911721,0.2578125,1.0,0.017617800053157155,0.18154812244342172,-0.5579007672762843,0.31428571428571433,0.5833333333333334,0.35,0.9583107742284787,1377233523.0
1120,India,2023-02-23,166.0,1.0,450.419,28.2,5.989,3.414,0.957604358911721,0.2578125,1.0,0.017617800053157155,0.18154812244342172,-0.5579007672762843,0.31428571428571433,0.5833333333333334,0.35,0.9583107742284787,1377233523.0
1121,India,2023-02-24,183.0,0.0,450.419,28.2,5.989,3.414,0.957604358911721,0.2578125,1.0,0.017617800053157155,0.18154812244342172,-0.5579007672762843,0.31428571428571433,0.5833333333333334,0.35,0.9583107742284787,1377233523.0
1122,India,2023-02-25,218.0,5.0,450.419,28.2,5.989,3.414,0.957604358911721,0.2578125,1.0,0.017617800053157155,0.18154812244342172,-0.5579007672762843,0.31428571428571433,0.5833333333333334,0.35,0.9583107742284787,1377233523.0
1123,India,2023-02-26,185.0,1.0,450.419,28.2,5.989,3.414,0.957604358911721,0.2578125,1.0,0.017617800053157155,0.18154812244342172,-0.5579007672762843,0.31428571428571433,0.5833333333333334,0.35,0.9583107742284787,1377233523.0
1124,India,2023-02-27,169.0,1.0,450.419,28.2,5.989,3.414,0.957604358911721,0.2578125,1.0,0.017617800053157155,0.18154812244342172,-0.5579007672762843,0.31428571428571433,0.5833333333333334,0.35,0.9583107742284787,1377233523.0
1125,India,2023-02-28,240.0,1.0,450.419,28.2,5.989,3.414,0.957604358911721,0.2578125,1.0,0.017617800053157155,0.18154812244342172,-0.5579007672762843,0.31428571428571433,0.5833333333333334,0.35,0.9583107742284787,1377233523.0
1126,India,2023-03-01,268.0,0.0,450.419,28.2,5.989,3.414,0.957604358911721,0.2578125,1.0,0.017617800053157155,0.18154812244342172,-0.5579007672762843,0.31428571428571433,0.5833333333333334,0.35,0.9583107742284787,1377233523.0
1127,India,2023-03-02,283.0,0.0,450.419,28.2,5.989,3.414,0.957604358911721,0.2578125,1.0,0.017617800053157155,0.18154812244342172,-0.5579007672762843,0.31428571428571433,0.5833333333333334,0.35,0.9583107742284787,1377233523.0
1128,India,2023-03-03,334.0,3.0,450.419,28.2,5.989,3.414,0.957604358911721,0.2578125,1.0,0.017617800053157155,0.18154812244342172,-0.5579007672762843,0.31428571428571433,0.5833333333333334,0.35,0.9583107742284787,1377233523.0
1129,India,2023-03-04,324.0,0.0,450.419,28.2,5.989,3.414,0.957604358911721,0.2578125,1.0,0.017617800053157155,0.18154812244342172,-0.5579007672762843,0.31428571428571433,0.5833333333333334,0.35,0.9583107742284787,1377233523.0
1130,India,2023-03-05,281.0,0.0,450.419,28.2,5.989,3.414,0.957604358911721,0.2578125,1.0,0.017617800053157155,0.18154812244342172,-0.5579007672762843,0.31428571428571433,0.5833333333333334,0.35,0.9583107742284787,1377233523.0
1131,India,2023-03-06,266.0,0.0,450.419,28.2,5.989,3.414,0.957604358911721,0.2578125,1.0,0.017617800053157155,0.18154812244342172,-0.5579007672762843,0.31428571428571433,0.5833333333333334,0.35,0.9583107742284787,1377233523.0
1132,India,2023-03-07,326.0,0.0,450.419,28.2,5.989,3.414,0.957604358911721,0.2578125,1.0,0.017617800053157155,0.18154812244342172,-0.5579007672762843,0.31428571428571433,0.5833333333333334,0.35,0.9583107742284787,1377233523.0
