,country,date,confirmed,fatalities,population_density,median_age,aged_65_older,aged_70_older,population,yearly_change,net_change,density,land_area,migrants,rert_rate,med_age,urban_pop,world_share,r_population
21,Italy,2020-02-21,17.0,1.0,205.859,47.9,23.021,16.24,0.04205195348477598,-0.0390625,-0.006495282016564665,0.007821695713255116,0.017960697007425717,0.1559929451637296,0.18571428571428572,0.9791666666666666,0.69,0.042230644288034656,60479424.0
22,Italy,2020-02-22,42.0,1.0,205.859,47.9,23.021,16.24,0.04205195348477598,-0.0390625,-0.006495282016564665,0.007821695713255116,0.017960697007425717,0.1559929451637296,0.18571428571428572,0.9791666666666666,0.69,0.042230644288034656,60479424.0
23,Italy,2020-02-23,93.0,1.0,205.859,47.9,23.021,16.24,0.04205195348477598,-0.0390625,-0.006495282016564665,0.007821695713255116,0.017960697007425717,0.1559929451637296,0.18571428571428572,0.9791666666666666,0.69,0.042230644288034656,60479424.0
24,Italy,2020-02-24,74.0,4.0,205.859,47.9,23.021,16.24,0.04205195348477598,-0.0390625,-0.006495282016564665,0.007821695713255116,0.017960697007425717,0.1559929451637296,0.18571428571428572,0.9791666666666666,0.69,0.042230644288034656,60479424.0
25,Italy,2020-02-25,93.0,3.0,205.859,47.9,23.021,16.24,0.04205195348477598,-0.0390625,-0.006495282016564665,0.007821695713255116,0.017960697007425717,0.1559929451637296,0.18571428571428572,0.9791666666666666,0.69,0.042230644288034656,60479424.0
26,Italy,2020-02-26,131.0,2.0,205.859,47.9,23.021,16.24,0.04205195348477598,-0.0390625,-0.006495282016564665,0.007821695713255116,0.017960697007425717,0.1559929451637296,0.18571428571428572,0.9791666666666666,0.69,0.042230644288034656,60479424.0
27,Italy,2020-02-27,202.0,5.0,205.859,47.9,23.021,16.24,0.04205195348477598,-0.0390625,-0.006495282016564665,0.007821695713255116,0.017960697007425717,0.1559929451637296,0.18571428571428572,0.9791666666666666,0.69,0.042230644288034656,60479424.0
28,Italy,2020-02-28,233.0,4.0,205.859,47.9,23.021,16.24,0.04205195348477598,-0.0390625,-0.006495282016564665,0.007821695713255116,0.017960697007425717,0.1559929451637296,0.18571428571428572,0.9791666666666666,0.69,0.042230644288034656,60479424.0
29,Italy,2020-02-29,240.0,8.0,205.859,47.9,23.021,16.24,0.04205195348477598,-0.0390625,-0.006495282016564665,0.007821695713255116,0.017960697007425717,0.1559929451637296,0.18571428571428572,0.9791666666666666,0.69,0.042230644288034656,60479424.0
30,Italy,2020-03-01,566.0,5.0,205.859,47.9,23.021,16.24,0.04205195348477598,-0.0390625,-0.006495282016564665,0.007821695713255116,0.017960697007425717,0.1559929451637296,0.18571428571428572,0.9791666666666666,0.69,0.042230644288034656,60479424.0
31,Italy,2020-03-02,342.0,18.0,205.859,47.9,23.021,16.24,0.04205195348477598,-0.0390625,-0.006495282016564665,0.007821695713255116,0.017960697007425717,0.1559929451637296,0.18571428571428572,0.9791666666666666,0.69,0.042230644288034656,60479424.0
32,Italy,2020-03-03,466.0,27.0,205.859,47.9,23.021,16.24,0.04205195348477598,-0.0390625,-0.006495282016564665,0.007821695713255116,0.017960697007425717,0.1559929451637296,0.18571428571428572,0.9791666666666666,0.69,0.042230644288034656,60479424.0
33,Italy,2020-03-04,587.0,28.0,205.859,47.9,23.021,16.24,0.04205195348477598,-0.0390625,-0.006495282016564665,0.007821695713255116,0.017960697007425717,0.1559929451637296,0.18571428571428572,0.9791666666666666,0.69,0.042230644288034656,60479424.0
34,Italy,2020-03-05,769.0,41.0,205.859,47.9,23.021,16.24,0.04205195348477598,-0.0390625,-0.006495282016564665,0.007821695713255116,0.017960697007425717,0.1559929451637296,0.18571428571428572,0.9791666666666666,0.69,0.042230644288034656,60479424.0
35,Italy,2020-03-06,778.0,49.0,205.859,47.9,23.021,16.24,0.04205195348477598,-0.0390625,-0.006495282016564665,0.007821695713255116,0.017960697007425717,0.1559929451637296,0.18571428571428572,0.9791666666666666,0.69,0.042230644288034656,60479424.0
36,Italy,2020-03-07,1247.0,36.0,205.859,47.9,23.021,16.24,0.04205195348477598,-0.0390625,-0.006495282016564665,0.007821695713255116,0.017960697007425717,0.1559929451637296,0.18571428571428572,0.9791666666666666,0.69,0.042230644288034656,60479424.0
37,Italy,2020-03-08,1492.0,133.0,205.859,47.9,23.021,16.24,0.04205195348477598,-0.0390625,-0.006495282016564665,0.007821695713255116,0.017960697007425717,0.1559929451637296,0.18571428571428572,0.9791666666666666,0.69,0.042230644288034656,60479424.0
38,Italy,2020-03-09,1797.0,97.0,205.859,47.9,23.021,16.24,0.04205195348477598,-0.0390625,-0.006495282016564665,0.007821695713255116,0.017960697007425717,0.1559929451637296,0.18571428571428572,0.9791666666666666,0.69,0.042230644288034656,60479424.0
39,Italy,2020-03-10,977.0,168.0,205.859,47.9,23.021,16.24,0.04205195348477598,-0.0390625,-0.006495282016564665,0.007821695713255116,0.017960697007425717,0.1559929451637296,0.18571428571428572,0.9791666666666666,0.69,0.042230644288034656,60479424.0
40,Italy,2020-03-11,2313.0,196.0,205.859,47.9,23.021,16.24,0.04205195348477598,-0.0390625,-0.006495282016564665,0.007821695713255116,0.017960697007425717,0.1559929451637296,0.18571428571428572,0.9791666666666666,0.69,0.042230644288034656,60479424.0
41,Italy,2020-03-12,2651.0,189.0,205.859,47.9,23.021,16.24,0.04205195348477598,-0.0390625,-0.006495282016564665,0.007821695713255116,0.017960697007425717,0.1559929451637296,0.18571428571428572,0.9791666666666666,0.69,0.042230644288034656,60479424.0
42,Italy,2020-03-13,2547.0,250.0,205.859,47.9,23.021,16.24,0.04205195348477598,-0.0390625,-0.006495282016564665,0.007821695713255116,0.017960697007425717,0.1559929451637296,0.18571428571428572,0.9791666666666666,0.69,0.042230644288034656,60479424.0
43,Italy,2020-03-14,3497.0,175.0,205.859,47.9,23.021,16.24,0.04205195348477598,-0.0390625,-0.006495282016564665,0.007821695713255116,0.017960697007425717,0.1559929451637296,0.18571428571428572,0.9791666666666666,0.69,0.042230644288034656,60479424.0
44,Italy,2020-03-15,3590.0,368.0,205.859,47.9,23.021,16.24,0.04205195348477598,-0.0390625,-0.006495282016564665,0.007821695713255116,0.017960697007425717,0.1559929451637296,0.18571428571428572,0.9791666666666666,0.69,0.042230644288034656,60479424.0
45,Italy,2020-03-16,3233.0,349.0,205.859,47.9,23.021,16.24,0.04205195348477598,-0.0390625,-0.006495282016564665,0.007821695713255116,0.017960697007425717,0.1559929451637296,0.18571428571428572,0.9791666666666666,0.69,0.042230644288034656,60479424.0
46,Italy,2020-03-17,3526.0,345.0,205.859,47.9,23.021,16.24,0.04205195348477598,-0.0390625,-0.006495282016564665,0.007821695713255116,0.017960697007425717,0.1559929451637296,0.18571428571428572,0.9791666666666666,0.69,0.042230644288034656,60479424.0
47,Italy,2020-03-18,4207.0,475.0,205.859,47.9,23.021,16.24,0.04205195348477598,-0.0390625,-0.006495282016564665,0.007821695713255116,0.017960697007425717,0.1559929451637296,0.18571428571428572,0.9791666666666666,0.69,0.042230644288034656,60479424.0
48,Italy,2020-03-19,5322.0,427.0,205.859,47.9,23.021,16.24,0.04205195348477598,-0.0390625,-0.006495282016564665,0.007821695713255116,0.017960697007425717,0.1559929451637296,0.18571428571428572,0.9791666666666666,0.69,0.042230644288034656,60479424.0
49,Italy,2020-03-20,5986.0,627.0,205.859,47.9,23.021,16.24,0.04205195348477598,-0.0390625,-0.006495282016564665,0.007821695713255116,0.017960697007425717,0.1559929451637296,0.18571428571428572,0.9791666666666666,0.69,0.042230644288034656,60479424.0
50,Italy,2020-03-21,6557.0,793.0,205.859,47.9,23.021,16.24,0.04205195348477598,-0.0390625,-0.006495282016564665,0.007821695713255116,0.017960697007425717,0.1559929451637296,0.18571428571428572,0.9791666666666666,0.69,0.042230644288034656,60479424.0
51,Italy,2020-03-22,5560.0,651.0,205.859,47.9,23.021,16.24,0.04205195348477598,-0.0390625,-0.006495282016564665,0.007821695713255116,0.017960697007425717,0.1559929451637296,0.18571428571428572,0.9791666666666666,0.69,0.042230644288034656,60479424.0
52,Italy,2020-03-23,4789.0,601.0,205.859,47.9,23.021,16.24,0.04205195348477598,-0.0390625,-0.006495282016564665,0.007821695713255116,0.017960697007425717,0.1559929451637296,0.18571428571428572,0.9791666666666666,0.69,0.042230644288034656,60479424.0
53,Italy,2020-03-24,5249.0,743.0,205.859,47.9,23.021,16.24,0.04205195348477598,-0.0390625,-0.006495282016564665,0.007821695713255116,0.017960697007425717,0.1559929451637296,0.18571428571428572,0.9791666666666666,0.69,0.042230644288034656,60479424.0
54,Italy,2020-03-25,5210.0,683.0,205.859,47.9,23.021,16.24,0.04205195348477598,-0.0390625,-0.006495282016564665,0.007821695713255116,0.017960697007425717,0.1559929451637296,0.18571428571428572,0.9791666666666666,0.69,0.042230644288034656,60479424.0
55,Italy,2020-03-26,6203.0,712.0,205.859,47.9,23.021,16.24,0.04205195348477598,-0.0390625,-0.006495282016564665,0.007821695713255116,0.017960697007425717,0.1559929451637296,0.18571428571428572,0.9791666666666666,0.69,0.042230644288034656,60479424.0
56,Italy,2020-03-27,5909.0,919.0,205.859,47.9,23.021,16.24,0.04205195348477598,-0.0390625,-0.006495282016564665,0.007821695713255116,0.017960697007425717,0.1559929451637296,0.18571428571428572,0.9791666666666666,0.69,0.042230644288034656,60479424.0
57,Italy,2020-03-28,5974.0,889.0,205.859,47.9,23.021,16.24,0.04205195348477598,-0.0390625,-0.006495282016564665,0.007821695713255116,0.017960697007425717,0.1559929451637296,0.18571428571428572,0.9791666666666666,0.69,0.042230644288034656,60479424.0
58,Italy,2020-03-29,5217.0,756.0,205.859,47.9,23.021,16.24,0.04205195348477598,-0.0390625,-0.006495282016564665,0.007821695713255116,0.017960697007425717,0.1559929451637296,0.18571428571428572,0.9791666666666666,0.69,0.042230644288034656,60479424.0
59,Italy,2020-03-30,4050.0,812.0,205.859,47.9,23.021,16.24,0.04205195348477598,-0.0390625,-0.006495282016564665,0.007821695713255116,0.017960697007425717,0.1559929451637296,0.18571428571428572,0.9791666666666666,0.69,0.042230644288034656,60479424.0
60,Italy,2020-03-31,4053.0,837.0,205.859,47.9,23.021,16.24,0.04205195348477598,-0.0390625,-0.006495282016564665,0.007821695713255116,0.017960697007425717,0.1559929451637296,0.18571428571428572,0.9791666666666666,0.69,0.042230644288034656,60479424.0
61,Italy,2020-04-01,4782.0,727.0,205.859,47.9,23.021,16.24,0.04205195348477598,-0.0390625,-0.006495282016564665,0.007821695713255116,0.017960697007425717,0.1559929451637296,0.18571428571428572,0.9791666666666666,0.69,0.042230644288034656,60479424.0
62,Italy,2020-04-02,4668.0,760.0,205.859,47.9,23.021,16.24,0.04205195348477598,-0.0390625,-0.006495282016564665,0.007821695713255116,0.017960697007425717,0.1559929451637296,0.18571428571428572,0.9791666666666666,0.69,0.042230644288034656,60479424.0
63,Italy,2020-04-03,4585.0,766.0,205.859,47.9,23.021,16.24,0.04205195348477598,-0.0390625,-0.006495282016564665,0.007821695713255116,0.017960697007425717,0.1559929451637296,0.18571428571428572,0.9791666666666666,0.69,0.042230644288034656,60479424.0
64,Italy,2020-04-04,4805.0,681.0,205.859,47.9,23.021,16.24,0.04205195348477598,-0.0390625,-0.006495282016564665,0.007821695713255116,0.017960697007425717,0.1559929451637296,0.18571428571428572,0.9791666666666666,0.69,0.042230644288034656,60479424.0
65,Italy,2020-04-05,4316.0,525.0,205.859,47.9,23.021,16.24,0.04205195348477598,-0.0390625,-0.006495282016564665,0.007821695713255116,0.017960697007425717,0.1559929451637296,0.18571428571428572,0.9791666666666666,0.69,0.042230644288034656,60479424.0
66,Italy,2020-04-06,3599.0,636.0,205.859,47.9,23.021,16.24,0.04205195348477598,-0.0390625,-0.006495282016564665,0.007821695713255116,0.017960697007425717,0.1559929451637296,0.18571428571428572,0.9791666666666666,0.69,0.042230644288034656,60479424.0
67,Italy,2020-04-07,3039.0,604.0,205.859,47.9,23.021,16.24,0.04205195348477598,-0.0390625,-0.006495282016564665,0.007821695713255116,0.017960697007425717,0.1559929451637296,0.18571428571428572,0.9791666666666666,0.69,0.042230644288034656,60479424.0
68,Italy,2020-04-08,3836.0,542.0,205.859,47.9,23.021,16.24,0.04205195348477598,-0.0390625,-0.006495282016564665,0.007821695713255116,0.017960697007425717,0.1559929451637296,0.18571428571428572,0.9791666666666666,0.69,0.042230644288034656,60479424.0
69,Italy,2020-04-09,4204.0,610.0,205.859,47.9,23.021,16.24,0.04205195348477598,-0.0390625,-0.006495282016564665,0.007821695713255116,0.017960697007425717,0.1559929451637296,0.18571428571428572,0.9791666666666666,0.69,0.042230644288034656,60479424.0
70,Italy,2020-04-10,3951.0,570.0,205.859,47.9,23.021,16.24,0.04205195348477598,-0.0390625,-0.006495282016564665,0.007821695713255116,0.017960697007425717,0.1559929451637296,0.18571428571428572,0.9791666666666666,0.69,0.042230644288034656,60479424.0
71,Italy,2020-04-11,4694.0,619.0,205.859,47.9,23.021,16.24,0.04205195348477598,-0.0390625,-0.006495282016564665,0.007821695713255116,0.017960697007425717,0.1559929451637296,0.18571428571428572,0.9791666666666666,0.69,0.042230644288034656,60479424.0
72,Italy,2020-04-12,4092.0,431.0,205.859,47.9,23.021,16.24,0.04205195348477598,-0.0390625,-0.006495282016564665,0.007821695713255116,0.017960697007425717,0.1559929451637296,0.18571428571428572,0.9791666666666666,0.69,0.042230644288034656,60479424.0
73,Italy,2020-04-13,3153.0,566.0,205.859,47.9,23.021,16.24,0.04205195348477598,-0.0390625,-0.006495282016564665,0.007821695713255116,0.017960697007425717,0.1559929451637296,0.18571428571428572,0.9791666666666666,0.69,0.042230644288034656,60479424.0
74,Italy,2020-04-14,2972.0,602.0,205.859,47.9,23.021,16.24,0.04205195348477598,-0.0390625,-0.006495282016564665,0.007821695713255116,0.017960697007425717,0.1559929451637296,0.18571428571428572,0.9791666666666666,0.69,0.042230644288034656,60479424.0
75,Italy,2020-04-15,2667.0,578.0,205.859,47.9,23.021,16.24,0.04205195348477598,-0.0390625,-0.006495282016564665,0.007821695713255116,0.017960697007425717,0.1559929451637296,0.18571428571428572,0.9791666666666666,0.69,0.042230644288034656,60479424.0
76,Italy,2020-04-16,3786.0,525.0,205.859,47.9,23.021,16.24,0.04205195348477598,-0.0390625,-0.006495282016564665,0.007821695713255116,0.017960697007425717,0.1559929451637296,0.18571428571428572,0.9791666666666666,0.69,0.042230644288034656,60479424.0
77,Italy,2020-04-17,3493.0,575.0,205.859,47.9,23.021,16.24,0.04205195348477598,-0.0390625,-0.006495282016564665,0.007821695713255116,0.017960697007425717,0.1559929451637296,0.18571428571428572,0.9791666666666666,0.69,0.042230644288034656,60479424.0
78,Italy,2020-04-18,3491.0,482.0,205.859,47.9,23.021,16.24,0.04205195348477598,-0.0390625,-0.006495282016564665,0.007821695713255116,0.017960697007425717,0.1559929451637296,0.18571428571428572,0.9791666666666666,0.69,0.042230644288034656,60479424.0
79,Italy,2020-04-19,3047.0,433.0,205.859,47.9,23.021,16.24,0.04205195348477598,-0.0390625,-0.006495282016564665,0.007821695713255116,0.017960697007425717,0.1559929451637296,0.18571428571428572,0.9791666666666666,0.69,0.042230644288034656,60479424.0
80,Italy,2020-04-20,2256.0,454.0,205.859,47.9,23.021,16.24,0.04205195348477598,-0.0390625,-0.006495282016564665,0.007821695713255116,0.017960697007425717,0.1559929451637296,0.18571428571428572,0.9791666666666666,0.69,0.042230644288034656,60479424.0
81,Italy,2020-04-21,2729.0,534.0,205.859,47.9,23.021,16.24,0.04205195348477598,-0.0390625,-0.006495282016564665,0.007821695713255116,0.017960697007425717,0.1559929451637296,0.18571428571428572,0.9791666666666666,0.69,0.042230644288034656,60479424.0
82,Italy,2020-04-22,3370.0,437.0,205.859,47.9,23.021,16.24,0.04205195348477598,-0.0390625,-0.006495282016564665,0.007821695713255116,0.017960697007425717,0.1559929451637296,0.18571428571428572,0.9791666666666666,0.69,0.042230644288034656,60479424.0
83,Italy,2020-04-23,2646.0,464.0,205.859,47.9,23.021,16.24,0.04205195348477598,-0.0390625,-0.006495282016564665,0.007821695713255116,0.017960697007425717,0.1559929451637296,0.18571428571428572,0.9791666666666666,0.69,0.042230644288034656,60479424.0
84,Italy,2020-04-24,3021.0,420.0,205.859,47.9,23.021,16.24,0.04205195348477598,-0.0390625,-0.006495282016564665,0.007821695713255116,0.017960697007425717,0.1559929451637296,0.18571428571428572,0.9791666666666666,0.69,0.042230644288034656,60479424.0
85,Italy,2020-04-25,2357.0,415.0,205.859,47.9,23.021,16.24,0.04205195348477598,-0.0390625,-0.006495282016564665,0.007821695713255116,0.017960697007425717,0.1559929451637296,0.18571428571428572,0.9791666666666666,0.69,0.042230644288034656,60479424.0
86,Italy,2020-04-26,2324.0,260.0,205.859,47.9,23.021,16.24,0.04205195348477598,-0.0390625,-0.006495282016564665,0.007821695713255116,0.017960697007425717,0.1559929451637296,0.18571428571428572,0.9791666666666666,0.69,0.042230644288034656,60479424.0
87,Italy,2020-04-27,1739.0,333.0,205.859,47.9,23.021,16.24,0.04205195348477598,-0.0390625,-0.006495282016564665,0.007821695713255116,0.017960697007425717,0.1559929451637296,0.18571428571428572,0.9791666666666666,0.69,0.042230644288034656,60479424.0
88,Italy,2020-04-28,2091.0,382.0,205.859,47.9,23.021,16.24,0.04205195348477598,-0.0390625,-0.006495282016564665,0.007821695713255116,0.017960697007425717,0.1559929451637296,0.18571428571428572,0.9791666666666666,0.69,0.042230644288034656,60479424.0
89,Italy,2020-04-29,2086.0,323.0,205.859,47.9,23.021,16.24,0.04205195348477598,-0.0390625,-0.006495282016564665,0.007821695713255116,0.017960697007425717,0.1559929451637296,0.18571428571428572,0.9791666666666666,0.69,0.042230644288034656,60479424.0
90,Italy,2020-04-30,1872.0,285.0,205.859,47.9,23.021,16.24,0.04205195348477598,-0.0390625,-0.006495282016564665,0.007821695713255116,0.017960697007425717,0.1559929451637296,0.18571428571428572,0.9791666666666666,0.69,0.042230644288034656,60479424.0
91,Italy,2020-05-01,1965.0,269.0,205.859,47.9,23.021,16.24,0.04205195348477598,-0.0390625,-0.006495282016564665,0.007821695713255116,0.017960697007425717,0.1559929451637296,0.18571428571428572,0.9791666666666666,0.69,0.042230644288034656,60479424.0
92,Italy,2020-05-02,1900.0,474.0,205.859,47.9,23.021,16.24,0.04205195348477598,-0.0390625,-0.006495282016564665,0.007821695713255116,0.017960697007425717,0.1559929451637296,0.18571428571428572,0.9791666666666666,0.69,0.042230644288034656,60479424.0
93,Italy,2020-05-03,1389.0,174.0,205.859,47.9,23.021,16.24,0.04205195348477598,-0.0390625,-0.006495282016564665,0.007821695713255116,0.017960697007425717,0.1559929451637296,0.18571428571428572,0.9791666666666666,0.69,0.042230644288034656,60479424.0
94,Italy,2020-05-04,1221.0,195.0,205.859,47.9,23.021,16.24,0.04205195348477598,-0.0390625,-0.006495282016564665,0.007821695713255116,0.017960697007425717,0.1559929451637296,0.18571428571428572,0.9791666666666666,0.69,0.042230644288034656,60479424.0
95,Italy,2020-05-05,1075.0,236.0,205.859,47.9,23.021,16.24,0.04205195348477598,-0.0390625,-0.006495282016564665,0.007821695713255116,0.017960697007425717,0.1559929451637296,0.18571428571428572,0.9791666666666666,0.69,0.042230644288034656,60479424.0
96,Italy,2020-05-06,1444.0,369.0,205.859,47.9,23.021,16.24,0.04205195348477598,-0.0390625,-0.006495282016564665,0.007821695713255116,0.017960697007425717,0.1559929451637296,0.18571428571428572,0.9791666666666666,0.69,0.042230644288034656,60479424.0
97,Italy,2020-05-07,1401.0,274.0,205.859,47.9,23.021,16.24,0.04205195348477598,-0.0390625,-0.006495282016564665,0.007821695713255116,0.017960697007425717,0.1559929451637296,0.18571428571428572,0.9791666666666666,0.69,0.042230644288034656,60479424.0
98,Italy,2020-05-08,1327.0,243.0,205.859,47.9,23.021,16.24,0.04205195348477598,-0.0390625,-0.006495282016564665,0.007821695713255116,0.017960697007425717,0.1559929451637296,0.18571428571428572,0.9791666666666666,0.69,0.042230644288034656,60479424.0
99,Italy,2020-05-09,1083.0,194.0,205.859,47.9,23.021,16.24,0.04205195348477598,-0.0390625,-0.006495282016564665,0.007821695713255116,0.017960697007425717,0.1559929451637296,0.18571428571428572,0.9791666666666666,0.69,0.042230644288034656,60479424.0
100,Italy,2020-05-10,802.0,165.0,205.859,47.9,23.021,16.24,0.04205195348477598,-0.0390625,-0.006495282016564665,0.007821695713255116,0.017960697007425717,0.1559929451637296,0.18571428571428572,0.9791666666666666,0.69,0.042230644288034656,60479424.0
101,Italy,2020-05-11,744.0,179.0,205.859,47.9,23.021,16.24,0.04205195348477598,-0.0390625,-0.006495282016564665,0.007821695713255116,0.017960697007425717,0.1559929451637296,0.18571428571428572,0.9791666666666666,0.69,0.042230644288034656,60479424.0
102,Italy,2020-05-12,1402.0,172.0,205.859,47.9,23.021,16.24,0.04205195348477598,-0.0390625,-0.006495282016564665,0.007821695713255116,0.017960697007425717,0.1559929451637296,0.18571428571428572,0.9791666666666666,0.69,0.042230644288034656,60479424.0
103,Italy,2020-05-13,888.0,195.0,205.859,47.9,23.021,16.24,0.04205195348477598,-0.0390625,-0.006495282016564665,0.007821695713255116,0.017960697007425717,0.1559929451637296,0.18571428571428572,0.9791666666666666,0.69,0.042230644288034656,60479424.0
104,Italy,2020-05-14,992.0,262.0,205.859,47.9,23.021,16.24,0.04205195348477598,-0.0390625,-0.006495282016564665,0.007821695713255116,0.017960697007425717,0.1559929451637296,0.18571428571428572,0.9791666666666666,0.69,0.042230644288034656,60479424.0
105,Italy,2020-05-15,789.0,242.0,205.859,47.9,23.021,16.24,0.04205195348477598,-0.0390625,-0.006495282016564665,0.007821695713255116,0.017960697007425717,0.1559929451637296,0.18571428571428572,0.9791666666666666,0.69,0.042230644288034656,60479424.0
106,Italy,2020-05-16,875.0,153.0,205.859,47.9,23.021,16.24,0.04205195348477598,-0.0390625,-0.006495282016564665,0.007821695713255116,0.017960697007425717,0.1559929451637296,0.18571428571428572,0.9791666666666666,0.69,0.042230644288034656,60479424.0
107,Italy,2020-05-17,675.0,145.0,205.859,47.9,23.021,16.24,0.04205195348477598,-0.0390625,-0.006495282016564665,0.007821695713255116,0.017960697007425717,0.1559929451637296,0.18571428571428572,0.9791666666666666,0.69,0.042230644288034656,60479424.0
108,Italy,2020-05-18,451.0,99.0,205.859,47.9,23.021,16.24,0.04205195348477598,-0.0390625,-0.006495282016564665,0.007821695713255116,0.017960697007425717,0.1559929451637296,0.18571428571428572,0.9791666666666666,0.69,0.042230644288034656,60479424.0
109,Italy,2020-05-19,813.0,162.0,205.859,47.9,23.021,16.24,0.04205195348477598,-0.0390625,-0.006495282016564665,0.007821695713255116,0.017960697007425717,0.1559929451637296,0.18571428571428572,0.9791666666666666,0.69,0.042230644288034656,60479424.0
110,Italy,2020-05-20,665.0,161.0,205.859,47.9,23.021,16.24,0.04205195348477598,-0.0390625,-0.006495282016564665,0.007821695713255116,0.017960697007425717,0.1559929451637296,0.18571428571428572,0.9791666666666666,0.69,0.042230644288034656,60479424.0
111,Italy,2020-05-21,642.0,156.0,205.859,47.9,23.021,16.24,0.04205195348477598,-0.0390625,-0.006495282016564665,0.007821695713255116,0.017960697007425717,0.1559929451637296,0.18571428571428572,0.9791666666666666,0.69,0.042230644288034656,60479424.0
112,Italy,2020-05-22,652.0,130.0,205.859,47.9,23.021,16.24,0.04205195348477598,-0.0390625,-0.006495282016564665,0.007821695713255116,0.017960697007425717,0.1559929451637296,0.18571428571428572,0.9791666666666666,0.69,0.042230644288034656,60479424.0
113,Italy,2020-05-23,669.0,119.0,205.859,47.9,23.021,16.24,0.04205195348477598,-0.0390625,-0.006495282016564665,0.007821695713255116,0.017960697007425717,0.1559929451637296,0.18571428571428572,0.9791666666666666,0.69,0.042230644288034656,60479424.0
114,Italy,2020-05-24,531.0,50.0,205.859,47.9,23.021,16.24,0.04205195348477598,-0.0390625,-0.006495282016564665,0.007821695713255116,0.017960697007425717,0.1559929451637296,0.18571428571428572,0.9791666666666666,0.69,0.042230644288034656,60479424.0
115,Italy,2020-05-25,300.0,92.0,205.859,47.9,23.021,16.24,0.04205195348477598,-0.0390625,-0.006495282016564665,0.007821695713255116,0.017960697007425717,0.1559929451637296,0.18571428571428572,0.9791666666666666,0.69,0.042230644288034656,60479424.0
116,Italy,2020-05-26,397.0,78.0,205.859,47.9,23.021,16.24,0.04205195348477598,-0.0390625,-0.006495282016564665,0.007821695713255116,0.017960697007425717,0.1559929451637296,0.18571428571428572,0.9791666666666666,0.69,0.042230644288034656,60479424.0
117,Italy,2020-05-27,584.0,117.0,205.859,47.9,23.021,16.24,0.04205195348477598,-0.0390625,-0.006495282016564665,0.007821695713255116,0.017960697007425717,0.1559929451637296,0.18571428571428572,0.9791666666666666,0.69,0.042230644288034656,60479424.0
118,Italy,2020-05-28,593.0,70.0,205.859,47.9,23.021,16.24,0.04205195348477598,-0.0390625,-0.006495282016564665,0.007821695713255116,0.017960697007425717,0.1559929451637296,0.18571428571428572,0.9791666666666666,0.69,0.042230644288034656,60479424.0
119,Italy,2020-05-29,516.0,87.0,205.859,47.9,23.021,16.24,0.04205195348477598,-0.0390625,-0.006495282016564665,0.007821695713255116,0.017960697007425717,0.1559929451637296,0.18571428571428572,0.9791666666666666,0.69,0.042230644288034656,60479424.0
120,Italy,2020-05-30,416.0,111.0,205.859,47.9,23.021,16.24,0.04205195348477598,-0.0390625,-0.006495282016564665,0.007821695713255116,0.017960697007425717,0.1559929451637296,0.18571428571428572,0.9791666666666666,0.69,0.042230644288034656,60479424.0
121,Italy,2020-05-31,333.0,75.0,205.859,47.9,23.021,16.24,0.04205195348477598,-0.0390625,-0.006495282016564665,0.007821695713255116,0.017960697007425717,0.1559929451637296,0.18571428571428572,0.9791666666666666,0.69,0.042230644288034656,60479424.0
122,Italy,2020-06-01,200.0,60.0,205.859,47.9,23.021,16.24,0.04205195348477598,-0.0390625,-0.006495282016564665,0.007821695713255116,0.017960697007425717,0.1559929451637296,0.18571428571428572,0.9791666666666666,0.69,0.042230644288034656,60479424.0
123,Italy,2020-06-02,318.0,55.0,205.859,47.9,23.021,16.24,0.04205195348477598,-0.0390625,-0.006495282016564665,0.007821695713255116,0.017960697007425717,0.1559929451637296,0.18571428571428572,0.9791666666666666,0.69,0.042230644288034656,60479424.0
124,Italy,2020-06-03,321.0,71.0,205.859,47.9,23.021,16.24,0.04205195348477598,-0.0390625,-0.006495282016564665,0.007821695713255116,0.017960697007425717,0.1559929451637296,0.18571428571428572,0.9791666666666666,0.69,0.042230644288034656,60479424.0
125,Italy,2020-06-04,177.0,88.0,205.859,47.9,23.021,16.24,0.04205195348477598,-0.0390625,-0.006495282016564665,0.007821695713255116,0.017960697007425717,0.1559929451637296,0.18571428571428572,0.9791666666666666,0.69,0.042230644288034656,60479424.0
126,Italy,2020-06-05,518.0,85.0,205.859,47.9,23.021,16.24,0.04205195348477598,-0.0390625,-0.006495282016564665,0.007821695713255116,0.017960697007425717,0.1559929451637296,0.18571428571428572,0.9791666666666666,0.69,0.042230644288034656,60479424.0
127,Italy,2020-06-06,270.0,72.0,205.859,47.9,23.021,16.24,0.04205195348477598,-0.0390625,-0.006495282016564665,0.007821695713255116,0.017960697007425717,0.1559929451637296,0.18571428571428572,0.9791666666666666,0.69,0.042230644288034656,60479424.0
128,Italy,2020-06-07,197.0,53.0,205.859,47.9,23.021,16.24,0.04205195348477598,-0.0390625,-0.006495282016564665,0.007821695713255116,0.017960697007425717,0.1559929451637296,0.18571428571428572,0.9791666666666666,0.69,0.042230644288034656,60479424.0
129,Italy,2020-06-08,280.0,65.0,205.859,47.9,23.021,16.24,0.04205195348477598,-0.0390625,-0.006495282016564665,0.007821695713255116,0.017960697007425717,0.1559929451637296,0.18571428571428572,0.9791666666666666,0.69,0.042230644288034656,60479424.0
130,Italy,2020-06-09,283.0,79.0,205.859,47.9,23.021,16.24,0.04205195348477598,-0.0390625,-0.006495282016564665,0.007821695713255116,0.017960697007425717,0.1559929451637296,0.18571428571428572,0.9791666666666666,0.69,0.042230644288034656,60479424.0
131,Italy,2020-06-10,202.0,71.0,205.859,47.9,23.021,16.24,0.04205195348477598,-0.0390625,-0.006495282016564665,0.007821695713255116,0.017960697007425717,0.1559929451637296,0.18571428571428572,0.9791666666666666,0.69,0.042230644288034656,60479424.0
132,Italy,2020-06-11,379.0,53.0,205.859,47.9,23.021,16.24,0.04205195348477598,-0.0390625,-0.006495282016564665,0.007821695713255116,0.017960697007425717,0.1559929451637296,0.18571428571428572,0.9791666666666666,0.69,0.042230644288034656,60479424.0
133,Italy,2020-06-12,163.0,56.0,205.859,47.9,23.021,16.24,0.04205195348477598,-0.0390625,-0.006495282016564665,0.007821695713255116,0.017960697007425717,0.1559929451637296,0.18571428571428572,0.9791666666666666,0.69,0.042230644288034656,60479424.0
134,Italy,2020-06-13,346.0,78.0,205.859,47.9,23.021,16.24,0.04205195348477598,-0.0390625,-0.006495282016564665,0.007821695713255116,0.017960697007425717,0.1559929451637296,0.18571428571428572,0.9791666666666666,0.69,0.042230644288034656,60479424.0
135,Italy,2020-06-14,338.0,44.0,205.859,47.9,23.021,16.24,0.04205195348477598,-0.0390625,-0.006495282016564665,0.007821695713255116,0.017960697007425717,0.1559929451637296,0.18571428571428572,0.9791666666666666,0.69,0.042230644288034656,60479424.0
136,Italy,2020-06-15,301.0,26.0,205.859,47.9,23.021,16.24,0.04205195348477598,-0.0390625,-0.006495282016564665,0.007821695713255116,0.017960697007425717,0.1559929451637296,0.18571428571428572,0.9791666666666666,0.69,0.042230644288034656,60479424.0
137,Italy,2020-06-16,210.0,34.0,205.859,47.9,23.021,16.24,0.04205195348477598,-0.0390625,-0.006495282016564665,0.007821695713255116,0.017960697007425717,0.1559929451637296,0.18571428571428572,0.9791666666666666,0.69,0.042230644288034656,60479424.0
138,Italy,2020-06-17,328.0,43.0,205.859,47.9,23.021,16.24,0.04205195348477598,-0.0390625,-0.006495282016564665,0.007821695713255116,0.017960697007425717,0.1559929451637296,0.18571428571428572,0.9791666666666666,0.69,0.042230644288034656,60479424.0
139,Italy,2020-06-18,331.0,66.0,205.859,47.9,23.021,16.24,0.04205195348477598,-0.0390625,-0.006495282016564665,0.007821695713255116,0.017960697007425717,0.1559929451637296,0.18571428571428572,0.9791666666666666,0.69,0.042230644288034656,60479424.0
141,Italy,2020-06-20,264.0,49.0,205.859,47.9,23.021,16.24,0.04205195348477598,-0.0390625,-0.006495282016564665,0.007821695713255116,0.017960697007425717,0.1559929451637296,0.18571428571428572,0.9791666666666666,0.69,0.042230644288034656,60479424.0
142,Italy,2020-06-21,224.0,24.0,205.859,47.9,23.021,16.24,0.04205195348477598,-0.0390625,-0.006495282016564665,0.007821695713255116,0.017960697007425717,0.1559929451637296,0.18571428571428572,0.9791666666666666,0.69,0.042230644288034656,60479424.0
143,Italy,2020-06-22,221.0,23.0,205.859,47.9,23.021,16.24,0.04205195348477598,-0.0390625,-0.006495282016564665,0.007821695713255116,0.017960697007425717,0.1559929451637296,0.18571428571428572,0.9791666666666666,0.69,0.042230644288034656,60479424.0
144,Italy,2020-06-23,113.0,18.0,205.859,47.9,23.021,16.24,0.04205195348477598,-0.0390625,-0.006495282016564665,0.007821695713255116,0.017960697007425717,0.1559929451637296,0.18571428571428572,0.9791666666666666,0.69,0.042230644288034656,60479424.0
146,Italy,2020-06-25,296.0,34.0,205.859,47.9,23.021,16.24,0.04205195348477598,-0.0390625,-0.006495282016564665,0.007821695713255116,0.017960697007425717,0.1559929451637296,0.18571428571428572,0.9791666666666666,0.69,0.042230644288034656,60479424.0
147,Italy,2020-06-26,255.0,30.0,205.859,47.9,23.021,16.24,0.04205195348477598,-0.0390625,-0.006495282016564665,0.007821695713255116,0.017960697007425717,0.1559929451637296,0.18571428571428572,0.9791666666666666,0.69,0.042230644288034656,60479424.0
148,Italy,2020-06-27,175.0,8.0,205.859,47.9,23.021,16.24,0.04205195348477598,-0.0390625,-0.006495282016564665,0.007821695713255116,0.017960697007425717,0.1559929451637296,0.18571428571428572,0.9791666666666666,0.69,0.042230644288034656,60479424.0
149,Italy,2020-06-28,174.0,22.0,205.859,47.9,23.021,16.24,0.04205195348477598,-0.0390625,-0.006495282016564665,0.007821695713255116,0.017960697007425717,0.1559929451637296,0.18571428571428572,0.9791666666666666,0.69,0.042230644288034656,60479424.0
150,Italy,2020-06-29,126.0,6.0,205.859,47.9,23.021,16.24,0.04205195348477598,-0.0390625,-0.006495282016564665,0.007821695713255116,0.017960697007425717,0.1559929451637296,0.18571428571428572,0.9791666666666666,0.69,0.042230644288034656,60479424.0
151,Italy,2020-06-30,142.0,23.0,205.859,47.9,23.021,16.24,0.04205195348477598,-0.0390625,-0.006495282016564665,0.007821695713255116,0.017960697007425717,0.1559929451637296,0.18571428571428572,0.9791666666666666,0.69,0.042230644288034656,60479424.0
152,Italy,2020-07-01,182.0,21.0,205.859,47.9,23.021,16.24,0.04205195348477598,-0.0390625,-0.006495282016564665,0.007821695713255116,0.017960697007425717,0.1559929451637296,0.18571428571428572,0.9791666666666666,0.69,0.042230644288034656,60479424.0
153,Italy,2020-07-02,201.0,30.0,205.859,47.9,23.021,16.24,0.04205195348477598,-0.0390625,-0.006495282016564665,0.007821695713255116,0.017960697007425717,0.1559929451637296,0.18571428571428572,0.9791666666666666,0.69,0.042230644288034656,60479424.0
154,Italy,2020-07-03,223.0,15.0,205.859,47.9,23.021,16.24,0.04205195348477598,-0.0390625,-0.006495282016564665,0.007821695713255116,0.017960697007425717,0.1559929451637296,0.18571428571428572,0.9791666666666666,0.69,0.042230644288034656,60479424.0
155,Italy,2020-07-04,235.0,21.0,205.859,47.9,23.021,16.24,0.04205195348477598,-0.0390625,-0.006495282016564665,0.007821695713255116,0.017960697007425717,0.1559929451637296,0.18571428571428572,0.9791666666666666,0.69,0.042230644288034656,60479424.0
156,Italy,2020-07-05,192.0,7.0,205.859,47.9,23.021,16.24,0.04205195348477598,-0.0390625,-0.006495282016564665,0.007821695713255116,0.017960697007425717,0.1559929451637296,0.18571428571428572,0.9791666666666666,0.69,0.042230644288034656,60479424.0
157,Italy,2020-07-06,208.0,8.0,205.859,47.9,23.021,16.24,0.04205195348477598,-0.0390625,-0.006495282016564665,0.007821695713255116,0.017960697007425717,0.1559929451637296,0.18571428571428572,0.9791666666666666,0.69,0.042230644288034656,60479424.0
158,Italy,2020-07-07,137.0,30.0,205.859,47.9,23.021,16.24,0.04205195348477598,-0.0390625,-0.006495282016564665,0.007821695713255116,0.017960697007425717,0.1559929451637296,0.18571428571428572,0.9791666666666666,0.69,0.042230644288034656,60479424.0
159,Italy,2020-07-08,193.0,15.0,205.859,47.9,23.021,16.24,0.04205195348477598,-0.0390625,-0.006495282016564665,0.007821695713255116,0.017960697007425717,0.1559929451637296,0.18571428571428572,0.9791666666666666,0.69,0.042230644288034656,60479424.0
160,Italy,2020-07-09,214.0,12.0,205.859,47.9,23.021,16.24,0.04205195348477598,-0.0390625,-0.006495282016564665,0.007821695713255116,0.017960697007425717,0.1559929451637296,0.18571428571428572,0.9791666666666666,0.69,0.042230644288034656,60479424.0
161,Italy,2020-07-10,276.0,12.0,205.859,47.9,23.021,16.24,0.04205195348477598,-0.0390625,-0.006495282016564665,0.007821695713255116,0.017960697007425717,0.1559929451637296,0.18571428571428572,0.9791666666666666,0.69,0.042230644288034656,60479424.0
162,Italy,2020-07-11,188.0,7.0,205.859,47.9,23.021,16.24,0.04205195348477598,-0.0390625,-0.006495282016564665,0.007821695713255116,0.017960697007425717,0.1559929451637296,0.18571428571428572,0.9791666666666666,0.69,0.042230644288034656,60479424.0
163,Italy,2020-07-12,234.0,9.0,205.859,47.9,23.021,16.24,0.04205195348477598,-0.0390625,-0.006495282016564665,0.007821695713255116,0.017960697007425717,0.1559929451637296,0.18571428571428572,0.9791666666666666,0.69,0.042230644288034656,60479424.0
164,Italy,2020-07-13,169.0,13.0,205.859,47.9,23.021,16.24,0.04205195348477598,-0.0390625,-0.006495282016564665,0.007821695713255116,0.017960697007425717,0.1559929451637296,0.18571428571428572,0.9791666666666666,0.69,0.042230644288034656,60479424.0
165,Italy,2020-07-14,114.0,17.0,205.859,47.9,23.021,16.24,0.04205195348477598,-0.0390625,-0.006495282016564665,0.007821695713255116,0.017960697007425717,0.1559929451637296,0.18571428571428572,0.9791666666666666,0.69,0.042230644288034656,60479424.0
166,Italy,2020-07-15,162.0,13.0,205.859,47.9,23.021,16.24,0.04205195348477598,-0.0390625,-0.006495282016564665,0.007821695713255116,0.017960697007425717,0.1559929451637296,0.18571428571428572,0.9791666666666666,0.69,0.042230644288034656,60479424.0
167,Italy,2020-07-16,230.0,20.0,205.859,47.9,23.021,16.24,0.04205195348477598,-0.0390625,-0.006495282016564665,0.007821695713255116,0.017960697007425717,0.1559929451637296,0.18571428571428572,0.9791666666666666,0.69,0.042230644288034656,60479424.0
168,Italy,2020-07-17,231.0,11.0,205.859,47.9,23.021,16.24,0.04205195348477598,-0.0390625,-0.006495282016564665,0.007821695713255116,0.017960697007425717,0.1559929451637296,0.18571428571428572,0.9791666666666666,0.69,0.042230644288034656,60479424.0
169,Italy,2020-07-18,249.0,14.0,205.859,47.9,23.021,16.24,0.04205195348477598,-0.0390625,-0.006495282016564665,0.007821695713255116,0.017960697007425717,0.1559929451637296,0.18571428571428572,0.9791666666666666,0.69,0.042230644288034656,60479424.0
170,Italy,2020-07-19,218.0,3.0,205.859,47.9,23.021,16.24,0.04205195348477598,-0.0390625,-0.006495282016564665,0.007821695713255116,0.017960697007425717,0.1559929451637296,0.18571428571428572,0.9791666666666666,0.69,0.042230644288034656,60479424.0
171,Italy,2020-07-20,190.0,13.0,205.859,47.9,23.021,16.24,0.04205195348477598,-0.0390625,-0.006495282016564665,0.007821695713255116,0.017960697007425717,0.1559929451637296,0.18571428571428572,0.9791666666666666,0.69,0.042230644288034656,60479424.0
172,Italy,2020-07-21,128.0,15.0,205.859,47.9,23.021,16.24,0.04205195348477598,-0.0390625,-0.006495282016564665,0.007821695713255116,0.017960697007425717,0.1559929451637296,0.18571428571428572,0.9791666666666666,0.69,0.042230644288034656,60479424.0
173,Italy,2020-07-22,280.0,9.0,205.859,47.9,23.021,16.24,0.04205195348477598,-0.0390625,-0.006495282016564665,0.007821695713255116,0.017960697007425717,0.1559929451637296,0.18571428571428572,0.9791666666666666,0.69,0.042230644288034656,60479424.0
174,Italy,2020-07-23,306.0,10.0,205.859,47.9,23.021,16.24,0.04205195348477598,-0.0390625,-0.006495282016564665,0.007821695713255116,0.017960697007425717,0.1559929451637296,0.18571428571428572,0.9791666666666666,0.69,0.042230644288034656,60479424.0
175,Italy,2020-07-24,252.0,5.0,205.859,47.9,23.021,16.24,0.04205195348477598,-0.0390625,-0.006495282016564665,0.007821695713255116,0.017960697007425717,0.1559929451637296,0.18571428571428572,0.9791666666666666,0.69,0.042230644288034656,60479424.0
176,Italy,2020-07-25,274.0,5.0,205.859,47.9,23.021,16.24,0.04205195348477598,-0.0390625,-0.006495282016564665,0.007821695713255116,0.017960697007425717,0.1559929451637296,0.18571428571428572,0.9791666666666666,0.69,0.042230644288034656,60479424.0
177,Italy,2020-07-26,254.0,5.0,205.859,47.9,23.021,16.24,0.04205195348477598,-0.0390625,-0.006495282016564665,0.007821695713255116,0.017960697007425717,0.1559929451637296,0.18571428571428572,0.9791666666666666,0.69,0.042230644288034656,60479424.0
178,Italy,2020-07-27,168.0,5.0,205.859,47.9,23.021,16.24,0.04205195348477598,-0.0390625,-0.006495282016564665,0.007821695713255116,0.017960697007425717,0.1559929451637296,0.18571428571428572,0.9791666666666666,0.69,0.042230644288034656,60479424.0
179,Italy,2020-07-28,202.0,11.0,205.859,47.9,23.021,16.24,0.04205195348477598,-0.0390625,-0.006495282016564665,0.007821695713255116,0.017960697007425717,0.1559929451637296,0.18571428571428572,0.9791666666666666,0.69,0.042230644288034656,60479424.0
180,Italy,2020-07-29,288.0,6.0,205.859,47.9,23.021,16.24,0.04205195348477598,-0.0390625,-0.006495282016564665,0.007821695713255116,0.017960697007425717,0.1559929451637296,0.18571428571428572,0.9791666666666666,0.69,0.042230644288034656,60479424.0
181,Italy,2020-07-30,382.0,3.0,205.859,47.9,23.021,16.24,0.04205195348477598,-0.0390625,-0.006495282016564665,0.007821695713255116,0.017960697007425717,0.1559929451637296,0.18571428571428572,0.9791666666666666,0.69,0.042230644288034656,60479424.0
182,Italy,2020-07-31,379.0,9.0,205.859,47.9,23.021,16.24,0.04205195348477598,-0.0390625,-0.006495282016564665,0.007821695713255116,0.017960697007425717,0.1559929451637296,0.18571428571428572,0.9791666666666666,0.69,0.042230644288034656,60479424.0
183,Italy,2020-08-01,295.0,5.0,205.859,47.9,23.021,16.24,0.04205195348477598,-0.0390625,-0.006495282016564665,0.007821695713255116,0.017960697007425717,0.1559929451637296,0.18571428571428572,0.9791666666666666,0.69,0.042230644288034656,60479424.0
184,Italy,2020-08-02,238.0,8.0,205.859,47.9,23.021,16.24,0.04205195348477598,-0.0390625,-0.006495282016564665,0.007821695713255116,0.017960697007425717,0.1559929451637296,0.18571428571428572,0.9791666666666666,0.69,0.042230644288034656,60479424.0
185,Italy,2020-08-03,159.0,12.0,205.859,47.9,23.021,16.24,0.04205195348477598,-0.0390625,-0.006495282016564665,0.007821695713255116,0.017960697007425717,0.1559929451637296,0.18571428571428572,0.9791666666666666,0.69,0.042230644288034656,60479424.0
186,Italy,2020-08-04,190.0,5.0,205.859,47.9,23.021,16.24,0.04205195348477598,-0.0390625,-0.006495282016564665,0.007821695713255116,0.017960697007425717,0.1559929451637296,0.18571428571428572,0.9791666666666666,0.69,0.042230644288034656,60479424.0
187,Italy,2020-08-05,384.0,10.0,205.859,47.9,23.021,16.24,0.04205195348477598,-0.0390625,-0.006495282016564665,0.007821695713255116,0.017960697007425717,0.1559929451637296,0.18571428571428572,0.9791666666666666,0.69,0.042230644288034656,60479424.0
188,Italy,2020-08-06,401.0,6.0,205.859,47.9,23.021,16.24,0.04205195348477598,-0.0390625,-0.006495282016564665,0.007821695713255116,0.017960697007425717,0.1559929451637296,0.18571428571428572,0.9791666666666666,0.69,0.042230644288034656,60479424.0
189,Italy,2020-08-07,552.0,3.0,205.859,47.9,23.021,16.24,0.04205195348477598,-0.0390625,-0.006495282016564665,0.007821695713255116,0.017960697007425717,0.1559929451637296,0.18571428571428572,0.9791666666666666,0.69,0.042230644288034656,60479424.0
190,Italy,2020-08-08,347.0,13.0,205.859,47.9,23.021,16.24,0.04205195348477598,-0.0390625,-0.006495282016564665,0.007821695713255116,0.017960697007425717,0.1559929451637296,0.18571428571428572,0.9791666666666666,0.69,0.042230644288034656,60479424.0
191,Italy,2020-08-09,463.0,2.0,205.859,47.9,23.021,16.24,0.04205195348477598,-0.0390625,-0.006495282016564665,0.007821695713255116,0.017960697007425717,0.1559929451637296,0.18571428571428572,0.9791666666666666,0.69,0.042230644288034656,60479424.0
192,Italy,2020-08-10,259.0,4.0,205.859,47.9,23.021,16.24,0.04205195348477598,-0.0390625,-0.006495282016564665,0.007821695713255116,0.017960697007425717,0.1559929451637296,0.18571428571428572,0.9791666666666666,0.69,0.042230644288034656,60479424.0
193,Italy,2020-08-11,412.0,6.0,205.859,47.9,23.021,16.24,0.04205195348477598,-0.0390625,-0.006495282016564665,0.007821695713255116,0.017960697007425717,0.1559929451637296,0.18571428571428572,0.9791666666666666,0.69,0.042230644288034656,60479424.0
194,Italy,2020-08-12,476.0,10.0,205.859,47.9,23.021,16.24,0.04205195348477598,-0.0390625,-0.006495282016564665,0.007821695713255116,0.017960697007425717,0.1559929451637296,0.18571428571428572,0.9791666666666666,0.69,0.042230644288034656,60479424.0
195,Italy,2020-08-13,522.0,6.0,205.859,47.9,23.021,16.24,0.04205195348477598,-0.0390625,-0.006495282016564665,0.007821695713255116,0.017960697007425717,0.1559929451637296,0.18571428571428572,0.9791666666666666,0.69,0.042230644288034656,60479424.0
196,Italy,2020-08-14,574.0,3.0,205.859,47.9,23.021,16.24,0.04205195348477598,-0.0390625,-0.006495282016564665,0.007821695713255116,0.017960697007425717,0.1559929451637296,0.18571428571428572,0.9791666666666666,0.69,0.042230644288034656,60479424.0
197,Italy,2020-08-15,629.0,158.0,205.859,47.9,23.021,16.24,0.04205195348477598,-0.0390625,-0.006495282016564665,0.007821695713255116,0.017960697007425717,0.1559929451637296,0.18571428571428572,0.9791666666666666,0.69,0.042230644288034656,60479424.0
198,Italy,2020-08-16,477.0,4.0,205.859,47.9,23.021,16.24,0.04205195348477598,-0.0390625,-0.006495282016564665,0.007821695713255116,0.017960697007425717,0.1559929451637296,0.18571428571428572,0.9791666666666666,0.69,0.042230644288034656,60479424.0
199,Italy,2020-08-17,320.0,4.0,205.859,47.9,23.021,16.24,0.04205195348477598,-0.0390625,-0.006495282016564665,0.007821695713255116,0.017960697007425717,0.1559929451637296,0.18571428571428572,0.9791666666666666,0.69,0.042230644288034656,60479424.0
200,Italy,2020-08-18,401.0,5.0,205.859,47.9,23.021,16.24,0.04205195348477598,-0.0390625,-0.006495282016564665,0.007821695713255116,0.017960697007425717,0.1559929451637296,0.18571428571428572,0.9791666666666666,0.69,0.042230644288034656,60479424.0
201,Italy,2020-08-19,642.0,7.0,205.859,47.9,23.021,16.24,0.04205195348477598,-0.0390625,-0.006495282016564665,0.007821695713255116,0.017960697007425717,0.1559929451637296,0.18571428571428572,0.9791666666666666,0.69,0.042230644288034656,60479424.0
202,Italy,2020-08-20,840.0,6.0,205.859,47.9,23.021,16.24,0.04205195348477598,-0.0390625,-0.006495282016564665,0.007821695713255116,0.017960697007425717,0.1559929451637296,0.18571428571428572,0.9791666666666666,0.69,0.042230644288034656,60479424.0
203,Italy,2020-08-21,947.0,9.0,205.859,47.9,23.021,16.24,0.04205195348477598,-0.0390625,-0.006495282016564665,0.007821695713255116,0.017960697007425717,0.1559929451637296,0.18571428571428572,0.9791666666666666,0.69,0.042230644288034656,60479424.0
204,Italy,2020-08-22,1071.0,3.0,205.859,47.9,23.021,16.24,0.04205195348477598,-0.0390625,-0.006495282016564665,0.007821695713255116,0.017960697007425717,0.1559929451637296,0.18571428571428572,0.9791666666666666,0.69,0.042230644288034656,60479424.0
205,Italy,2020-08-23,1209.0,7.0,205.859,47.9,23.021,16.24,0.04205195348477598,-0.0390625,-0.006495282016564665,0.007821695713255116,0.017960697007425717,0.1559929451637296,0.18571428571428572,0.9791666666666666,0.69,0.042230644288034656,60479424.0
206,Italy,2020-08-24,953.0,4.0,205.859,47.9,23.021,16.24,0.04205195348477598,-0.0390625,-0.006495282016564665,0.007821695713255116,0.017960697007425717,0.1559929451637296,0.18571428571428572,0.9791666666666666,0.69,0.042230644288034656,60479424.0
207,Italy,2020-08-25,876.0,4.0,205.859,47.9,23.021,16.24,0.04205195348477598,-0.0390625,-0.006495282016564665,0.007821695713255116,0.017960697007425717,0.1559929451637296,0.18571428571428572,0.9791666666666666,0.69,0.042230644288034656,60479424.0
208,Italy,2020-08-26,1366.0,13.0,205.859,47.9,23.021,16.24,0.04205195348477598,-0.0390625,-0.006495282016564665,0.007821695713255116,0.017960697007425717,0.1559929451637296,0.18571428571428572,0.9791666666666666,0.69,0.042230644288034656,60479424.0
209,Italy,2020-08-27,1409.0,5.0,205.859,47.9,23.021,16.24,0.04205195348477598,-0.0390625,-0.006495282016564665,0.007821695713255116,0.017960697007425717,0.1559929451637296,0.18571428571428572,0.9791666666666666,0.69,0.042230644288034656,60479424.0
210,Italy,2020-08-28,1460.0,9.0,205.859,47.9,23.021,16.24,0.04205195348477598,-0.0390625,-0.006495282016564665,0.007821695713255116,0.017960697007425717,0.1559929451637296,0.18571428571428572,0.9791666666666666,0.69,0.042230644288034656,60479424.0
211,Italy,2020-08-29,1444.0,1.0,205.859,47.9,23.021,16.24,0.04205195348477598,-0.0390625,-0.006495282016564665,0.007821695713255116,0.017960697007425717,0.1559929451637296,0.18571428571428572,0.9791666666666666,0.69,0.042230644288034656,60479424.0
212,Italy,2020-08-30,1365.0,4.0,205.859,47.9,23.021,16.24,0.04205195348477598,-0.0390625,-0.006495282016564665,0.007821695713255116,0.017960697007425717,0.1559929451637296,0.18571428571428572,0.9791666666666666,0.69,0.042230644288034656,60479424.0
213,Italy,2020-08-31,996.0,6.0,205.859,47.9,23.021,16.24,0.04205195348477598,-0.0390625,-0.006495282016564665,0.007821695713255116,0.017960697007425717,0.1559929451637296,0.18571428571428572,0.9791666666666666,0.69,0.042230644288034656,60479424.0
214,Italy,2020-09-01,975.0,8.0,205.859,47.9,23.021,16.24,0.04205195348477598,-0.0390625,-0.006495282016564665,0.007821695713255116,0.017960697007425717,0.1559929451637296,0.18571428571428572,0.9791666666666666,0.69,0.042230644288034656,60479424.0
215,Italy,2020-09-02,1326.0,6.0,205.859,47.9,23.021,16.24,0.04205195348477598,-0.0390625,-0.006495282016564665,0.007821695713255116,0.017960697007425717,0.1559929451637296,0.18571428571428572,0.9791666666666666,0.69,0.042230644288034656,60479424.0
216,Italy,2020-09-03,1397.0,10.0,205.859,47.9,23.021,16.24,0.04205195348477598,-0.0390625,-0.006495282016564665,0.007821695713255116,0.017960697007425717,0.1559929451637296,0.18571428571428572,0.9791666666666666,0.69,0.042230644288034656,60479424.0
217,Italy,2020-09-04,1732.0,11.0,205.859,47.9,23.021,16.24,0.04205195348477598,-0.0390625,-0.006495282016564665,0.007821695713255116,0.017960697007425717,0.1559929451637296,0.18571428571428572,0.9791666666666666,0.69,0.042230644288034656,60479424.0
218,Italy,2020-09-05,1694.0,16.0,205.859,47.9,23.021,16.24,0.04205195348477598,-0.0390625,-0.006495282016564665,0.007821695713255116,0.017960697007425717,0.1559929451637296,0.18571428571428572,0.9791666666666666,0.69,0.042230644288034656,60479424.0
219,Italy,2020-09-06,1296.0,7.0,205.859,47.9,23.021,16.24,0.04205195348477598,-0.0390625,-0.006495282016564665,0.007821695713255116,0.017960697007425717,0.1559929451637296,0.18571428571428572,0.9791666666666666,0.69,0.042230644288034656,60479424.0
220,Italy,2020-09-07,1150.0,12.0,205.859,47.9,23.021,16.24,0.04205195348477598,-0.0390625,-0.006495282016564665,0.007821695713255116,0.017960697007425717,0.1559929451637296,0.18571428571428572,0.9791666666666666,0.69,0.042230644288034656,60479424.0
221,Italy,2020-09-08,1369.0,10.0,205.859,47.9,23.021,16.24,0.04205195348477598,-0.0390625,-0.006495282016564665,0.007821695713255116,0.017960697007425717,0.1559929451637296,0.18571428571428572,0.9791666666666666,0.69,0.042230644288034656,60479424.0
222,Italy,2020-09-09,1430.0,14.0,205.859,47.9,23.021,16.24,0.04205195348477598,-0.0390625,-0.006495282016564665,0.007821695713255116,0.017960697007425717,0.1559929451637296,0.18571428571428572,0.9791666666666666,0.69,0.042230644288034656,60479424.0
223,Italy,2020-09-10,1597.0,10.0,205.859,47.9,23.021,16.24,0.04205195348477598,-0.0390625,-0.006495282016564665,0.007821695713255116,0.017960697007425717,0.1559929451637296,0.18571428571428572,0.9791666666666666,0.69,0.042230644288034656,60479424.0
224,Italy,2020-09-11,1616.0,10.0,205.859,47.9,23.021,16.24,0.04205195348477598,-0.0390625,-0.006495282016564665,0.007821695713255116,0.017960697007425717,0.1559929451637296,0.18571428571428572,0.9791666666666666,0.69,0.042230644288034656,60479424.0
225,Italy,2020-09-12,1501.0,6.0,205.859,47.9,23.021,16.24,0.04205195348477598,-0.0390625,-0.006495282016564665,0.007821695713255116,0.017960697007425717,0.1559929451637296,0.18571428571428572,0.9791666666666666,0.69,0.042230644288034656,60479424.0
226,Italy,2020-09-13,1456.0,7.0,205.859,47.9,23.021,16.24,0.04205195348477598,-0.0390625,-0.006495282016564665,0.007821695713255116,0.017960697007425717,0.1559929451637296,0.18571428571428572,0.9791666666666666,0.69,0.042230644288034656,60479424.0
227,Italy,2020-09-14,1008.0,14.0,205.859,47.9,23.021,16.24,0.04205195348477598,-0.0390625,-0.006495282016564665,0.007821695713255116,0.017960697007425717,0.1559929451637296,0.18571428571428572,0.9791666666666666,0.69,0.042230644288034656,60479424.0
228,Italy,2020-09-15,1229.0,9.0,205.859,47.9,23.021,16.24,0.04205195348477598,-0.0390625,-0.006495282016564665,0.007821695713255116,0.017960697007425717,0.1559929451637296,0.18571428571428572,0.9791666666666666,0.69,0.042230644288034656,60479424.0
229,Italy,2020-09-16,1452.0,12.0,205.859,47.9,23.021,16.24,0.04205195348477598,-0.0390625,-0.006495282016564665,0.007821695713255116,0.017960697007425717,0.1559929451637296,0.18571428571428572,0.9791666666666666,0.69,0.042230644288034656,60479424.0
230,Italy,2020-09-17,1583.0,13.0,205.859,47.9,23.021,16.24,0.04205195348477598,-0.0390625,-0.006495282016564665,0.007821695713255116,0.017960697007425717,0.1559929451637296,0.18571428571428572,0.9791666666666666,0.69,0.042230644288034656,60479424.0
231,Italy,2020-09-18,1907.0,10.0,205.859,47.9,23.021,16.24,0.04205195348477598,-0.0390625,-0.006495282016564665,0.007821695713255116,0.017960697007425717,0.1559929451637296,0.18571428571428572,0.9791666666666666,0.69,0.042230644288034656,60479424.0
232,Italy,2020-09-19,1637.0,24.0,205.859,47.9,23.021,16.24,0.04205195348477598,-0.0390625,-0.006495282016564665,0.007821695713255116,0.017960697007425717,0.1559929451637296,0.18571428571428572,0.9791666666666666,0.69,0.042230644288034656,60479424.0
233,Italy,2020-09-20,1587.0,15.0,205.859,47.9,23.021,16.24,0.04205195348477598,-0.0390625,-0.006495282016564665,0.007821695713255116,0.017960697007425717,0.1559929451637296,0.18571428571428572,0.9791666666666666,0.69,0.042230644288034656,60479424.0
234,Italy,2020-09-21,1350.0,17.0,205.859,47.9,23.021,16.24,0.04205195348477598,-0.0390625,-0.006495282016564665,0.007821695713255116,0.017960697007425717,0.1559929451637296,0.18571428571428572,0.9791666666666666,0.69,0.042230644288034656,60479424.0
235,Italy,2020-09-22,1391.0,14.0,205.859,47.9,23.021,16.24,0.04205195348477598,-0.0390625,-0.006495282016564665,0.007821695713255116,0.017960697007425717,0.1559929451637296,0.18571428571428572,0.9791666666666666,0.69,0.042230644288034656,60479424.0
236,Italy,2020-09-23,1640.0,20.0,205.859,47.9,23.021,16.24,0.04205195348477598,-0.0390625,-0.006495282016564665,0.007821695713255116,0.017960697007425717,0.1559929451637296,0.18571428571428572,0.9791666666666666,0.69,0.042230644288034656,60479424.0
237,Italy,2020-09-24,1786.0,23.0,205.859,47.9,23.021,16.24,0.04205195348477598,-0.0390625,-0.006495282016564665,0.007821695713255116,0.017960697007425717,0.1559929451637296,0.18571428571428572,0.9791666666666666,0.69,0.042230644288034656,60479424.0
238,Italy,2020-09-25,1912.0,20.0,205.859,47.9,23.021,16.24,0.04205195348477598,-0.0390625,-0.006495282016564665,0.007821695713255116,0.017960697007425717,0.1559929451637296,0.18571428571428572,0.9791666666666666,0.69,0.042230644288034656,60479424.0
239,Italy,2020-09-26,1869.0,17.0,205.859,47.9,23.021,16.24,0.04205195348477598,-0.0390625,-0.006495282016564665,0.007821695713255116,0.017960697007425717,0.1559929451637296,0.18571428571428572,0.9791666666666666,0.69,0.042230644288034656,60479424.0
240,Italy,2020-09-27,1766.0,17.0,205.859,47.9,23.021,16.24,0.04205195348477598,-0.0390625,-0.006495282016564665,0.007821695713255116,0.017960697007425717,0.1559929451637296,0.18571428571428572,0.9791666666666666,0.69,0.042230644288034656,60479424.0
241,Italy,2020-09-28,1494.0,16.0,205.859,47.9,23.021,16.24,0.04205195348477598,-0.0390625,-0.006495282016564665,0.007821695713255116,0.017960697007425717,0.1559929451637296,0.18571428571428572,0.9791666666666666,0.69,0.042230644288034656,60479424.0
242,Italy,2020-09-29,1647.0,24.0,205.859,47.9,23.021,16.24,0.04205195348477598,-0.0390625,-0.006495282016564665,0.007821695713255116,0.017960697007425717,0.1559929451637296,0.18571428571428572,0.9791666666666666,0.69,0.042230644288034656,60479424.0
243,Italy,2020-09-30,1850.0,19.0,205.859,47.9,23.021,16.24,0.04205195348477598,-0.0390625,-0.006495282016564665,0.007821695713255116,0.017960697007425717,0.1559929451637296,0.18571428571428572,0.9791666666666666,0.69,0.042230644288034656,60479424.0
244,Italy,2020-10-01,2548.0,24.0,205.859,47.9,23.021,16.24,0.04205195348477598,-0.0390625,-0.006495282016564665,0.007821695713255116,0.017960697007425717,0.1559929451637296,0.18571428571428572,0.9791666666666666,0.69,0.042230644288034656,60479424.0
245,Italy,2020-10-02,2499.0,23.0,205.859,47.9,23.021,16.24,0.04205195348477598,-0.0390625,-0.006495282016564665,0.007821695713255116,0.017960697007425717,0.1559929451637296,0.18571428571428572,0.9791666666666666,0.69,0.042230644288034656,60479424.0
246,Italy,2020-10-03,2843.0,27.0,205.859,47.9,23.021,16.24,0.04205195348477598,-0.0390625,-0.006495282016564665,0.007821695713255116,0.017960697007425717,0.1559929451637296,0.18571428571428572,0.9791666666666666,0.69,0.042230644288034656,60479424.0
247,Italy,2020-10-04,2578.0,18.0,205.859,47.9,23.021,16.24,0.04205195348477598,-0.0390625,-0.006495282016564665,0.007821695713255116,0.017960697007425717,0.1559929451637296,0.18571428571428572,0.9791666666666666,0.69,0.042230644288034656,60479424.0
248,Italy,2020-10-05,2257.0,16.0,205.859,47.9,23.021,16.24,0.04205195348477598,-0.0390625,-0.006495282016564665,0.007821695713255116,0.017960697007425717,0.1559929451637296,0.18571428571428572,0.9791666666666666,0.69,0.042230644288034656,60479424.0
249,Italy,2020-10-06,2677.0,28.0,205.859,47.9,23.021,16.24,0.04205195348477598,-0.0390625,-0.006495282016564665,0.007821695713255116,0.017960697007425717,0.1559929451637296,0.18571428571428572,0.9791666666666666,0.69,0.042230644288034656,60479424.0
250,Italy,2020-10-07,3677.0,31.0,205.859,47.9,23.021,16.24,0.04205195348477598,-0.0390625,-0.006495282016564665,0.007821695713255116,0.017960697007425717,0.1559929451637296,0.18571428571428572,0.9791666666666666,0.69,0.042230644288034656,60479424.0
251,Italy,2020-10-08,4458.0,22.0,205.859,47.9,23.021,16.24,0.04205195348477598,-0.0390625,-0.006495282016564665,0.007821695713255116,0.017960697007425717,0.1559929451637296,0.18571428571428572,0.9791666666666666,0.69,0.042230644288034656,60479424.0
252,Italy,2020-10-09,5372.0,28.0,205.859,47.9,23.021,16.24,0.04205195348477598,-0.0390625,-0.006495282016564665,0.007821695713255116,0.017960697007425717,0.1559929451637296,0.18571428571428572,0.9791666666666666,0.69,0.042230644288034656,60479424.0
253,Italy,2020-10-10,5724.0,29.0,205.859,47.9,23.021,16.24,0.04205195348477598,-0.0390625,-0.006495282016564665,0.007821695713255116,0.017960697007425717,0.1559929451637296,0.18571428571428572,0.9791666666666666,0.69,0.042230644288034656,60479424.0
254,Italy,2020-10-11,5456.0,26.0,205.859,47.9,23.021,16.24,0.04205195348477598,-0.0390625,-0.006495282016564665,0.007821695713255116,0.017960697007425717,0.1559929451637296,0.18571428571428572,0.9791666666666666,0.69,0.042230644288034656,60479424.0
255,Italy,2020-10-12,4619.0,39.0,205.859,47.9,23.021,16.24,0.04205195348477598,-0.0390625,-0.006495282016564665,0.007821695713255116,0.017960697007425717,0.1559929451637296,0.18571428571428572,0.9791666666666666,0.69,0.042230644288034656,60479424.0
256,Italy,2020-10-13,5898.0,41.0,205.859,47.9,23.021,16.24,0.04205195348477598,-0.0390625,-0.006495282016564665,0.007821695713255116,0.017960697007425717,0.1559929451637296,0.18571428571428572,0.9791666666666666,0.69,0.042230644288034656,60479424.0
257,Italy,2020-10-14,7332.0,43.0,205.859,47.9,23.021,16.24,0.04205195348477598,-0.0390625,-0.006495282016564665,0.007821695713255116,0.017960697007425717,0.1559929451637296,0.18571428571428572,0.9791666666666666,0.69,0.042230644288034656,60479424.0
258,Italy,2020-10-15,8803.0,83.0,205.859,47.9,23.021,16.24,0.04205195348477598,-0.0390625,-0.006495282016564665,0.007821695713255116,0.017960697007425717,0.1559929451637296,0.18571428571428572,0.9791666666666666,0.69,0.042230644288034656,60479424.0
259,Italy,2020-10-16,10009.0,55.0,205.859,47.9,23.021,16.24,0.04205195348477598,-0.0390625,-0.006495282016564665,0.007821695713255116,0.017960697007425717,0.1559929451637296,0.18571428571428572,0.9791666666666666,0.69,0.042230644288034656,60479424.0
260,Italy,2020-10-17,10925.0,47.0,205.859,47.9,23.021,16.24,0.04205195348477598,-0.0390625,-0.006495282016564665,0.007821695713255116,0.017960697007425717,0.1559929451637296,0.18571428571428572,0.9791666666666666,0.69,0.042230644288034656,60479424.0
261,Italy,2020-10-18,11705.0,69.0,205.859,47.9,23.021,16.24,0.04205195348477598,-0.0390625,-0.006495282016564665,0.007821695713255116,0.017960697007425717,0.1559929451637296,0.18571428571428572,0.9791666666666666,0.69,0.042230644288034656,60479424.0
262,Italy,2020-10-19,9337.0,73.0,205.859,47.9,23.021,16.24,0.04205195348477598,-0.0390625,-0.006495282016564665,0.007821695713255116,0.017960697007425717,0.1559929451637296,0.18571428571428572,0.9791666666666666,0.69,0.042230644288034656,60479424.0
263,Italy,2020-10-20,10871.0,89.0,205.859,47.9,23.021,16.24,0.04205195348477598,-0.0390625,-0.006495282016564665,0.007821695713255116,0.017960697007425717,0.1559929451637296,0.18571428571428572,0.9791666666666666,0.69,0.042230644288034656,60479424.0
264,Italy,2020-10-21,15199.0,127.0,205.859,47.9,23.021,16.24,0.04205195348477598,-0.0390625,-0.006495282016564665,0.007821695713255116,0.017960697007425717,0.1559929451637296,0.18571428571428572,0.9791666666666666,0.69,0.042230644288034656,60479424.0
265,Italy,2020-10-22,16078.0,136.0,205.859,47.9,23.021,16.24,0.04205195348477598,-0.0390625,-0.006495282016564665,0.007821695713255116,0.017960697007425717,0.1559929451637296,0.18571428571428572,0.9791666666666666,0.69,0.042230644288034656,60479424.0
266,Italy,2020-10-23,19143.0,91.0,205.859,47.9,23.021,16.24,0.04205195348477598,-0.0390625,-0.006495282016564665,0.007821695713255116,0.017960697007425717,0.1559929451637296,0.18571428571428572,0.9791666666666666,0.69,0.042230644288034656,60479424.0
267,Italy,2020-10-24,19640.0,151.0,205.859,47.9,23.021,16.24,0.04205195348477598,-0.0390625,-0.006495282016564665,0.007821695713255116,0.017960697007425717,0.1559929451637296,0.18571428571428572,0.9791666666666666,0.69,0.042230644288034656,60479424.0
268,Italy,2020-10-25,21273.0,128.0,205.859,47.9,23.021,16.24,0.04205195348477598,-0.0390625,-0.006495282016564665,0.007821695713255116,0.017960697007425717,0.1559929451637296,0.18571428571428572,0.9791666666666666,0.69,0.042230644288034656,60479424.0
269,Italy,2020-10-26,17007.0,141.0,205.859,47.9,23.021,16.24,0.04205195348477598,-0.0390625,-0.006495282016564665,0.007821695713255116,0.017960697007425717,0.1559929451637296,0.18571428571428572,0.9791666666666666,0.69,0.042230644288034656,60479424.0
270,Italy,2020-10-27,21989.0,221.0,205.859,47.9,23.021,16.24,0.04205195348477598,-0.0390625,-0.006495282016564665,0.007821695713255116,0.017960697007425717,0.1559929451637296,0.18571428571428572,0.9791666666666666,0.69,0.042230644288034656,60479424.0
271,Italy,2020-10-28,24988.0,205.0,205.859,47.9,23.021,16.24,0.04205195348477598,-0.0390625,-0.006495282016564665,0.007821695713255116,0.017960697007425717,0.1559929451637296,0.18571428571428572,0.9791666666666666,0.69,0.042230644288034656,60479424.0
272,Italy,2020-10-29,26829.0,217.0,205.859,47.9,23.021,16.24,0.04205195348477598,-0.0390625,-0.006495282016564665,0.007821695713255116,0.017960697007425717,0.1559929451637296,0.18571428571428572,0.9791666666666666,0.69,0.042230644288034656,60479424.0
273,Italy,2020-10-30,31079.0,199.0,205.859,47.9,23.021,16.24,0.04205195348477598,-0.0390625,-0.006495282016564665,0.007821695713255116,0.017960697007425717,0.1559929451637296,0.18571428571428572,0.9791666666666666,0.69,0.042230644288034656,60479424.0
274,Italy,2020-10-31,31756.0,297.0,205.859,47.9,23.021,16.24,0.04205195348477598,-0.0390625,-0.006495282016564665,0.007821695713255116,0.017960697007425717,0.1559929451637296,0.18571428571428572,0.9791666666666666,0.69,0.042230644288034656,60479424.0
275,Italy,2020-11-01,29905.0,208.0,205.859,47.9,23.021,16.24,0.04205195348477598,-0.0390625,-0.006495282016564665,0.007821695713255116,0.017960697007425717,0.1559929451637296,0.18571428571428572,0.9791666666666666,0.69,0.042230644288034656,60479424.0
276,Italy,2020-11-02,22253.0,233.0,205.859,47.9,23.021,16.24,0.04205195348477598,-0.0390625,-0.006495282016564665,0.007821695713255116,0.017960697007425717,0.1559929451637296,0.18571428571428572,0.9791666666666666,0.69,0.042230644288034656,60479424.0
277,Italy,2020-11-03,28241.0,353.0,205.859,47.9,23.021,16.24,0.04205195348477598,-0.0390625,-0.006495282016564665,0.007821695713255116,0.017960697007425717,0.1559929451637296,0.18571428571428572,0.9791666666666666,0.69,0.042230644288034656,60479424.0
278,Italy,2020-11-04,30548.0,352.0,205.859,47.9,23.021,16.24,0.04205195348477598,-0.0390625,-0.006495282016564665,0.007821695713255116,0.017960697007425717,0.1559929451637296,0.18571428571428572,0.9791666666666666,0.69,0.042230644288034656,60479424.0
279,Italy,2020-11-05,34502.0,428.0,205.859,47.9,23.021,16.24,0.04205195348477598,-0.0390625,-0.006495282016564665,0.007821695713255116,0.017960697007425717,0.1559929451637296,0.18571428571428572,0.9791666666666666,0.69,0.042230644288034656,60479424.0
280,Italy,2020-11-06,37802.0,446.0,205.859,47.9,23.021,16.24,0.04205195348477598,-0.0390625,-0.006495282016564665,0.007821695713255116,0.017960697007425717,0.1559929451637296,0.18571428571428572,0.9791666666666666,0.69,0.042230644288034656,60479424.0
281,Italy,2020-11-07,39809.0,425.0,205.859,47.9,23.021,16.24,0.04205195348477598,-0.0390625,-0.006495282016564665,0.007821695713255116,0.017960697007425717,0.1559929451637296,0.18571428571428572,0.9791666666666666,0.69,0.042230644288034656,60479424.0
282,Italy,2020-11-08,32614.0,331.0,205.859,47.9,23.021,16.24,0.04205195348477598,-0.0390625,-0.006495282016564665,0.007821695713255116,0.017960697007425717,0.1559929451637296,0.18571428571428572,0.9791666666666666,0.69,0.042230644288034656,60479424.0
283,Italy,2020-11-09,25269.0,356.0,205.859,47.9,23.021,16.24,0.04205195348477598,-0.0390625,-0.006495282016564665,0.007821695713255116,0.017960697007425717,0.1559929451637296,0.18571428571428572,0.9791666666666666,0.69,0.042230644288034656,60479424.0
284,Italy,2020-11-10,35090.0,580.0,205.859,47.9,23.021,16.24,0.04205195348477598,-0.0390625,-0.006495282016564665,0.007821695713255116,0.017960697007425717,0.1559929451637296,0.18571428571428572,0.9791666666666666,0.69,0.042230644288034656,60479424.0
285,Italy,2020-11-11,32961.0,623.0,205.859,47.9,23.021,16.24,0.04205195348477598,-0.0390625,-0.006495282016564665,0.007821695713255116,0.017960697007425717,0.1559929451637296,0.18571428571428572,0.9791666666666666,0.69,0.042230644288034656,60479424.0
286,Italy,2020-11-12,37977.0,636.0,205.859,47.9,23.021,16.24,0.04205195348477598,-0.0390625,-0.006495282016564665,0.007821695713255116,0.017960697007425717,0.1559929451637296,0.18571428571428572,0.9791666666666666,0.69,0.042230644288034656,60479424.0
287,Italy,2020-11-13,40902.0,550.0,205.859,47.9,23.021,16.24,0.04205195348477598,-0.0390625,-0.006495282016564665,0.007821695713255116,0.017960697007425717,0.1559929451637296,0.18571428571428572,0.9791666666666666,0.69,0.042230644288034656,60479424.0
288,Italy,2020-11-14,37249.0,544.0,205.859,47.9,23.021,16.24,0.04205195348477598,-0.0390625,-0.006495282016564665,0.007821695713255116,0.017960697007425717,0.1559929451637296,0.18571428571428572,0.9791666666666666,0.69,0.042230644288034656,60479424.0
289,Italy,2020-11-15,33977.0,546.0,205.859,47.9,23.021,16.24,0.04205195348477598,-0.0390625,-0.006495282016564665,0.007821695713255116,0.017960697007425717,0.1559929451637296,0.18571428571428572,0.9791666666666666,0.69,0.042230644288034656,60479424.0
290,Italy,2020-11-16,27352.0,504.0,205.859,47.9,23.021,16.24,0.04205195348477598,-0.0390625,-0.006495282016564665,0.007821695713255116,0.017960697007425717,0.1559929451637296,0.18571428571428572,0.9791666666666666,0.69,0.042230644288034656,60479424.0
291,Italy,2020-11-17,32191.0,731.0,205.859,47.9,23.021,16.24,0.04205195348477598,-0.0390625,-0.006495282016564665,0.007821695713255116,0.017960697007425717,0.1559929451637296,0.18571428571428572,0.9791666666666666,0.69,0.042230644288034656,60479424.0
292,Italy,2020-11-18,34280.0,753.0,205.859,47.9,23.021,16.24,0.04205195348477598,-0.0390625,-0.006495282016564665,0.007821695713255116,0.017960697007425717,0.1559929451637296,0.18571428571428572,0.9791666666666666,0.69,0.042230644288034656,60479424.0
293,Italy,2020-11-19,36176.0,653.0,205.859,47.9,23.021,16.24,0.04205195348477598,-0.0390625,-0.006495282016564665,0.007821695713255116,0.017960697007425717,0.1559929451637296,0.18571428571428572,0.9791666666666666,0.69,0.042230644288034656,60479424.0
294,Italy,2020-11-20,37239.0,699.0,205.859,47.9,23.021,16.24,0.04205195348477598,-0.0390625,-0.006495282016564665,0.007821695713255116,0.017960697007425717,0.1559929451637296,0.18571428571428572,0.9791666666666666,0.69,0.042230644288034656,60479424.0
295,Italy,2020-11-21,34764.0,692.0,205.859,47.9,23.021,16.24,0.04205195348477598,-0.0390625,-0.006495282016564665,0.007821695713255116,0.017960697007425717,0.1559929451637296,0.18571428571428572,0.9791666666666666,0.69,0.042230644288034656,60479424.0
296,Italy,2020-11-22,28337.0,562.0,205.859,47.9,23.021,16.24,0.04205195348477598,-0.0390625,-0.006495282016564665,0.007821695713255116,0.017960697007425717,0.1559929451637296,0.18571428571428572,0.9791666666666666,0.69,0.042230644288034656,60479424.0
297,Italy,2020-11-23,22927.0,630.0,205.859,47.9,23.021,16.24,0.04205195348477598,-0.0390625,-0.006495282016564665,0.007821695713255116,0.017960697007425717,0.1559929451637296,0.18571428571428572,0.9791666666666666,0.69,0.042230644288034656,60479424.0
298,Italy,2020-11-24,23227.0,853.0,205.859,47.9,23.021,16.24,0.04205195348477598,-0.0390625,-0.006495282016564665,0.007821695713255116,0.017960697007425717,0.1559929451637296,0.18571428571428572,0.9791666666666666,0.69,0.042230644288034656,60479424.0
299,Italy,2020-11-25,25852.0,722.0,205.859,47.9,23.021,16.24,0.04205195348477598,-0.0390625,-0.006495282016564665,0.007821695713255116,0.017960697007425717,0.1559929451637296,0.18571428571428572,0.9791666666666666,0.69,0.042230644288034656,60479424.0
300,Italy,2020-11-26,29001.0,822.0,205.859,47.9,23.021,16.24,0.04205195348477598,-0.0390625,-0.006495282016564665,0.007821695713255116,0.017960697007425717,0.1559929451637296,0.18571428571428572,0.9791666666666666,0.69,0.042230644288034656,60479424.0
301,Italy,2020-11-27,28342.0,827.0,205.859,47.9,23.021,16.24,0.04205195348477598,-0.0390625,-0.006495282016564665,0.007821695713255116,0.017960697007425717,0.1559929451637296,0.18571428571428572,0.9791666666666666,0.69,0.042230644288034656,60479424.0
302,Italy,2020-11-28,26315.0,686.0,205.859,47.9,23.021,16.24,0.04205195348477598,-0.0390625,-0.006495282016564665,0.007821695713255116,0.017960697007425717,0.1559929451637296,0.18571428571428572,0.9791666666666666,0.69,0.042230644288034656,60479424.0
303,Italy,2020-11-29,20646.0,541.0,205.859,47.9,23.021,16.24,0.04205195348477598,-0.0390625,-0.006495282016564665,0.007821695713255116,0.017960697007425717,0.1559929451637296,0.18571428571428572,0.9791666666666666,0.69,0.042230644288034656,60479424.0
304,Italy,2020-11-30,16376.0,672.0,205.859,47.9,23.021,16.24,0.04205195348477598,-0.0390625,-0.006495282016564665,0.007821695713255116,0.017960697007425717,0.1559929451637296,0.18571428571428572,0.9791666666666666,0.69,0.042230644288034656,60479424.0
305,Italy,2020-12-01,19347.0,785.0,205.859,47.9,23.021,16.24,0.04205195348477598,-0.0390625,-0.006495282016564665,0.007821695713255116,0.017960697007425717,0.1559929451637296,0.18571428571428572,0.9791666666666666,0.69,0.042230644288034656,60479424.0
306,Italy,2020-12-02,20709.0,684.0,205.859,47.9,23.021,16.24,0.04205195348477598,-0.0390625,-0.006495282016564665,0.007821695713255116,0.017960697007425717,0.1559929451637296,0.18571428571428572,0.9791666666666666,0.69,0.042230644288034656,60479424.0
307,Italy,2020-12-03,23219.0,993.0,205.859,47.9,23.021,16.24,0.04205195348477598,-0.0390625,-0.006495282016564665,0.007821695713255116,0.017960697007425717,0.1559929451637296,0.18571428571428572,0.9791666666666666,0.69,0.042230644288034656,60479424.0
308,Italy,2020-12-04,24110.0,814.0,205.859,47.9,23.021,16.24,0.04205195348477598,-0.0390625,-0.006495282016564665,0.007821695713255116,0.017960697007425717,0.1559929451637296,0.18571428571428572,0.9791666666666666,0.69,0.042230644288034656,60479424.0
309,Italy,2020-12-05,21052.0,662.0,205.859,47.9,23.021,16.24,0.04205195348477598,-0.0390625,-0.006495282016564665,0.007821695713255116,0.017960697007425717,0.1559929451637296,0.18571428571428572,0.9791666666666666,0.69,0.042230644288034656,60479424.0
310,Italy,2020-12-06,18887.0,564.0,205.859,47.9,23.021,16.24,0.04205195348477598,-0.0390625,-0.006495282016564665,0.007821695713255116,0.017960697007425717,0.1559929451637296,0.18571428571428572,0.9791666666666666,0.69,0.042230644288034656,60479424.0
311,Italy,2020-12-07,13679.0,528.0,205.859,47.9,23.021,16.24,0.04205195348477598,-0.0390625,-0.006495282016564665,0.007821695713255116,0.017960697007425717,0.1559929451637296,0.18571428571428572,0.9791666666666666,0.69,0.042230644288034656,60479424.0
312,Italy,2020-12-08,14837.0,634.0,205.859,47.9,23.021,16.24,0.04205195348477598,-0.0390625,-0.006495282016564665,0.007821695713255116,0.017960697007425717,0.1559929451637296,0.18571428571428572,0.9791666666666666,0.69,0.042230644288034656,60479424.0
313,Italy,2020-12-09,12755.0,499.0,205.859,47.9,23.021,16.24,0.04205195348477598,-0.0390625,-0.006495282016564665,0.007821695713255116,0.017960697007425717,0.1559929451637296,0.18571428571428572,0.9791666666666666,0.69,0.042230644288034656,60479424.0
314,Italy,2020-12-10,16998.0,887.0,205.859,47.9,23.021,16.24,0.04205195348477598,-0.0390625,-0.006495282016564665,0.007821695713255116,0.017960697007425717,0.1559929451637296,0.18571428571428572,0.9791666666666666,0.69,0.042230644288034656,60479424.0
315,Italy,2020-12-11,18726.0,761.0,205.859,47.9,23.021,16.24,0.04205195348477598,-0.0390625,-0.006495282016564665,0.007821695713255116,0.017960697007425717,0.1559929451637296,0.18571428571428572,0.9791666666666666,0.69,0.042230644288034656,60479424.0
316,Italy,2020-12-12,19902.0,649.0,205.859,47.9,23.021,16.24,0.04205195348477598,-0.0390625,-0.006495282016564665,0.007821695713255116,0.017960697007425717,0.1559929451637296,0.18571428571428572,0.9791666666666666,0.69,0.042230644288034656,60479424.0
317,Italy,2020-12-13,17937.0,484.0,205.859,47.9,23.021,16.24,0.04205195348477598,-0.0390625,-0.006495282016564665,0.007821695713255116,0.017960697007425717,0.1559929451637296,0.18571428571428572,0.9791666666666666,0.69,0.042230644288034656,60479424.0
318,Italy,2020-12-14,12025.0,491.0,205.859,47.9,23.021,16.24,0.04205195348477598,-0.0390625,-0.006495282016564665,0.007821695713255116,0.017960697007425717,0.1559929451637296,0.18571428571428572,0.9791666666666666,0.69,0.042230644288034656,60479424.0
319,Italy,2020-12-15,14839.0,846.0,205.859,47.9,23.021,16.24,0.04205195348477598,-0.0390625,-0.006495282016564665,0.007821695713255116,0.017960697007425717,0.1559929451637296,0.18571428571428572,0.9791666666666666,0.69,0.042230644288034656,60479424.0
320,Italy,2020-12-16,17568.0,680.0,205.859,47.9,23.021,16.24,0.04205195348477598,-0.0390625,-0.006495282016564665,0.007821695713255116,0.017960697007425717,0.1559929451637296,0.18571428571428572,0.9791666666666666,0.69,0.042230644288034656,60479424.0
321,Italy,2020-12-17,18233.0,683.0,205.859,47.9,23.021,16.24,0.04205195348477598,-0.0390625,-0.006495282016564665,0.007821695713255116,0.017960697007425717,0.1559929451637296,0.18571428571428572,0.9791666666666666,0.69,0.042230644288034656,60479424.0
322,Italy,2020-12-18,15401.0,674.0,205.859,47.9,23.021,16.24,0.04205195348477598,-0.0390625,-0.006495282016564665,0.007821695713255116,0.017960697007425717,0.1559929451637296,0.18571428571428572,0.9791666666666666,0.69,0.042230644288034656,60479424.0
323,Italy,2020-12-19,16305.0,553.0,205.859,47.9,23.021,16.24,0.04205195348477598,-0.0390625,-0.006495282016564665,0.007821695713255116,0.017960697007425717,0.1559929451637296,0.18571428571428572,0.9791666666666666,0.69,0.042230644288034656,60479424.0
324,Italy,2020-12-20,15102.0,352.0,205.859,47.9,23.021,16.24,0.04205195348477598,-0.0390625,-0.006495282016564665,0.007821695713255116,0.017960697007425717,0.1559929451637296,0.18571428571428572,0.9791666666666666,0.69,0.042230644288034656,60479424.0
325,Italy,2020-12-21,10869.0,415.0,205.859,47.9,23.021,16.24,0.04205195348477598,-0.0390625,-0.006495282016564665,0.007821695713255116,0.017960697007425717,0.1559929451637296,0.18571428571428572,0.9791666666666666,0.69,0.042230644288034656,60479424.0
326,Italy,2020-12-22,13316.0,628.0,205.859,47.9,23.021,16.24,0.04205195348477598,-0.0390625,-0.006495282016564665,0.007821695713255116,0.017960697007425717,0.1559929451637296,0.18571428571428572,0.9791666666666666,0.69,0.042230644288034656,60479424.0
327,Italy,2020-12-23,13908.0,553.0,205.859,47.9,23.021,16.24,0.04205195348477598,-0.0390625,-0.006495282016564665,0.007821695713255116,0.017960697007425717,0.1559929451637296,0.18571428571428572,0.9791666666666666,0.69,0.042230644288034656,60479424.0
328,Italy,2020-12-24,18039.0,505.0,205.859,47.9,23.021,16.24,0.04205195348477598,-0.0390625,-0.006495282016564665,0.007821695713255116,0.017960697007425717,0.1559929451637296,0.18571428571428572,0.9791666666666666,0.69,0.042230644288034656,60479424.0
329,Italy,2020-12-25,19037.0,459.0,205.859,47.9,23.021,16.24,0.04205195348477598,-0.0390625,-0.006495282016564665,0.007821695713255116,0.017960697007425717,0.1559929451637296,0.18571428571428572,0.9791666666666666,0.69,0.042230644288034656,60479424.0
330,Italy,2020-12-26,10405.0,261.0,205.859,47.9,23.021,16.24,0.04205195348477598,-0.0390625,-0.006495282016564665,0.007821695713255116,0.017960697007425717,0.1559929451637296,0.18571428571428572,0.9791666666666666,0.69,0.042230644288034656,60479424.0
331,Italy,2020-12-27,8937.0,305.0,205.859,47.9,23.021,16.24,0.04205195348477598,-0.0390625,-0.006495282016564665,0.007821695713255116,0.017960697007425717,0.1559929451637296,0.18571428571428572,0.9791666666666666,0.69,0.042230644288034656,60479424.0
332,Italy,2020-12-28,8581.0,445.0,205.859,47.9,23.021,16.24,0.04205195348477598,-0.0390625,-0.006495282016564665,0.007821695713255116,0.017960697007425717,0.1559929451637296,0.18571428571428572,0.9791666666666666,0.69,0.042230644288034656,60479424.0
333,Italy,2020-12-29,11210.0,659.0,205.859,47.9,23.021,16.24,0.04205195348477598,-0.0390625,-0.006495282016564665,0.007821695713255116,0.017960697007425717,0.1559929451637296,0.18571428571428572,0.9791666666666666,0.69,0.042230644288034656,60479424.0
334,Italy,2020-12-30,16202.0,575.0,205.859,47.9,23.021,16.24,0.04205195348477598,-0.0390625,-0.006495282016564665,0.007821695713255116,0.017960697007425717,0.1559929451637296,0.18571428571428572,0.9791666666666666,0.69,0.042230644288034656,60479424.0
335,Italy,2020-12-31,23477.0,555.0,205.859,47.9,23.021,16.24,0.04205195348477598,-0.0390625,-0.006495282016564665,0.007821695713255116,0.017960697007425717,0.1559929451637296,0.18571428571428572,0.9791666666666666,0.69,0.042230644288034656,60479424.0
336,Italy,2021-01-01,22210.0,462.0,205.859,47.9,23.021,16.24,0.04205195348477598,-0.0390625,-0.006495282016564665,0.007821695713255116,0.017960697007425717,0.1559929451637296,0.18571428571428572,0.9791666666666666,0.69,0.042230644288034656,60479424.0
337,Italy,2021-01-02,11825.0,364.0,205.859,47.9,23.021,16.24,0.04205195348477598,-0.0390625,-0.006495282016564665,0.007821695713255116,0.017960697007425717,0.1559929451637296,0.18571428571428572,0.9791666666666666,0.69,0.042230644288034656,60479424.0
338,Italy,2021-01-03,14245.0,347.0,205.859,47.9,23.021,16.24,0.04205195348477598,-0.0390625,-0.006495282016564665,0.007821695713255116,0.017960697007425717,0.1559929451637296,0.18571428571428572,0.9791666666666666,0.69,0.042230644288034656,60479424.0
339,Italy,2021-01-04,10798.0,348.0,205.859,47.9,23.021,16.24,0.04205195348477598,-0.0390625,-0.006495282016564665,0.007821695713255116,0.017960697007425717,0.1559929451637296,0.18571428571428572,0.9791666666666666,0.69,0.042230644288034656,60479424.0
340,Italy,2021-01-05,15375.0,649.0,205.859,47.9,23.021,16.24,0.04205195348477598,-0.0390625,-0.006495282016564665,0.007821695713255116,0.017960697007425717,0.1559929451637296,0.18571428571428572,0.9791666666666666,0.69,0.042230644288034656,60479424.0
341,Italy,2021-01-06,20326.0,548.0,205.859,47.9,23.021,16.24,0.04205195348477598,-0.0390625,-0.006495282016564665,0.007821695713255116,0.017960697007425717,0.1559929451637296,0.18571428571428572,0.9791666666666666,0.69,0.042230644288034656,60479424.0
342,Italy,2021-01-07,18416.0,414.0,205.859,47.9,23.021,16.24,0.04205195348477598,-0.0390625,-0.006495282016564665,0.007821695713255116,0.017960697007425717,0.1559929451637296,0.18571428571428572,0.9791666666666666,0.69,0.042230644288034656,60479424.0
343,Italy,2021-01-08,17529.0,620.0,205.859,47.9,23.021,16.24,0.04205195348477598,-0.0390625,-0.006495282016564665,0.007821695713255116,0.017960697007425717,0.1559929451637296,0.18571428571428572,0.9791666666666666,0.69,0.042230644288034656,60479424.0
344,Italy,2021-01-09,19976.0,483.0,205.859,47.9,23.021,16.24,0.04205195348477598,-0.0390625,-0.006495282016564665,0.007821695713255116,0.017960697007425717,0.1559929451637296,0.18571428571428572,0.9791666666666666,0.69,0.042230644288034656,60479424.0
345,Italy,2021-01-10,18625.0,361.0,205.859,47.9,23.021,16.24,0.04205195348477598,-0.0390625,-0.006495282016564665,0.007821695713255116,0.017960697007425717,0.1559929451637296,0.18571428571428572,0.9791666666666666,0.69,0.042230644288034656,60479424.0
346,Italy,2021-01-11,12530.0,448.0,205.859,47.9,23.021,16.24,0.04205195348477598,-0.0390625,-0.006495282016564665,0.007821695713255116,0.017960697007425717,0.1559929451637296,0.18571428571428572,0.9791666666666666,0.69,0.042230644288034656,60479424.0
347,Italy,2021-01-12,14242.0,616.0,205.859,47.9,23.021,16.24,0.04205195348477598,-0.0390625,-0.006495282016564665,0.007821695713255116,0.017960697007425717,0.1559929451637296,0.18571428571428572,0.9791666666666666,0.69,0.042230644288034656,60479424.0
348,Italy,2021-01-13,15773.0,507.0,205.859,47.9,23.021,16.24,0.04205195348477598,-0.0390625,-0.006495282016564665,0.007821695713255116,0.017960697007425717,0.1559929451637296,0.18571428571428572,0.9791666666666666,0.69,0.042230644288034656,60479424.0
349,Italy,2021-01-14,17243.0,522.0,205.859,47.9,23.021,16.24,0.04205195348477598,-0.0390625,-0.006495282016564665,0.007821695713255116,0.017960697007425717,0.1559929451637296,0.18571428571428572,0.9791666666666666,0.69,0.042230644288034656,60479424.0
350,Italy,2021-01-15,16144.0,477.0,205.859,47.9,23.021,16.24,0.04205195348477598,-0.0390625,-0.006495282016564665,0.007821695713255116,0.017960697007425717,0.1559929451637296,0.18571428571428572,0.9791666666666666,0.69,0.042230644288034656,60479424.0
351,Italy,2021-01-16,16310.0,475.0,205.859,47.9,23.021,16.24,0.04205195348477598,-0.0390625,-0.006495282016564665,0.007821695713255116,0.017960697007425717,0.1559929451637296,0.18571428571428572,0.9791666666666666,0.69,0.042230644288034656,60479424.0
352,Italy,2021-01-17,12544.0,377.0,205.859,47.9,23.021,16.24,0.04205195348477598,-0.0390625,-0.006495282016564665,0.007821695713255116,0.017960697007425717,0.1559929451637296,0.18571428571428572,0.9791666666666666,0.69,0.042230644288034656,60479424.0
353,Italy,2021-01-18,8825.0,377.0,205.859,47.9,23.021,16.24,0.04205195348477598,-0.0390625,-0.006495282016564665,0.007821695713255116,0.017960697007425717,0.1559929451637296,0.18571428571428572,0.9791666666666666,0.69,0.042230644288034656,60479424.0
354,Italy,2021-01-19,10496.0,603.0,205.859,47.9,23.021,16.24,0.04205195348477598,-0.0390625,-0.006495282016564665,0.007821695713255116,0.017960697007425717,0.1559929451637296,0.18571428571428572,0.9791666666666666,0.69,0.042230644288034656,60479424.0
355,Italy,2021-01-20,13568.0,524.0,205.859,47.9,23.021,16.24,0.04205195348477598,-0.0390625,-0.006495282016564665,0.007821695713255116,0.017960697007425717,0.1559929451637296,0.18571428571428572,0.9791666666666666,0.69,0.042230644288034656,60479424.0
356,Italy,2021-01-21,14055.0,521.0,205.859,47.9,23.021,16.24,0.04205195348477598,-0.0390625,-0.006495282016564665,0.007821695713255116,0.017960697007425717,0.1559929451637296,0.18571428571428572,0.9791666666666666,0.69,0.042230644288034656,60479424.0
357,Italy,2021-01-22,13633.0,472.0,205.859,47.9,23.021,16.24,0.04205195348477598,-0.0390625,-0.006495282016564665,0.007821695713255116,0.017960697007425717,0.1559929451637296,0.18571428571428572,0.9791666666666666,0.69,0.042230644288034656,60479424.0
358,Italy,2021-01-23,13331.0,488.0,205.859,47.9,23.021,16.24,0.04205195348477598,-0.0390625,-0.006495282016564665,0.007821695713255116,0.017960697007425717,0.1559929451637296,0.18571428571428572,0.9791666666666666,0.69,0.042230644288034656,60479424.0
359,Italy,2021-01-24,11628.0,299.0,205.859,47.9,23.021,16.24,0.04205195348477598,-0.0390625,-0.006495282016564665,0.007821695713255116,0.017960697007425717,0.1559929451637296,0.18571428571428572,0.9791666666666666,0.69,0.042230644288034656,60479424.0
360,Italy,2021-01-25,8559.0,420.0,205.859,47.9,23.021,16.24,0.04205195348477598,-0.0390625,-0.006495282016564665,0.007821695713255116,0.017960697007425717,0.1559929451637296,0.18571428571428572,0.9791666666666666,0.69,0.042230644288034656,60479424.0
361,Italy,2021-01-26,10584.0,541.0,205.859,47.9,23.021,16.24,0.04205195348477598,-0.0390625,-0.006495282016564665,0.007821695713255116,0.017960697007425717,0.1559929451637296,0.18571428571428572,0.9791666666666666,0.69,0.042230644288034656,60479424.0
362,Italy,2021-01-27,15191.0,467.0,205.859,47.9,23.021,16.24,0.04205195348477598,-0.0390625,-0.006495282016564665,0.007821695713255116,0.017960697007425717,0.1559929451637296,0.18571428571428572,0.9791666666666666,0.69,0.042230644288034656,60479424.0
363,Italy,2021-01-28,14360.0,492.0,205.859,47.9,23.021,16.24,0.04205195348477598,-0.0390625,-0.006495282016564665,0.007821695713255116,0.017960697007425717,0.1559929451637296,0.18571428571428572,0.9791666666666666,0.69,0.042230644288034656,60479424.0
364,Italy,2021-01-29,13563.0,477.0,205.859,47.9,23.021,16.24,0.04205195348477598,-0.0390625,-0.006495282016564665,0.007821695713255116,0.017960697007425717,0.1559929451637296,0.18571428571428572,0.9791666666666666,0.69,0.042230644288034656,60479424.0
365,Italy,2021-01-30,12713.0,421.0,205.859,47.9,23.021,16.24,0.04205195348477598,-0.0390625,-0.006495282016564665,0.007821695713255116,0.017960697007425717,0.1559929451637296,0.18571428571428572,0.9791666666666666,0.69,0.042230644288034656,60479424.0
366,Italy,2021-01-31,11249.0,237.0,205.859,47.9,23.021,16.24,0.04205195348477598,-0.0390625,-0.006495282016564665,0.007821695713255116,0.017960697007425717,0.1559929451637296,0.18571428571428572,0.9791666666666666,0.69,0.042230644288034656,60479424.0
367,Italy,2021-02-01,7925.0,329.0,205.859,47.9,23.021,16.24,0.04205195348477598,-0.0390625,-0.006495282016564665,0.007821695713255116,0.017960697007425717,0.1559929451637296,0.18571428571428572,0.9791666666666666,0.69,0.042230644288034656,60479424.0
368,Italy,2021-02-02,9651.0,499.0,205.859,47.9,23.021,16.24,0.04205195348477598,-0.0390625,-0.006495282016564665,0.007821695713255116,0.017960697007425717,0.1559929451637296,0.18571428571428572,0.9791666666666666,0.69,0.042230644288034656,60479424.0
369,Italy,2021-02-03,13182.0,476.0,205.859,47.9,23.021,16.24,0.04205195348477598,-0.0390625,-0.006495282016564665,0.007821695713255116,0.017960697007425717,0.1559929451637296,0.18571428571428572,0.9791666666666666,0.69,0.042230644288034656,60479424.0
370,Italy,2021-02-04,13656.0,421.0,205.859,47.9,23.021,16.24,0.04205195348477598,-0.0390625,-0.006495282016564665,0.007821695713255116,0.017960697007425717,0.1559929451637296,0.18571428571428572,0.9791666666666666,0.69,0.042230644288034656,60479424.0
371,Italy,2021-02-05,14213.0,377.0,205.859,47.9,23.021,16.24,0.04205195348477598,-0.0390625,-0.006495282016564665,0.007821695713255116,0.017960697007425717,0.1559929451637296,0.18571428571428572,0.9791666666666666,0.69,0.042230644288034656,60479424.0
372,Italy,2021-02-06,13439.0,385.0,205.859,47.9,23.021,16.24,0.04205195348477598,-0.0390625,-0.006495282016564665,0.007821695713255116,0.017960697007425717,0.1559929451637296,0.18571428571428572,0.9791666666666666,0.69,0.042230644288034656,60479424.0
373,Italy,2021-02-07,11640.0,270.0,205.859,47.9,23.021,16.24,0.04205195348477598,-0.0390625,-0.006495282016564665,0.007821695713255116,0.017960697007425717,0.1559929451637296,0.18571428571428572,0.9791666666666666,0.69,0.042230644288034656,60479424.0
374,Italy,2021-02-08,7969.0,307.0,205.859,47.9,23.021,16.24,0.04205195348477598,-0.0390625,-0.006495282016564665,0.007821695713255116,0.017960697007425717,0.1559929451637296,0.18571428571428572,0.9791666666666666,0.69,0.042230644288034656,60479424.0
375,Italy,2021-02-09,10612.0,422.0,205.859,47.9,23.021,16.24,0.04205195348477598,-0.0390625,-0.006495282016564665,0.007821695713255116,0.017960697007425717,0.1559929451637296,0.18571428571428572,0.9791666666666666,0.69,0.042230644288034656,60479424.0
376,Italy,2021-02-10,12947.0,336.0,205.859,47.9,23.021,16.24,0.04205195348477598,-0.0390625,-0.006495282016564665,0.007821695713255116,0.017960697007425717,0.1559929451637296,0.18571428571428572,0.9791666666666666,0.69,0.042230644288034656,60479424.0
377,Italy,2021-02-11,15137.0,391.0,205.859,47.9,23.021,16.24,0.04205195348477598,-0.0390625,-0.006495282016564665,0.007821695713255116,0.017960697007425717,0.1559929451637296,0.18571428571428572,0.9791666666666666,0.69,0.042230644288034656,60479424.0
378,Italy,2021-02-12,13893.0,316.0,205.859,47.9,23.021,16.24,0.04205195348477598,-0.0390625,-0.006495282016564665,0.007821695713255116,0.017960697007425717,0.1559929451637296,0.18571428571428572,0.9791666666666666,0.69,0.042230644288034656,60479424.0
379,Italy,2021-02-13,13523.0,311.0,205.859,47.9,23.021,16.24,0.04205195348477598,-0.0390625,-0.006495282016564665,0.007821695713255116,0.017960697007425717,0.1559929451637296,0.18571428571428572,0.9791666666666666,0.69,0.042230644288034656,60479424.0
380,Italy,2021-02-14,11060.0,221.0,205.859,47.9,23.021,16.24,0.04205195348477598,-0.0390625,-0.006495282016564665,0.007821695713255116,0.017960697007425717,0.1559929451637296,0.18571428571428572,0.9791666666666666,0.69,0.042230644288034656,60479424.0
381,Italy,2021-02-15,7344.0,258.0,205.859,47.9,23.021,16.24,0.04205195348477598,-0.0390625,-0.006495282016564665,0.007821695713255116,0.017960697007425717,0.1559929451637296,0.18571428571428572,0.9791666666666666,0.69,0.042230644288034656,60479424.0
382,Italy,2021-02-16,10368.0,336.0,205.859,47.9,23.021,16.24,0.04205195348477598,-0.0390625,-0.006495282016564665,0.007821695713255116,0.017960697007425717,0.1559929451637296,0.18571428571428572,0.9791666666666666,0.69,0.042230644288034656,60479424.0
383,Italy,2021-02-17,12066.0,369.0,205.859,47.9,23.021,16.24,0.04205195348477598,-0.0390625,-0.006495282016564665,0.007821695713255116,0.017960697007425717,0.1559929451637296,0.18571428571428572,0.9791666666666666,0.69,0.042230644288034656,60479424.0
384,Italy,2021-02-18,13755.0,347.0,205.859,47.9,23.021,16.24,0.04205195348477598,-0.0390625,-0.006495282016564665,0.007821695713255116,0.017960697007425717,0.1559929451637296,0.18571428571428572,0.9791666666666666,0.69,0.042230644288034656,60479424.0
385,Italy,2021-02-19,15470.0,348.0,205.859,47.9,23.021,16.24,0.04205195348477598,-0.0390625,-0.006495282016564665,0.007821695713255116,0.017960697007425717,0.1559929451637296,0.18571428571428572,0.9791666666666666,0.69,0.042230644288034656,60479424.0
386,Italy,2021-02-20,14914.0,251.0,205.859,47.9,23.021,16.24,0.04205195348477598,-0.0390625,-0.006495282016564665,0.007821695713255116,0.017960697007425717,0.1559929451637296,0.18571428571428572,0.9791666666666666,0.69,0.042230644288034656,60479424.0
387,Italy,2021-02-21,13450.0,232.0,205.859,47.9,23.021,16.24,0.04205195348477598,-0.0390625,-0.006495282016564665,0.007821695713255116,0.017960697007425717,0.1559929451637296,0.18571428571428572,0.9791666666666666,0.69,0.042230644288034656,60479424.0
388,Italy,2021-02-22,9617.0,274.0,205.859,47.9,23.021,16.24,0.04205195348477598,-0.0390625,-0.006495282016564665,0.007821695713255116,0.017960697007425717,0.1559929451637296,0.18571428571428572,0.9791666666666666,0.69,0.042230644288034656,60479424.0
389,Italy,2021-02-23,13299.0,356.0,205.859,47.9,23.021,16.24,0.04205195348477598,-0.0390625,-0.006495282016564665,0.007821695713255116,0.017960697007425717,0.1559929451637296,0.18571428571428572,0.9791666666666666,0.69,0.042230644288034656,60479424.0
390,Italy,2021-02-24,16402.0,318.0,205.859,47.9,23.021,16.24,0.04205195348477598,-0.0390625,-0.006495282016564665,0.007821695713255116,0.017960697007425717,0.1559929451637296,0.18571428571428572,0.9791666666666666,0.69,0.042230644288034656,60479424.0
391,Italy,2021-02-25,19871.0,308.0,205.859,47.9,23.021,16.24,0.04205195348477598,-0.0390625,-0.006495282016564665,0.007821695713255116,0.017960697007425717,0.1559929451637296,0.18571428571428572,0.9791666666666666,0.69,0.042230644288034656,60479424.0
392,Italy,2021-02-26,20488.0,253.0,205.859,47.9,23.021,16.24,0.04205195348477598,-0.0390625,-0.006495282016564665,0.007821695713255116,0.017960697007425717,0.1559929451637296,0.18571428571428572,0.9791666666666666,0.69,0.042230644288034656,60479424.0
393,Italy,2021-02-27,18902.0,280.0,205.859,47.9,23.021,16.24,0.04205195348477598,-0.0390625,-0.006495282016564665,0.007821695713255116,0.017960697007425717,0.1559929451637296,0.18571428571428572,0.9791666666666666,0.69,0.042230644288034656,60479424.0
394,Italy,2021-02-28,17440.0,192.0,205.859,47.9,23.021,16.24,0.04205195348477598,-0.0390625,-0.006495282016564665,0.007821695713255116,0.017960697007425717,0.1559929451637296,0.18571428571428572,0.9791666666666666,0.69,0.042230644288034656,60479424.0
395,Italy,2021-03-01,13106.0,246.0,205.859,47.9,23.021,16.24,0.04205195348477598,-0.0390625,-0.006495282016564665,0.007821695713255116,0.017960697007425717,0.1559929451637296,0.18571428571428572,0.9791666666666666,0.69,0.042230644288034656,60479424.0
396,Italy,2021-03-02,17063.0,343.0,205.859,47.9,23.021,16.24,0.04205195348477598,-0.0390625,-0.006495282016564665,0.007821695713255116,0.017960697007425717,0.1559929451637296,0.18571428571428572,0.9791666666666666,0.69,0.042230644288034656,60479424.0
397,Italy,2021-03-03,20840.0,347.0,205.859,47.9,23.021,16.24,0.04205195348477598,-0.0390625,-0.006495282016564665,0.007821695713255116,0.017960697007425717,0.1559929451637296,0.18571428571428572,0.9791666666666666,0.69,0.042230644288034656,60479424.0
398,Italy,2021-03-04,22845.0,339.0,205.859,47.9,23.021,16.24,0.04205195348477598,-0.0390625,-0.006495282016564665,0.007821695713255116,0.017960697007425717,0.1559929451637296,0.18571428571428572,0.9791666666666666,0.69,0.042230644288034656,60479424.0
399,Italy,2021-03-05,24010.0,297.0,205.859,47.9,23.021,16.24,0.04205195348477598,-0.0390625,-0.006495282016564665,0.007821695713255116,0.017960697007425717,0.1559929451637296,0.18571428571428572,0.9791666666666666,0.69,0.042230644288034656,60479424.0
400,Italy,2021-03-06,23633.0,307.0,205.859,47.9,23.021,16.24,0.04205195348477598,-0.0390625,-0.006495282016564665,0.007821695713255116,0.017960697007425717,0.1559929451637296,0.18571428571428572,0.9791666666666666,0.69,0.042230644288034656,60479424.0
401,Italy,2021-03-07,20724.0,207.0,205.859,47.9,23.021,16.24,0.04205195348477598,-0.0390625,-0.006495282016564665,0.007821695713255116,0.017960697007425717,0.1559929451637296,0.18571428571428572,0.9791666666666666,0.69,0.042230644288034656,60479424.0
402,Italy,2021-03-08,13882.0,318.0,205.859,47.9,23.021,16.24,0.04205195348477598,-0.0390625,-0.006495282016564665,0.007821695713255116,0.017960697007425717,0.1559929451637296,0.18571428571428572,0.9791666666666666,0.69,0.042230644288034656,60479424.0
403,Italy,2021-03-09,19725.0,376.0,205.859,47.9,23.021,16.24,0.04205195348477598,-0.0390625,-0.006495282016564665,0.007821695713255116,0.017960697007425717,0.1559929451637296,0.18571428571428572,0.9791666666666666,0.69,0.042230644288034656,60479424.0
404,Italy,2021-03-10,22275.0,332.0,205.859,47.9,23.021,16.24,0.04205195348477598,-0.0390625,-0.006495282016564665,0.007821695713255116,0.017960697007425717,0.1559929451637296,0.18571428571428572,0.9791666666666666,0.69,0.042230644288034656,60479424.0
405,Italy,2021-03-11,25649.0,373.0,205.859,47.9,23.021,16.24,0.04205195348477598,-0.0390625,-0.006495282016564665,0.007821695713255116,0.017960697007425717,0.1559929451637296,0.18571428571428572,0.9791666666666666,0.69,0.042230644288034656,60479424.0
406,Italy,2021-03-12,26790.0,380.0,205.859,47.9,23.021,16.24,0.04205195348477598,-0.0390625,-0.006495282016564665,0.007821695713255116,0.017960697007425717,0.1559929451637296,0.18571428571428572,0.9791666666666666,0.69,0.042230644288034656,60479424.0
407,Italy,2021-03-13,26031.0,317.0,205.859,47.9,23.021,16.24,0.04205195348477598,-0.0390625,-0.006495282016564665,0.007821695713255116,0.017960697007425717,0.1559929451637296,0.18571428571428572,0.9791666666666666,0.69,0.042230644288034656,60479424.0
408,Italy,2021-03-14,21304.0,264.0,205.859,47.9,23.021,16.24,0.04205195348477598,-0.0390625,-0.006495282016564665,0.007821695713255116,0.017960697007425717,0.1559929451637296,0.18571428571428572,0.9791666666666666,0.69,0.042230644288034656,60479424.0
409,Italy,2021-03-15,15252.0,354.0,205.859,47.9,23.021,16.24,0.04205195348477598,-0.0390625,-0.006495282016564665,0.007821695713255116,0.017960697007425717,0.1559929451637296,0.18571428571428572,0.9791666666666666,0.69,0.042230644288034656,60479424.0
410,Italy,2021-03-16,20376.0,502.0,205.859,47.9,23.021,16.24,0.04205195348477598,-0.0390625,-0.006495282016564665,0.007821695713255116,0.017960697007425717,0.1559929451637296,0.18571428571428572,0.9791666666666666,0.69,0.042230644288034656,60479424.0
411,Italy,2021-03-17,23040.0,431.0,205.859,47.9,23.021,16.24,0.04205195348477598,-0.0390625,-0.006495282016564665,0.007821695713255116,0.017960697007425717,0.1559929451637296,0.18571428571428572,0.9791666666666666,0.69,0.042230644288034656,60479424.0
412,Italy,2021-03-18,24901.0,423.0,205.859,47.9,23.021,16.24,0.04205195348477598,-0.0390625,-0.006495282016564665,0.007821695713255116,0.017960697007425717,0.1559929451637296,0.18571428571428572,0.9791666666666666,0.69,0.042230644288034656,60479424.0
413,Italy,2021-03-19,25707.0,386.0,205.859,47.9,23.021,16.24,0.04205195348477598,-0.0390625,-0.006495282016564665,0.007821695713255116,0.017960697007425717,0.1559929451637296,0.18571428571428572,0.9791666666666666,0.69,0.042230644288034656,60479424.0
414,Italy,2021-03-20,23913.0,401.0,205.859,47.9,23.021,16.24,0.04205195348477598,-0.0390625,-0.006495282016564665,0.007821695713255116,0.017960697007425717,0.1559929451637296,0.18571428571428572,0.9791666666666666,0.69,0.042230644288034656,60479424.0
415,Italy,2021-03-21,20045.0,300.0,205.859,47.9,23.021,16.24,0.04205195348477598,-0.0390625,-0.006495282016564665,0.007821695713255116,0.017960697007425717,0.1559929451637296,0.18571428571428572,0.9791666666666666,0.69,0.042230644288034656,60479424.0
416,Italy,2021-03-22,24501.0,386.0,205.859,47.9,23.021,16.24,0.04205195348477598,-0.0390625,-0.006495282016564665,0.007821695713255116,0.017960697007425717,0.1559929451637296,0.18571428571428572,0.9791666666666666,0.69,0.042230644288034656,60479424.0
417,Italy,2021-03-23,18739.0,551.0,205.859,47.9,23.021,16.24,0.04205195348477598,-0.0390625,-0.006495282016564665,0.007821695713255116,0.017960697007425717,0.1559929451637296,0.18571428571428572,0.9791666666666666,0.69,0.042230644288034656,60479424.0
418,Italy,2021-03-24,21246.0,460.0,205.859,47.9,23.021,16.24,0.04205195348477598,-0.0390625,-0.006495282016564665,0.007821695713255116,0.017960697007425717,0.1559929451637296,0.18571428571428572,0.9791666666666666,0.69,0.042230644288034656,60479424.0
419,Italy,2021-03-25,23681.0,460.0,205.859,47.9,23.021,16.24,0.04205195348477598,-0.0390625,-0.006495282016564665,0.007821695713255116,0.017960697007425717,0.1559929451637296,0.18571428571428572,0.9791666666666666,0.69,0.042230644288034656,60479424.0
420,Italy,2021-03-26,24076.0,457.0,205.859,47.9,23.021,16.24,0.04205195348477598,-0.0390625,-0.006495282016564665,0.007821695713255116,0.017960697007425717,0.1559929451637296,0.18571428571428572,0.9791666666666666,0.69,0.042230644288034656,60479424.0
421,Italy,2021-03-27,23834.0,380.0,205.859,47.9,23.021,16.24,0.04205195348477598,-0.0390625,-0.006495282016564665,0.007821695713255116,0.017960697007425717,0.1559929451637296,0.18571428571428572,0.9791666666666666,0.69,0.042230644288034656,60479424.0
422,Italy,2021-03-28,19604.0,297.0,205.859,47.9,23.021,16.24,0.04205195348477598,-0.0390625,-0.006495282016564665,0.007821695713255116,0.017960697007425717,0.1559929451637296,0.18571428571428572,0.9791666666666666,0.69,0.042230644288034656,60479424.0
423,Italy,2021-03-29,12900.0,417.0,205.859,47.9,23.021,16.24,0.04205195348477598,-0.0390625,-0.006495282016564665,0.007821695713255116,0.017960697007425717,0.1559929451637296,0.18571428571428572,0.9791666666666666,0.69,0.042230644288034656,60479424.0
424,Italy,2021-03-30,16055.0,529.0,205.859,47.9,23.021,16.24,0.04205195348477598,-0.0390625,-0.006495282016564665,0.007821695713255116,0.017960697007425717,0.1559929451637296,0.18571428571428572,0.9791666666666666,0.69,0.042230644288034656,60479424.0
425,Italy,2021-03-31,23887.0,467.0,205.859,47.9,23.021,16.24,0.04205195348477598,-0.0390625,-0.006495282016564665,0.007821695713255116,0.017960697007425717,0.1559929451637296,0.18571428571428572,0.9791666666666666,0.69,0.042230644288034656,60479424.0
426,Italy,2021-04-01,22184.0,501.0,205.859,47.9,23.021,16.24,0.04205195348477598,-0.0390625,-0.006495282016564665,0.007821695713255116,0.017960697007425717,0.1559929451637296,0.18571428571428572,0.9791666666666666,0.69,0.042230644288034656,60479424.0
427,Italy,2021-04-02,21917.0,481.0,205.859,47.9,23.021,16.24,0.04205195348477598,-0.0390625,-0.006495282016564665,0.007821695713255116,0.017960697007425717,0.1559929451637296,0.18571428571428572,0.9791666666666666,0.69,0.042230644288034656,60479424.0
428,Italy,2021-04-03,21247.0,376.0,205.859,47.9,23.021,16.24,0.04205195348477598,-0.0390625,-0.006495282016564665,0.007821695713255116,0.017960697007425717,0.1559929451637296,0.18571428571428572,0.9791666666666666,0.69,0.042230644288034656,60479424.0
429,Italy,2021-04-04,18017.0,326.0,205.859,47.9,23.021,16.24,0.04205195348477598,-0.0390625,-0.006495282016564665,0.007821695713255116,0.017960697007425717,0.1559929451637296,0.18571428571428572,0.9791666666666666,0.69,0.042230644288034656,60479424.0
430,Italy,2021-04-05,10680.0,296.0,205.859,47.9,23.021,16.24,0.04205195348477598,-0.0390625,-0.006495282016564665,0.007821695713255116,0.017960697007425717,0.1559929451637296,0.18571428571428572,0.9791666666666666,0.69,0.042230644288034656,60479424.0
431,Italy,2021-04-06,7763.0,421.0,205.859,47.9,23.021,16.24,0.04205195348477598,-0.0390625,-0.006495282016564665,0.007821695713255116,0.017960697007425717,0.1559929451637296,0.18571428571428572,0.9791666666666666,0.69,0.042230644288034656,60479424.0
432,Italy,2021-04-07,13686.0,627.0,205.859,47.9,23.021,16.24,0.04205195348477598,-0.0390625,-0.006495282016564665,0.007821695713255116,0.017960697007425717,0.1559929451637296,0.18571428571428572,0.9791666666666666,0.69,0.042230644288034656,60479424.0
433,Italy,2021-04-08,17209.0,487.0,205.859,47.9,23.021,16.24,0.04205195348477598,-0.0390625,-0.006495282016564665,0.007821695713255116,0.017960697007425717,0.1559929451637296,0.18571428571428572,0.9791666666666666,0.69,0.042230644288034656,60479424.0
434,Italy,2021-04-09,18924.0,718.0,205.859,47.9,23.021,16.24,0.04205195348477598,-0.0390625,-0.006495282016564665,0.007821695713255116,0.017960697007425717,0.1559929451637296,0.18571428571428572,0.9791666666666666,0.69,0.042230644288034656,60479424.0
435,Italy,2021-04-10,17551.0,344.0,205.859,47.9,23.021,16.24,0.04205195348477598,-0.0390625,-0.006495282016564665,0.007821695713255116,0.017960697007425717,0.1559929451637296,0.18571428571428572,0.9791666666666666,0.69,0.042230644288034656,60479424.0
436,Italy,2021-04-11,15737.0,331.0,205.859,47.9,23.021,16.24,0.04205195348477598,-0.0390625,-0.006495282016564665,0.007821695713255116,0.017960697007425717,0.1559929451637296,0.18571428571428572,0.9791666666666666,0.69,0.042230644288034656,60479424.0
437,Italy,2021-04-12,9780.0,358.0,205.859,47.9,23.021,16.24,0.04205195348477598,-0.0390625,-0.006495282016564665,0.007821695713255116,0.017960697007425717,0.1559929451637296,0.18571428571428572,0.9791666666666666,0.69,0.042230644288034656,60479424.0
438,Italy,2021-04-13,13439.0,476.0,205.859,47.9,23.021,16.24,0.04205195348477598,-0.0390625,-0.006495282016564665,0.007821695713255116,0.017960697007425717,0.1559929451637296,0.18571428571428572,0.9791666666666666,0.69,0.042230644288034656,60479424.0
439,Italy,2021-04-14,16160.0,469.0,205.859,47.9,23.021,16.24,0.04205195348477598,-0.0390625,-0.006495282016564665,0.007821695713255116,0.017960697007425717,0.1559929451637296,0.18571428571428572,0.9791666666666666,0.69,0.042230644288034656,60479424.0
440,Italy,2021-04-15,16963.0,380.0,205.859,47.9,23.021,16.24,0.04205195348477598,-0.0390625,-0.006495282016564665,0.007821695713255116,0.017960697007425717,0.1559929451637296,0.18571428571428572,0.9791666666666666,0.69,0.042230644288034656,60479424.0
441,Italy,2021-04-16,15923.0,429.0,205.859,47.9,23.021,16.24,0.04205195348477598,-0.0390625,-0.006495282016564665,0.007821695713255116,0.017960697007425717,0.1559929451637296,0.18571428571428572,0.9791666666666666,0.69,0.042230644288034656,60479424.0
442,Italy,2021-04-17,15364.0,310.0,205.859,47.9,23.021,16.24,0.04205195348477598,-0.0390625,-0.006495282016564665,0.007821695713255116,0.017960697007425717,0.1559929451637296,0.18571428571428572,0.9791666666666666,0.69,0.042230644288034656,60479424.0
443,Italy,2021-04-18,12688.0,251.0,205.859,47.9,23.021,16.24,0.04205195348477598,-0.0390625,-0.006495282016564665,0.007821695713255116,0.017960697007425717,0.1559929451637296,0.18571428571428572,0.9791666666666666,0.69,0.042230644288034656,60479424.0
444,Italy,2021-04-19,8863.0,316.0,205.859,47.9,23.021,16.24,0.04205195348477598,-0.0390625,-0.006495282016564665,0.007821695713255116,0.017960697007425717,0.1559929451637296,0.18571428571428572,0.9791666666666666,0.69,0.042230644288034656,60479424.0
445,Italy,2021-04-20,12069.0,390.0,205.859,47.9,23.021,16.24,0.04205195348477598,-0.0390625,-0.006495282016564665,0.007821695713255116,0.017960697007425717,0.1559929451637296,0.18571428571428572,0.9791666666666666,0.69,0.042230644288034656,60479424.0
446,Italy,2021-04-21,13836.0,364.0,205.859,47.9,23.021,16.24,0.04205195348477598,-0.0390625,-0.006495282016564665,0.007821695713255116,0.017960697007425717,0.1559929451637296,0.18571428571428572,0.9791666666666666,0.69,0.042230644288034656,60479424.0
447,Italy,2021-04-22,16046.0,360.0,205.859,47.9,23.021,16.24,0.04205195348477598,-0.0390625,-0.006495282016564665,0.007821695713255116,0.017960697007425717,0.1559929451637296,0.18571428571428572,0.9791666666666666,0.69,0.042230644288034656,60479424.0
448,Italy,2021-04-23,14758.0,342.0,205.859,47.9,23.021,16.24,0.04205195348477598,-0.0390625,-0.006495282016564665,0.007821695713255116,0.017960697007425717,0.1559929451637296,0.18571428571428572,0.9791666666666666,0.69,0.042230644288034656,60479424.0
449,Italy,2021-04-24,13814.0,322.0,205.859,47.9,23.021,16.24,0.04205195348477598,-0.0390625,-0.006495282016564665,0.007821695713255116,0.017960697007425717,0.1559929451637296,0.18571428571428572,0.9791666666666666,0.69,0.042230644288034656,60479424.0
450,Italy,2021-04-25,13157.0,217.0,205.859,47.9,23.021,16.24,0.04205195348477598,-0.0390625,-0.006495282016564665,0.007821695713255116,0.017960697007425717,0.1559929451637296,0.18571428571428572,0.9791666666666666,0.69,0.042230644288034656,60479424.0
451,Italy,2021-04-26,8440.0,301.0,205.859,47.9,23.021,16.24,0.04205195348477598,-0.0390625,-0.006495282016564665,0.007821695713255116,0.017960697007425717,0.1559929451637296,0.18571428571428572,0.9791666666666666,0.69,0.042230644288034656,60479424.0
452,Italy,2021-04-27,10398.0,373.0,205.859,47.9,23.021,16.24,0.04205195348477598,-0.0390625,-0.006495282016564665,0.007821695713255116,0.017960697007425717,0.1559929451637296,0.18571428571428572,0.9791666666666666,0.69,0.042230644288034656,60479424.0
453,Italy,2021-04-28,13382.0,344.0,205.859,47.9,23.021,16.24,0.04205195348477598,-0.0390625,-0.006495282016564665,0.007821695713255116,0.017960697007425717,0.1559929451637296,0.18571428571428572,0.9791666666666666,0.69,0.042230644288034656,60479424.0
454,Italy,2021-04-29,14314.0,288.0,205.859,47.9,23.021,16.24,0.04205195348477598,-0.0390625,-0.006495282016564665,0.007821695713255116,0.017960697007425717,0.1559929451637296,0.18571428571428572,0.9791666666666666,0.69,0.042230644288034656,60479424.0
455,Italy,2021-04-30,13445.0,263.0,205.859,47.9,23.021,16.24,0.04205195348477598,-0.0390625,-0.006495282016564665,0.007821695713255116,0.017960697007425717,0.1559929451637296,0.18571428571428572,0.9791666666666666,0.69,0.042230644288034656,60479424.0
456,Italy,2021-05-01,12964.0,226.0,205.859,47.9,23.021,16.24,0.04205195348477598,-0.0390625,-0.006495282016564665,0.007821695713255116,0.017960697007425717,0.1559929451637296,0.18571428571428572,0.9791666666666666,0.69,0.042230644288034656,60479424.0
457,Italy,2021-05-02,9145.0,144.0,205.859,47.9,23.021,16.24,0.04205195348477598,-0.0390625,-0.006495282016564665,0.007821695713255116,0.017960697007425717,0.1559929451637296,0.18571428571428572,0.9791666666666666,0.69,0.042230644288034656,60479424.0
458,Italy,2021-05-03,5946.0,256.0,205.859,47.9,23.021,16.24,0.04205195348477598,-0.0390625,-0.006495282016564665,0.007821695713255116,0.017960697007425717,0.1559929451637296,0.18571428571428572,0.9791666666666666,0.69,0.042230644288034656,60479424.0
459,Italy,2021-05-04,9113.0,305.0,205.859,47.9,23.021,16.24,0.04205195348477598,-0.0390625,-0.006495282016564665,0.007821695713255116,0.017960697007425717,0.1559929451637296,0.18571428571428572,0.9791666666666666,0.69,0.042230644288034656,60479424.0
460,Italy,2021-05-05,10579.0,267.0,205.859,47.9,23.021,16.24,0.04205195348477598,-0.0390625,-0.006495282016564665,0.007821695713255116,0.017960697007425717,0.1559929451637296,0.18571428571428572,0.9791666666666666,0.69,0.042230644288034656,60479424.0
461,Italy,2021-05-06,11798.0,258.0,205.859,47.9,23.021,16.24,0.04205195348477598,-0.0390625,-0.006495282016564665,0.007821695713255116,0.017960697007425717,0.1559929451637296,0.18571428571428572,0.9791666666666666,0.69,0.042230644288034656,60479424.0
462,Italy,2021-05-07,10549.0,207.0,205.859,47.9,23.021,16.24,0.04205195348477598,-0.0390625,-0.006495282016564665,0.007821695713255116,0.017960697007425717,0.1559929451637296,0.18571428571428572,0.9791666666666666,0.69,0.042230644288034656,60479424.0
463,Italy,2021-05-08,10174.0,224.0,205.859,47.9,23.021,16.24,0.04205195348477598,-0.0390625,-0.006495282016564665,0.007821695713255116,0.017960697007425717,0.1559929451637296,0.18571428571428572,0.9791666666666666,0.69,0.042230644288034656,60479424.0
464,Italy,2021-05-09,8289.0,139.0,205.859,47.9,23.021,16.24,0.04205195348477598,-0.0390625,-0.006495282016564665,0.007821695713255116,0.017960697007425717,0.1559929451637296,0.18571428571428572,0.9791666666666666,0.69,0.042230644288034656,60479424.0
465,Italy,2021-05-10,5077.0,198.0,205.859,47.9,23.021,16.24,0.04205195348477598,-0.0390625,-0.006495282016564665,0.007821695713255116,0.017960697007425717,0.1559929451637296,0.18571428571428572,0.9791666666666666,0.69,0.042230644288034656,60479424.0
466,Italy,2021-05-11,6943.0,251.0,205.859,47.9,23.021,16.24,0.04205195348477598,-0.0390625,-0.006495282016564665,0.007821695713255116,0.017960697007425717,0.1559929451637296,0.18571428571428572,0.9791666666666666,0.69,0.042230644288034656,60479424.0
467,Italy,2021-05-12,7848.0,262.0,205.859,47.9,23.021,16.24,0.04205195348477598,-0.0390625,-0.006495282016564665,0.007821695713255116,0.017960697007425717,0.1559929451637296,0.18571428571428572,0.9791666666666666,0.69,0.042230644288034656,60479424.0
468,Italy,2021-05-13,8082.0,201.0,205.859,47.9,23.021,16.24,0.04205195348477598,-0.0390625,-0.006495282016564665,0.007821695713255116,0.017960697007425717,0.1559929451637296,0.18571428571428572,0.9791666666666666,0.69,0.042230644288034656,60479424.0
469,Italy,2021-05-14,7562.0,182.0,205.859,47.9,23.021,16.24,0.04205195348477598,-0.0390625,-0.006495282016564665,0.007821695713255116,0.017960697007425717,0.1559929451637296,0.18571428571428572,0.9791666666666666,0.69,0.042230644288034656,60479424.0
470,Italy,2021-05-15,6652.0,136.0,205.859,47.9,23.021,16.24,0.04205195348477598,-0.0390625,-0.006495282016564665,0.007821695713255116,0.017960697007425717,0.1559929451637296,0.18571428571428572,0.9791666666666666,0.69,0.042230644288034656,60479424.0
471,Italy,2021-05-16,5748.0,93.0,205.859,47.9,23.021,16.24,0.04205195348477598,-0.0390625,-0.006495282016564665,0.007821695713255116,0.017960697007425717,0.1559929451637296,0.18571428571428572,0.9791666666666666,0.69,0.042230644288034656,60479424.0
472,Italy,2021-05-17,3454.0,140.0,205.859,47.9,23.021,16.24,0.04205195348477598,-0.0390625,-0.006495282016564665,0.007821695713255116,0.017960697007425717,0.1559929451637296,0.18571428571428572,0.9791666666666666,0.69,0.042230644288034656,60479424.0
473,Italy,2021-05-18,4449.0,201.0,205.859,47.9,23.021,16.24,0.04205195348477598,-0.0390625,-0.006495282016564665,0.007821695713255116,0.017960697007425717,0.1559929451637296,0.18571428571428572,0.9791666666666666,0.69,0.042230644288034656,60479424.0
474,Italy,2021-05-19,5500.0,149.0,205.859,47.9,23.021,16.24,0.04205195348477598,-0.0390625,-0.006495282016564665,0.007821695713255116,0.017960697007425717,0.1559929451637296,0.18571428571428572,0.9791666666666666,0.69,0.042230644288034656,60479424.0
475,Italy,2021-05-20,5736.0,164.0,205.859,47.9,23.021,16.24,0.04205195348477598,-0.0390625,-0.006495282016564665,0.007821695713255116,0.017960697007425717,0.1559929451637296,0.18571428571428572,0.9791666666666666,0.69,0.042230644288034656,60479424.0
476,Italy,2021-05-21,5215.0,218.0,205.859,47.9,23.021,16.24,0.04205195348477598,-0.0390625,-0.006495282016564665,0.007821695713255116,0.017960697007425717,0.1559929451637296,0.18571428571428572,0.9791666666666666,0.69,0.042230644288034656,60479424.0
477,Italy,2021-05-22,4714.0,125.0,205.859,47.9,23.021,16.24,0.04205195348477598,-0.0390625,-0.006495282016564665,0.007821695713255116,0.017960697007425717,0.1559929451637296,0.18571428571428572,0.9791666666666666,0.69,0.042230644288034656,60479424.0
478,Italy,2021-05-23,3993.0,72.0,205.859,47.9,23.021,16.24,0.04205195348477598,-0.0390625,-0.006495282016564665,0.007821695713255116,0.017960697007425717,0.1559929451637296,0.18571428571428572,0.9791666666666666,0.69,0.042230644288034656,60479424.0
479,Italy,2021-05-24,2489.0,110.0,205.859,47.9,23.021,16.24,0.04205195348477598,-0.0390625,-0.006495282016564665,0.007821695713255116,0.017960697007425717,0.1559929451637296,0.18571428571428572,0.9791666666666666,0.69,0.042230644288034656,60479424.0
480,Italy,2021-05-25,3220.0,166.0,205.859,47.9,23.021,16.24,0.04205195348477598,-0.0390625,-0.006495282016564665,0.007821695713255116,0.017960697007425717,0.1559929451637296,0.18571428571428572,0.9791666666666666,0.69,0.042230644288034656,60479424.0
481,Italy,2021-05-26,3935.0,121.0,205.859,47.9,23.021,16.24,0.04205195348477598,-0.0390625,-0.006495282016564665,0.007821695713255116,0.017960697007425717,0.1559929451637296,0.18571428571428572,0.9791666666666666,0.69,0.042230644288034656,60479424.0
482,Italy,2021-05-27,4143.0,171.0,205.859,47.9,23.021,16.24,0.04205195348477598,-0.0390625,-0.006495282016564665,0.007821695713255116,0.017960697007425717,0.1559929451637296,0.18571428571428572,0.9791666666666666,0.69,0.042230644288034656,60479424.0
483,Italy,2021-05-28,3737.0,126.0,205.859,47.9,23.021,16.24,0.04205195348477598,-0.0390625,-0.006495282016564665,0.007821695713255116,0.017960697007425717,0.1559929451637296,0.18571428571428572,0.9791666666666666,0.69,0.042230644288034656,60479424.0
484,Italy,2021-05-29,3348.0,83.0,205.859,47.9,23.021,16.24,0.04205195348477598,-0.0390625,-0.006495282016564665,0.007821695713255116,0.017960697007425717,0.1559929451637296,0.18571428571428572,0.9791666666666666,0.69,0.042230644288034656,60479424.0
485,Italy,2021-05-30,2948.0,44.0,205.859,47.9,23.021,16.24,0.04205195348477598,-0.0390625,-0.006495282016564665,0.007821695713255116,0.017960697007425717,0.1559929451637296,0.18571428571428572,0.9791666666666666,0.69,0.042230644288034656,60479424.0
486,Italy,2021-05-31,1818.0,82.0,205.859,47.9,23.021,16.24,0.04205195348477598,-0.0390625,-0.006495282016564665,0.007821695713255116,0.017960697007425717,0.1559929451637296,0.18571428571428572,0.9791666666666666,0.69,0.042230644288034656,60479424.0
487,Italy,2021-06-01,2483.0,93.0,205.859,47.9,23.021,16.24,0.04205195348477598,-0.0390625,-0.006495282016564665,0.007821695713255116,0.017960697007425717,0.1559929451637296,0.18571428571428572,0.9791666666666666,0.69,0.042230644288034656,60479424.0
488,Italy,2021-06-02,2896.0,62.0,205.859,47.9,23.021,16.24,0.04205195348477598,-0.0390625,-0.006495282016564665,0.007821695713255116,0.017960697007425717,0.1559929451637296,0.18571428571428572,0.9791666666666666,0.69,0.042230644288034656,60479424.0
489,Italy,2021-06-03,1963.0,59.0,205.859,47.9,23.021,16.24,0.04205195348477598,-0.0390625,-0.006495282016564665,0.007821695713255116,0.017960697007425717,0.1559929451637296,0.18571428571428572,0.9791666666666666,0.69,0.042230644288034656,60479424.0
490,Italy,2021-06-04,2556.0,73.0,205.859,47.9,23.021,16.24,0.04205195348477598,-0.0390625,-0.006495282016564665,0.007821695713255116,0.017960697007425717,0.1559929451637296,0.18571428571428572,0.9791666666666666,0.69,0.042230644288034656,60479424.0
491,Italy,2021-06-05,2434.0,57.0,205.859,47.9,23.021,16.24,0.04205195348477598,-0.0390625,-0.006495282016564665,0.007821695713255116,0.017960697007425717,0.1559929451637296,0.18571428571428572,0.9791666666666666,0.69,0.042230644288034656,60479424.0
492,Italy,2021-06-06,2275.0,51.0,205.859,47.9,23.021,16.24,0.04205195348477598,-0.0390625,-0.006495282016564665,0.007821695713255116,0.017960697007425717,0.1559929451637296,0.18571428571428572,0.9791666666666666,0.69,0.042230644288034656,60479424.0
493,Italy,2021-06-07,1270.0,65.0,205.859,47.9,23.021,16.24,0.04205195348477598,-0.0390625,-0.006495282016564665,0.007821695713255116,0.017960697007425717,0.1559929451637296,0.18571428571428572,0.9791666666666666,0.69,0.042230644288034656,60479424.0
494,Italy,2021-06-08,1894.0,102.0,205.859,47.9,23.021,16.24,0.04205195348477598,-0.0390625,-0.006495282016564665,0.007821695713255116,0.017960697007425717,0.1559929451637296,0.18571428571428572,0.9791666666666666,0.69,0.042230644288034656,60479424.0
495,Italy,2021-06-09,2198.0,77.0,205.859,47.9,23.021,16.24,0.04205195348477598,-0.0390625,-0.006495282016564665,0.007821695713255116,0.017960697007425717,0.1559929451637296,0.18571428571428572,0.9791666666666666,0.69,0.042230644288034656,60479424.0
496,Italy,2021-06-10,2078.0,88.0,205.859,47.9,23.021,16.24,0.04205195348477598,-0.0390625,-0.006495282016564665,0.007821695713255116,0.017960697007425717,0.1559929451637296,0.18571428571428572,0.9791666666666666,0.69,0.042230644288034656,60479424.0
497,Italy,2021-06-11,1892.0,69.0,205.859,47.9,23.021,16.24,0.04205195348477598,-0.0390625,-0.006495282016564665,0.007821695713255116,0.017960697007425717,0.1559929451637296,0.18571428571428572,0.9791666666666666,0.69,0.042230644288034656,60479424.0
498,Italy,2021-06-12,1722.0,52.0,205.859,47.9,23.021,16.24,0.04205195348477598,-0.0390625,-0.006495282016564665,0.007821695713255116,0.017960697007425717,0.1559929451637296,0.18571428571428572,0.9791666666666666,0.69,0.042230644288034656,60479424.0
499,Italy,2021-06-13,1390.0,26.0,205.859,47.9,23.021,16.24,0.04205195348477598,-0.0390625,-0.006495282016564665,0.007821695713255116,0.017960697007425717,0.1559929451637296,0.18571428571428572,0.9791666666666666,0.69,0.042230644288034656,60479424.0
500,Italy,2021-06-14,907.0,36.0,205.859,47.9,23.021,16.24,0.04205195348477598,-0.0390625,-0.006495282016564665,0.007821695713255116,0.017960697007425717,0.1559929451637296,0.18571428571428572,0.9791666666666666,0.69,0.042230644288034656,60479424.0
501,Italy,2021-06-15,1253.0,63.0,205.859,47.9,23.021,16.24,0.04205195348477598,-0.0390625,-0.006495282016564665,0.007821695713255116,0.017960697007425717,0.1559929451637296,0.18571428571428572,0.9791666666666666,0.69,0.042230644288034656,60479424.0
502,Italy,2021-06-16,1400.0,52.0,205.859,47.9,23.021,16.24,0.04205195348477598,-0.0390625,-0.006495282016564665,0.007821695713255116,0.017960697007425717,0.1559929451637296,0.18571428571428572,0.9791666666666666,0.69,0.042230644288034656,60479424.0
503,Italy,2021-06-17,1323.0,37.0,205.859,47.9,23.021,16.24,0.04205195348477598,-0.0390625,-0.006495282016564665,0.007821695713255116,0.017960697007425717,0.1559929451637296,0.18571428571428572,0.9791666666666666,0.69,0.042230644288034656,60479424.0
504,Italy,2021-06-18,1147.0,35.0,205.859,47.9,23.021,16.24,0.04205195348477598,-0.0390625,-0.006495282016564665,0.007821695713255116,0.017960697007425717,0.1559929451637296,0.18571428571428572,0.9791666666666666,0.69,0.042230644288034656,60479424.0
505,Italy,2021-06-19,1193.0,28.0,205.859,47.9,23.021,16.24,0.04205195348477598,-0.0390625,-0.006495282016564665,0.007821695713255116,0.017960697007425717,0.1559929451637296,0.18571428571428572,0.9791666666666666,0.69,0.042230644288034656,60479424.0
506,Italy,2021-06-20,881.0,17.0,205.859,47.9,23.021,16.24,0.04205195348477598,-0.0390625,-0.006495282016564665,0.007821695713255116,0.017960697007425717,0.1559929451637296,0.18571428571428572,0.9791666666666666,0.69,0.042230644288034656,60479424.0
507,Italy,2021-06-21,484.0,21.0,205.859,47.9,23.021,16.24,0.04205195348477598,-0.0390625,-0.006495282016564665,0.007821695713255116,0.017960697007425717,0.1559929451637296,0.18571428571428572,0.9791666666666666,0.69,0.042230644288034656,60479424.0
508,Italy,2021-06-22,834.0,31.0,205.859,47.9,23.021,16.24,0.04205195348477598,-0.0390625,-0.006495282016564665,0.007821695713255116,0.017960697007425717,0.1559929451637296,0.18571428571428572,0.9791666666666666,0.69,0.042230644288034656,60479424.0
509,Italy,2021-06-23,1140.0,30.0,205.859,47.9,23.021,16.24,0.04205195348477598,-0.0390625,-0.006495282016564665,0.007821695713255116,0.017960697007425717,0.1559929451637296,0.18571428571428572,0.9791666666666666,0.69,0.042230644288034656,60479424.0
510,Italy,2021-06-24,266.0,10.0,205.859,47.9,23.021,16.24,0.04205195348477598,-0.0390625,-0.006495282016564665,0.007821695713255116,0.017960697007425717,0.1559929451637296,0.18571428571428572,0.9791666666666666,0.69,0.042230644288034656,60479424.0
511,Italy,2021-06-25,751.0,56.0,205.859,47.9,23.021,16.24,0.04205195348477598,-0.0390625,-0.006495282016564665,0.007821695713255116,0.017960697007425717,0.1559929451637296,0.18571428571428572,0.9791666666666666,0.69,0.042230644288034656,60479424.0
512,Italy,2021-06-26,838.0,40.0,205.859,47.9,23.021,16.24,0.04205195348477598,-0.0390625,-0.006495282016564665,0.007821695713255116,0.017960697007425717,0.1559929451637296,0.18571428571428572,0.9791666666666666,0.69,0.042230644288034656,60479424.0
513,Italy,2021-06-27,780.0,14.0,205.859,47.9,23.021,16.24,0.04205195348477598,-0.0390625,-0.006495282016564665,0.007821695713255116,0.017960697007425717,0.1559929451637296,0.18571428571428572,0.9791666666666666,0.69,0.042230644288034656,60479424.0
514,Italy,2021-06-28,387.0,28.0,205.859,47.9,23.021,16.24,0.04205195348477598,-0.0390625,-0.006495282016564665,0.007821695713255116,0.017960697007425717,0.1559929451637296,0.18571428571428572,0.9791666666666666,0.69,0.042230644288034656,60479424.0
515,Italy,2021-06-29,677.0,42.0,205.859,47.9,23.021,16.24,0.04205195348477598,-0.0390625,-0.006495282016564665,0.007821695713255116,0.017960697007425717,0.1559929451637296,0.18571428571428572,0.9791666666666666,0.69,0.042230644288034656,60479424.0
516,Italy,2021-06-30,776.0,24.0,205.859,47.9,23.021,16.24,0.04205195348477598,-0.0390625,-0.006495282016564665,0.007821695713255116,0.017960697007425717,0.1559929451637296,0.18571428571428572,0.9791666666666666,0.69,0.042230644288034656,60479424.0
517,Italy,2021-07-01,879.0,21.0,205.859,47.9,23.021,16.24,0.04205195348477598,-0.0390625,-0.006495282016564665,0.007821695713255116,0.017960697007425717,0.1559929451637296,0.18571428571428572,0.9791666666666666,0.69,0.042230644288034656,60479424.0
518,Italy,2021-07-02,794.0,28.0,205.859,47.9,23.021,16.24,0.04205195348477598,-0.0390625,-0.006495282016564665,0.007821695713255116,0.017960697007425717,0.1559929451637296,0.18571428571428572,0.9791666666666666,0.69,0.042230644288034656,60479424.0
519,Italy,2021-07-03,929.0,22.0,205.859,47.9,23.021,16.24,0.04205195348477598,-0.0390625,-0.006495282016564665,0.007821695713255116,0.017960697007425717,0.1559929451637296,0.18571428571428572,0.9791666666666666,0.69,0.042230644288034656,60479424.0
520,Italy,2021-07-04,806.0,12.0,205.859,47.9,23.021,16.24,0.04205195348477598,-0.0390625,-0.006495282016564665,0.007821695713255116,0.017960697007425717,0.1559929451637296,0.18571428571428572,0.9791666666666666,0.69,0.042230644288034656,60479424.0
521,Italy,2021-07-05,480.0,31.0,205.859,47.9,23.021,16.24,0.04205195348477598,-0.0390625,-0.006495282016564665,0.007821695713255116,0.017960697007425717,0.1559929451637296,0.18571428571428572,0.9791666666666666,0.69,0.042230644288034656,60479424.0
522,Italy,2021-07-06,907.0,24.0,205.859,47.9,23.021,16.24,0.04205195348477598,-0.0390625,-0.006495282016564665,0.007821695713255116,0.017960697007425717,0.1559929451637296,0.18571428571428572,0.9791666666666666,0.69,0.042230644288034656,60479424.0
523,Italy,2021-07-07,1010.0,14.0,205.859,47.9,23.021,16.24,0.04205195348477598,-0.0390625,-0.006495282016564665,0.007821695713255116,0.017960697007425717,0.1559929451637296,0.18571428571428572,0.9791666666666666,0.69,0.042230644288034656,60479424.0
524,Italy,2021-07-08,1391.0,13.0,205.859,47.9,23.021,16.24,0.04205195348477598,-0.0390625,-0.006495282016564665,0.007821695713255116,0.017960697007425717,0.1559929451637296,0.18571428571428572,0.9791666666666666,0.69,0.042230644288034656,60479424.0
525,Italy,2021-07-09,1386.0,25.0,205.859,47.9,23.021,16.24,0.04205195348477598,-0.0390625,-0.006495282016564665,0.007821695713255116,0.017960697007425717,0.1559929451637296,0.18571428571428572,0.9791666666666666,0.69,0.042230644288034656,60479424.0
526,Italy,2021-07-10,1394.0,12.0,205.859,47.9,23.021,16.24,0.04205195348477598,-0.0390625,-0.006495282016564665,0.007821695713255116,0.017960697007425717,0.1559929451637296,0.18571428571428572,0.9791666666666666,0.69,0.042230644288034656,60479424.0
527,Italy,2021-07-11,1391.0,7.0,205.859,47.9,23.021,16.24,0.04205195348477598,-0.0390625,-0.006495282016564665,0.007821695713255116,0.017960697007425717,0.1559929451637296,0.18571428571428572,0.9791666666666666,0.69,0.042230644288034656,60479424.0
528,Italy,2021-07-12,887.0,13.0,205.859,47.9,23.021,16.24,0.04205195348477598,-0.0390625,-0.006495282016564665,0.007821695713255116,0.017960697007425717,0.1559929451637296,0.18571428571428572,0.9791666666666666,0.69,0.042230644288034656,60479424.0
529,Italy,2021-07-13,1530.0,20.0,205.859,47.9,23.021,16.24,0.04205195348477598,-0.0390625,-0.006495282016564665,0.007821695713255116,0.017960697007425717,0.1559929451637296,0.18571428571428572,0.9791666666666666,0.69,0.042230644288034656,60479424.0
530,Italy,2021-07-14,2153.0,23.0,205.859,47.9,23.021,16.24,0.04205195348477598,-0.0390625,-0.006495282016564665,0.007821695713255116,0.017960697007425717,0.1559929451637296,0.18571428571428572,0.9791666666666666,0.69,0.042230644288034656,60479424.0
531,Italy,2021-07-15,2473.0,9.0,205.859,47.9,23.021,16.24,0.04205195348477598,-0.0390625,-0.006495282016564665,0.007821695713255116,0.017960697007425717,0.1559929451637296,0.18571428571428572,0.9791666666666666,0.69,0.042230644288034656,60479424.0
532,Italy,2021-07-16,2895.0,11.0,205.859,47.9,23.021,16.24,0.04205195348477598,-0.0390625,-0.006495282016564665,0.007821695713255116,0.017960697007425717,0.1559929451637296,0.18571428571428572,0.9791666666666666,0.69,0.042230644288034656,60479424.0
533,Italy,2021-07-17,3118.0,13.0,205.859,47.9,23.021,16.24,0.04205195348477598,-0.0390625,-0.006495282016564665,0.007821695713255116,0.017960697007425717,0.1559929451637296,0.18571428571428572,0.9791666666666666,0.69,0.042230644288034656,60479424.0
534,Italy,2021-07-18,3126.0,3.0,205.859,47.9,23.021,16.24,0.04205195348477598,-0.0390625,-0.006495282016564665,0.007821695713255116,0.017960697007425717,0.1559929451637296,0.18571428571428572,0.9791666666666666,0.69,0.042230644288034656,60479424.0
535,Italy,2021-07-19,2070.0,7.0,205.859,47.9,23.021,16.24,0.04205195348477598,-0.0390625,-0.006495282016564665,0.007821695713255116,0.017960697007425717,0.1559929451637296,0.18571428571428572,0.9791666666666666,0.69,0.042230644288034656,60479424.0
536,Italy,2021-07-20,3555.0,10.0,205.859,47.9,23.021,16.24,0.04205195348477598,-0.0390625,-0.006495282016564665,0.007821695713255116,0.017960697007425717,0.1559929451637296,0.18571428571428572,0.9791666666666666,0.69,0.042230644288034656,60479424.0
537,Italy,2021-07-21,4254.0,21.0,205.859,47.9,23.021,16.24,0.04205195348477598,-0.0390625,-0.006495282016564665,0.007821695713255116,0.017960697007425717,0.1559929451637296,0.18571428571428572,0.9791666666666666,0.69,0.042230644288034656,60479424.0
538,Italy,2021-07-22,5056.0,15.0,205.859,47.9,23.021,16.24,0.04205195348477598,-0.0390625,-0.006495282016564665,0.007821695713255116,0.017960697007425717,0.1559929451637296,0.18571428571428572,0.9791666666666666,0.69,0.042230644288034656,60479424.0
539,Italy,2021-07-23,5142.0,17.0,205.859,47.9,23.021,16.24,0.04205195348477598,-0.0390625,-0.006495282016564665,0.007821695713255116,0.017960697007425717,0.1559929451637296,0.18571428571428572,0.9791666666666666,0.69,0.042230644288034656,60479424.0
540,Italy,2021-07-24,5138.0,5.0,205.859,47.9,23.021,16.24,0.04205195348477598,-0.0390625,-0.006495282016564665,0.007821695713255116,0.017960697007425717,0.1559929451637296,0.18571428571428572,0.9791666666666666,0.69,0.042230644288034656,60479424.0
541,Italy,2021-07-25,4742.0,7.0,205.859,47.9,23.021,16.24,0.04205195348477598,-0.0390625,-0.006495282016564665,0.007821695713255116,0.017960697007425717,0.1559929451637296,0.18571428571428572,0.9791666666666666,0.69,0.042230644288034656,60479424.0
542,Italy,2021-07-26,3115.0,22.0,205.859,47.9,23.021,16.24,0.04205195348477598,-0.0390625,-0.006495282016564665,0.007821695713255116,0.017960697007425717,0.1559929451637296,0.18571428571428572,0.9791666666666666,0.69,0.042230644288034656,60479424.0
543,Italy,2021-07-27,4516.0,24.0,205.859,47.9,23.021,16.24,0.04205195348477598,-0.0390625,-0.006495282016564665,0.007821695713255116,0.017960697007425717,0.1559929451637296,0.18571428571428572,0.9791666666666666,0.69,0.042230644288034656,60479424.0
544,Italy,2021-07-28,5693.0,15.0,205.859,47.9,23.021,16.24,0.04205195348477598,-0.0390625,-0.006495282016564665,0.007821695713255116,0.017960697007425717,0.1559929451637296,0.18571428571428572,0.9791666666666666,0.69,0.042230644288034656,60479424.0
545,Italy,2021-07-29,6167.0,19.0,205.859,47.9,23.021,16.24,0.04205195348477598,-0.0390625,-0.006495282016564665,0.007821695713255116,0.017960697007425717,0.1559929451637296,0.18571428571428572,0.9791666666666666,0.69,0.042230644288034656,60479424.0
546,Italy,2021-07-30,6613.0,18.0,205.859,47.9,23.021,16.24,0.04205195348477598,-0.0390625,-0.006495282016564665,0.007821695713255116,0.017960697007425717,0.1559929451637296,0.18571428571428572,0.9791666666666666,0.69,0.042230644288034656,60479424.0
547,Italy,2021-07-31,6509.0,16.0,205.859,47.9,23.021,16.24,0.04205195348477598,-0.0390625,-0.006495282016564665,0.007821695713255116,0.017960697007425717,0.1559929451637296,0.18571428571428572,0.9791666666666666,0.69,0.042230644288034656,60479424.0
548,Italy,2021-08-01,5320.0,5.0,205.859,47.9,23.021,16.24,0.04205195348477598,-0.0390625,-0.006495282016564665,0.007821695713255116,0.017960697007425717,0.1559929451637296,0.18571428571428572,0.9791666666666666,0.69,0.042230644288034656,60479424.0
549,Italy,2021-08-02,3185.0,20.0,205.859,47.9,23.021,16.24,0.04205195348477598,-0.0390625,-0.006495282016564665,0.007821695713255116,0.017960697007425717,0.1559929451637296,0.18571428571428572,0.9791666666666666,0.69,0.042230644288034656,60479424.0
550,Italy,2021-08-03,4841.0,27.0,205.859,47.9,23.021,16.24,0.04205195348477598,-0.0390625,-0.006495282016564665,0.007821695713255116,0.017960697007425717,0.1559929451637296,0.18571428571428572,0.9791666666666666,0.69,0.042230644288034656,60479424.0
551,Italy,2021-08-04,6590.0,21.0,205.859,47.9,23.021,16.24,0.04205195348477598,-0.0390625,-0.006495282016564665,0.007821695713255116,0.017960697007425717,0.1559929451637296,0.18571428571428572,0.9791666666666666,0.69,0.042230644288034656,60479424.0
552,Italy,2021-08-05,7224.0,27.0,205.859,47.9,23.021,16.24,0.04205195348477598,-0.0390625,-0.006495282016564665,0.007821695713255116,0.017960697007425717,0.1559929451637296,0.18571428571428572,0.9791666666666666,0.69,0.042230644288034656,60479424.0
553,Italy,2021-08-06,6599.0,24.0,205.859,47.9,23.021,16.24,0.04205195348477598,-0.0390625,-0.006495282016564665,0.007821695713255116,0.017960697007425717,0.1559929451637296,0.18571428571428572,0.9791666666666666,0.69,0.042230644288034656,60479424.0
554,Italy,2021-08-07,6897.0,22.0,205.859,47.9,23.021,16.24,0.04205195348477598,-0.0390625,-0.006495282016564665,0.007821695713255116,0.017960697007425717,0.1559929451637296,0.18571428571428572,0.9791666666666666,0.69,0.042230644288034656,60479424.0
555,Italy,2021-08-08,5733.0,11.0,205.859,47.9,23.021,16.24,0.04205195348477598,-0.0390625,-0.006495282016564665,0.007821695713255116,0.017960697007425717,0.1559929451637296,0.18571428571428572,0.9791666666666666,0.69,0.042230644288034656,60479424.0
556,Italy,2021-08-09,4200.0,22.0,205.859,47.9,23.021,16.24,0.04205195348477598,-0.0390625,-0.006495282016564665,0.007821695713255116,0.017960697007425717,0.1559929451637296,0.18571428571428572,0.9791666666666666,0.69,0.042230644288034656,60479424.0
557,Italy,2021-08-10,5624.0,31.0,205.859,47.9,23.021,16.24,0.04205195348477598,-0.0390625,-0.006495282016564665,0.007821695713255116,0.017960697007425717,0.1559929451637296,0.18571428571428572,0.9791666666666666,0.69,0.042230644288034656,60479424.0
558,Italy,2021-08-11,6921.0,31.0,205.859,47.9,23.021,16.24,0.04205195348477598,-0.0390625,-0.006495282016564665,0.007821695713255116,0.017960697007425717,0.1559929451637296,0.18571428571428572,0.9791666666666666,0.69,0.042230644288034656,60479424.0
559,Italy,2021-08-12,7267.0,30.0,205.859,47.9,23.021,16.24,0.04205195348477598,-0.0390625,-0.006495282016564665,0.007821695713255116,0.017960697007425717,0.1559929451637296,0.18571428571428572,0.9791666666666666,0.69,0.042230644288034656,60479424.0
560,Italy,2021-08-13,7398.0,45.0,205.859,47.9,23.021,16.24,0.04205195348477598,-0.0390625,-0.006495282016564665,0.007821695713255116,0.017960697007425717,0.1559929451637296,0.18571428571428572,0.9791666666666666,0.69,0.042230644288034656,60479424.0
561,Italy,2021-08-14,7181.0,34.0,205.859,47.9,23.021,16.24,0.04205195348477598,-0.0390625,-0.006495282016564665,0.007821695713255116,0.017960697007425717,0.1559929451637296,0.18571428571428572,0.9791666666666666,0.69,0.042230644288034656,60479424.0
562,Italy,2021-08-15,5661.0,19.0,205.859,47.9,23.021,16.24,0.04205195348477598,-0.0390625,-0.006495282016564665,0.007821695713255116,0.017960697007425717,0.1559929451637296,0.18571428571428572,0.9791666666666666,0.69,0.042230644288034656,60479424.0
563,Italy,2021-08-16,3669.0,24.0,205.859,47.9,23.021,16.24,0.04205195348477598,-0.0390625,-0.006495282016564665,0.007821695713255116,0.017960697007425717,0.1559929451637296,0.18571428571428572,0.9791666666666666,0.69,0.042230644288034656,60479424.0
564,Italy,2021-08-17,5268.0,54.0,205.859,47.9,23.021,16.24,0.04205195348477598,-0.0390625,-0.006495282016564665,0.007821695713255116,0.017960697007425717,0.1559929451637296,0.18571428571428572,0.9791666666666666,0.69,0.042230644288034656,60479424.0
565,Italy,2021-08-18,7159.0,69.0,205.859,47.9,23.021,16.24,0.04205195348477598,-0.0390625,-0.006495282016564665,0.007821695713255116,0.017960697007425717,0.1559929451637296,0.18571428571428572,0.9791666666666666,0.69,0.042230644288034656,60479424.0
566,Italy,2021-08-19,7240.0,55.0,205.859,47.9,23.021,16.24,0.04205195348477598,-0.0390625,-0.006495282016564665,0.007821695713255116,0.017960697007425717,0.1559929451637296,0.18571428571428572,0.9791666666666666,0.69,0.042230644288034656,60479424.0
567,Italy,2021-08-20,7220.0,49.0,205.859,47.9,23.021,16.24,0.04205195348477598,-0.0390625,-0.006495282016564665,0.007821695713255116,0.017960697007425717,0.1559929451637296,0.18571428571428572,0.9791666666666666,0.69,0.042230644288034656,60479424.0
568,Italy,2021-08-21,7466.0,45.0,205.859,47.9,23.021,16.24,0.04205195348477598,-0.0390625,-0.006495282016564665,0.007821695713255116,0.017960697007425717,0.1559929451637296,0.18571428571428572,0.9791666666666666,0.69,0.042230644288034656,60479424.0
569,Italy,2021-08-22,5922.0,23.0,205.859,47.9,23.021,16.24,0.04205195348477598,-0.0390625,-0.006495282016564665,0.007821695713255116,0.017960697007425717,0.1559929451637296,0.18571428571428572,0.9791666666666666,0.69,0.042230644288034656,60479424.0
570,Italy,2021-08-23,4166.0,44.0,205.859,47.9,23.021,16.24,0.04205195348477598,-0.0390625,-0.006495282016564665,0.007821695713255116,0.017960697007425717,0.1559929451637296,0.18571428571428572,0.9791666666666666,0.69,0.042230644288034656,60479424.0
571,Italy,2021-08-24,6078.0,60.0,205.859,47.9,23.021,16.24,0.04205195348477598,-0.0390625,-0.006495282016564665,0.007821695713255116,0.017960697007425717,0.1559929451637296,0.18571428571428572,0.9791666666666666,0.69,0.042230644288034656,60479424.0
572,Italy,2021-08-25,7539.0,59.0,205.859,47.9,23.021,16.24,0.04205195348477598,-0.0390625,-0.006495282016564665,0.007821695713255116,0.017960697007425717,0.1559929451637296,0.18571428571428572,0.9791666666666666,0.69,0.042230644288034656,60479424.0
573,Italy,2021-08-26,7215.0,43.0,205.859,47.9,23.021,16.24,0.04205195348477598,-0.0390625,-0.006495282016564665,0.007821695713255116,0.017960697007425717,0.1559929451637296,0.18571428571428572,0.9791666666666666,0.69,0.042230644288034656,60479424.0
574,Italy,2021-08-27,7823.0,45.0,205.859,47.9,23.021,16.24,0.04205195348477598,-0.0390625,-0.006495282016564665,0.007821695713255116,0.017960697007425717,0.1559929451637296,0.18571428571428572,0.9791666666666666,0.69,0.042230644288034656,60479424.0
575,Italy,2021-08-28,6858.0,54.0,205.859,47.9,23.021,16.24,0.04205195348477598,-0.0390625,-0.006495282016564665,0.007821695713255116,0.017960697007425717,0.1559929451637296,0.18571428571428572,0.9791666666666666,0.69,0.042230644288034656,60479424.0
576,Italy,2021-08-29,5954.0,37.0,205.859,47.9,23.021,16.24,0.04205195348477598,-0.0390625,-0.006495282016564665,0.007821695713255116,0.017960697007425717,0.1559929451637296,0.18571428571428572,0.9791666666666666,0.69,0.042230644288034656,60479424.0
577,Italy,2021-08-30,4253.0,53.0,205.859,47.9,23.021,16.24,0.04205195348477598,-0.0390625,-0.006495282016564665,0.007821695713255116,0.017960697007425717,0.1559929451637296,0.18571428571428572,0.9791666666666666,0.69,0.042230644288034656,60479424.0
578,Italy,2021-08-31,5492.0,75.0,205.859,47.9,23.021,16.24,0.04205195348477598,-0.0390625,-0.006495282016564665,0.007821695713255116,0.017960697007425717,0.1559929451637296,0.18571428571428572,0.9791666666666666,0.69,0.042230644288034656,60479424.0
579,Italy,2021-09-01,6496.0,69.0,205.859,47.9,23.021,16.24,0.04205195348477598,-0.0390625,-0.006495282016564665,0.007821695713255116,0.017960697007425717,0.1559929451637296,0.18571428571428572,0.9791666666666666,0.69,0.042230644288034656,60479424.0
580,Italy,2021-09-02,6754.0,62.0,205.859,47.9,23.021,16.24,0.04205195348477598,-0.0390625,-0.006495282016564665,0.007821695713255116,0.017960697007425717,0.1559929451637296,0.18571428571428572,0.9791666666666666,0.69,0.042230644288034656,60479424.0
581,Italy,2021-09-03,6729.0,58.0,205.859,47.9,23.021,16.24,0.04205195348477598,-0.0390625,-0.006495282016564665,0.007821695713255116,0.017960697007425717,0.1559929451637296,0.18571428571428572,0.9791666666666666,0.69,0.042230644288034656,60479424.0
582,Italy,2021-09-04,6156.0,56.0,205.859,47.9,23.021,16.24,0.04205195348477598,-0.0390625,-0.006495282016564665,0.007821695713255116,0.017960697007425717,0.1559929451637296,0.18571428571428572,0.9791666666666666,0.69,0.042230644288034656,60479424.0
583,Italy,2021-09-05,5314.0,49.0,205.859,47.9,23.021,16.24,0.04205195348477598,-0.0390625,-0.006495282016564665,0.007821695713255116,0.017960697007425717,0.1559929451637296,0.18571428571428572,0.9791666666666666,0.69,0.042230644288034656,60479424.0
584,Italy,2021-09-06,3347.0,52.0,205.859,47.9,23.021,16.24,0.04205195348477598,-0.0390625,-0.006495282016564665,0.007821695713255116,0.017960697007425717,0.1559929451637296,0.18571428571428572,0.9791666666666666,0.69,0.042230644288034656,60479424.0
585,Italy,2021-09-07,4715.0,71.0,205.859,47.9,23.021,16.24,0.04205195348477598,-0.0390625,-0.006495282016564665,0.007821695713255116,0.017960697007425717,0.1559929451637296,0.18571428571428572,0.9791666666666666,0.69,0.042230644288034656,60479424.0
586,Italy,2021-09-08,5921.0,69.0,205.859,47.9,23.021,16.24,0.04205195348477598,-0.0390625,-0.006495282016564665,0.007821695713255116,0.017960697007425717,0.1559929451637296,0.18571428571428572,0.9791666666666666,0.69,0.042230644288034656,60479424.0
587,Italy,2021-09-09,5518.0,59.0,205.859,47.9,23.021,16.24,0.04205195348477598,-0.0390625,-0.006495282016564665,0.007821695713255116,0.017960697007425717,0.1559929451637296,0.18571428571428572,0.9791666666666666,0.69,0.042230644288034656,60479424.0
588,Italy,2021-09-10,5617.0,62.0,205.859,47.9,23.021,16.24,0.04205195348477598,-0.0390625,-0.006495282016564665,0.007821695713255116,0.017960697007425717,0.1559929451637296,0.18571428571428572,0.9791666666666666,0.69,0.042230644288034656,60479424.0
589,Italy,2021-09-11,5191.0,57.0,205.859,47.9,23.021,16.24,0.04205195348477598,-0.0390625,-0.006495282016564665,0.007821695713255116,0.017960697007425717,0.1559929451637296,0.18571428571428572,0.9791666666666666,0.69,0.042230644288034656,60479424.0
590,Italy,2021-09-12,4664.0,34.0,205.859,47.9,23.021,16.24,0.04205195348477598,-0.0390625,-0.006495282016564665,0.007821695713255116,0.017960697007425717,0.1559929451637296,0.18571428571428572,0.9791666666666666,0.69,0.042230644288034656,60479424.0
591,Italy,2021-09-13,2792.0,36.0,205.859,47.9,23.021,16.24,0.04205195348477598,-0.0390625,-0.006495282016564665,0.007821695713255116,0.017960697007425717,0.1559929451637296,0.18571428571428572,0.9791666666666666,0.69,0.042230644288034656,60479424.0
592,Italy,2021-09-14,4009.0,72.0,205.859,47.9,23.021,16.24,0.04205195348477598,-0.0390625,-0.006495282016564665,0.007821695713255116,0.017960697007425717,0.1559929451637296,0.18571428571428572,0.9791666666666666,0.69,0.042230644288034656,60479424.0
593,Italy,2021-09-15,4826.0,73.0,205.859,47.9,23.021,16.24,0.04205195348477598,-0.0390625,-0.006495282016564665,0.007821695713255116,0.017960697007425717,0.1559929451637296,0.18571428571428572,0.9791666666666666,0.69,0.042230644288034656,60479424.0
594,Italy,2021-09-16,5115.0,67.0,205.859,47.9,23.021,16.24,0.04205195348477598,-0.0390625,-0.006495282016564665,0.007821695713255116,0.017960697007425717,0.1559929451637296,0.18571428571428572,0.9791666666666666,0.69,0.042230644288034656,60479424.0
595,Italy,2021-09-17,4544.0,66.0,205.859,47.9,23.021,16.24,0.04205195348477598,-0.0390625,-0.006495282016564665,0.007821695713255116,0.017960697007425717,0.1559929451637296,0.18571428571428572,0.9791666666666666,0.69,0.042230644288034656,60479424.0
596,Italy,2021-09-18,4576.0,51.0,205.859,47.9,23.021,16.24,0.04205195348477598,-0.0390625,-0.006495282016564665,0.007821695713255116,0.017960697007425717,0.1559929451637296,0.18571428571428572,0.9791666666666666,0.69,0.042230644288034656,60479424.0
597,Italy,2021-09-19,3836.0,26.0,205.859,47.9,23.021,16.24,0.04205195348477598,-0.0390625,-0.006495282016564665,0.007821695713255116,0.017960697007425717,0.1559929451637296,0.18571428571428572,0.9791666666666666,0.69,0.042230644288034656,60479424.0
598,Italy,2021-09-20,2405.0,44.0,205.859,47.9,23.021,16.24,0.04205195348477598,-0.0390625,-0.006495282016564665,0.007821695713255116,0.017960697007425717,0.1559929451637296,0.18571428571428572,0.9791666666666666,0.69,0.042230644288034656,60479424.0
599,Italy,2021-09-21,3374.0,67.0,205.859,47.9,23.021,16.24,0.04205195348477598,-0.0390625,-0.006495282016564665,0.007821695713255116,0.017960697007425717,0.1559929451637296,0.18571428571428572,0.9791666666666666,0.69,0.042230644288034656,60479424.0
600,Italy,2021-09-22,3963.0,67.0,205.859,47.9,23.021,16.24,0.04205195348477598,-0.0390625,-0.006495282016564665,0.007821695713255116,0.017960697007425717,0.1559929451637296,0.18571428571428572,0.9791666666666666,0.69,0.042230644288034656,60479424.0
601,Italy,2021-09-23,4053.0,63.0,205.859,47.9,23.021,16.24,0.04205195348477598,-0.0390625,-0.006495282016564665,0.007821695713255116,0.017960697007425717,0.1559929451637296,0.18571428571428572,0.9791666666666666,0.69,0.042230644288034656,60479424.0
602,Italy,2021-09-24,3790.0,52.0,205.859,47.9,23.021,16.24,0.04205195348477598,-0.0390625,-0.006495282016564665,0.007821695713255116,0.017960697007425717,0.1559929451637296,0.18571428571428572,0.9791666666666666,0.69,0.042230644288034656,60479424.0
603,Italy,2021-09-25,3519.0,50.0,205.859,47.9,23.021,16.24,0.04205195348477598,-0.0390625,-0.006495282016564665,0.007821695713255116,0.017960697007425717,0.1559929451637296,0.18571428571428572,0.9791666666666666,0.69,0.042230644288034656,60479424.0
604,Italy,2021-09-26,3099.0,44.0,205.859,47.9,23.021,16.24,0.04205195348477598,-0.0390625,-0.006495282016564665,0.007821695713255116,0.017960697007425717,0.1559929451637296,0.18571428571428572,0.9791666666666666,0.69,0.042230644288034656,60479424.0
605,Italy,2021-09-27,1773.0,45.0,205.859,47.9,23.021,16.24,0.04205195348477598,-0.0390625,-0.006495282016564665,0.007821695713255116,0.017960697007425717,0.1559929451637296,0.18571428571428572,0.9791666666666666,0.69,0.042230644288034656,60479424.0
606,Italy,2021-09-28,2962.0,65.0,205.859,47.9,23.021,16.24,0.04205195348477598,-0.0390625,-0.006495282016564665,0.007821695713255116,0.017960697007425717,0.1559929451637296,0.18571428571428572,0.9791666666666666,0.69,0.042230644288034656,60479424.0
607,Italy,2021-09-29,3212.0,63.0,205.859,47.9,23.021,16.24,0.04205195348477598,-0.0390625,-0.006495282016564665,0.007821695713255116,0.017960697007425717,0.1559929451637296,0.18571428571428572,0.9791666666666666,0.69,0.042230644288034656,60479424.0
608,Italy,2021-09-30,4094.0,51.0,205.859,47.9,23.021,16.24,0.04205195348477598,-0.0390625,-0.006495282016564665,0.007821695713255116,0.017960697007425717,0.1559929451637296,0.18571428571428572,0.9791666666666666,0.69,0.042230644288034656,60479424.0
609,Italy,2021-10-01,3403.0,52.0,205.859,47.9,23.021,16.24,0.04205195348477598,-0.0390625,-0.006495282016564665,0.007821695713255116,0.017960697007425717,0.1559929451637296,0.18571428571428572,0.9791666666666666,0.69,0.042230644288034656,60479424.0
610,Italy,2021-10-02,3309.0,25.0,205.859,47.9,23.021,16.24,0.04205195348477598,-0.0390625,-0.006495282016564665,0.007821695713255116,0.017960697007425717,0.1559929451637296,0.18571428571428572,0.9791666666666666,0.69,0.042230644288034656,60479424.0
611,Italy,2021-10-03,2967.0,33.0,205.859,47.9,23.021,16.24,0.04205195348477598,-0.0390625,-0.006495282016564665,0.007821695713255116,0.017960697007425717,0.1559929451637296,0.18571428571428572,0.9791666666666666,0.69,0.042230644288034656,60479424.0
612,Italy,2021-10-04,1612.0,37.0,205.859,47.9,23.021,16.24,0.04205195348477598,-0.0390625,-0.006495282016564665,0.007821695713255116,0.017960697007425717,0.1559929451637296,0.18571428571428572,0.9791666666666666,0.69,0.042230644288034656,60479424.0
613,Italy,2021-10-05,2463.0,50.0,205.859,47.9,23.021,16.24,0.04205195348477598,-0.0390625,-0.006495282016564665,0.007821695713255116,0.017960697007425717,0.1559929451637296,0.18571428571428572,0.9791666666666666,0.69,0.042230644288034656,60479424.0
614,Italy,2021-10-06,3232.0,39.0,205.859,47.9,23.021,16.24,0.04205195348477598,-0.0390625,-0.006495282016564665,0.007821695713255116,0.017960697007425717,0.1559929451637296,0.18571428571428572,0.9791666666666666,0.69,0.042230644288034656,60479424.0
615,Italy,2021-10-07,2933.0,41.0,205.859,47.9,23.021,16.24,0.04205195348477598,-0.0390625,-0.006495282016564665,0.007821695713255116,0.017960697007425717,0.1559929451637296,0.18571428571428572,0.9791666666666666,0.69,0.042230644288034656,60479424.0
616,Italy,2021-10-08,3017.0,30.0,205.859,47.9,23.021,16.24,0.04205195348477598,-0.0390625,-0.006495282016564665,0.007821695713255116,0.017960697007425717,0.1559929451637296,0.18571428571428572,0.9791666666666666,0.69,0.042230644288034656,60479424.0
617,Italy,2021-10-09,2747.0,46.0,205.859,47.9,23.021,16.24,0.04205195348477598,-0.0390625,-0.006495282016564665,0.007821695713255116,0.017960697007425717,0.1559929451637296,0.18571428571428572,0.9791666666666666,0.69,0.042230644288034656,60479424.0
618,Italy,2021-10-10,2278.0,27.0,205.859,47.9,23.021,16.24,0.04205195348477598,-0.0390625,-0.006495282016564665,0.007821695713255116,0.017960697007425717,0.1559929451637296,0.18571428571428572,0.9791666666666666,0.69,0.042230644288034656,60479424.0
619,Italy,2021-10-11,1516.0,34.0,205.859,47.9,23.021,16.24,0.04205195348477598,-0.0390625,-0.006495282016564665,0.007821695713255116,0.017960697007425717,0.1559929451637296,0.18571428571428572,0.9791666666666666,0.69,0.042230644288034656,60479424.0
620,Italy,2021-10-12,2486.0,49.0,205.859,47.9,23.021,16.24,0.04205195348477598,-0.0390625,-0.006495282016564665,0.007821695713255116,0.017960697007425717,0.1559929451637296,0.18571428571428572,0.9791666666666666,0.69,0.042230644288034656,60479424.0
621,Italy,2021-10-13,2769.0,37.0,205.859,47.9,23.021,16.24,0.04205195348477598,-0.0390625,-0.006495282016564665,0.007821695713255116,0.017960697007425717,0.1559929451637296,0.18571428571428572,0.9791666666666666,0.69,0.042230644288034656,60479424.0
622,Italy,2021-10-14,2666.0,40.0,205.859,47.9,23.021,16.24,0.04205195348477598,-0.0390625,-0.006495282016564665,0.007821695713255116,0.017960697007425717,0.1559929451637296,0.18571428571428572,0.9791666666666666,0.69,0.042230644288034656,60479424.0
623,Italy,2021-10-15,2729.0,42.0,205.859,47.9,23.021,16.24,0.04205195348477598,-0.0390625,-0.006495282016564665,0.007821695713255116,0.017960697007425717,0.1559929451637296,0.18571428571428572,0.9791666666666666,0.69,0.042230644288034656,60479424.0
624,Italy,2021-10-16,2982.0,14.0,205.859,47.9,23.021,16.24,0.04205195348477598,-0.0390625,-0.006495282016564665,0.007821695713255116,0.017960697007425717,0.1559929451637296,0.18571428571428572,0.9791666666666666,0.69,0.042230644288034656,60479424.0
625,Italy,2021-10-17,2435.0,24.0,205.859,47.9,23.021,16.24,0.04205195348477598,-0.0390625,-0.006495282016564665,0.007821695713255116,0.017960697007425717,0.1559929451637296,0.18571428571428572,0.9791666666666666,0.69,0.042230644288034656,60479424.0
626,Italy,2021-10-18,1594.0,44.0,205.859,47.9,23.021,16.24,0.04205195348477598,-0.0390625,-0.006495282016564665,0.007821695713255116,0.017960697007425717,0.1559929451637296,0.18571428571428572,0.9791666666666666,0.69,0.042230644288034656,60479424.0
627,Italy,2021-10-19,2695.0,70.0,205.859,47.9,23.021,16.24,0.04205195348477598,-0.0390625,-0.006495282016564665,0.007821695713255116,0.017960697007425717,0.1559929451637296,0.18571428571428572,0.9791666666666666,0.69,0.042230644288034656,60479424.0
628,Italy,2021-10-20,3699.0,33.0,205.859,47.9,23.021,16.24,0.04205195348477598,-0.0390625,-0.006495282016564665,0.007821695713255116,0.017960697007425717,0.1559929451637296,0.18571428571428572,0.9791666666666666,0.69,0.042230644288034656,60479424.0
629,Italy,2021-10-21,3791.0,36.0,205.859,47.9,23.021,16.24,0.04205195348477598,-0.0390625,-0.006495282016564665,0.007821695713255116,0.017960697007425717,0.1559929451637296,0.18571428571428572,0.9791666666666666,0.69,0.042230644288034656,60479424.0
630,Italy,2021-10-22,3879.0,39.0,205.859,47.9,23.021,16.24,0.04205195348477598,-0.0390625,-0.006495282016564665,0.007821695713255116,0.017960697007425717,0.1559929451637296,0.18571428571428572,0.9791666666666666,0.69,0.042230644288034656,60479424.0
631,Italy,2021-10-23,3905.0,39.0,205.859,47.9,23.021,16.24,0.04205195348477598,-0.0390625,-0.006495282016564665,0.007821695713255116,0.017960697007425717,0.1559929451637296,0.18571428571428572,0.9791666666666666,0.69,0.042230644288034656,60479424.0
632,Italy,2021-10-24,3723.0,24.0,205.859,47.9,23.021,16.24,0.04205195348477598,-0.0390625,-0.006495282016564665,0.007821695713255116,0.017960697007425717,0.1559929451637296,0.18571428571428572,0.9791666666666666,0.69,0.042230644288034656,60479424.0
633,Italy,2021-10-25,2535.0,30.0,205.859,47.9,23.021,16.24,0.04205195348477598,-0.0390625,-0.006495282016564665,0.007821695713255116,0.017960697007425717,0.1559929451637296,0.18571428571428572,0.9791666666666666,0.69,0.042230644288034656,60479424.0
634,Italy,2021-10-26,4053.0,48.0,205.859,47.9,23.021,16.24,0.04205195348477598,-0.0390625,-0.006495282016564665,0.007821695713255116,0.017960697007425717,0.1559929451637296,0.18571428571428572,0.9791666666666666,0.69,0.042230644288034656,60479424.0
635,Italy,2021-10-27,4595.0,50.0,205.859,47.9,23.021,16.24,0.04205195348477598,-0.0390625,-0.006495282016564665,0.007821695713255116,0.017960697007425717,0.1559929451637296,0.18571428571428572,0.9791666666666666,0.69,0.042230644288034656,60479424.0
636,Italy,2021-10-28,4863.0,50.0,205.859,47.9,23.021,16.24,0.04205195348477598,-0.0390625,-0.006495282016564665,0.007821695713255116,0.017960697007425717,0.1559929451637296,0.18571428571428572,0.9791666666666666,0.69,0.042230644288034656,60479424.0
637,Italy,2021-10-29,5332.0,33.0,205.859,47.9,23.021,16.24,0.04205195348477598,-0.0390625,-0.006495282016564665,0.007821695713255116,0.017960697007425717,0.1559929451637296,0.18571428571428572,0.9791666666666666,0.69,0.042230644288034656,60479424.0
638,Italy,2021-10-30,4877.0,37.0,205.859,47.9,23.021,16.24,0.04205195348477598,-0.0390625,-0.006495282016564665,0.007821695713255116,0.017960697007425717,0.1559929451637296,0.18571428571428572,0.9791666666666666,0.69,0.042230644288034656,60479424.0
639,Italy,2021-10-31,4525.0,26.0,205.859,47.9,23.021,16.24,0.04205195348477598,-0.0390625,-0.006495282016564665,0.007821695713255116,0.017960697007425717,0.1559929451637296,0.18571428571428572,0.9791666666666666,0.69,0.042230644288034656,60479424.0
640,Italy,2021-11-01,2818.0,20.0,205.859,47.9,23.021,16.24,0.04205195348477598,-0.0390625,-0.006495282016564665,0.007821695713255116,0.017960697007425717,0.1559929451637296,0.18571428571428572,0.9791666666666666,0.69,0.042230644288034656,60479424.0
641,Italy,2021-11-02,2831.0,41.0,205.859,47.9,23.021,16.24,0.04205195348477598,-0.0390625,-0.006495282016564665,0.007821695713255116,0.017960697007425717,0.1559929451637296,0.18571428571428572,0.9791666666666666,0.69,0.042230644288034656,60479424.0
642,Italy,2021-11-03,5188.0,63.0,205.859,47.9,23.021,16.24,0.04205195348477598,-0.0390625,-0.006495282016564665,0.007821695713255116,0.017960697007425717,0.1559929451637296,0.18571428571428572,0.9791666666666666,0.69,0.042230644288034656,60479424.0
643,Italy,2021-11-04,5902.0,59.0,205.859,47.9,23.021,16.24,0.04205195348477598,-0.0390625,-0.006495282016564665,0.007821695713255116,0.017960697007425717,0.1559929451637296,0.18571428571428572,0.9791666666666666,0.69,0.042230644288034656,60479424.0
644,Italy,2021-11-05,6761.0,51.0,205.859,47.9,23.021,16.24,0.04205195348477598,-0.0390625,-0.006495282016564665,0.007821695713255116,0.017960697007425717,0.1559929451637296,0.18571428571428572,0.9791666666666666,0.69,0.042230644288034656,60479424.0
645,Italy,2021-11-06,6760.0,31.0,205.859,47.9,23.021,16.24,0.04205195348477598,-0.0390625,-0.006495282016564665,0.007821695713255116,0.017960697007425717,0.1559929451637296,0.18571428571428572,0.9791666666666666,0.69,0.042230644288034656,60479424.0
646,Italy,2021-11-07,5822.0,26.0,205.859,47.9,23.021,16.24,0.04205195348477598,-0.0390625,-0.006495282016564665,0.007821695713255116,0.017960697007425717,0.1559929451637296,0.18571428571428572,0.9791666666666666,0.69,0.042230644288034656,60479424.0
647,Italy,2021-11-08,4547.0,32.0,205.859,47.9,23.021,16.24,0.04205195348477598,-0.0390625,-0.006495282016564665,0.007821695713255116,0.017960697007425717,0.1559929451637296,0.18571428571428572,0.9791666666666666,0.69,0.042230644288034656,60479424.0
648,Italy,2021-11-09,6111.0,68.0,205.859,47.9,23.021,16.24,0.04205195348477598,-0.0390625,-0.006495282016564665,0.007821695713255116,0.017960697007425717,0.1559929451637296,0.18571428571428572,0.9791666666666666,0.69,0.042230644288034656,60479424.0
649,Italy,2021-11-10,8033.0,60.0,205.859,47.9,23.021,16.24,0.04205195348477598,-0.0390625,-0.006495282016564665,0.007821695713255116,0.017960697007425717,0.1559929451637296,0.18571428571428572,0.9791666666666666,0.69,0.042230644288034656,60479424.0
650,Italy,2021-11-11,8697.0,67.0,205.859,47.9,23.021,16.24,0.04205195348477598,-0.0390625,-0.006495282016564665,0.007821695713255116,0.017960697007425717,0.1559929451637296,0.18571428571428572,0.9791666666666666,0.69,0.042230644288034656,60479424.0
651,Italy,2021-11-12,8522.0,68.0,205.859,47.9,23.021,16.24,0.04205195348477598,-0.0390625,-0.006495282016564665,0.007821695713255116,0.017960697007425717,0.1559929451637296,0.18571428571428572,0.9791666666666666,0.69,0.042230644288034656,60479424.0
652,Italy,2021-11-13,8539.0,53.0,205.859,47.9,23.021,16.24,0.04205195348477598,-0.0390625,-0.006495282016564665,0.007821695713255116,0.017960697007425717,0.1559929451637296,0.18571428571428572,0.9791666666666666,0.69,0.042230644288034656,60479424.0
653,Italy,2021-11-14,7565.0,36.0,205.859,47.9,23.021,16.24,0.04205195348477598,-0.0390625,-0.006495282016564665,0.007821695713255116,0.017960697007425717,0.1559929451637296,0.18571428571428572,0.9791666666666666,0.69,0.042230644288034656,60479424.0
654,Italy,2021-11-15,5199.0,44.0,205.859,47.9,23.021,16.24,0.04205195348477598,-0.0390625,-0.006495282016564665,0.007821695713255116,0.017960697007425717,0.1559929451637296,0.18571428571428572,0.9791666666666666,0.69,0.042230644288034656,60479424.0
655,Italy,2021-11-16,7815.0,74.0,205.859,47.9,23.021,16.24,0.04205195348477598,-0.0390625,-0.006495282016564665,0.007821695713255116,0.017960697007425717,0.1559929451637296,0.18571428571428572,0.9791666666666666,0.69,0.042230644288034656,60479424.0
656,Italy,2021-11-17,10167.0,72.0,205.859,47.9,23.021,16.24,0.04205195348477598,-0.0390625,-0.006495282016564665,0.007821695713255116,0.017960697007425717,0.1559929451637296,0.18571428571428572,0.9791666666666666,0.69,0.042230644288034656,60479424.0
657,Italy,2021-11-18,10645.0,69.0,205.859,47.9,23.021,16.24,0.04205195348477598,-0.0390625,-0.006495282016564665,0.007821695713255116,0.017960697007425717,0.1559929451637296,0.18571428571428572,0.9791666666666666,0.69,0.042230644288034656,60479424.0
658,Italy,2021-11-19,10554.0,48.0,205.859,47.9,23.021,16.24,0.04205195348477598,-0.0390625,-0.006495282016564665,0.007821695713255116,0.017960697007425717,0.1559929451637296,0.18571428571428572,0.9791666666666666,0.69,0.042230644288034656,60479424.0
659,Italy,2021-11-20,11540.0,49.0,205.859,47.9,23.021,16.24,0.04205195348477598,-0.0390625,-0.006495282016564665,0.007821695713255116,0.017960697007425717,0.1559929451637296,0.18571428571428572,0.9791666666666666,0.69,0.042230644288034656,60479424.0
660,Italy,2021-11-21,9707.0,46.0,205.859,47.9,23.021,16.24,0.04205195348477598,-0.0390625,-0.006495282016564665,0.007821695713255116,0.017960697007425717,0.1559929451637296,0.18571428571428572,0.9791666666666666,0.69,0.042230644288034656,60479424.0
661,Italy,2021-11-22,6403.0,70.0,205.859,47.9,23.021,16.24,0.04205195348477598,-0.0390625,-0.006495282016564665,0.007821695713255116,0.017960697007425717,0.1559929451637296,0.18571428571428572,0.9791666666666666,0.69,0.042230644288034656,60479424.0
662,Italy,2021-11-23,10044.0,83.0,205.859,47.9,23.021,16.24,0.04205195348477598,-0.0390625,-0.006495282016564665,0.007821695713255116,0.017960697007425717,0.1559929451637296,0.18571428571428572,0.9791666666666666,0.69,0.042230644288034656,60479424.0
663,Italy,2021-11-24,12450.0,85.0,205.859,47.9,23.021,16.24,0.04205195348477598,-0.0390625,-0.006495282016564665,0.007821695713255116,0.017960697007425717,0.1559929451637296,0.18571428571428572,0.9791666666666666,0.69,0.042230644288034656,60479424.0
664,Italy,2021-11-25,13756.0,71.0,205.859,47.9,23.021,16.24,0.04205195348477598,-0.0390625,-0.006495282016564665,0.007821695713255116,0.017960697007425717,0.1559929451637296,0.18571428571428572,0.9791666666666666,0.69,0.042230644288034656,60479424.0
665,Italy,2021-11-26,13681.0,51.0,205.859,47.9,23.021,16.24,0.04205195348477598,-0.0390625,-0.006495282016564665,0.007821695713255116,0.017960697007425717,0.1559929451637296,0.18571428571428572,0.9791666666666666,0.69,0.042230644288034656,60479424.0
666,Italy,2021-11-27,12869.0,90.0,205.859,47.9,23.021,16.24,0.04205195348477598,-0.0390625,-0.006495282016564665,0.007821695713255116,0.017960697007425717,0.1559929451637296,0.18571428571428572,0.9791666666666666,0.69,0.042230644288034656,60479424.0
667,Italy,2021-11-28,12927.0,47.0,205.859,47.9,23.021,16.24,0.04205195348477598,-0.0390625,-0.006495282016564665,0.007821695713255116,0.017960697007425717,0.1559929451637296,0.18571428571428572,0.9791666666666666,0.69,0.042230644288034656,60479424.0
668,Italy,2021-11-29,7972.0,65.0,205.859,47.9,23.021,16.24,0.04205195348477598,-0.0390625,-0.006495282016564665,0.007821695713255116,0.017960697007425717,0.1559929451637296,0.18571428571428572,0.9791666666666666,0.69,0.042230644288034656,60479424.0
669,Italy,2021-11-30,12757.0,89.0,205.859,47.9,23.021,16.24,0.04205195348477598,-0.0390625,-0.006495282016564665,0.007821695713255116,0.017960697007425717,0.1559929451637296,0.18571428571428572,0.9791666666666666,0.69,0.042230644288034656,60479424.0
670,Italy,2021-12-01,15073.0,103.0,205.859,47.9,23.021,16.24,0.04205195348477598,-0.0390625,-0.006495282016564665,0.007821695713255116,0.017960697007425717,0.1559929451637296,0.18571428571428572,0.9791666666666666,0.69,0.042230644288034656,60479424.0
671,Italy,2021-12-02,16810.0,72.0,205.859,47.9,23.021,16.24,0.04205195348477598,-0.0390625,-0.006495282016564665,0.007821695713255116,0.017960697007425717,0.1559929451637296,0.18571428571428572,0.9791666666666666,0.69,0.042230644288034656,60479424.0
672,Italy,2021-12-03,17015.0,74.0,205.859,47.9,23.021,16.24,0.04205195348477598,-0.0390625,-0.006495282016564665,0.007821695713255116,0.017960697007425717,0.1559929451637296,0.18571428571428572,0.9791666666666666,0.69,0.042230644288034656,60479424.0
673,Italy,2021-12-04,16627.0,75.0,205.859,47.9,23.021,16.24,0.04205195348477598,-0.0390625,-0.006495282016564665,0.007821695713255116,0.017960697007425717,0.1559929451637296,0.18571428571428572,0.9791666666666666,0.69,0.042230644288034656,60479424.0
674,Italy,2021-12-05,15010.0,43.0,205.859,47.9,23.021,16.24,0.04205195348477598,-0.0390625,-0.006495282016564665,0.007821695713255116,0.017960697007425717,0.1559929451637296,0.18571428571428572,0.9791666666666666,0.69,0.042230644288034656,60479424.0
675,Italy,2021-12-06,9494.0,92.0,205.859,47.9,23.021,16.24,0.04205195348477598,-0.0390625,-0.006495282016564665,0.007821695713255116,0.017960697007425717,0.1559929451637296,0.18571428571428572,0.9791666666666666,0.69,0.042230644288034656,60479424.0
676,Italy,2021-12-07,15742.0,99.0,205.859,47.9,23.021,16.24,0.04205195348477598,-0.0390625,-0.006495282016564665,0.007821695713255116,0.017960697007425717,0.1559929451637296,0.18571428571428572,0.9791666666666666,0.69,0.042230644288034656,60479424.0
677,Italy,2021-12-08,17946.0,86.0,205.859,47.9,23.021,16.24,0.04205195348477598,-0.0390625,-0.006495282016564665,0.007821695713255116,0.017960697007425717,0.1559929451637296,0.18571428571428572,0.9791666666666666,0.69,0.042230644288034656,60479424.0
678,Italy,2021-12-09,12516.0,79.0,205.859,47.9,23.021,16.24,0.04205195348477598,-0.0390625,-0.006495282016564665,0.007821695713255116,0.017960697007425717,0.1559929451637296,0.18571428571428572,0.9791666666666666,0.69,0.042230644288034656,60479424.0
679,Italy,2021-12-10,20490.0,118.0,205.859,47.9,23.021,16.24,0.04205195348477598,-0.0390625,-0.006495282016564665,0.007821695713255116,0.017960697007425717,0.1559929451637296,0.18571428571428572,0.9791666666666666,0.69,0.042230644288034656,60479424.0
680,Italy,2021-12-11,21035.0,96.0,205.859,47.9,23.021,16.24,0.04205195348477598,-0.0390625,-0.006495282016564665,0.007821695713255116,0.017960697007425717,0.1559929451637296,0.18571428571428572,0.9791666666666666,0.69,0.042230644288034656,60479424.0
681,Italy,2021-12-12,19212.0,66.0,205.859,47.9,23.021,16.24,0.04205195348477598,-0.0390625,-0.006495282016564665,0.007821695713255116,0.017960697007425717,0.1559929451637296,0.18571428571428572,0.9791666666666666,0.69,0.042230644288034656,60479424.0
682,Italy,2021-12-13,12704.0,98.0,205.859,47.9,23.021,16.24,0.04205195348477598,-0.0390625,-0.006495282016564665,0.007821695713255116,0.017960697007425717,0.1559929451637296,0.18571428571428572,0.9791666666666666,0.69,0.042230644288034656,60479424.0
683,Italy,2021-12-14,20665.0,120.0,205.859,47.9,23.021,16.24,0.04205195348477598,-0.0390625,-0.006495282016564665,0.007821695713255116,0.017960697007425717,0.1559929451637296,0.18571428571428572,0.9791666666666666,0.69,0.042230644288034656,60479424.0
684,Italy,2021-12-15,23190.0,129.0,205.859,47.9,23.021,16.24,0.04205195348477598,-0.0390625,-0.006495282016564665,0.007821695713255116,0.017960697007425717,0.1559929451637296,0.18571428571428572,0.9791666666666666,0.69,0.042230644288034656,60479424.0
685,Italy,2021-12-16,26104.0,123.0,205.859,47.9,23.021,16.24,0.04205195348477598,-0.0390625,-0.006495282016564665,0.007821695713255116,0.017960697007425717,0.1559929451637296,0.18571428571428572,0.9791666666666666,0.69,0.042230644288034656,60479424.0
686,Italy,2021-12-17,28615.0,120.0,205.859,47.9,23.021,16.24,0.04205195348477598,-0.0390625,-0.006495282016564665,0.007821695713255116,0.017960697007425717,0.1559929451637296,0.18571428571428572,0.9791666666666666,0.69,0.042230644288034656,60479424.0
687,Italy,2021-12-18,28057.0,123.0,205.859,47.9,23.021,16.24,0.04205195348477598,-0.0390625,-0.006495282016564665,0.007821695713255116,0.017960697007425717,0.1559929451637296,0.18571428571428572,0.9791666666666666,0.69,0.042230644288034656,60479424.0
688,Italy,2021-12-19,24303.0,97.0,205.859,47.9,23.021,16.24,0.04205195348477598,-0.0390625,-0.006495282016564665,0.007821695713255116,0.017960697007425717,0.1559929451637296,0.18571428571428572,0.9791666666666666,0.69,0.042230644288034656,60479424.0
689,Italy,2021-12-20,16205.0,137.0,205.859,47.9,23.021,16.24,0.04205195348477598,-0.0390625,-0.006495282016564665,0.007821695713255116,0.017960697007425717,0.1559929451637296,0.18571428571428572,0.9791666666666666,0.69,0.042230644288034656,60479424.0
690,Italy,2021-12-21,30783.0,153.0,205.859,47.9,23.021,16.24,0.04205195348477598,-0.0390625,-0.006495282016564665,0.007821695713255116,0.017960697007425717,0.1559929451637296,0.18571428571428572,0.9791666666666666,0.69,0.042230644288034656,60479424.0
691,Italy,2021-12-22,36326.0,146.0,205.859,47.9,23.021,16.24,0.04205195348477598,-0.0390625,-0.006495282016564665,0.007821695713255116,0.017960697007425717,0.1559929451637296,0.18571428571428572,0.9791666666666666,0.69,0.042230644288034656,60479424.0
692,Italy,2021-12-23,44585.0,168.0,205.859,47.9,23.021,16.24,0.04205195348477598,-0.0390625,-0.006495282016564665,0.007821695713255116,0.017960697007425717,0.1559929451637296,0.18571428571428572,0.9791666666666666,0.69,0.042230644288034656,60479424.0
693,Italy,2021-12-24,50590.0,141.0,205.859,47.9,23.021,16.24,0.04205195348477598,-0.0390625,-0.006495282016564665,0.007821695713255116,0.017960697007425717,0.1559929451637296,0.18571428571428572,0.9791666666666666,0.69,0.042230644288034656,60479424.0
694,Italy,2021-12-25,54787.0,144.0,205.859,47.9,23.021,16.24,0.04205195348477598,-0.0390625,-0.006495282016564665,0.007821695713255116,0.017960697007425717,0.1559929451637296,0.18571428571428572,0.9791666666666666,0.69,0.042230644288034656,60479424.0
695,Italy,2021-12-26,24882.0,81.0,205.859,47.9,23.021,16.24,0.04205195348477598,-0.0390625,-0.006495282016564665,0.007821695713255116,0.017960697007425717,0.1559929451637296,0.18571428571428572,0.9791666666666666,0.69,0.042230644288034656,60479424.0
696,Italy,2021-12-27,30799.0,142.0,205.859,47.9,23.021,16.24,0.04205195348477598,-0.0390625,-0.006495282016564665,0.007821695713255116,0.017960697007425717,0.1559929451637296,0.18571428571428572,0.9791666666666666,0.69,0.042230644288034656,60479424.0
697,Italy,2021-12-28,78300.0,202.0,205.859,47.9,23.021,16.24,0.04205195348477598,-0.0390625,-0.006495282016564665,0.007821695713255116,0.017960697007425717,0.1559929451637296,0.18571428571428572,0.9791666666666666,0.69,0.042230644288034656,60479424.0
698,Italy,2021-12-29,98016.0,136.0,205.859,47.9,23.021,16.24,0.04205195348477598,-0.0390625,-0.006495282016564665,0.007821695713255116,0.017960697007425717,0.1559929451637296,0.18571428571428572,0.9791666666666666,0.69,0.042230644288034656,60479424.0
699,Italy,2021-12-30,127000.0,156.0,205.859,47.9,23.021,16.24,0.04205195348477598,-0.0390625,-0.006495282016564665,0.007821695713255116,0.017960697007425717,0.1559929451637296,0.18571428571428572,0.9791666666666666,0.69,0.042230644288034656,60479424.0
700,Italy,2021-12-31,144255.0,155.0,205.859,47.9,23.021,16.24,0.04205195348477598,-0.0390625,-0.006495282016564665,0.007821695713255116,0.017960697007425717,0.1559929451637296,0.18571428571428572,0.9791666666666666,0.69,0.042230644288034656,60479424.0
701,Italy,2022-01-01,141256.0,111.0,205.859,47.9,23.021,16.24,0.04205195348477598,-0.0390625,-0.006495282016564665,0.007821695713255116,0.017960697007425717,0.1559929451637296,0.18571428571428572,0.9791666666666666,0.69,0.042230644288034656,60479424.0
702,Italy,2022-01-02,61137.0,133.0,205.859,47.9,23.021,16.24,0.04205195348477598,-0.0390625,-0.006495282016564665,0.007821695713255116,0.017960697007425717,0.1559929451637296,0.18571428571428572,0.9791666666666666,0.69,0.042230644288034656,60479424.0
703,Italy,2022-01-03,68034.0,140.0,205.859,47.9,23.021,16.24,0.04205195348477598,-0.0390625,-0.006495282016564665,0.007821695713255116,0.017960697007425717,0.1559929451637296,0.18571428571428572,0.9791666666666666,0.69,0.042230644288034656,60479424.0
704,Italy,2022-01-04,170837.0,259.0,205.859,47.9,23.021,16.24,0.04205195348477598,-0.0390625,-0.006495282016564665,0.007821695713255116,0.017960697007425717,0.1559929451637296,0.18571428571428572,0.9791666666666666,0.69,0.042230644288034656,60479424.0
705,Italy,2022-01-05,189088.0,231.0,205.859,47.9,23.021,16.24,0.04205195348477598,-0.0390625,-0.006495282016564665,0.007821695713255116,0.017960697007425717,0.1559929451637296,0.18571428571428572,0.9791666666666666,0.69,0.042230644288034656,60479424.0
706,Italy,2022-01-06,219430.0,198.0,205.859,47.9,23.021,16.24,0.04205195348477598,-0.0390625,-0.006495282016564665,0.007821695713255116,0.017960697007425717,0.1559929451637296,0.18571428571428572,0.9791666666666666,0.69,0.042230644288034656,60479424.0
707,Italy,2022-01-07,108297.0,223.0,205.859,47.9,23.021,16.24,0.04205195348477598,-0.0390625,-0.006495282016564665,0.007821695713255116,0.017960697007425717,0.1559929451637296,0.18571428571428572,0.9791666666666666,0.69,0.042230644288034656,60479424.0
708,Italy,2022-01-08,197535.0,184.0,205.859,47.9,23.021,16.24,0.04205195348477598,-0.0390625,-0.006495282016564665,0.007821695713255116,0.017960697007425717,0.1559929451637296,0.18571428571428572,0.9791666666666666,0.69,0.042230644288034656,60479424.0
709,Italy,2022-01-09,155642.0,157.0,205.859,47.9,23.021,16.24,0.04205195348477598,-0.0390625,-0.006495282016564665,0.007821695713255116,0.017960697007425717,0.1559929451637296,0.18571428571428572,0.9791666666666666,0.69,0.042230644288034656,60479424.0
710,Italy,2022-01-10,117405.0,227.0,205.859,47.9,23.021,16.24,0.04205195348477598,-0.0390625,-0.006495282016564665,0.007821695713255116,0.017960697007425717,0.1559929451637296,0.18571428571428572,0.9791666666666666,0.69,0.042230644288034656,60479424.0
711,Italy,2022-01-11,220519.0,294.0,205.859,47.9,23.021,16.24,0.04205195348477598,-0.0390625,-0.006495282016564665,0.007821695713255116,0.017960697007425717,0.1559929451637296,0.18571428571428572,0.9791666666666666,0.69,0.042230644288034656,60479424.0
712,Italy,2022-01-12,196205.0,313.0,205.859,47.9,23.021,16.24,0.04205195348477598,-0.0390625,-0.006495282016564665,0.007821695713255116,0.017960697007425717,0.1559929451637296,0.18571428571428572,0.9791666666666666,0.69,0.042230644288034656,60479424.0
713,Italy,2022-01-13,184577.0,316.0,205.859,47.9,23.021,16.24,0.04205195348477598,-0.0390625,-0.006495282016564665,0.007821695713255116,0.017960697007425717,0.1559929451637296,0.18571428571428572,0.9791666666666666,0.69,0.042230644288034656,60479424.0
714,Italy,2022-01-14,200869.0,360.0,205.859,47.9,23.021,16.24,0.04205195348477598,-0.0390625,-0.006495282016564665,0.007821695713255116,0.017960697007425717,0.1559929451637296,0.18571428571428572,0.9791666666666666,0.69,0.042230644288034656,60479424.0
715,Italy,2022-01-15,192936.0,308.0,205.859,47.9,23.021,16.24,0.04205195348477598,-0.0390625,-0.006495282016564665,0.007821695713255116,0.017960697007425717,0.1559929451637296,0.18571428571428572,0.9791666666666666,0.69,0.042230644288034656,60479424.0
716,Italy,2022-01-16,157465.0,248.0,205.859,47.9,23.021,16.24,0.04205195348477598,-0.0390625,-0.006495282016564665,0.007821695713255116,0.017960697007425717,0.1559929451637296,0.18571428571428572,0.9791666666666666,0.69,0.042230644288034656,60479424.0
717,Italy,2022-01-17,83387.0,287.0,205.859,47.9,23.021,16.24,0.04205195348477598,-0.0390625,-0.006495282016564665,0.007821695713255116,0.017960697007425717,0.1559929451637296,0.18571428571428572,0.9791666666666666,0.69,0.042230644288034656,60479424.0
718,Italy,2022-01-18,228123.0,434.0,205.859,47.9,23.021,16.24,0.04205195348477598,-0.0390625,-0.006495282016564665,0.007821695713255116,0.017960697007425717,0.1559929451637296,0.18571428571428572,0.9791666666666666,0.69,0.042230644288034656,60479424.0
719,Italy,2022-01-19,200966.0,380.0,205.859,47.9,23.021,16.24,0.04205195348477598,-0.0390625,-0.006495282016564665,0.007821695713255116,0.017960697007425717,0.1559929451637296,0.18571428571428572,0.9791666666666666,0.69,0.042230644288034656,60479424.0
720,Italy,2022-01-20,198865.0,385.0,205.859,47.9,23.021,16.24,0.04205195348477598,-0.0390625,-0.006495282016564665,0.007821695713255116,0.017960697007425717,0.1559929451637296,0.18571428571428572,0.9791666666666666,0.69,0.042230644288034656,60479424.0
721,Italy,2022-01-21,185600.0,373.0,205.859,47.9,23.021,16.24,0.04205195348477598,-0.0390625,-0.006495282016564665,0.007821695713255116,0.017960697007425717,0.1559929451637296,0.18571428571428572,0.9791666666666666,0.69,0.042230644288034656,60479424.0
722,Italy,2022-01-22,177335.0,333.0,205.859,47.9,23.021,16.24,0.04205195348477598,-0.0390625,-0.006495282016564665,0.007821695713255116,0.017960697007425717,0.1559929451637296,0.18571428571428572,0.9791666666666666,0.69,0.042230644288034656,60479424.0
723,Italy,2022-01-23,142487.0,227.0,205.859,47.9,23.021,16.24,0.04205195348477598,-0.0390625,-0.006495282016564665,0.007821695713255116,0.017960697007425717,0.1559929451637296,0.18571428571428572,0.9791666666666666,0.69,0.042230644288034656,60479424.0
724,Italy,2022-01-24,77666.0,352.0,205.859,47.9,23.021,16.24,0.04205195348477598,-0.0390625,-0.006495282016564665,0.007821695713255116,0.017960697007425717,0.1559929451637296,0.18571428571428572,0.9791666666666666,0.69,0.042230644288034656,60479424.0
725,Italy,2022-01-25,211277.0,468.0,205.859,47.9,23.021,16.24,0.04205195348477598,-0.0390625,-0.006495282016564665,0.007821695713255116,0.017960697007425717,0.1559929451637296,0.18571428571428572,0.9791666666666666,0.69,0.042230644288034656,60479424.0
726,Italy,2022-01-26,170940.0,427.0,205.859,47.9,23.021,16.24,0.04205195348477598,-0.0390625,-0.006495282016564665,0.007821695713255116,0.017960697007425717,0.1559929451637296,0.18571428571428572,0.9791666666666666,0.69,0.042230644288034656,60479424.0
727,Italy,2022-01-27,156040.0,389.0,205.859,47.9,23.021,16.24,0.04205195348477598,-0.0390625,-0.006495282016564665,0.007821695713255116,0.017960697007425717,0.1559929451637296,0.18571428571428572,0.9791666666666666,0.69,0.042230644288034656,60479424.0
728,Italy,2022-01-28,144347.0,378.0,205.859,47.9,23.021,16.24,0.04205195348477598,-0.0390625,-0.006495282016564665,0.007821695713255116,0.017960697007425717,0.1559929451637296,0.18571428571428572,0.9791666666666666,0.69,0.042230644288034656,60479424.0
729,Italy,2022-01-29,137427.0,377.0,205.859,47.9,23.021,16.24,0.04205195348477598,-0.0390625,-0.006495282016564665,0.007821695713255116,0.017960697007425717,0.1559929451637296,0.18571428571428572,0.9791666666666666,0.69,0.042230644288034656,60479424.0
730,Italy,2022-01-30,104110.0,235.0,205.859,47.9,23.021,16.24,0.04205195348477598,-0.0390625,-0.006495282016564665,0.007821695713255116,0.017960697007425717,0.1559929451637296,0.18571428571428572,0.9791666666666666,0.69,0.042230644288034656,60479424.0
731,Italy,2022-01-31,57631.0,349.0,205.859,47.9,23.021,16.24,0.04205195348477598,-0.0390625,-0.006495282016564665,0.007821695713255116,0.017960697007425717,0.1559929451637296,0.18571428571428572,0.9791666666666666,0.69,0.042230644288034656,60479424.0
732,Italy,2022-02-01,133306.0,427.0,205.859,47.9,23.021,16.24,0.04205195348477598,-0.0390625,-0.006495282016564665,0.007821695713255116,0.017960697007425717,0.1559929451637296,0.18571428571428572,0.9791666666666666,0.69,0.042230644288034656,60479424.0
733,Italy,2022-02-02,119323.0,395.0,205.859,47.9,23.021,16.24,0.04205195348477598,-0.0390625,-0.006495282016564665,0.007821695713255116,0.017960697007425717,0.1559929451637296,0.18571428571428572,0.9791666666666666,0.69,0.042230644288034656,60479424.0
734,Italy,2022-02-03,112956.0,414.0,205.859,47.9,23.021,16.24,0.04205195348477598,-0.0390625,-0.006495282016564665,0.007821695713255116,0.017960697007425717,0.1559929451637296,0.18571428571428572,0.9791666666666666,0.69,0.042230644288034656,60479424.0
735,Italy,2022-02-04,100900.0,433.0,205.859,47.9,23.021,16.24,0.04205195348477598,-0.0390625,-0.006495282016564665,0.007821695713255116,0.017960697007425717,0.1559929451637296,0.18571428571428572,0.9791666666666666,0.69,0.042230644288034656,60479424.0
736,Italy,2022-02-05,93192.0,375.0,205.859,47.9,23.021,16.24,0.04205195348477598,-0.0390625,-0.006495282016564665,0.007821695713255116,0.017960697007425717,0.1559929451637296,0.18571428571428572,0.9791666666666666,0.69,0.042230644288034656,60479424.0
737,Italy,2022-02-06,78943.0,229.0,205.859,47.9,23.021,16.24,0.04205195348477598,-0.0390625,-0.006495282016564665,0.007821695713255116,0.017960697007425717,0.1559929451637296,0.18571428571428572,0.9791666666666666,0.69,0.042230644288034656,60479424.0
738,Italy,2022-02-07,41602.0,326.0,205.859,47.9,23.021,16.24,0.04205195348477598,-0.0390625,-0.006495282016564665,0.007821695713255116,0.017960697007425717,0.1559929451637296,0.18571428571428572,0.9791666666666666,0.69,0.042230644288034656,60479424.0
739,Italy,2022-02-08,102429.0,415.0,205.859,47.9,23.021,16.24,0.04205195348477598,-0.0390625,-0.006495282016564665,0.007821695713255116,0.017960697007425717,0.1559929451637296,0.18571428571428572,0.9791666666666666,0.69,0.042230644288034656,60479424.0
740,Italy,2022-02-09,81669.0,384.0,205.859,47.9,23.021,16.24,0.04205195348477598,-0.0390625,-0.006495282016564665,0.007821695713255116,0.017960697007425717,0.1559929451637296,0.18571428571428572,0.9791666666666666,0.69,0.042230644288034656,60479424.0
741,Italy,2022-02-10,76195.0,325.0,205.859,47.9,23.021,16.24,0.04205195348477598,-0.0390625,-0.006495282016564665,0.007821695713255116,0.017960697007425717,0.1559929451637296,0.18571428571428572,0.9791666666666666,0.69,0.042230644288034656,60479424.0
742,Italy,2022-02-11,67478.0,334.0,205.859,47.9,23.021,16.24,0.04205195348477598,-0.0390625,-0.006495282016564665,0.007821695713255116,0.017960697007425717,0.1559929451637296,0.18571428571428572,0.9791666666666666,0.69,0.042230644288034656,60479424.0
743,Italy,2022-02-12,62221.0,269.0,205.859,47.9,23.021,16.24,0.04205195348477598,-0.0390625,-0.006495282016564665,0.007821695713255116,0.017960697007425717,0.1559929451637296,0.18571428571428572,0.9791666666666666,0.69,0.042230644288034656,60479424.0
744,Italy,2022-02-13,52345.0,191.0,205.859,47.9,23.021,16.24,0.04205195348477598,-0.0390625,-0.006495282016564665,0.007821695713255116,0.017960697007425717,0.1559929451637296,0.18571428571428572,0.9791666666666666,0.69,0.042230644288034656,60479424.0
745,Italy,2022-02-14,28776.0,281.0,205.859,47.9,23.021,16.24,0.04205195348477598,-0.0390625,-0.006495282016564665,0.007821695713255116,0.017960697007425717,0.1559929451637296,0.18571428571428572,0.9791666666666666,0.69,0.042230644288034656,60479424.0
746,Italy,2022-02-15,71023.0,388.0,205.859,47.9,23.021,16.24,0.04205195348477598,-0.0390625,-0.006495282016564665,0.007821695713255116,0.017960697007425717,0.1559929451637296,0.18571428571428572,0.9791666666666666,0.69,0.042230644288034656,60479424.0
747,Italy,2022-02-16,59869.0,278.0,205.859,47.9,23.021,16.24,0.04205195348477598,-0.0390625,-0.006495282016564665,0.007821695713255116,0.017960697007425717,0.1559929451637296,0.18571428571428572,0.9791666666666666,0.69,0.042230644288034656,60479424.0
748,Italy,2022-02-17,58055.0,320.0,205.859,47.9,23.021,16.24,0.04205195348477598,-0.0390625,-0.006495282016564665,0.007821695713255116,0.017960697007425717,0.1559929451637296,0.18571428571428572,0.9791666666666666,0.69,0.042230644288034656,60479424.0
749,Italy,2022-02-18,53700.0,314.0,205.859,47.9,23.021,16.24,0.04205195348477598,-0.0390625,-0.006495282016564665,0.007821695713255116,0.017960697007425717,0.1559929451637296,0.18571428571428572,0.9791666666666666,0.69,0.042230644288034656,60479424.0
750,Italy,2022-02-19,50675.0,252.0,205.859,47.9,23.021,16.24,0.04205195348477598,-0.0390625,-0.006495282016564665,0.007821695713255116,0.017960697007425717,0.1559929451637296,0.18571428571428572,0.9791666666666666,0.69,0.042230644288034656,60479424.0
751,Italy,2022-02-20,42202.0,141.0,205.859,47.9,23.021,16.24,0.04205195348477598,-0.0390625,-0.006495282016564665,0.007821695713255116,0.017960697007425717,0.1559929451637296,0.18571428571428572,0.9791666666666666,0.69,0.042230644288034656,60479424.0
752,Italy,2022-02-21,24484.0,201.0,205.859,47.9,23.021,16.24,0.04205195348477598,-0.0390625,-0.006495282016564665,0.007821695713255116,0.017960697007425717,0.1559929451637296,0.18571428571428572,0.9791666666666666,0.69,0.042230644288034656,60479424.0
753,Italy,2022-02-22,60137.0,322.0,205.859,47.9,23.021,16.24,0.04205195348477598,-0.0390625,-0.006495282016564665,0.007821695713255116,0.017960697007425717,0.1559929451637296,0.18571428571428572,0.9791666666666666,0.69,0.042230644288034656,60479424.0
754,Italy,2022-02-23,49162.0,252.0,205.859,47.9,23.021,16.24,0.04205195348477598,-0.0390625,-0.006495282016564665,0.007821695713255116,0.017960697007425717,0.1559929451637296,0.18571428571428572,0.9791666666666666,0.69,0.042230644288034656,60479424.0
755,Italy,2022-02-24,47493.0,249.0,205.859,47.9,23.021,16.24,0.04205195348477598,-0.0390625,-0.006495282016564665,0.007821695713255116,0.017960697007425717,0.1559929451637296,0.18571428571428572,0.9791666666666666,0.69,0.042230644288034656,60479424.0
756,Italy,2022-02-25,42069.0,193.0,205.859,47.9,23.021,16.24,0.04205195348477598,-0.0390625,-0.006495282016564665,0.007821695713255116,0.017960697007425717,0.1559929451637296,0.18571428571428572,0.9791666666666666,0.69,0.042230644288034656,60479424.0
757,Italy,2022-02-26,39360.0,210.0,205.859,47.9,23.021,16.24,0.04205195348477598,-0.0390625,-0.006495282016564665,0.007821695713255116,0.017960697007425717,0.1559929451637296,0.18571428571428572,0.9791666666666666,0.69,0.042230644288034656,60479424.0
758,Italy,2022-02-27,31878.0,144.0,205.859,47.9,23.021,16.24,0.04205195348477598,-0.0390625,-0.006495282016564665,0.007821695713255116,0.017960697007425717,0.1559929451637296,0.18571428571428572,0.9791666666666666,0.69,0.042230644288034656,60479424.0
759,Italy,2022-02-28,18278.0,207.0,205.859,47.9,23.021,16.24,0.04205195348477598,-0.0390625,-0.006495282016564665,0.007821695713255116,0.017960697007425717,0.1559929451637296,0.18571428571428572,0.9791666666666666,0.69,0.042230644288034656,60479424.0
760,Italy,2022-03-01,47136.0,233.0,205.859,47.9,23.021,16.24,0.04205195348477598,-0.0390625,-0.006495282016564665,0.007821695713255116,0.017960697007425717,0.1559929451637296,0.18571428571428572,0.9791666666666666,0.69,0.042230644288034656,60479424.0
761,Italy,2022-03-02,37946.0,214.0,205.859,47.9,23.021,16.24,0.04205195348477598,-0.0390625,-0.006495282016564665,0.007821695713255116,0.017960697007425717,0.1559929451637296,0.18571428571428572,0.9791666666666666,0.69,0.042230644288034656,60479424.0
762,Italy,2022-03-03,42588.0,185.0,205.859,47.9,23.021,16.24,0.04205195348477598,-0.0390625,-0.006495282016564665,0.007821695713255116,0.017960697007425717,0.1559929451637296,0.18571428571428572,0.9791666666666666,0.69,0.042230644288034656,60479424.0
763,Italy,2022-03-04,38353.0,210.0,205.859,47.9,23.021,16.24,0.04205195348477598,-0.0390625,-0.006495282016564665,0.007821695713255116,0.017960697007425717,0.1559929451637296,0.18571428571428572,0.9791666666666666,0.69,0.042230644288034656,60479424.0
764,Italy,2022-03-05,41364.0,173.0,205.859,47.9,23.021,16.24,0.04205195348477598,-0.0390625,-0.006495282016564665,0.007821695713255116,0.017960697007425717,0.1559929451637296,0.18571428571428572,0.9791666666666666,0.69,0.042230644288034656,60479424.0
765,Italy,2022-03-06,35889.0,105.0,205.859,47.9,23.021,16.24,0.04205195348477598,-0.0390625,-0.006495282016564665,0.007821695713255116,0.017960697007425717,0.1559929451637296,0.18571428571428572,0.9791666666666666,0.69,0.042230644288034656,60479424.0
766,Italy,2022-03-07,22662.0,130.0,205.859,47.9,23.021,16.24,0.04205195348477598,-0.0390625,-0.006495282016564665,0.007821695713255116,0.017960697007425717,0.1559929451637296,0.18571428571428572,0.9791666666666666,0.69,0.042230644288034656,60479424.0
767,Italy,2022-03-08,60753.0,184.0,205.859,47.9,23.021,16.24,0.04205195348477598,-0.0390625,-0.006495282016564665,0.007821695713255116,0.017960697007425717,0.1559929451637296,0.18571428571428572,0.9791666666666666,0.69,0.042230644288034656,60479424.0
768,Italy,2022-03-09,49815.0,156.0,205.859,47.9,23.021,16.24,0.04205195348477598,-0.0390625,-0.006495282016564665,0.007821695713255116,0.017960697007425717,0.1559929451637296,0.18571428571428572,0.9791666666666666,0.69,0.042230644288034656,60479424.0
769,Italy,2022-03-10,55156.0,136.0,205.859,47.9,23.021,16.24,0.04205195348477598,-0.0390625,-0.006495282016564665,0.007821695713255116,0.017960697007425717,0.1559929451637296,0.18571428571428572,0.9791666666666666,0.69,0.042230644288034656,60479424.0
770,Italy,2022-03-11,53961.0,156.0,205.859,47.9,23.021,16.24,0.04205195348477598,-0.0390625,-0.006495282016564665,0.007821695713255116,0.017960697007425717,0.1559929451637296,0.18571428571428572,0.9791666666666666,0.69,0.042230644288034656,60479424.0
771,Italy,2022-03-12,54720.0,133.0,205.859,47.9,23.021,16.24,0.04205195348477598,-0.0390625,-0.006495282016564665,0.007821695713255116,0.017960697007425717,0.1559929451637296,0.18571428571428572,0.9791666666666666,0.69,0.042230644288034656,60479424.0
772,Italy,2022-03-13,50028.0,86.0,205.859,47.9,23.021,16.24,0.04205195348477598,-0.0390625,-0.006495282016564665,0.007821695713255116,0.017960697007425717,0.1559929451637296,0.18571428571428572,0.9791666666666666,0.69,0.042230644288034656,60479424.0
773,Italy,2022-03-14,29698.0,129.0,205.859,47.9,23.021,16.24,0.04205195348477598,-0.0390625,-0.006495282016564665,0.007821695713255116,0.017960697007425717,0.1559929451637296,0.18571428571428572,0.9791666666666666,0.69,0.042230644288034656,60479424.0
774,Italy,2022-03-15,86414.0,180.0,205.859,47.9,23.021,16.24,0.04205195348477598,-0.0390625,-0.006495282016564665,0.007821695713255116,0.017960697007425717,0.1559929451637296,0.18571428571428572,0.9791666666666666,0.69,0.042230644288034656,60479424.0
775,Italy,2022-03-16,74147.0,137.0,205.859,47.9,23.021,16.24,0.04205195348477598,-0.0390625,-0.006495282016564665,0.007821695713255116,0.017960697007425717,0.1559929451637296,0.18571428571428572,0.9791666666666666,0.69,0.042230644288034656,60479424.0
776,Italy,2022-03-17,82368.0,128.0,205.859,47.9,23.021,16.24,0.04205195348477598,-0.0390625,-0.006495282016564665,0.007821695713255116,0.017960697007425717,0.1559929451637296,0.18571428571428572,0.9791666666666666,0.69,0.042230644288034656,60479424.0
777,Italy,2022-03-18,78577.0,165.0,205.859,47.9,23.021,16.24,0.04205195348477598,-0.0390625,-0.006495282016564665,0.007821695713255116,0.017960697007425717,0.1559929451637296,0.18571428571428572,0.9791666666666666,0.69,0.042230644288034656,60479424.0
778,Italy,2022-03-19,75768.0,85.0,205.859,47.9,23.021,16.24,0.04205195348477598,-0.0390625,-0.006495282016564665,0.007821695713255116,0.017960697007425717,0.1559929451637296,0.18571428571428572,0.9791666666666666,0.69,0.042230644288034656,60479424.0
779,Italy,2022-03-20,61564.0,93.0,205.859,47.9,23.021,16.24,0.04205195348477598,-0.0390625,-0.006495282016564665,0.007821695713255116,0.017960697007425717,0.1559929451637296,0.18571428571428572,0.9791666666666666,0.69,0.042230644288034656,60479424.0
780,Italy,2022-03-21,33445.0,119.0,205.859,47.9,23.021,16.24,0.04205195348477598,-0.0390625,-0.006495282016564665,0.007821695713255116,0.017960697007425717,0.1559929451637296,0.18571428571428572,0.9791666666666666,0.69,0.042230644288034656,60479424.0
781,Italy,2022-03-22,96904.0,197.0,205.859,47.9,23.021,16.24,0.04205195348477598,-0.0390625,-0.006495282016564665,0.007821695713255116,0.017960697007425717,0.1559929451637296,0.18571428571428572,0.9791666666666666,0.69,0.042230644288034656,60479424.0
782,Italy,2022-03-23,78358.0,153.0,205.859,47.9,23.021,16.24,0.04205195348477598,-0.0390625,-0.006495282016564665,0.007821695713255116,0.017960697007425717,0.1559929451637296,0.18571428571428572,0.9791666666666666,0.69,0.042230644288034656,60479424.0
783,Italy,2022-03-24,82648.0,182.0,205.859,47.9,23.021,16.24,0.04205195348477598,-0.0390625,-0.006495282016564665,0.007821695713255116,0.017960697007425717,0.1559929451637296,0.18571428571428572,0.9791666666666666,0.69,0.042230644288034656,60479424.0
784,Italy,2022-03-25,76397.0,146.0,205.859,47.9,23.021,16.24,0.04205195348477598,-0.0390625,-0.006495282016564665,0.007821695713255116,0.017960697007425717,0.1559929451637296,0.18571428571428572,0.9791666666666666,0.69,0.042230644288034656,60479424.0
785,Italy,2022-03-26,74616.0,118.0,205.859,47.9,23.021,16.24,0.04205195348477598,-0.0390625,-0.006495282016564665,0.007821695713255116,0.017960697007425717,0.1559929451637296,0.18571428571428572,0.9791666666666666,0.69,0.042230644288034656,60479424.0
786,Italy,2022-03-27,60612.0,82.0,205.859,47.9,23.021,16.24,0.04205195348477598,-0.0390625,-0.006495282016564665,0.007821695713255116,0.017960697007425717,0.1559929451637296,0.18571428571428572,0.9791666666666666,0.69,0.042230644288034656,60479424.0
787,Italy,2022-03-28,31560.0,95.0,205.859,47.9,23.021,16.24,0.04205195348477598,-0.0390625,-0.006495282016564665,0.007821695713255116,0.017960697007425717,0.1559929451637296,0.18571428571428572,0.9791666666666666,0.69,0.042230644288034656,60479424.0
788,Italy,2022-03-29,100296.0,177.0,205.859,47.9,23.021,16.24,0.04205195348477598,-0.0390625,-0.006495282016564665,0.007821695713255116,0.017960697007425717,0.1559929451637296,0.18571428571428572,0.9791666666666666,0.69,0.042230644288034656,60479424.0
789,Italy,2022-03-30,71411.0,170.0,205.859,47.9,23.021,16.24,0.04205195348477598,-0.0390625,-0.006495282016564665,0.007821695713255116,0.017960697007425717,0.1559929451637296,0.18571428571428572,0.9791666666666666,0.69,0.042230644288034656,60479424.0
790,Italy,2022-03-31,74364.0,159.0,205.859,47.9,23.021,16.24,0.04205195348477598,-0.0390625,-0.006495282016564665,0.007821695713255116,0.017960697007425717,0.1559929451637296,0.18571428571428572,0.9791666666666666,0.69,0.042230644288034656,60479424.0
791,Italy,2022-04-01,77040.0,154.0,205.859,47.9,23.021,16.24,0.04205195348477598,-0.0390625,-0.006495282016564665,0.007821695713255116,0.017960697007425717,0.1559929451637296,0.18571428571428572,0.9791666666666666,0.69,0.042230644288034656,60479424.0
792,Italy,2022-04-02,71412.0,129.0,205.859,47.9,23.021,16.24,0.04205195348477598,-0.0390625,-0.006495282016564665,0.007821695713255116,0.017960697007425717,0.1559929451637296,0.18571428571428572,0.9791666666666666,0.69,0.042230644288034656,60479424.0
793,Italy,2022-04-03,55009.0,118.0,205.859,47.9,23.021,16.24,0.04205195348477598,-0.0390625,-0.006495282016564665,0.007821695713255116,0.017960697007425717,0.1559929451637296,0.18571428571428572,0.9791666666666666,0.69,0.042230644288034656,60479424.0
794,Italy,2022-04-04,31329.0,125.0,205.859,47.9,23.021,16.24,0.04205195348477598,-0.0390625,-0.006495282016564665,0.007821695713255116,0.017960697007425717,0.1559929451637296,0.18571428571428572,0.9791666666666666,0.69,0.042230644288034656,60479424.0
795,Italy,2022-04-05,88914.0,194.0,205.859,47.9,23.021,16.24,0.04205195348477598,-0.0390625,-0.006495282016564665,0.007821695713255116,0.017960697007425717,0.1559929451637296,0.18571428571428572,0.9791666666666666,0.69,0.042230644288034656,60479424.0
796,Italy,2022-04-06,69885.0,150.0,205.859,47.9,23.021,16.24,0.04205195348477598,-0.0390625,-0.006495282016564665,0.007821695713255116,0.017960697007425717,0.1559929451637296,0.18571428571428572,0.9791666666666666,0.69,0.042230644288034656,60479424.0
797,Italy,2022-04-07,70123.0,149.0,205.859,47.9,23.021,16.24,0.04205195348477598,-0.0390625,-0.006495282016564665,0.007821695713255116,0.017960697007425717,0.1559929451637296,0.18571428571428572,0.9791666666666666,0.69,0.042230644288034656,60479424.0
798,Italy,2022-04-08,67641.0,144.0,205.859,47.9,23.021,16.24,0.04205195348477598,-0.0390625,-0.006495282016564665,0.007821695713255116,0.017960697007425717,0.1559929451637296,0.18571428571428572,0.9791666666666666,0.69,0.042230644288034656,60479424.0
799,Italy,2022-04-09,64421.0,112.0,205.859,47.9,23.021,16.24,0.04205195348477598,-0.0390625,-0.006495282016564665,0.007821695713255116,0.017960697007425717,0.1559929451637296,0.18571428571428572,0.9791666666666666,0.69,0.042230644288034656,60479424.0
800,Italy,2022-04-10,53920.0,90.0,205.859,47.9,23.021,16.24,0.04205195348477598,-0.0390625,-0.006495282016564665,0.007821695713255116,0.017960697007425717,0.1559929451637296,0.18571428571428572,0.9791666666666666,0.69,0.042230644288034656,60479424.0
801,Italy,2022-04-11,28705.0,115.0,205.859,47.9,23.021,16.24,0.04205195348477598,-0.0390625,-0.006495282016564665,0.007821695713255116,0.017960697007425717,0.1559929451637296,0.18571428571428572,0.9791666666666666,0.69,0.042230644288034656,60479424.0
802,Italy,2022-04-12,84056.0,169.0,205.859,47.9,23.021,16.24,0.04205195348477598,-0.0390625,-0.006495282016564665,0.007821695713255116,0.017960697007425717,0.1559929451637296,0.18571428571428572,0.9791666666666666,0.69,0.042230644288034656,60479424.0
803,Italy,2022-04-13,62586.0,155.0,205.859,47.9,23.021,16.24,0.04205195348477598,-0.0390625,-0.006495282016564665,0.007821695713255116,0.017960697007425717,0.1559929451637296,0.18571428571428572,0.9791666666666666,0.69,0.042230644288034656,60479424.0
804,Italy,2022-04-14,65617.0,149.0,205.859,47.9,23.021,16.24,0.04205195348477598,-0.0390625,-0.006495282016564665,0.007821695713255116,0.017960697007425717,0.1559929451637296,0.18571428571428572,0.9791666666666666,0.69,0.042230644288034656,60479424.0
805,Italy,2022-04-15,62290.0,133.0,205.859,47.9,23.021,16.24,0.04205195348477598,-0.0390625,-0.006495282016564665,0.007821695713255116,0.017960697007425717,0.1559929451637296,0.18571428571428572,0.9791666666666666,0.69,0.042230644288034656,60479424.0
806,Italy,2022-04-16,64533.0,133.0,205.859,47.9,23.021,16.24,0.04205195348477598,-0.0390625,-0.006495282016564665,0.007821695713255116,0.017960697007425717,0.1559929451637296,0.18571428571428572,0.9791666666666666,0.69,0.042230644288034656,60479424.0
807,Italy,2022-04-17,52253.0,85.0,205.859,47.9,23.021,16.24,0.04205195348477598,-0.0390625,-0.006495282016564665,0.007821695713255116,0.017960697007425717,0.1559929451637296,0.18571428571428572,0.9791666666666666,0.69,0.042230644288034656,60479424.0
808,Italy,2022-04-18,18588.0,79.0,205.859,47.9,23.021,16.24,0.04205195348477598,-0.0390625,-0.006495282016564665,0.007821695713255116,0.017960697007425717,0.1559929451637296,0.18571428571428572,0.9791666666666666,0.69,0.042230644288034656,60479424.0
809,Italy,2022-04-19,27326.0,127.0,205.859,47.9,23.021,16.24,0.04205195348477598,-0.0390625,-0.006495282016564665,0.007821695713255116,0.017960697007425717,0.1559929451637296,0.18571428571428572,0.9791666666666666,0.69,0.042230644288034656,60479424.0
810,Italy,2022-04-20,100440.0,205.0,205.859,47.9,23.021,16.24,0.04205195348477598,-0.0390625,-0.006495282016564665,0.007821695713255116,0.017960697007425717,0.1559929451637296,0.18571428571428572,0.9791666666666666,0.69,0.042230644288034656,60479424.0
811,Italy,2022-04-21,75995.0,166.0,205.859,47.9,23.021,16.24,0.04205195348477598,-0.0390625,-0.006495282016564665,0.007821695713255116,0.017960697007425717,0.1559929451637296,0.18571428571428572,0.9791666666666666,0.69,0.042230644288034656,60479424.0
812,Italy,2022-04-22,73744.0,202.0,205.859,47.9,23.021,16.24,0.04205195348477598,-0.0390625,-0.006495282016564665,0.007821695713255116,0.017960697007425717,0.1559929451637296,0.18571428571428572,0.9791666666666666,0.69,0.042230644288034656,60479424.0
813,Italy,2022-04-23,71028.0,143.0,205.859,47.9,23.021,16.24,0.04205195348477598,-0.0390625,-0.006495282016564665,0.007821695713255116,0.017960697007425717,0.1559929451637296,0.18571428571428572,0.9791666666666666,0.69,0.042230644288034656,60479424.0
814,Italy,2022-04-24,56848.0,79.0,205.859,47.9,23.021,16.24,0.04205195348477598,-0.0390625,-0.006495282016564665,0.007821695713255116,0.017960697007425717,0.1559929451637296,0.18571428571428572,0.9791666666666666,0.69,0.042230644288034656,60479424.0
815,Italy,2022-04-25,25282.0,93.0,205.859,47.9,23.021,16.24,0.04205195348477598,-0.0390625,-0.006495282016564665,0.007821695713255116,0.017960697007425717,0.1559929451637296,0.18571428571428572,0.9791666666666666,0.69,0.042230644288034656,60479424.0
816,Italy,2022-04-26,29984.0,146.0,205.859,47.9,23.021,16.24,0.04205195348477598,-0.0390625,-0.006495282016564665,0.007821695713255116,0.017960697007425717,0.1559929451637296,0.18571428571428572,0.9791666666666666,0.69,0.042230644288034656,60479424.0
817,Italy,2022-04-27,88431.0,186.0,205.859,47.9,23.021,16.24,0.04205195348477598,-0.0390625,-0.006495282016564665,0.007821695713255116,0.017960697007425717,0.1559929451637296,0.18571428571428572,0.9791666666666666,0.69,0.042230644288034656,60479424.0
818,Italy,2022-04-28,70034.0,131.0,205.859,47.9,23.021,16.24,0.04205195348477598,-0.0390625,-0.006495282016564665,0.007821695713255116,0.017960697007425717,0.1559929451637296,0.18571428571428572,0.9791666666666666,0.69,0.042230644288034656,60479424.0
819,Italy,2022-04-29,59395.0,133.0,205.859,47.9,23.021,16.24,0.04205195348477598,-0.0390625,-0.006495282016564665,0.007821695713255116,0.017960697007425717,0.1559929451637296,0.18571428571428572,0.9791666666666666,0.69,0.042230644288034656,60479424.0
820,Italy,2022-04-30,54017.0,130.0,205.859,47.9,23.021,16.24,0.04205195348477598,-0.0390625,-0.006495282016564665,0.007821695713255116,0.017960697007425717,0.1559929451637296,0.18571428571428572,0.9791666666666666,0.69,0.042230644288034656,60479424.0
821,Italy,2022-05-01,41591.0,105.0,205.859,47.9,23.021,16.24,0.04205195348477598,-0.0390625,-0.006495282016564665,0.007821695713255116,0.017960697007425717,0.1559929451637296,0.18571428571428572,0.9791666666666666,0.69,0.042230644288034656,60479424.0
822,Italy,2022-05-02,19068.0,124.0,205.859,47.9,23.021,16.24,0.04205195348477598,-0.0390625,-0.006495282016564665,0.007821695713255116,0.017960697007425717,0.1559929451637296,0.18571428571428572,0.9791666666666666,0.69,0.042230644288034656,60479424.0
823,Italy,2022-05-03,62409.0,153.0,205.859,47.9,23.021,16.24,0.04205195348477598,-0.0390625,-0.006495282016564665,0.007821695713255116,0.017960697007425717,0.1559929451637296,0.18571428571428572,0.9791666666666666,0.69,0.042230644288034656,60479424.0
824,Italy,2022-05-04,47643.0,152.0,205.859,47.9,23.021,16.24,0.04205195348477598,-0.0390625,-0.006495282016564665,0.007821695713255116,0.017960697007425717,0.1559929451637296,0.18571428571428572,0.9791666666666666,0.69,0.042230644288034656,60479424.0
825,Italy,2022-05-05,48715.0,138.0,205.859,47.9,23.021,16.24,0.04205195348477598,-0.0390625,-0.006495282016564665,0.007821695713255116,0.017960697007425717,0.1559929451637296,0.18571428571428572,0.9791666666666666,0.69,0.042230644288034656,60479424.0
826,Italy,2022-05-06,44364.0,125.0,205.859,47.9,23.021,16.24,0.04205195348477598,-0.0390625,-0.006495282016564665,0.007821695713255116,0.017960697007425717,0.1559929451637296,0.18571428571428572,0.9791666666666666,0.69,0.042230644288034656,60479424.0
827,Italy,2022-05-07,40783.0,113.0,205.859,47.9,23.021,16.24,0.04205195348477598,-0.0390625,-0.006495282016564665,0.007821695713255116,0.017960697007425717,0.1559929451637296,0.18571428571428572,0.9791666666666666,0.69,0.042230644288034656,60479424.0
828,Italy,2022-05-08,31225.0,72.0,205.859,47.9,23.021,16.24,0.04205195348477598,-0.0390625,-0.006495282016564665,0.007821695713255116,0.017960697007425717,0.1559929451637296,0.18571428571428572,0.9791666666666666,0.69,0.042230644288034656,60479424.0
829,Italy,2022-05-09,17421.0,84.0,205.859,47.9,23.021,16.24,0.04205195348477598,-0.0390625,-0.006495282016564665,0.007821695713255116,0.017960697007425717,0.1559929451637296,0.18571428571428572,0.9791666666666666,0.69,0.042230644288034656,60479424.0
830,Italy,2022-05-10,56199.0,158.0,205.859,47.9,23.021,16.24,0.04205195348477598,-0.0390625,-0.006495282016564665,0.007821695713255116,0.017960697007425717,0.1559929451637296,0.18571428571428572,0.9791666666666666,0.69,0.042230644288034656,60479424.0
831,Italy,2022-05-11,42683.0,115.0,205.859,47.9,23.021,16.24,0.04205195348477598,-0.0390625,-0.006495282016564665,0.007821695713255116,0.017960697007425717,0.1559929451637296,0.18571428571428572,0.9791666666666666,0.69,0.042230644288034656,60479424.0
832,Italy,2022-05-12,39483.0,130.0,205.859,47.9,23.021,16.24,0.04205195348477598,-0.0390625,-0.006495282016564665,0.007821695713255116,0.017960697007425717,0.1559929451637296,0.18571428571428572,0.9791666666666666,0.69,0.042230644288034656,60479424.0
833,Italy,2022-05-13,39029.0,115.0,205.859,47.9,23.021,16.24,0.04205195348477598,-0.0390625,-0.006495282016564665,0.007821695713255116,0.017960697007425717,0.1559929451637296,0.18571428571428572,0.9791666666666666,0.69,0.042230644288034656,60479424.0
834,Italy,2022-05-14,36334.0,91.0,205.859,47.9,23.021,16.24,0.04205195348477598,-0.0390625,-0.006495282016564665,0.007821695713255116,0.017960697007425717,0.1559929451637296,0.18571428571428572,0.9791666666666666,0.69,0.042230644288034656,60479424.0
835,Italy,2022-05-15,27726.0,62.0,205.859,47.9,23.021,16.24,0.04205195348477598,-0.0390625,-0.006495282016564665,0.007821695713255116,0.017960697007425717,0.1559929451637296,0.18571428571428572,0.9791666666666666,0.69,0.042230644288034656,60479424.0
836,Italy,2022-05-16,13776.0,102.0,205.859,47.9,23.021,16.24,0.04205195348477598,-0.0390625,-0.006495282016564665,0.007821695713255116,0.017960697007425717,0.1559929451637296,0.18571428571428572,0.9791666666666666,0.69,0.042230644288034656,60479424.0
837,Italy,2022-05-17,44901.0,148.0,205.859,47.9,23.021,16.24,0.04205195348477598,-0.0390625,-0.006495282016564665,0.007821695713255116,0.017960697007425717,0.1559929451637296,0.18571428571428572,0.9791666666666666,0.69,0.042230644288034656,60479424.0
838,Italy,2022-05-18,30927.0,136.0,205.859,47.9,23.021,16.24,0.04205195348477598,-0.0390625,-0.006495282016564665,0.007821695713255116,0.017960697007425717,0.1559929451637296,0.18571428571428572,0.9791666666666666,0.69,0.042230644288034656,60479424.0
839,Italy,2022-05-19,30722.0,108.0,205.859,47.9,23.021,16.24,0.04205195348477598,-0.0390625,-0.006495282016564665,0.007821695713255116,0.017960697007425717,0.1559929451637296,0.18571428571428572,0.9791666666666666,0.69,0.042230644288034656,60479424.0
840,Italy,2022-05-20,26818.0,89.0,205.859,47.9,23.021,16.24,0.04205195348477598,-0.0390625,-0.006495282016564665,0.007821695713255116,0.017960697007425717,0.1559929451637296,0.18571428571428572,0.9791666666666666,0.69,0.042230644288034656,60479424.0
841,Italy,2022-05-21,24246.0,91.0,205.859,47.9,23.021,16.24,0.04205195348477598,-0.0390625,-0.006495282016564665,0.007821695713255116,0.017960697007425717,0.1559929451637296,0.18571428571428572,0.9791666666666666,0.69,0.042230644288034656,60479424.0
842,Italy,2022-05-22,18289.0,34.0,205.859,47.9,23.021,16.24,0.04205195348477598,-0.0390625,-0.006495282016564665,0.007821695713255116,0.017960697007425717,0.1559929451637296,0.18571428571428572,0.9791666666666666,0.69,0.042230644288034656,60479424.0
843,Italy,2022-05-23,10021.0,80.0,205.859,47.9,23.021,16.24,0.04205195348477598,-0.0390625,-0.006495282016564665,0.007821695713255116,0.017960697007425717,0.1559929451637296,0.18571428571428572,0.9791666666666666,0.69,0.042230644288034656,60479424.0
844,Italy,2022-05-24,30714.0,95.0,205.859,47.9,23.021,16.24,0.04205195348477598,-0.0390625,-0.006495282016564665,0.007821695713255116,0.017960697007425717,0.1559929451637296,0.18571428571428572,0.9791666666666666,0.69,0.042230644288034656,60479424.0
845,Italy,2022-05-25,24145.0,137.0,205.859,47.9,23.021,16.24,0.04205195348477598,-0.0390625,-0.006495282016564665,0.007821695713255116,0.017960697007425717,0.1559929451637296,0.18571428571428572,0.9791666666666666,0.69,0.042230644288034656,60479424.0
846,Italy,2022-05-26,20867.0,94.0,205.859,47.9,23.021,16.24,0.04205195348477598,-0.0390625,-0.006495282016564665,0.007821695713255116,0.017960697007425717,0.1559929451637296,0.18571428571428572,0.9791666666666666,0.69,0.042230644288034656,60479424.0
847,Italy,2022-05-27,21820.0,118.0,205.859,47.9,23.021,16.24,0.04205195348477598,-0.0390625,-0.006495282016564665,0.007821695713255116,0.017960697007425717,0.1559929451637296,0.18571428571428572,0.9791666666666666,0.69,0.042230644288034656,60479424.0
848,Italy,2022-05-28,18622.0,66.0,205.859,47.9,23.021,16.24,0.04205195348477598,-0.0390625,-0.006495282016564665,0.007821695713255116,0.017960697007425717,0.1559929451637296,0.18571428571428572,0.9791666666666666,0.69,0.042230644288034656,60479424.0
849,Italy,2022-05-29,15136.0,27.0,205.859,47.9,23.021,16.24,0.04205195348477598,-0.0390625,-0.006495282016564665,0.007821695713255116,0.017960697007425717,0.1559929451637296,0.18571428571428572,0.9791666666666666,0.69,0.042230644288034656,60479424.0
850,Italy,2022-05-30,7846.0,62.0,205.859,47.9,23.021,16.24,0.04205195348477598,-0.0390625,-0.006495282016564665,0.007821695713255116,0.017960697007425717,0.1559929451637296,0.18571428571428572,0.9791666666666666,0.69,0.042230644288034656,60479424.0
851,Italy,2022-05-31,24687.0,66.0,205.859,47.9,23.021,16.24,0.04205195348477598,-0.0390625,-0.006495282016564665,0.007821695713255116,0.017960697007425717,0.1559929451637296,0.18571428571428572,0.9791666666666666,0.69,0.042230644288034656,60479424.0
852,Italy,2022-06-01,18822.0,59.0,205.859,47.9,23.021,16.24,0.04205195348477598,-0.0390625,-0.006495282016564665,0.007821695713255116,0.017960697007425717,0.1559929451637296,0.18571428571428572,0.9791666666666666,0.69,0.042230644288034656,60479424.0
853,Italy,2022-06-02,17718.0,79.0,205.859,47.9,23.021,16.24,0.04205195348477598,-0.0390625,-0.006495282016564665,0.007821695713255116,0.017960697007425717,0.1559929451637296,0.18571428571428572,0.9791666666666666,0.69,0.042230644288034656,60479424.0
854,Italy,2022-06-03,9692.0,40.0,205.859,47.9,23.021,16.24,0.04205195348477598,-0.0390625,-0.006495282016564665,0.007821695713255116,0.017960697007425717,0.1559929451637296,0.18571428571428572,0.9791666666666666,0.69,0.042230644288034656,60479424.0
855,Italy,2022-06-04,22809.0,47.0,205.859,47.9,23.021,16.24,0.04205195348477598,-0.0390625,-0.006495282016564665,0.007821695713255116,0.017960697007425717,0.1559929451637296,0.18571428571428572,0.9791666666666666,0.69,0.042230644288034656,60479424.0
856,Italy,2022-06-05,15522.0,27.0,205.859,47.9,23.021,16.24,0.04205195348477598,-0.0390625,-0.006495282016564665,0.007821695713255116,0.017960697007425717,0.1559929451637296,0.18571428571428572,0.9791666666666666,0.69,0.042230644288034656,60479424.0
857,Italy,2022-06-06,8616.0,70.0,205.859,47.9,23.021,16.24,0.04205195348477598,-0.0390625,-0.006495282016564665,0.007821695713255116,0.017960697007425717,0.1559929451637296,0.18571428571428572,0.9791666666666666,0.69,0.042230644288034656,60479424.0
858,Italy,2022-06-07,28547.0,70.0,205.859,47.9,23.021,16.24,0.04205195348477598,-0.0390625,-0.006495282016564665,0.007821695713255116,0.017960697007425717,0.1559929451637296,0.18571428571428572,0.9791666666666666,0.69,0.042230644288034656,60479424.0
859,Italy,2022-06-08,22925.0,80.0,205.859,47.9,23.021,16.24,0.04205195348477598,-0.0390625,-0.006495282016564665,0.007821695713255116,0.017960697007425717,0.1559929451637296,0.18571428571428572,0.9791666666666666,0.69,0.042230644288034656,60479424.0
860,Italy,2022-06-09,23534.0,84.0,205.859,47.9,23.021,16.24,0.04205195348477598,-0.0390625,-0.006495282016564665,0.007821695713255116,0.017960697007425717,0.1559929451637296,0.18571428571428572,0.9791666666666666,0.69,0.042230644288034656,60479424.0
861,Italy,2022-06-10,22012.0,52.0,205.859,47.9,23.021,16.24,0.04205195348477598,-0.0390625,-0.006495282016564665,0.007821695713255116,0.017960697007425717,0.1559929451637296,0.18571428571428572,0.9791666666666666,0.69,0.042230644288034656,60479424.0
862,Italy,2022-06-11,22458.0,60.0,205.859,47.9,23.021,16.24,0.04205195348477598,-0.0390625,-0.006495282016564665,0.007821695713255116,0.017960697007425717,0.1559929451637296,0.18571428571428572,0.9791666666666666,0.69,0.042230644288034656,60479424.0
863,Italy,2022-06-12,19310.0,26.0,205.859,47.9,23.021,16.24,0.04205195348477598,-0.0390625,-0.006495282016564665,0.007821695713255116,0.017960697007425717,0.1559929451637296,0.18571428571428572,0.9791666666666666,0.69,0.042230644288034656,60479424.0
864,Italy,2022-06-13,10668.0,41.0,205.859,47.9,23.021,16.24,0.04205195348477598,-0.0390625,-0.006495282016564665,0.007821695713255116,0.017960697007425717,0.1559929451637296,0.18571428571428572,0.9791666666666666,0.69,0.042230644288034656,60479424.0
865,Italy,2022-06-14,39844.0,73.0,205.859,47.9,23.021,16.24,0.04205195348477598,-0.0390625,-0.006495282016564665,0.007821695713255116,0.017960697007425717,0.1559929451637296,0.18571428571428572,0.9791666666666666,0.69,0.042230644288034656,60479424.0
866,Italy,2022-06-15,32809.0,48.0,205.859,47.9,23.021,16.24,0.04205195348477598,-0.0390625,-0.006495282016564665,0.007821695713255116,0.017960697007425717,0.1559929451637296,0.18571428571428572,0.9791666666666666,0.69,0.042230644288034656,60479424.0
867,Italy,2022-06-16,37068.0,64.0,205.859,47.9,23.021,16.24,0.04205195348477598,-0.0390625,-0.006495282016564665,0.007821695713255116,0.017960697007425717,0.1559929451637296,0.18571428571428572,0.9791666666666666,0.69,0.042230644288034656,60479424.0
868,Italy,2022-06-17,36170.0,41.0,205.859,47.9,23.021,16.24,0.04205195348477598,-0.0390625,-0.006495282016564665,0.007821695713255116,0.017960697007425717,0.1559929451637296,0.18571428571428572,0.9791666666666666,0.69,0.042230644288034656,60479424.0
869,Italy,2022-06-18,34971.0,45.0,205.859,47.9,23.021,16.24,0.04205195348477598,-0.0390625,-0.006495282016564665,0.007821695713255116,0.017960697007425717,0.1559929451637296,0.18571428571428572,0.9791666666666666,0.69,0.042230644288034656,60479424.0
870,Italy,2022-06-19,34255.0,18.0,205.859,47.9,23.021,16.24,0.04205195348477598,-0.0390625,-0.006495282016564665,0.007821695713255116,0.017960697007425717,0.1559929451637296,0.18571428571428572,0.9791666666666666,0.69,0.042230644288034656,60479424.0
871,Italy,2022-06-20,16905.0,59.0,205.859,47.9,23.021,16.24,0.04205195348477598,-0.0390625,-0.006495282016564665,0.007821695713255116,0.017960697007425717,0.1559929451637296,0.18571428571428572,0.9791666666666666,0.69,0.042230644288034656,60479424.0
872,Italy,2022-06-21,63264.0,62.0,205.859,47.9,23.021,16.24,0.04205195348477598,-0.0390625,-0.006495282016564665,0.007821695713255116,0.017960697007425717,0.1559929451637296,0.18571428571428572,0.9791666666666666,0.69,0.042230644288034656,60479424.0
873,Italy,2022-06-22,54873.0,50.0,205.859,47.9,23.021,16.24,0.04205195348477598,-0.0390625,-0.006495282016564665,0.007821695713255116,0.017960697007425717,0.1559929451637296,0.18571428571428572,0.9791666666666666,0.69,0.042230644288034656,60479424.0
874,Italy,2022-06-23,57432.0,75.0,205.859,47.9,23.021,16.24,0.04205195348477598,-0.0390625,-0.006495282016564665,0.007821695713255116,0.017960697007425717,0.1559929451637296,0.18571428571428572,0.9791666666666666,0.69,0.042230644288034656,60479424.0
875,Italy,2022-06-24,56410.0,51.0,205.859,47.9,23.021,16.24,0.04205195348477598,-0.0390625,-0.006495282016564665,0.007821695713255116,0.017960697007425717,0.1559929451637296,0.18571428571428572,0.9791666666666666,0.69,0.042230644288034656,60479424.0
876,Italy,2022-06-25,56873.0,40.0,205.859,47.9,23.021,16.24,0.04205195348477598,-0.0390625,-0.006495282016564665,0.007821695713255116,0.017960697007425717,0.1559929451637296,0.18571428571428572,0.9791666666666666,0.69,0.042230644288034656,60479424.0
877,Italy,2022-06-26,49325.0,44.0,205.859,47.9,23.021,16.24,0.04205195348477598,-0.0390625,-0.006495282016564665,0.007821695713255116,0.017960697007425717,0.1559929451637296,0.18571428571428572,0.9791666666666666,0.69,0.042230644288034656,60479424.0
878,Italy,2022-06-27,25019.0,63.0,205.859,47.9,23.021,16.24,0.04205195348477598,-0.0390625,-0.006495282016564665,0.007821695713255116,0.017960697007425717,0.1559929451637296,0.18571428571428572,0.9791666666666666,0.69,0.042230644288034656,60479424.0
879,Italy,2022-06-28,84161.0,69.0,205.859,47.9,23.021,16.24,0.04205195348477598,-0.0390625,-0.006495282016564665,0.007821695713255116,0.017960697007425717,0.1559929451637296,0.18571428571428572,0.9791666666666666,0.69,0.042230644288034656,60479424.0
880,Italy,2022-06-29,95455.0,60.0,205.859,47.9,23.021,16.24,0.04205195348477598,-0.0390625,-0.006495282016564665,0.007821695713255116,0.017960697007425717,0.1559929451637296,0.18571428571428572,0.9791666666666666,0.69,0.042230644288034656,60479424.0
881,Italy,2022-06-30,84234.0,59.0,205.859,47.9,23.021,16.24,0.04205195348477598,-0.0390625,-0.006495282016564665,0.007821695713255116,0.017960697007425717,0.1559929451637296,0.18571428571428572,0.9791666666666666,0.69,0.042230644288034656,60479424.0
882,Italy,2022-07-01,86900.0,72.0,205.859,47.9,23.021,16.24,0.04205195348477598,-0.0390625,-0.006495282016564665,0.007821695713255116,0.017960697007425717,0.1559929451637296,0.18571428571428572,0.9791666666666666,0.69,0.042230644288034656,60479424.0
883,Italy,2022-07-02,85943.0,63.0,205.859,47.9,23.021,16.24,0.04205195348477598,-0.0390625,-0.006495282016564665,0.007821695713255116,0.017960697007425717,0.1559929451637296,0.18571428571428572,0.9791666666666666,0.69,0.042230644288034656,60479424.0
884,Italy,2022-07-03,72917.0,57.0,205.859,47.9,23.021,16.24,0.04205195348477598,-0.0390625,-0.006495282016564665,0.007821695713255116,0.017960697007425717,0.1559929451637296,0.18571428571428572,0.9791666666666666,0.69,0.042230644288034656,60479424.0
885,Italy,2022-07-04,36885.0,59.0,205.859,47.9,23.021,16.24,0.04205195348477598,-0.0390625,-0.006495282016564665,0.007821695713255116,0.017960697007425717,0.1559929451637296,0.18571428571428572,0.9791666666666666,0.69,0.042230644288034656,60479424.0
886,Italy,2022-07-05,133015.0,94.0,205.859,47.9,23.021,16.24,0.04205195348477598,-0.0390625,-0.006495282016564665,0.007821695713255116,0.017960697007425717,0.1559929451637296,0.18571428571428572,0.9791666666666666,0.69,0.042230644288034656,60479424.0
887,Italy,2022-07-06,110017.0,72.0,205.859,47.9,23.021,16.24,0.04205195348477598,-0.0390625,-0.006495282016564665,0.007821695713255116,0.017960697007425717,0.1559929451637296,0.18571428571428572,0.9791666666666666,0.69,0.042230644288034656,60479424.0
888,Italy,2022-07-07,108386.0,94.0,205.859,47.9,23.021,16.24,0.04205195348477598,-0.0390625,-0.006495282016564665,0.007821695713255116,0.017960697007425717,0.1559929451637296,0.18571428571428572,0.9791666666666666,0.69,0.042230644288034656,60479424.0
889,Italy,2022-07-08,101863.0,105.0,205.859,47.9,23.021,16.24,0.04205195348477598,-0.0390625,-0.006495282016564665,0.007821695713255116,0.017960697007425717,0.1559929451637296,0.18571428571428572,0.9791666666666666,0.69,0.042230644288034656,60479424.0
890,Italy,2022-07-09,98901.0,93.0,205.859,47.9,23.021,16.24,0.04205195348477598,-0.0390625,-0.006495282016564665,0.007821695713255116,0.017960697007425717,0.1559929451637296,0.18571428571428572,0.9791666666666666,0.69,0.042230644288034656,60479424.0
891,Italy,2022-07-10,81563.0,44.0,205.859,47.9,23.021,16.24,0.04205195348477598,-0.0390625,-0.006495282016564665,0.007821695713255116,0.017960697007425717,0.1559929451637296,0.18571428571428572,0.9791666666666666,0.69,0.042230644288034656,60479424.0
892,Italy,2022-07-11,83761.0,127.0,205.859,47.9,23.021,16.24,0.04205195348477598,-0.0390625,-0.006495282016564665,0.007821695713255116,0.017960697007425717,0.1559929451637296,0.18571428571428572,0.9791666666666666,0.69,0.042230644288034656,60479424.0
893,Italy,2022-07-12,144058.0,157.0,205.859,47.9,23.021,16.24,0.04205195348477598,-0.0390625,-0.006495282016564665,0.007821695713255116,0.017960697007425717,0.1559929451637296,0.18571428571428572,0.9791666666666666,0.69,0.042230644288034656,60479424.0
894,Italy,2022-07-13,111591.0,106.0,205.859,47.9,23.021,16.24,0.04205195348477598,-0.0390625,-0.006495282016564665,0.007821695713255116,0.017960697007425717,0.1559929451637296,0.18571428571428572,0.9791666666666666,0.69,0.042230644288034656,60479424.0
895,Italy,2022-07-14,108632.0,105.0,205.859,47.9,23.021,16.24,0.04205195348477598,-0.0390625,-0.006495282016564665,0.007821695713255116,0.017960697007425717,0.1559929451637296,0.18571428571428572,0.9791666666666666,0.69,0.042230644288034656,60479424.0
896,Italy,2022-07-15,97936.0,134.0,205.859,47.9,23.021,16.24,0.04205195348477598,-0.0390625,-0.006495282016564665,0.007821695713255116,0.017960697007425717,0.1559929451637296,0.18571428571428572,0.9791666666666666,0.69,0.042230644288034656,60479424.0
897,Italy,2022-07-16,91384.0,111.0,205.859,47.9,23.021,16.24,0.04205195348477598,-0.0390625,-0.006495282016564665,0.007821695713255116,0.017960697007425717,0.1559929451637296,0.18571428571428572,0.9791666666666666,0.69,0.042230644288034656,60479424.0
898,Italy,2022-07-17,68996.0,79.0,205.859,47.9,23.021,16.24,0.04205195348477598,-0.0390625,-0.006495282016564665,0.007821695713255116,0.017960697007425717,0.1559929451637296,0.18571428571428572,0.9791666666666666,0.69,0.042230644288034656,60479424.0
899,Italy,2022-07-18,32051.0,112.0,205.859,47.9,23.021,16.24,0.04205195348477598,-0.0390625,-0.006495282016564665,0.007821695713255116,0.017960697007425717,0.1559929451637296,0.18571428571428572,0.9791666666666666,0.69,0.042230644288034656,60479424.0
900,Italy,2022-07-19,121103.0,176.0,205.859,47.9,23.021,16.24,0.04205195348477598,-0.0390625,-0.006495282016564665,0.007821695713255116,0.017960697007425717,0.1559929451637296,0.18571428571428572,0.9791666666666666,0.69,0.042230644288034656,60479424.0
901,Italy,2022-07-20,86801.0,157.0,205.859,47.9,23.021,16.24,0.04205195348477598,-0.0390625,-0.006495282016564665,0.007821695713255116,0.017960697007425717,0.1559929451637296,0.18571428571428572,0.9791666666666666,0.69,0.042230644288034656,60479424.0
902,Italy,2022-07-21,81535.0,157.0,205.859,47.9,23.021,16.24,0.04205195348477598,-0.0390625,-0.006495282016564665,0.007821695713255116,0.017960697007425717,0.1559929451637296,0.18571428571428572,0.9791666666666666,0.69,0.042230644288034656,60479424.0
903,Italy,2022-07-22,71667.0,155.0,205.859,47.9,23.021,16.24,0.04205195348477598,-0.0390625,-0.006495282016564665,0.007821695713255116,0.017960697007425717,0.1559929451637296,0.18571428571428572,0.9791666666666666,0.69,0.042230644288034656,60479424.0
904,Italy,2022-07-23,69174.0,116.0,205.859,47.9,23.021,16.24,0.04205195348477598,-0.0390625,-0.006495282016564665,0.007821695713255116,0.017960697007425717,0.1559929451637296,0.18571428571428572,0.9791666666666666,0.69,0.042230644288034656,60479424.0
905,Italy,2022-07-24,51875.0,77.0,205.859,47.9,23.021,16.24,0.04205195348477598,-0.0390625,-0.006495282016564665,0.007821695713255116,0.017960697007425717,0.1559929451637296,0.18571428571428572,0.9791666666666666,0.69,0.042230644288034656,60479424.0
906,Italy,2022-07-25,24117.0,104.0,205.859,47.9,23.021,16.24,0.04205195348477598,-0.0390625,-0.006495282016564665,0.007821695713255116,0.017960697007425717,0.1559929451637296,0.18571428571428572,0.9791666666666666,0.69,0.042230644288034656,60479424.0
907,Italy,2022-07-26,88651.0,253.0,205.859,47.9,23.021,16.24,0.04205195348477598,-0.0390625,-0.006495282016564665,0.007821695713255116,0.017960697007425717,0.1559929451637296,0.18571428571428572,0.9791666666666666,0.69,0.042230644288034656,60479424.0
908,Italy,2022-07-27,64400.0,207.0,205.859,47.9,23.021,16.24,0.04205195348477598,-0.0390625,-0.006495282016564665,0.007821695713255116,0.017960697007425717,0.1559929451637296,0.18571428571428572,0.9791666666666666,0.69,0.042230644288034656,60479424.0
909,Italy,2022-07-28,60826.0,199.0,205.859,47.9,23.021,16.24,0.04205195348477598,-0.0390625,-0.006495282016564665,0.007821695713255116,0.017960697007425717,0.1559929451637296,0.18571428571428572,0.9791666666666666,0.69,0.042230644288034656,60479424.0
910,Italy,2022-07-29,54417.0,244.0,205.859,47.9,23.021,16.24,0.04205195348477598,-0.0390625,-0.006495282016564665,0.007821695713255116,0.017960697007425717,0.1559929451637296,0.18571428571428572,0.9791666666666666,0.69,0.042230644288034656,60479424.0
911,Italy,2022-07-30,50297.0,121.0,205.859,47.9,23.021,16.24,0.04205195348477598,-0.0390625,-0.006495282016564665,0.007821695713255116,0.017960697007425717,0.1559929451637296,0.18571428571428572,0.9791666666666666,0.69,0.042230644288034656,60479424.0
912,Italy,2022-07-31,37252.0,83.0,205.859,47.9,23.021,16.24,0.04205195348477598,-0.0390625,-0.006495282016564665,0.007821695713255116,0.017960697007425717,0.1559929451637296,0.18571428571428572,0.9791666666666666,0.69,0.042230644288034656,60479424.0
913,Italy,2022-08-01,19520.0,121.0,205.859,47.9,23.021,16.24,0.04205195348477598,-0.0390625,-0.006495282016564665,0.007821695713255116,0.017960697007425717,0.1559929451637296,0.18571428571428572,0.9791666666666666,0.69,0.042230644288034656,60479424.0
914,Italy,2022-08-02,65099.0,190.0,205.859,47.9,23.021,16.24,0.04205195348477598,-0.0390625,-0.006495282016564665,0.007821695713255116,0.017960697007425717,0.1559929451637296,0.18571428571428572,0.9791666666666666,0.69,0.042230644288034656,60479424.0
915,Italy,2022-08-03,45956.0,171.0,205.859,47.9,23.021,16.24,0.04205195348477598,-0.0390625,-0.006495282016564665,0.007821695713255116,0.017960697007425717,0.1559929451637296,0.18571428571428572,0.9791666666666666,0.69,0.042230644288034656,60479424.0
916,Italy,2022-08-04,42959.0,161.0,205.859,47.9,23.021,16.24,0.04205195348477598,-0.0390625,-0.006495282016564665,0.007821695713255116,0.017960697007425717,0.1559929451637296,0.18571428571428572,0.9791666666666666,0.69,0.042230644288034656,60479424.0
917,Italy,2022-08-05,38215.0,175.0,205.859,47.9,23.021,16.24,0.04205195348477598,-0.0390625,-0.006495282016564665,0.007821695713255116,0.017960697007425717,0.1559929451637296,0.18571428571428572,0.9791666666666666,0.69,0.042230644288034656,60479424.0
918,Italy,2022-08-06,34997.0,158.0,205.859,47.9,23.021,16.24,0.04205195348477598,-0.0390625,-0.006495282016564665,0.007821695713255116,0.017960697007425717,0.1559929451637296,0.18571428571428572,0.9791666666666666,0.69,0.042230644288034656,60479424.0
919,Italy,2022-08-07,26656.0,74.0,205.859,47.9,23.021,16.24,0.04205195348477598,-0.0390625,-0.006495282016564665,0.007821695713255116,0.017960697007425717,0.1559929451637296,0.18571428571428572,0.9791666666666666,0.69,0.042230644288034656,60479424.0
920,Italy,2022-08-08,11975.0,113.0,205.859,47.9,23.021,16.24,0.04205195348477598,-0.0390625,-0.006495282016564665,0.007821695713255116,0.017960697007425717,0.1559929451637296,0.18571428571428572,0.9791666666666666,0.69,0.042230644288034656,60479424.0
921,Italy,2022-08-09,43078.0,177.0,205.859,47.9,23.021,16.24,0.04205195348477598,-0.0390625,-0.006495282016564665,0.007821695713255116,0.017960697007425717,0.1559929451637296,0.18571428571428572,0.9791666666666666,0.69,0.042230644288034656,60479424.0
922,Italy,2022-08-10,31699.0,145.0,205.859,47.9,23.021,16.24,0.04205195348477598,-0.0390625,-0.006495282016564665,0.007821695713255116,0.017960697007425717,0.1559929451637296,0.18571428571428572,0.9791666666666666,0.69,0.042230644288034656,60479424.0
923,Italy,2022-08-11,28423.0,130.0,205.859,47.9,23.021,16.24,0.04205195348477598,-0.0390625,-0.006495282016564665,0.007821695713255116,0.017960697007425717,0.1559929451637296,0.18571428571428572,0.9791666666666666,0.69,0.042230644288034656,60479424.0
924,Italy,2022-08-12,26689.0,152.0,205.859,47.9,23.021,16.24,0.04205195348477598,-0.0390625,-0.006495282016564665,0.007821695713255116,0.017960697007425717,0.1559929451637296,0.18571428571428572,0.9791666666666666,0.69,0.042230644288034656,60479424.0
925,Italy,2022-08-13,24785.0,129.0,205.859,47.9,23.021,16.24,0.04205195348477598,-0.0390625,-0.006495282016564665,0.007821695713255116,0.017960697007425717,0.1559929451637296,0.18571428571428572,0.9791666666666666,0.69,0.042230644288034656,60479424.0
926,Italy,2022-08-14,19455.0,78.0,205.859,47.9,23.021,16.24,0.04205195348477598,-0.0390625,-0.006495282016564665,0.007821695713255116,0.017960697007425717,0.1559929451637296,0.18571428571428572,0.9791666666666666,0.69,0.042230644288034656,60479424.0
927,Italy,2022-08-15,9893.0,42.0,205.859,47.9,23.021,16.24,0.04205195348477598,-0.0390625,-0.006495282016564665,0.007821695713255116,0.017960697007425717,0.1559929451637296,0.18571428571428572,0.9791666666666666,0.69,0.042230644288034656,60479424.0
928,Italy,2022-08-16,8941.0,70.0,205.859,47.9,23.021,16.24,0.04205195348477598,-0.0390625,-0.006495282016564665,0.007821695713255116,0.017960697007425717,0.1559929451637296,0.18571428571428572,0.9791666666666666,0.69,0.042230644288034656,60479424.0
929,Italy,2022-08-17,36261.0,128.0,205.859,47.9,23.021,16.24,0.04205195348477598,-0.0390625,-0.006495282016564665,0.007821695713255116,0.017960697007425717,0.1559929451637296,0.18571428571428572,0.9791666666666666,0.69,0.042230644288034656,60479424.0
930,Italy,2022-08-18,27291.0,147.0,205.859,47.9,23.021,16.24,0.04205195348477598,-0.0390625,-0.006495282016564665,0.007821695713255116,0.017960697007425717,0.1559929451637296,0.18571428571428572,0.9791666666666666,0.69,0.042230644288034656,60479424.0
931,Italy,2022-08-19,24689.0,124.0,205.859,47.9,23.021,16.24,0.04205195348477598,-0.0390625,-0.006495282016564665,0.007821695713255116,0.017960697007425717,0.1559929451637296,0.18571428571428572,0.9791666666666666,0.69,0.042230644288034656,60479424.0
932,Italy,2022-08-20,24392.0,88.0,205.859,47.9,23.021,16.24,0.04205195348477598,-0.0390625,-0.006495282016564665,0.007821695713255116,0.017960697007425717,0.1559929451637296,0.18571428571428572,0.9791666666666666,0.69,0.042230644288034656,60479424.0
933,Italy,2022-08-21,19470.0,63.0,205.859,47.9,23.021,16.24,0.04205195348477598,-0.0390625,-0.006495282016564665,0.007821695713255116,0.017960697007425717,0.1559929451637296,0.18571428571428572,0.9791666666666666,0.69,0.042230644288034656,60479424.0
934,Italy,2022-08-22,10417.0,75.0,205.859,47.9,23.021,16.24,0.04205195348477598,-0.0390625,-0.006495282016564665,0.007821695713255116,0.017960697007425717,0.1559929451637296,0.18571428571428572,0.9791666666666666,0.69,0.042230644288034656,60479424.0
935,Italy,2022-08-23,35357.0,134.0,205.859,47.9,23.021,16.24,0.04205195348477598,-0.0390625,-0.006495282016564665,0.007821695713255116,0.017960697007425717,0.1559929451637296,0.18571428571428572,0.9791666666666666,0.69,0.042230644288034656,60479424.0
936,Italy,2022-08-24,25388.0,112.0,205.859,47.9,23.021,16.24,0.04205195348477598,-0.0390625,-0.006495282016564665,0.007821695713255116,0.017960697007425717,0.1559929451637296,0.18571428571428572,0.9791666666666666,0.69,0.042230644288034656,60479424.0
937,Italy,2022-08-25,23435.0,84.0,205.859,47.9,23.021,16.24,0.04205195348477598,-0.0390625,-0.006495282016564665,0.007821695713255116,0.017960697007425717,0.1559929451637296,0.18571428571428572,0.9791666666666666,0.69,0.042230644288034656,60479424.0
938,Italy,2022-08-26,21995.0,99.0,205.859,47.9,23.021,16.24,0.04205195348477598,-0.0390625,-0.006495282016564665,0.007821695713255116,0.017960697007425717,0.1559929451637296,0.18571428571428572,0.9791666666666666,0.69,0.042230644288034656,60479424.0
939,Italy,2022-08-27,21802.0,80.0,205.859,47.9,23.021,16.24,0.04205195348477598,-0.0390625,-0.006495282016564665,0.007821695713255116,0.017960697007425717,0.1559929451637296,0.18571428571428572,0.9791666666666666,0.69,0.042230644288034656,60479424.0
940,Italy,2022-08-28,17647.0,41.0,205.859,47.9,23.021,16.24,0.04205195348477598,-0.0390625,-0.006495282016564665,0.007821695713255116,0.017960697007425717,0.1559929451637296,0.18571428571428572,0.9791666666666666,0.69,0.042230644288034656,60479424.0
941,Italy,2022-08-29,8347.0,60.0,205.859,47.9,23.021,16.24,0.04205195348477598,-0.0390625,-0.006495282016564665,0.007821695713255116,0.017960697007425717,0.1559929451637296,0.18571428571428572,0.9791666666666666,0.69,0.042230644288034656,60479424.0
942,Italy,2022-08-30,31087.0,98.0,205.859,47.9,23.021,16.24,0.04205195348477598,-0.0390625,-0.006495282016564665,0.007821695713255116,0.017960697007425717,0.1559929451637296,0.18571428571428572,0.9791666666666666,0.69,0.042230644288034656,60479424.0
943,Italy,2022-08-31,21814.0,90.0,205.859,47.9,23.021,16.24,0.04205195348477598,-0.0390625,-0.006495282016564665,0.007821695713255116,0.017960697007425717,0.1559929451637296,0.18571428571428572,0.9791666666666666,0.69,0.042230644288034656,60479424.0
944,Italy,2022-09-01,20498.0,68.0,205.859,47.9,23.021,16.24,0.04205195348477598,-0.0390625,-0.006495282016564665,0.007821695713255116,0.017960697007425717,0.1559929451637296,0.18571428571428572,0.9791666666666666,0.69,0.042230644288034656,60479424.0
945,Italy,2022-09-02,19158.0,91.0,205.859,47.9,23.021,16.24,0.04205195348477598,-0.0390625,-0.006495282016564665,0.007821695713255116,0.017960697007425717,0.1559929451637296,0.18571428571428572,0.9791666666666666,0.69,0.042230644288034656,60479424.0
946,Italy,2022-09-03,17660.0,48.0,205.859,47.9,23.021,16.24,0.04205195348477598,-0.0390625,-0.006495282016564665,0.007821695713255116,0.017960697007425717,0.1559929451637296,0.18571428571428572,0.9791666666666666,0.69,0.042230644288034656,60479424.0
947,Italy,2022-09-04,13196.0,30.0,205.859,47.9,23.021,16.24,0.04205195348477598,-0.0390625,-0.006495282016564665,0.007821695713255116,0.017960697007425717,0.1559929451637296,0.18571428571428572,0.9791666666666666,0.69,0.042230644288034656,60479424.0
948,Italy,2022-09-05,6608.0,40.0,205.859,47.9,23.021,16.24,0.04205195348477598,-0.0390625,-0.006495282016564665,0.007821695713255116,0.017960697007425717,0.1559929451637296,0.18571428571428572,0.9791666666666666,0.69,0.042230644288034656,60479424.0
949,Italy,2022-09-06,24848.0,80.0,205.859,47.9,23.021,16.24,0.04205195348477598,-0.0390625,-0.006495282016564665,0.007821695713255116,0.017960697007425717,0.1559929451637296,0.18571428571428572,0.9791666666666666,0.69,0.042230644288034656,60479424.0
950,Italy,2022-09-07,17570.0,57.0,205.859,47.9,23.021,16.24,0.04205195348477598,-0.0390625,-0.006495282016564665,0.007821695713255116,0.017960697007425717,0.1559929451637296,0.18571428571428572,0.9791666666666666,0.69,0.042230644288034656,60479424.0
951,Italy,2022-09-08,17317.0,89.0,205.859,47.9,23.021,16.24,0.04205195348477598,-0.0390625,-0.006495282016564665,0.007821695713255116,0.017960697007425717,0.1559929451637296,0.18571428571428572,0.9791666666666666,0.69,0.042230644288034656,60479424.0
952,Italy,2022-09-09,15542.0,59.0,205.859,47.9,23.021,16.24,0.04205195348477598,-0.0390625,-0.006495282016564665,0.007821695713255116,0.017960697007425717,0.1559929451637296,0.18571428571428572,0.9791666666666666,0.69,0.042230644288034656,60479424.0
953,Italy,2022-09-10,15137.0,47.0,205.859,47.9,23.021,16.24,0.04205195348477598,-0.0390625,-0.006495282016564665,0.007821695713255116,0.017960697007425717,0.1559929451637296,0.18571428571428572,0.9791666666666666,0.69,0.042230644288034656,60479424.0
954,Italy,2022-09-11,11901.0,34.0,205.859,47.9,23.021,16.24,0.04205195348477598,-0.0390625,-0.006495282016564665,0.007821695713255116,0.017960697007425717,0.1559929451637296,0.18571428571428572,0.9791666666666666,0.69,0.042230644288034656,60479424.0
955,Italy,2022-09-12,7251.0,4.0,205.859,47.9,23.021,16.24,0.04205195348477598,-0.0390625,-0.006495282016564665,0.007821695713255116,0.017960697007425717,0.1559929451637296,0.18571428571428572,0.9791666666666666,0.69,0.042230644288034656,60479424.0
956,Italy,2022-09-13,23158.0,93.0,205.859,47.9,23.021,16.24,0.04205195348477598,-0.0390625,-0.006495282016564665,0.007821695713255116,0.017960697007425717,0.1559929451637296,0.18571428571428572,0.9791666666666666,0.69,0.042230644288034656,60479424.0
957,Italy,2022-09-14,18849.0,69.0,205.859,47.9,23.021,16.24,0.04205195348477598,-0.0390625,-0.006495282016564665,0.007821695713255116,0.017960697007425717,0.1559929451637296,0.18571428571428572,0.9791666666666666,0.69,0.042230644288034656,60479424.0
958,Italy,2022-09-15,17973.0,60.0,205.859,47.9,23.021,16.24,0.04205195348477598,-0.0390625,-0.006495282016564665,0.007821695713255116,0.017960697007425717,0.1559929451637296,0.18571428571428572,0.9791666666666666,0.69,0.042230644288034656,60479424.0
959,Italy,2022-09-16,17362.0,44.0,205.859,47.9,23.021,16.24,0.04205195348477598,-0.0390625,-0.006495282016564665,0.007821695713255116,0.017960697007425717,0.1559929451637296,0.18571428571428572,0.9791666666666666,0.69,0.042230644288034656,60479424.0
960,Italy,2022-09-17,17150.0,38.0,205.859,47.9,23.021,16.24,0.04205195348477598,-0.0390625,-0.006495282016564665,0.007821695713255116,0.017960697007425717,0.1559929451637296,0.18571428571428572,0.9791666666666666,0.69,0.042230644288034656,60479424.0
961,Italy,2022-09-18,12081.0,32.0,205.859,47.9,23.021,16.24,0.04205195348477598,-0.0390625,-0.006495282016564665,0.007821695713255116,0.017960697007425717,0.1559929451637296,0.18571428571428572,0.9791666666666666,0.69,0.042230644288034656,60479424.0
962,Italy,2022-09-19,8257.0,31.0,205.859,47.9,23.021,16.24,0.04205195348477598,-0.0390625,-0.006495282016564665,0.007821695713255116,0.017960697007425717,0.1559929451637296,0.18571428571428572,0.9791666666666666,0.69,0.042230644288034656,60479424.0
963,Italy,2022-09-20,28385.0,60.0,205.859,47.9,23.021,16.24,0.04205195348477598,-0.0390625,-0.006495282016564665,0.007821695713255116,0.017960697007425717,0.1559929451637296,0.18571428571428572,0.9791666666666666,0.69,0.042230644288034656,60479424.0
964,Italy,2022-09-21,21188.0,46.0,205.859,47.9,23.021,16.24,0.04205195348477598,-0.0390625,-0.006495282016564665,0.007821695713255116,0.017960697007425717,0.1559929451637296,0.18571428571428572,0.9791666666666666,0.69,0.042230644288034656,60479424.0
965,Italy,2022-09-22,22523.0,60.0,205.859,47.9,23.021,16.24,0.04205195348477598,-0.0390625,-0.006495282016564665,0.007821695713255116,0.017960697007425717,0.1559929451637296,0.18571428571428572,0.9791666666666666,0.69,0.042230644288034656,60479424.0
966,Italy,2022-09-23,21083.0,49.0,205.859,47.9,23.021,16.24,0.04205195348477598,-0.0390625,-0.006495282016564665,0.007821695713255116,0.017960697007425717,0.1559929451637296,0.18571428571428572,0.9791666666666666,0.69,0.042230644288034656,60479424.0
967,Italy,2022-09-24,22360.0,43.0,205.859,47.9,23.021,16.24,0.04205195348477598,-0.0390625,-0.006495282016564665,0.007821695713255116,0.017960697007425717,0.1559929451637296,0.18571428571428572,0.9791666666666666,0.69,0.042230644288034656,60479424.0
968,Italy,2022-09-25,18794.0,13.0,205.859,47.9,23.021,16.24,0.04205195348477598,-0.0390625,-0.006495282016564665,0.007821695713255116,0.017960697007425717,0.1559929451637296,0.18571428571428572,0.9791666666666666,0.69,0.042230644288034656,60479424.0
969,Italy,2022-09-26,10006.0,32.0,205.859,47.9,23.021,16.24,0.04205195348477598,-0.0390625,-0.006495282016564665,0.007821695713255116,0.017960697007425717,0.1559929451637296,0.18571428571428572,0.9791666666666666,0.69,0.042230644288034656,60479424.0
970,Italy,2022-09-27,44875.0,64.0,205.859,47.9,23.021,16.24,0.04205195348477598,-0.0390625,-0.006495282016564665,0.007821695713255116,0.017960697007425717,0.1559929451637296,0.18571428571428572,0.9791666666666666,0.69,0.042230644288034656,60479424.0
971,Italy,2022-09-28,36795.0,48.0,205.859,47.9,23.021,16.24,0.04205195348477598,-0.0390625,-0.006495282016564665,0.007821695713255116,0.017960697007425717,0.1559929451637296,0.18571428571428572,0.9791666666666666,0.69,0.042230644288034656,60479424.0
972,Italy,2022-09-29,37521.0,30.0,205.859,47.9,23.021,16.24,0.04205195348477598,-0.0390625,-0.006495282016564665,0.007821695713255116,0.017960697007425717,0.1559929451637296,0.18571428571428572,0.9791666666666666,0.69,0.042230644288034656,60479424.0
973,Italy,2022-09-30,34475.0,38.0,205.859,47.9,23.021,16.24,0.04205195348477598,-0.0390625,-0.006495282016564665,0.007821695713255116,0.017960697007425717,0.1559929451637296,0.18571428571428572,0.9791666666666666,0.69,0.042230644288034656,60479424.0
974,Italy,2022-10-01,33068.0,38.0,205.859,47.9,23.021,16.24,0.04205195348477598,-0.0390625,-0.006495282016564665,0.007821695713255116,0.017960697007425717,0.1559929451637296,0.18571428571428572,0.9791666666666666,0.69,0.042230644288034656,60479424.0
975,Italy,2022-10-02,28906.0,20.0,205.859,47.9,23.021,16.24,0.04205195348477598,-0.0390625,-0.006495282016564665,0.007821695713255116,0.017960697007425717,0.1559929451637296,0.18571428571428572,0.9791666666666666,0.69,0.042230644288034656,60479424.0
976,Italy,2022-10-03,13316.0,47.0,205.859,47.9,23.021,16.24,0.04205195348477598,-0.0390625,-0.006495282016564665,0.007821695713255116,0.017960697007425717,0.1559929451637296,0.18571428571428572,0.9791666666666666,0.69,0.042230644288034656,60479424.0
977,Italy,2022-10-04,60272.0,60.0,205.859,47.9,23.021,16.24,0.04205195348477598,-0.0390625,-0.006495282016564665,0.007821695713255116,0.017960697007425717,0.1559929451637296,0.18571428571428572,0.9791666666666666,0.69,0.042230644288034656,60479424.0
978,Italy,2022-10-05,45223.0,43.0,205.859,47.9,23.021,16.24,0.04205195348477598,-0.0390625,-0.006495282016564665,0.007821695713255116,0.017960697007425717,0.1559929451637296,0.18571428571428572,0.9791666666666666,0.69,0.042230644288034656,60479424.0
979,Italy,2022-10-06,44849.0,56.0,205.859,47.9,23.021,16.24,0.04205195348477598,-0.0390625,-0.006495282016564665,0.007821695713255116,0.017960697007425717,0.1559929451637296,0.18571428571428572,0.9791666666666666,0.69,0.042230644288034656,60479424.0
980,Italy,2022-10-07,44665.0,62.0,205.859,47.9,23.021,16.24,0.04205195348477598,-0.0390625,-0.006495282016564665,0.007821695713255116,0.017960697007425717,0.1559929451637296,0.18571428571428572,0.9791666666666666,0.69,0.042230644288034656,60479424.0
981,Italy,2022-10-08,43716.0,60.0,205.859,47.9,23.021,16.24,0.04205195348477598,-0.0390625,-0.006495282016564665,0.007821695713255116,0.017960697007425717,0.1559929451637296,0.18571428571428572,0.9791666666666666,0.69,0.042230644288034656,60479424.0
982,Italy,2022-10-09,34443.0,41.0,205.859,47.9,23.021,16.24,0.04205195348477598,-0.0390625,-0.006495282016564665,0.007821695713255116,0.017960697007425717,0.1559929451637296,0.18571428571428572,0.9791666666666666,0.69,0.042230644288034656,60479424.0
983,Italy,2022-10-10,15089.0,51.0,205.859,47.9,23.021,16.24,0.04205195348477598,-0.0390625,-0.006495282016564665,0.007821695713255116,0.017960697007425717,0.1559929451637296,0.18571428571428572,0.9791666666666666,0.69,0.042230644288034656,60479424.0
984,Italy,2022-10-11,65917.0,80.0,205.859,47.9,23.021,16.24,0.04205195348477598,-0.0390625,-0.006495282016564665,0.007821695713255116,0.017960697007425717,0.1559929451637296,0.18571428571428572,0.9791666666666666,0.69,0.042230644288034656,60479424.0
985,Italy,2022-10-12,47754.0,69.0,205.859,47.9,23.021,16.24,0.04205195348477598,-0.0390625,-0.006495282016564665,0.007821695713255116,0.017960697007425717,0.1559929451637296,0.18571428571428572,0.9791666666666666,0.69,0.042230644288034656,60479424.0
986,Italy,2022-10-13,45705.0,66.0,205.859,47.9,23.021,16.24,0.04205195348477598,-0.0390625,-0.006495282016564665,0.007821695713255116,0.017960697007425717,0.1559929451637296,0.18571428571428572,0.9791666666666666,0.69,0.042230644288034656,60479424.0
987,Italy,2022-10-14,40576.0,98.0,205.859,47.9,23.021,16.24,0.04205195348477598,-0.0390625,-0.006495282016564665,0.007821695713255116,0.017960697007425717,0.1559929451637296,0.18571428571428572,0.9791666666666666,0.69,0.042230644288034656,60479424.0
988,Italy,2022-10-15,38968.0,73.0,205.859,47.9,23.021,16.24,0.04205195348477598,-0.0390625,-0.006495282016564665,0.007821695713255116,0.017960697007425717,0.1559929451637296,0.18571428571428572,0.9791666666666666,0.69,0.042230644288034656,60479424.0
989,Italy,2022-10-16,30238.0,32.0,205.859,47.9,23.021,16.24,0.04205195348477598,-0.0390625,-0.006495282016564665,0.007821695713255116,0.017960697007425717,0.1559929451637296,0.18571428571428572,0.9791666666666666,0.69,0.042230644288034656,60479424.0
990,Italy,2022-10-17,14030.0,93.0,205.859,47.9,23.021,16.24,0.04205195348477598,-0.0390625,-0.006495282016564665,0.007821695713255116,0.017960697007425717,0.1559929451637296,0.18571428571428572,0.9791666666666666,0.69,0.042230644288034656,60479424.0
991,Italy,2022-10-18,58357.0,113.0,205.859,47.9,23.021,16.24,0.04205195348477598,-0.0390625,-0.006495282016564665,0.007821695713255116,0.017960697007425717,0.1559929451637296,0.18571428571428572,0.9791666666666666,0.69,0.042230644288034656,60479424.0
992,Italy,2022-10-19,41703.0,81.0,205.859,47.9,23.021,16.24,0.04205195348477598,-0.0390625,-0.006495282016564665,0.007821695713255116,0.017960697007425717,0.1559929451637296,0.18571428571428572,0.9791666666666666,0.69,0.042230644288034656,60479424.0
993,Italy,2022-10-20,40560.0,84.0,205.859,47.9,23.021,16.24,0.04205195348477598,-0.0390625,-0.006495282016564665,0.007821695713255116,0.017960697007425717,0.1559929451637296,0.18571428571428572,0.9791666666666666,0.69,0.042230644288034656,60479424.0
994,Italy,2022-10-21,36114.0,91.0,205.859,47.9,23.021,16.24,0.04205195348477598,-0.0390625,-0.006495282016564665,0.007821695713255116,0.017960697007425717,0.1559929451637296,0.18571428571428572,0.9791666666666666,0.69,0.042230644288034656,60479424.0
995,Italy,2022-10-22,31775.0,92.0,205.859,47.9,23.021,16.24,0.04205195348477598,-0.0390625,-0.006495282016564665,0.007821695713255116,0.017960697007425717,0.1559929451637296,0.18571428571428572,0.9791666666666666,0.69,0.042230644288034656,60479424.0
996,Italy,2022-10-23,25553.0,52.0,205.859,47.9,23.021,16.24,0.04205195348477598,-0.0390625,-0.006495282016564665,0.007821695713255116,0.017960697007425717,0.1559929451637296,0.18571428571428572,0.9791666666666666,0.69,0.042230644288034656,60479424.0
997,Italy,2022-10-24,11605.0,39.0,205.859,47.9,23.021,16.24,0.04205195348477598,-0.0390625,-0.006495282016564665,0.007821695713255116,0.017960697007425717,0.1559929451637296,0.18571428571428572,0.9791666666666666,0.69,0.042230644288034656,60479424.0
998,Italy,2022-10-25,48713.0,120.0,205.859,47.9,23.021,16.24,0.04205195348477598,-0.0390625,-0.006495282016564665,0.007821695713255116,0.017960697007425717,0.1559929451637296,0.18571428571428572,0.9791666666666666,0.69,0.042230644288034656,60479424.0
999,Italy,2022-10-26,35036.0,93.0,205.859,47.9,23.021,16.24,0.04205195348477598,-0.0390625,-0.006495282016564665,0.007821695713255116,0.017960697007425717,0.1559929451637296,0.18571428571428572,0.9791666666666666,0.69,0.042230644288034656,60479424.0
1000,Italy,2022-10-27,31758.0,94.0,205.859,47.9,23.021,16.24,0.04205195348477598,-0.0390625,-0.006495282016564665,0.007821695713255116,0.017960697007425717,0.1559929451637296,0.18571428571428572,0.9791666666666666,0.69,0.042230644288034656,60479424.0
1001,Italy,2022-10-28,29037.0,85.0,205.859,47.9,23.021,16.24,0.04205195348477598,-0.0390625,-0.006495282016564665,0.007821695713255116,0.017960697007425717,0.1559929451637296,0.18571428571428572,0.9791666666666666,0.69,0.042230644288034656,60479424.0
1002,Italy,2022-10-29,26799.0,76.0,205.859,47.9,23.021,16.24,0.04205195348477598,-0.0390625,-0.006495282016564665,0.007821695713255116,0.017960697007425717,0.1559929451637296,0.18571428571428572,0.9791666666666666,0.69,0.042230644288034656,60479424.0
1003,Italy,2022-10-30,0.0,0.0,205.859,47.9,23.021,16.24,0.04205195348477598,-0.0390625,-0.006495282016564665,0.007821695713255116,0.017960697007425717,0.1559929451637296,0.18571428571428572,0.9791666666666666,0.69,0.042230644288034656,60479424.0
1004,Italy,2022-10-31,0.0,0.0,205.859,47.9,23.021,16.24,0.04205195348477598,-0.0390625,-0.006495282016564665,0.007821695713255116,0.017960697007425717,0.1559929451637296,0.18571428571428572,0.9791666666666666,0.69,0.042230644288034656,60479424.0
1005,Italy,2022-11-01,0.0,0.0,205.859,47.9,23.021,16.24,0.04205195348477598,-0.0390625,-0.006495282016564665,0.007821695713255116,0.017960697007425717,0.1559929451637296,0.18571428571428572,0.9791666666666666,0.69,0.042230644288034656,60479424.0
1006,Italy,2022-11-02,0.0,0.0,205.859,47.9,23.021,16.24,0.04205195348477598,-0.0390625,-0.006495282016564665,0.007821695713255116,0.017960697007425717,0.1559929451637296,0.18571428571428572,0.9791666666666666,0.69,0.042230644288034656,60479424.0
1007,Italy,2022-11-03,0.0,0.0,205.859,47.9,23.021,16.24,0.04205195348477598,-0.0390625,-0.006495282016564665,0.007821695713255116,0.017960697007425717,0.1559929451637296,0.18571428571428572,0.9791666666666666,0.69,0.042230644288034656,60479424.0
1008,Italy,2022-11-04,110988.0,335.0,205.859,47.9,23.021,16.24,0.04205195348477598,-0.0390625,-0.006495282016564665,0.007821695713255116,0.017960697007425717,0.1559929451637296,0.18571428571428572,0.9791666666666666,0.69,0.042230644288034656,60479424.0
1009,Italy,2022-11-05,0.0,0.0,205.859,47.9,23.021,16.24,0.04205195348477598,-0.0390625,-0.006495282016564665,0.007821695713255116,0.017960697007425717,0.1559929451637296,0.18571428571428572,0.9791666666666666,0.69,0.042230644288034656,60479424.0
1010,Italy,2022-11-06,0.0,0.0,205.859,47.9,23.021,16.24,0.04205195348477598,-0.0390625,-0.006495282016564665,0.007821695713255116,0.017960697007425717,0.1559929451637296,0.18571428571428572,0.9791666666666666,0.69,0.042230644288034656,60479424.0
1011,Italy,2022-11-07,0.0,0.0,205.859,47.9,23.021,16.24,0.04205195348477598,-0.0390625,-0.006495282016564665,0.007821695713255116,0.017960697007425717,0.1559929451637296,0.18571428571428572,0.9791666666666666,0.69,0.042230644288034656,60479424.0
1012,Italy,2022-11-08,0.0,0.0,205.859,47.9,23.021,16.24,0.04205195348477598,-0.0390625,-0.006495282016564665,0.007821695713255116,0.017960697007425717,0.1559929451637296,0.18571428571428572,0.9791666666666666,0.69,0.042230644288034656,60479424.0
1013,Italy,2022-11-09,0.0,0.0,205.859,47.9,23.021,16.24,0.04205195348477598,-0.0390625,-0.006495282016564665,0.007821695713255116,0.017960697007425717,0.1559929451637296,0.18571428571428572,0.9791666666666666,0.69,0.042230644288034656,60479424.0
1014,Italy,2022-11-10,0.0,0.0,205.859,47.9,23.021,16.24,0.04205195348477598,-0.0390625,-0.006495282016564665,0.007821695713255116,0.017960697007425717,0.1559929451637296,0.18571428571428572,0.9791666666666666,0.69,0.042230644288034656,60479424.0
1015,Italy,2022-11-11,181181.0,549.0,205.859,47.9,23.021,16.24,0.04205195348477598,-0.0390625,-0.006495282016564665,0.007821695713255116,0.017960697007425717,0.1559929451637296,0.18571428571428572,0.9791666666666666,0.69,0.042230644288034656,60479424.0
1016,Italy,2022-11-12,0.0,0.0,205.859,47.9,23.021,16.24,0.04205195348477598,-0.0390625,-0.006495282016564665,0.007821695713255116,0.017960697007425717,0.1559929451637296,0.18571428571428572,0.9791666666666666,0.69,0.042230644288034656,60479424.0
1017,Italy,2022-11-13,0.0,0.0,205.859,47.9,23.021,16.24,0.04205195348477598,-0.0390625,-0.006495282016564665,0.007821695713255116,0.017960697007425717,0.1559929451637296,0.18571428571428572,0.9791666666666666,0.69,0.042230644288034656,60479424.0
1018,Italy,2022-11-14,0.0,0.0,205.859,47.9,23.021,16.24,0.04205195348477598,-0.0390625,-0.006495282016564665,0.007821695713255116,0.017960697007425717,0.1559929451637296,0.18571428571428572,0.9791666666666666,0.69,0.042230644288034656,60479424.0
1019,Italy,2022-11-15,0.0,0.0,205.859,47.9,23.021,16.24,0.04205195348477598,-0.0390625,-0.006495282016564665,0.007821695713255116,0.017960697007425717,0.1559929451637296,0.18571428571428572,0.9791666666666666,0.69,0.042230644288034656,60479424.0
1020,Italy,2022-11-16,0.0,0.0,205.859,47.9,23.021,16.24,0.04205195348477598,-0.0390625,-0.006495282016564665,0.007821695713255116,0.017960697007425717,0.1559929451637296,0.18571428571428572,0.9791666666666666,0.69,0.042230644288034656,60479424.0
1021,Italy,2022-11-17,0.0,0.0,205.859,47.9,23.021,16.24,0.04205195348477598,-0.0390625,-0.006495282016564665,0.007821695713255116,0.017960697007425717,0.1559929451637296,0.18571428571428572,0.9791666666666666,0.69,0.042230644288034656,60479424.0
1022,Italy,2022-11-18,208346.0,533.0,205.859,47.9,23.021,16.24,0.04205195348477598,-0.0390625,-0.006495282016564665,0.007821695713255116,0.017960697007425717,0.1559929451637296,0.18571428571428572,0.9791666666666666,0.69,0.042230644288034656,60479424.0
1023,Italy,2022-11-19,0.0,0.0,205.859,47.9,23.021,16.24,0.04205195348477598,-0.0390625,-0.006495282016564665,0.007821695713255116,0.017960697007425717,0.1559929451637296,0.18571428571428572,0.9791666666666666,0.69,0.042230644288034656,60479424.0
1024,Italy,2022-11-20,0.0,0.0,205.859,47.9,23.021,16.24,0.04205195348477598,-0.0390625,-0.006495282016564665,0.007821695713255116,0.017960697007425717,0.1559929451637296,0.18571428571428572,0.9791666666666666,0.69,0.042230644288034656,60479424.0
1025,Italy,2022-11-21,0.0,0.0,205.859,47.9,23.021,16.24,0.04205195348477598,-0.0390625,-0.006495282016564665,0.007821695713255116,0.017960697007425717,0.1559929451637296,0.18571428571428572,0.9791666666666666,0.69,0.042230644288034656,60479424.0
1026,Italy,2022-11-22,0.0,0.0,205.859,47.9,23.021,16.24,0.04205195348477598,-0.0390625,-0.006495282016564665,0.007821695713255116,0.017960697007425717,0.1559929451637296,0.18571428571428572,0.9791666666666666,0.69,0.042230644288034656,60479424.0
1027,Italy,2022-11-23,0.0,0.0,205.859,47.9,23.021,16.24,0.04205195348477598,-0.0390625,-0.006495282016564665,0.007821695713255116,0.017960697007425717,0.1559929451637296,0.18571428571428572,0.9791666666666666,0.69,0.042230644288034656,60479424.0
1028,Italy,2022-11-24,0.0,0.0,205.859,47.9,23.021,16.24,0.04205195348477598,-0.0390625,-0.006495282016564665,0.007821695713255116,0.017960697007425717,0.1559929451637296,0.18571428571428572,0.9791666666666666,0.69,0.042230644288034656,60479424.0
1029,Italy,2022-11-25,229122.0,580.0,205.859,47.9,23.021,16.24,0.04205195348477598,-0.0390625,-0.006495282016564665,0.007821695713255116,0.017960697007425717,0.1559929451637296,0.18571428571428572,0.9791666666666666,0.69,0.042230644288034656,60479424.0
1030,Italy,2022-11-26,0.0,0.0,205.859,47.9,23.021,16.24,0.04205195348477598,-0.0390625,-0.006495282016564665,0.007821695713255116,0.017960697007425717,0.1559929451637296,0.18571428571428572,0.9791666666666666,0.69,0.042230644288034656,60479424.0
1031,Italy,2022-11-27,0.0,0.0,205.859,47.9,23.021,16.24,0.04205195348477598,-0.0390625,-0.006495282016564665,0.007821695713255116,0.017960697007425717,0.1559929451637296,0.18571428571428572,0.9791666666666666,0.69,0.042230644288034656,60479424.0
1032,Italy,2022-11-28,0.0,0.0,205.859,47.9,23.021,16.24,0.04205195348477598,-0.0390625,-0.006495282016564665,0.007821695713255116,0.017960697007425717,0.1559929451637296,0.18571428571428572,0.9791666666666666,0.69,0.042230644288034656,60479424.0
1033,Italy,2022-11-29,0.0,0.0,205.859,47.9,23.021,16.24,0.04205195348477598,-0.0390625,-0.006495282016564665,0.007821695713255116,0.017960697007425717,0.1559929451637296,0.18571428571428572,0.9791666666666666,0.69,0.042230644288034656,60479424.0
1034,Italy,2022-11-30,0.0,0.0,205.859,47.9,23.021,16.24,0.04205195348477598,-0.0390625,-0.006495282016564665,0.007821695713255116,0.017960697007425717,0.1559929451637296,0.18571428571428572,0.9791666666666666,0.69,0.042230644288034656,60479424.0
1035,Italy,2022-12-01,0.0,0.0,205.859,47.9,23.021,16.24,0.04205195348477598,-0.0390625,-0.006495282016564665,0.007821695713255116,0.017960697007425717,0.1559929451637296,0.18571428571428572,0.9791666666666666,0.69,0.042230644288034656,60479424.0
1036,Italy,2022-12-02,227420.0,635.0,205.859,47.9,23.021,16.24,0.04205195348477598,-0.0390625,-0.006495282016564665,0.007821695713255116,0.017960697007425717,0.1559929451637296,0.18571428571428572,0.9791666666666666,0.69,0.042230644288034656,60479424.0
1037,Italy,2022-12-03,0.0,0.0,205.859,47.9,23.021,16.24,0.04205195348477598,-0.0390625,-0.006495282016564665,0.007821695713255116,0.017960697007425717,0.1559929451637296,0.18571428571428572,0.9791666666666666,0.69,0.042230644288034656,60479424.0
1038,Italy,2022-12-04,0.0,0.0,205.859,47.9,23.021,16.24,0.04205195348477598,-0.0390625,-0.006495282016564665,0.007821695713255116,0.017960697007425717,0.1559929451637296,0.18571428571428572,0.9791666666666666,0.69,0.042230644288034656,60479424.0
1039,Italy,2022-12-05,0.0,0.0,205.859,47.9,23.021,16.24,0.04205195348477598,-0.0390625,-0.006495282016564665,0.007821695713255116,0.017960697007425717,0.1559929451637296,0.18571428571428572,0.9791666666666666,0.69,0.042230644288034656,60479424.0
1040,Italy,2022-12-06,0.0,0.0,205.859,47.9,23.021,16.24,0.04205195348477598,-0.0390625,-0.006495282016564665,0.007821695713255116,0.017960697007425717,0.1559929451637296,0.18571428571428572,0.9791666666666666,0.69,0.042230644288034656,60479424.0
1041,Italy,2022-12-07,0.0,0.0,205.859,47.9,23.021,16.24,0.04205195348477598,-0.0390625,-0.006495282016564665,0.007821695713255116,0.017960697007425717,0.1559929451637296,0.18571428571428572,0.9791666666666666,0.69,0.042230644288034656,60479424.0
1042,Italy,2022-12-08,0.0,0.0,205.859,47.9,23.021,16.24,0.04205195348477598,-0.0390625,-0.006495282016564665,0.007821695713255116,0.017960697007425717,0.1559929451637296,0.18571428571428572,0.9791666666666666,0.69,0.042230644288034656,60479424.0
1043,Italy,2022-12-09,221324.0,686.0,205.859,47.9,23.021,16.24,0.04205195348477598,-0.0390625,-0.006495282016564665,0.007821695713255116,0.017960697007425717,0.1559929451637296,0.18571428571428572,0.9791666666666666,0.69,0.042230644288034656,60479424.0
1044,Italy,2022-12-10,0.0,0.0,205.859,47.9,23.021,16.24,0.04205195348477598,-0.0390625,-0.006495282016564665,0.007821695713255116,0.017960697007425717,0.1559929451637296,0.18571428571428572,0.9791666666666666,0.69,0.042230644288034656,60479424.0
1045,Italy,2022-12-11,0.0,0.0,205.859,47.9,23.021,16.24,0.04205195348477598,-0.0390625,-0.006495282016564665,0.007821695713255116,0.017960697007425717,0.1559929451637296,0.18571428571428572,0.9791666666666666,0.69,0.042230644288034656,60479424.0
1046,Italy,2022-12-12,0.0,0.0,205.859,47.9,23.021,16.24,0.04205195348477598,-0.0390625,-0.006495282016564665,0.007821695713255116,0.017960697007425717,0.1559929451637296,0.18571428571428572,0.9791666666666666,0.69,0.042230644288034656,60479424.0
1047,Italy,2022-12-13,0.0,0.0,205.859,47.9,23.021,16.24,0.04205195348477598,-0.0390625,-0.006495282016564665,0.007821695713255116,0.017960697007425717,0.1559929451637296,0.18571428571428572,0.9791666666666666,0.69,0.042230644288034656,60479424.0
1048,Italy,2022-12-14,0.0,0.0,205.859,47.9,23.021,16.24,0.04205195348477598,-0.0390625,-0.006495282016564665,0.007821695713255116,0.017960697007425717,0.1559929451637296,0.18571428571428572,0.9791666666666666,0.69,0.042230644288034656,60479424.0
1049,Italy,2022-12-15,0.0,0.0,205.859,47.9,23.021,16.24,0.04205195348477598,-0.0390625,-0.006495282016564665,0.007821695713255116,0.017960697007425717,0.1559929451637296,0.18571428571428572,0.9791666666666666,0.69,0.042230644288034656,60479424.0
1050,Italy,2022-12-16,174630.0,719.0,205.859,47.9,23.021,16.24,0.04205195348477598,-0.0390625,-0.006495282016564665,0.007821695713255116,0.017960697007425717,0.1559929451637296,0.18571428571428572,0.9791666666666666,0.69,0.042230644288034656,60479424.0
1051,Italy,2022-12-17,0.0,0.0,205.859,47.9,23.021,16.24,0.04205195348477598,-0.0390625,-0.006495282016564665,0.007821695713255116,0.017960697007425717,0.1559929451637296,0.18571428571428572,0.9791666666666666,0.69,0.042230644288034656,60479424.0
1052,Italy,2022-12-18,0.0,0.0,205.859,47.9,23.021,16.24,0.04205195348477598,-0.0390625,-0.006495282016564665,0.007821695713255116,0.017960697007425717,0.1559929451637296,0.18571428571428572,0.9791666666666666,0.69,0.042230644288034656,60479424.0
1053,Italy,2022-12-19,0.0,0.0,205.859,47.9,23.021,16.24,0.04205195348477598,-0.0390625,-0.006495282016564665,0.007821695713255116,0.017960697007425717,0.1559929451637296,0.18571428571428572,0.9791666666666666,0.69,0.042230644288034656,60479424.0
1054,Italy,2022-12-20,0.0,0.0,205.859,47.9,23.021,16.24,0.04205195348477598,-0.0390625,-0.006495282016564665,0.007821695713255116,0.017960697007425717,0.1559929451637296,0.18571428571428572,0.9791666666666666,0.69,0.042230644288034656,60479424.0
1055,Italy,2022-12-21,0.0,0.0,205.859,47.9,23.021,16.24,0.04205195348477598,-0.0390625,-0.006495282016564665,0.007821695713255116,0.017960697007425717,0.1559929451637296,0.18571428571428572,0.9791666666666666,0.69,0.042230644288034656,60479424.0
1056,Italy,2022-12-22,0.0,0.0,205.859,47.9,23.021,16.24,0.04205195348477598,-0.0390625,-0.006495282016564665,0.007821695713255116,0.017960697007425717,0.1559929451637296,0.18571428571428572,0.9791666666666666,0.69,0.042230644288034656,60479424.0
1057,Italy,2022-12-23,137572.0,798.0,205.859,47.9,23.021,16.24,0.04205195348477598,-0.0390625,-0.006495282016564665,0.007821695713255116,0.017960697007425717,0.1559929451637296,0.18571428571428572,0.9791666666666666,0.69,0.042230644288034656,60479424.0
1058,Italy,2022-12-24,0.0,0.0,205.859,47.9,23.021,16.24,0.04205195348477598,-0.0390625,-0.006495282016564665,0.007821695713255116,0.017960697007425717,0.1559929451637296,0.18571428571428572,0.9791666666666666,0.69,0.042230644288034656,60479424.0
1059,Italy,2022-12-25,0.0,0.0,205.859,47.9,23.021,16.24,0.04205195348477598,-0.0390625,-0.006495282016564665,0.007821695713255116,0.017960697007425717,0.1559929451637296,0.18571428571428572,0.9791666666666666,0.69,0.042230644288034656,60479424.0
1060,Italy,2022-12-26,0.0,0.0,205.859,47.9,23.021,16.24,0.04205195348477598,-0.0390625,-0.006495282016564665,0.007821695713255116,0.017960697007425717,0.1559929451637296,0.18571428571428572,0.9791666666666666,0.69,0.042230644288034656,60479424.0
1061,Italy,2022-12-27,0.0,0.0,205.859,47.9,23.021,16.24,0.04205195348477598,-0.0390625,-0.006495282016564665,0.007821695713255116,0.017960697007425717,0.1559929451637296,0.18571428571428572,0.9791666666666666,0.69,0.042230644288034656,60479424.0
1062,Italy,2022-12-28,0.0,0.0,205.859,47.9,23.021,16.24,0.04205195348477598,-0.0390625,-0.006495282016564665,0.007821695713255116,0.017960697007425717,0.1559929451637296,0.18571428571428572,0.9791666666666666,0.69,0.042230644288034656,60479424.0
1063,Italy,2022-12-29,0.0,0.0,205.859,47.9,23.021,16.24,0.04205195348477598,-0.0390625,-0.006495282016564665,0.007821695713255116,0.017960697007425717,0.1559929451637296,0.18571428571428572,0.9791666666666666,0.69,0.042230644288034656,60479424.0
1064,Italy,2022-12-30,122099.0,706.0,205.859,47.9,23.021,16.24,0.04205195348477598,-0.0390625,-0.006495282016564665,0.007821695713255116,0.017960697007425717,0.1559929451637296,0.18571428571428572,0.9791666666666666,0.69,0.042230644288034656,60479424.0
1065,Italy,2022-12-31,0.0,0.0,205.859,47.9,23.021,16.24,0.04205195348477598,-0.0390625,-0.006495282016564665,0.007821695713255116,0.017960697007425717,0.1559929451637296,0.18571428571428572,0.9791666666666666,0.69,0.042230644288034656,60479424.0
1066,Italy,2023-01-01,0.0,0.0,205.859,47.9,23.021,16.24,0.04205195348477598,-0.0390625,-0.006495282016564665,0.007821695713255116,0.017960697007425717,0.1559929451637296,0.18571428571428572,0.9791666666666666,0.69,0.042230644288034656,60479424.0
1067,Italy,2023-01-02,0.0,0.0,205.859,47.9,23.021,16.24,0.04205195348477598,-0.0390625,-0.006495282016564665,0.007821695713255116,0.017960697007425717,0.1559929451637296,0.18571428571428572,0.9791666666666666,0.69,0.042230644288034656,60479424.0
1068,Italy,2023-01-03,0.0,0.0,205.859,47.9,23.021,16.24,0.04205195348477598,-0.0390625,-0.006495282016564665,0.007821695713255116,0.017960697007425717,0.1559929451637296,0.18571428571428572,0.9791666666666666,0.69,0.042230644288034656,60479424.0
1069,Italy,2023-01-04,0.0,0.0,205.859,47.9,23.021,16.24,0.04205195348477598,-0.0390625,-0.006495282016564665,0.007821695713255116,0.017960697007425717,0.1559929451637296,0.18571428571428572,0.9791666666666666,0.69,0.042230644288034656,60479424.0
1070,Italy,2023-01-05,0.0,0.0,205.859,47.9,23.021,16.24,0.04205195348477598,-0.0390625,-0.006495282016564665,0.007821695713255116,0.017960697007425717,0.1559929451637296,0.18571428571428572,0.9791666666666666,0.69,0.042230644288034656,60479424.0
1071,Italy,2023-01-06,135977.0,775.0,205.859,47.9,23.021,16.24,0.04205195348477598,-0.0390625,-0.006495282016564665,0.007821695713255116,0.017960697007425717,0.1559929451637296,0.18571428571428572,0.9791666666666666,0.69,0.042230644288034656,60479424.0
1072,Italy,2023-01-07,0.0,0.0,205.859,47.9,23.021,16.24,0.04205195348477598,-0.0390625,-0.006495282016564665,0.007821695713255116,0.017960697007425717,0.1559929451637296,0.18571428571428572,0.9791666666666666,0.69,0.042230644288034656,60479424.0
1073,Italy,2023-01-08,0.0,0.0,205.859,47.9,23.021,16.24,0.04205195348477598,-0.0390625,-0.006495282016564665,0.007821695713255116,0.017960697007425717,0.1559929451637296,0.18571428571428572,0.9791666666666666,0.69,0.042230644288034656,60479424.0
1074,Italy,2023-01-09,0.0,0.0,205.859,47.9,23.021,16.24,0.04205195348477598,-0.0390625,-0.006495282016564665,0.007821695713255116,0.017960697007425717,0.1559929451637296,0.18571428571428572,0.9791666666666666,0.69,0.042230644288034656,60479424.0
1075,Italy,2023-01-10,0.0,0.0,205.859,47.9,23.021,16.24,0.04205195348477598,-0.0390625,-0.006495282016564665,0.007821695713255116,0.017960697007425717,0.1559929451637296,0.18571428571428572,0.9791666666666666,0.69,0.042230644288034656,60479424.0
1076,Italy,2023-01-11,0.0,0.0,205.859,47.9,23.021,16.24,0.04205195348477598,-0.0390625,-0.006495282016564665,0.007821695713255116,0.017960697007425717,0.1559929451637296,0.18571428571428572,0.9791666666666666,0.69,0.042230644288034656,60479424.0
1077,Italy,2023-01-12,0.0,0.0,205.859,47.9,23.021,16.24,0.04205195348477598,-0.0390625,-0.006495282016564665,0.007821695713255116,0.017960697007425717,0.1559929451637296,0.18571428571428572,0.9791666666666666,0.69,0.042230644288034656,60479424.0
1078,Italy,2023-01-13,84060.0,576.0,205.859,47.9,23.021,16.24,0.04205195348477598,-0.0390625,-0.006495282016564665,0.007821695713255116,0.017960697007425717,0.1559929451637296,0.18571428571428572,0.9791666666666666,0.69,0.042230644288034656,60479424.0
1079,Italy,2023-01-14,0.0,0.0,205.859,47.9,23.021,16.24,0.04205195348477598,-0.0390625,-0.006495282016564665,0.007821695713255116,0.017960697007425717,0.1559929451637296,0.18571428571428572,0.9791666666666666,0.69,0.042230644288034656,60479424.0
1080,Italy,2023-01-15,0.0,0.0,205.859,47.9,23.021,16.24,0.04205195348477598,-0.0390625,-0.006495282016564665,0.007821695713255116,0.017960697007425717,0.1559929451637296,0.18571428571428572,0.9791666666666666,0.69,0.042230644288034656,60479424.0
1081,Italy,2023-01-16,0.0,0.0,205.859,47.9,23.021,16.24,0.04205195348477598,-0.0390625,-0.006495282016564665,0.007821695713255116,0.017960697007425717,0.1559929451637296,0.18571428571428572,0.9791666666666666,0.69,0.042230644288034656,60479424.0
1082,Italy,2023-01-17,0.0,0.0,205.859,47.9,23.021,16.24,0.04205195348477598,-0.0390625,-0.006495282016564665,0.007821695713255116,0.017960697007425717,0.1559929451637296,0.18571428571428572,0.9791666666666666,0.69,0.042230644288034656,60479424.0
1083,Italy,2023-01-18,0.0,0.0,205.859,47.9,23.021,16.24,0.04205195348477598,-0.0390625,-0.006495282016564665,0.007821695713255116,0.017960697007425717,0.1559929451637296,0.18571428571428572,0.9791666666666666,0.69,0.042230644288034656,60479424.0
1084,Italy,2023-01-19,0.0,0.0,205.859,47.9,23.021,16.24,0.04205195348477598,-0.0390625,-0.006495282016564665,0.007821695713255116,0.017960697007425717,0.1559929451637296,0.18571428571428572,0.9791666666666666,0.69,0.042230644288034656,60479424.0
1085,Italy,2023-01-20,51888.0,495.0,205.859,47.9,23.021,16.24,0.04205195348477598,-0.0390625,-0.006495282016564665,0.007821695713255116,0.017960697007425717,0.1559929451637296,0.18571428571428572,0.9791666666666666,0.69,0.042230644288034656,60479424.0
1086,Italy,2023-01-21,0.0,0.0,205.859,47.9,23.021,16.24,0.04205195348477598,-0.0390625,-0.006495282016564665,0.007821695713255116,0.017960697007425717,0.1559929451637296,0.18571428571428572,0.9791666666666666,0.69,0.042230644288034656,60479424.0
1087,Italy,2023-01-22,0.0,0.0,205.859,47.9,23.021,16.24,0.04205195348477598,-0.0390625,-0.006495282016564665,0.007821695713255116,0.017960697007425717,0.1559929451637296,0.18571428571428572,0.9791666666666666,0.69,0.042230644288034656,60479424.0
1088,Italy,2023-01-23,0.0,0.0,205.859,47.9,23.021,16.24,0.04205195348477598,-0.0390625,-0.006495282016564665,0.007821695713255116,0.017960697007425717,0.1559929451637296,0.18571428571428572,0.9791666666666666,0.69,0.042230644288034656,60479424.0
1089,Italy,2023-01-24,0.0,0.0,205.859,47.9,23.021,16.24,0.04205195348477598,-0.0390625,-0.006495282016564665,0.007821695713255116,0.017960697007425717,0.1559929451637296,0.18571428571428572,0.9791666666666666,0.69,0.042230644288034656,60479424.0
1090,Italy,2023-01-25,0.0,0.0,205.859,47.9,23.021,16.24,0.04205195348477598,-0.0390625,-0.006495282016564665,0.007821695713255116,0.017960697007425717,0.1559929451637296,0.18571428571428572,0.9791666666666666,0.69,0.042230644288034656,60479424.0
1091,Italy,2023-01-26,0.0,0.0,205.859,47.9,23.021,16.24,0.04205195348477598,-0.0390625,-0.006495282016564665,0.007821695713255116,0.017960697007425717,0.1559929451637296,0.18571428571428572,0.9791666666666666,0.69,0.042230644288034656,60479424.0
1092,Italy,2023-01-27,38159.0,345.0,205.859,47.9,23.021,16.24,0.04205195348477598,-0.0390625,-0.006495282016564665,0.007821695713255116,0.017960697007425717,0.1559929451637296,0.18571428571428572,0.9791666666666666,0.69,0.042230644288034656,60479424.0
1093,Italy,2023-01-28,0.0,0.0,205.859,47.9,23.021,16.24,0.04205195348477598,-0.0390625,-0.006495282016564665,0.007821695713255116,0.017960697007425717,0.1559929451637296,0.18571428571428572,0.9791666666666666,0.69,0.042230644288034656,60479424.0
1094,Italy,2023-01-29,0.0,0.0,205.859,47.9,23.021,16.24,0.04205195348477598,-0.0390625,-0.006495282016564665,0.007821695713255116,0.017960697007425717,0.1559929451637296,0.18571428571428572,0.9791666666666666,0.69,0.042230644288034656,60479424.0
1095,Italy,2023-01-30,0.0,0.0,205.859,47.9,23.021,16.24,0.04205195348477598,-0.0390625,-0.006495282016564665,0.007821695713255116,0.017960697007425717,0.1559929451637296,0.18571428571428572,0.9791666666666666,0.69,0.042230644288034656,60479424.0
1096,Italy,2023-01-31,0.0,0.0,205.859,47.9,23.021,16.24,0.04205195348477598,-0.0390625,-0.006495282016564665,0.007821695713255116,0.017960697007425717,0.1559929451637296,0.18571428571428572,0.9791666666666666,0.69,0.042230644288034656,60479424.0
1097,Italy,2023-02-01,0.0,0.0,205.859,47.9,23.021,16.24,0.04205195348477598,-0.0390625,-0.006495282016564665,0.007821695713255116,0.017960697007425717,0.1559929451637296,0.18571428571428572,0.9791666666666666,0.69,0.042230644288034656,60479424.0
1098,Italy,2023-02-02,0.0,0.0,205.859,47.9,23.021,16.24,0.04205195348477598,-0.0390625,-0.006495282016564665,0.007821695713255116,0.017960697007425717,0.1559929451637296,0.18571428571428572,0.9791666666666666,0.69,0.042230644288034656,60479424.0
1099,Italy,2023-02-03,34377.0,439.0,205.859,47.9,23.021,16.24,0.04205195348477598,-0.0390625,-0.006495282016564665,0.007821695713255116,0.017960697007425717,0.1559929451637296,0.18571428571428572,0.9791666666666666,0.69,0.042230644288034656,60479424.0
1100,Italy,2023-02-04,0.0,0.0,205.859,47.9,23.021,16.24,0.04205195348477598,-0.0390625,-0.006495282016564665,0.007821695713255116,0.017960697007425717,0.1559929451637296,0.18571428571428572,0.9791666666666666,0.69,0.042230644288034656,60479424.0
1101,Italy,2023-02-05,0.0,0.0,205.859,47.9,23.021,16.24,0.04205195348477598,-0.0390625,-0.006495282016564665,0.007821695713255116,0.017960697007425717,0.1559929451637296,0.18571428571428572,0.9791666666666666,0.69,0.042230644288034656,60479424.0
1102,Italy,2023-02-06,0.0,0.0,205.859,47.9,23.021,16.24,0.04205195348477598,-0.0390625,-0.006495282016564665,0.007821695713255116,0.017960697007425717,0.1559929451637296,0.18571428571428572,0.9791666666666666,0.69,0.042230644288034656,60479424.0
1103,Italy,2023-02-07,0.0,0.0,205.859,47.9,23.021,16.24,0.04205195348477598,-0.0390625,-0.006495282016564665,0.007821695713255116,0.017960697007425717,0.1559929451637296,0.18571428571428572,0.9791666666666666,0.69,0.042230644288034656,60479424.0
1104,Italy,2023-02-08,0.0,0.0,205.859,47.9,23.021,16.24,0.04205195348477598,-0.0390625,-0.006495282016564665,0.007821695713255116,0.017960697007425717,0.1559929451637296,0.18571428571428572,0.9791666666666666,0.69,0.042230644288034656,60479424.0
1105,Italy,2023-02-09,0.0,0.0,205.859,47.9,23.021,16.24,0.04205195348477598,-0.0390625,-0.006495282016564665,0.007821695713255116,0.017960697007425717,0.1559929451637296,0.18571428571428572,0.9791666666666666,0.69,0.042230644288034656,60479424.0
1106,Italy,2023-02-10,30901.0,279.0,205.859,47.9,23.021,16.24,0.04205195348477598,-0.0390625,-0.006495282016564665,0.007821695713255116,0.017960697007425717,0.1559929451637296,0.18571428571428572,0.9791666666666666,0.69,0.042230644288034656,60479424.0
1107,Italy,2023-02-11,0.0,0.0,205.859,47.9,23.021,16.24,0.04205195348477598,-0.0390625,-0.006495282016564665,0.007821695713255116,0.017960697007425717,0.1559929451637296,0.18571428571428572,0.9791666666666666,0.69,0.042230644288034656,60479424.0
1108,Italy,2023-02-12,0.0,0.0,205.859,47.9,23.021,16.24,0.04205195348477598,-0.0390625,-0.006495282016564665,0.007821695713255116,0.017960697007425717,0.1559929451637296,0.18571428571428572,0.9791666666666666,0.69,0.042230644288034656,60479424.0
1109,Italy,2023-02-13,0.0,0.0,205.859,47.9,23.021,16.24,0.04205195348477598,-0.0390625,-0.006495282016564665,0.007821695713255116,0.017960697007425717,0.1559929451637296,0.18571428571428572,0.9791666666666666,0.69,0.042230644288034656,60479424.0
1110,Italy,2023-02-14,0.0,0.0,205.859,47.9,23.021,16.24,0.04205195348477598,-0.0390625,-0.006495282016564665,0.007821695713255116,0.017960697007425717,0.1559929451637296,0.18571428571428572,0.9791666666666666,0.69,0.042230644288034656,60479424.0
1111,Italy,2023-02-15,0.0,0.0,205.859,47.9,23.021,16.24,0.04205195348477598,-0.0390625,-0.006495282016564665,0.007821695713255116,0.017960697007425717,0.1559929451637296,0.18571428571428572,0.9791666666666666,0.69,0.042230644288034656,60479424.0
1112,Italy,2023-02-16,0.0,0.0,205.859,47.9,23.021,16.24,0.04205195348477598,-0.0390625,-0.006495282016564665,0.007821695713255116,0.017960697007425717,0.1559929451637296,0.18571428571428572,0.9791666666666666,0.69,0.042230644288034656,60479424.0
1113,Italy,2023-02-17,28347.0,299.0,205.859,47.9,23.021,16.24,0.04205195348477598,-0.0390625,-0.006495282016564665,0.007821695713255116,0.017960697007425717,0.1559929451637296,0.18571428571428572,0.9791666666666666,0.69,0.042230644288034656,60479424.0
1114,Italy,2023-02-18,0.0,0.0,205.859,47.9,23.021,16.24,0.04205195348477598,-0.0390625,-0.006495282016564665,0.007821695713255116,0.017960697007425717,0.1559929451637296,0.18571428571428572,0.9791666666666666,0.69,0.042230644288034656,60479424.0
1115,Italy,2023-02-19,0.0,0.0,205.859,47.9,23.021,16.24,0.04205195348477598,-0.0390625,-0.006495282016564665,0.007821695713255116,0.017960697007425717,0.1559929451637296,0.18571428571428572,0.9791666666666666,0.69,0.042230644288034656,60479424.0
1116,Italy,2023-02-20,0.0,0.0,205.859,47.9,23.021,16.24,0.04205195348477598,-0.0390625,-0.006495282016564665,0.007821695713255116,0.017960697007425717,0.1559929451637296,0.18571428571428572,0.9791666666666666,0.69,0.042230644288034656,60479424.0
1117,Italy,2023-02-21,0.0,0.0,205.859,47.9,23.021,16.24,0.04205195348477598,-0.0390625,-0.006495282016564665,0.007821695713255116,0.017960697007425717,0.1559929451637296,0.18571428571428572,0.9791666666666666,0.69,0.042230644288034656,60479424.0
1118,Italy,2023-02-22,0.0,0.0,205.859,47.9,23.021,16.24,0.04205195348477598,-0.0390625,-0.006495282016564665,0.007821695713255116,0.017960697007425717,0.1559929451637296,0.18571428571428572,0.9791666666666666,0.69,0.042230644288034656,60479424.0
1119,Italy,2023-02-23,0.0,0.0,205.859,47.9,23.021,16.24,0.04205195348477598,-0.0390625,-0.006495282016564665,0.007821695713255116,0.017960697007425717,0.1559929451637296,0.18571428571428572,0.9791666666666666,0.69,0.042230644288034656,60479424.0
1120,Italy,2023-02-24,29438.0,244.0,205.859,47.9,23.021,16.24,0.04205195348477598,-0.0390625,-0.006495282016564665,0.007821695713255116,0.017960697007425717,0.1559929451637296,0.18571428571428572,0.9791666666666666,0.69,0.042230644288034656,60479424.0
1121,Italy,2023-02-25,0.0,0.0,205.859,47.9,23.021,16.24,0.04205195348477598,-0.0390625,-0.006495282016564665,0.007821695713255116,0.017960697007425717,0.1559929451637296,0.18571428571428572,0.9791666666666666,0.69,0.042230644288034656,60479424.0
1122,Italy,2023-02-26,0.0,0.0,205.859,47.9,23.021,16.24,0.04205195348477598,-0.0390625,-0.006495282016564665,0.007821695713255116,0.017960697007425717,0.1559929451637296,0.18571428571428572,0.9791666666666666,0.69,0.042230644288034656,60479424.0
1123,Italy,2023-02-27,0.0,0.0,205.859,47.9,23.021,16.24,0.04205195348477598,-0.0390625,-0.006495282016564665,0.007821695713255116,0.017960697007425717,0.1559929451637296,0.18571428571428572,0.9791666666666666,0.69,0.042230644288034656,60479424.0
1124,Italy,2023-02-28,0.0,0.0,205.859,47.9,23.021,16.24,0.04205195348477598,-0.0390625,-0.006495282016564665,0.007821695713255116,0.017960697007425717,0.1559929451637296,0.18571428571428572,0.9791666666666666,0.69,0.042230644288034656,60479424.0
1125,Italy,2023-03-01,0.0,0.0,205.859,47.9,23.021,16.24,0.04205195348477598,-0.0390625,-0.006495282016564665,0.007821695713255116,0.017960697007425717,0.1559929451637296,0.18571428571428572,0.9791666666666666,0.69,0.042230644288034656,60479424.0
1126,Italy,2023-03-02,0.0,0.0,205.859,47.9,23.021,16.24,0.04205195348477598,-0.0390625,-0.006495282016564665,0.007821695713255116,0.017960697007425717,0.1559929451637296,0.18571428571428572,0.9791666666666666,0.69,0.042230644288034656,60479424.0
1127,Italy,2023-03-03,26658.0,228.0,205.859,47.9,23.021,16.24,0.04205195348477598,-0.0390625,-0.006495282016564665,0.007821695713255116,0.017960697007425717,0.1559929451637296,0.18571428571428572,0.9791666666666666,0.69,0.042230644288034656,60479424.0
