,country,date,confirmed,fatalities,population_density,median_age,aged_65_older,aged_70_older,population,yearly_change,net_change,density,land_area,migrants,rert_rate,med_age,urban_pop,world_share,r_population
0,Japan,2020-01-22,0.0,0.0,347.778,48.2,27.049,18.493,0.0879934138782437,-0.078125,-0.028251300855966426,0.01317538064320158,0.022260358664384586,0.07494716204129426,0.19999999999999998,1.0,0.92,0.0877097996751489,126552765.0
1,Japan,2020-01-23,0.0,0.0,347.778,48.2,27.049,18.493,0.0879934138782437,-0.078125,-0.028251300855966426,0.01317538064320158,0.022260358664384586,0.07494716204129426,0.19999999999999998,1.0,0.92,0.0877097996751489,126552765.0
2,Japan,2020-01-24,0.0,0.0,347.778,48.2,27.049,18.493,0.0879934138782437,-0.078125,-0.028251300855966426,0.01317538064320158,0.022260358664384586,0.07494716204129426,0.19999999999999998,1.0,0.92,0.0877097996751489,126552765.0
3,Japan,2020-01-25,0.0,0.0,347.778,48.2,27.049,18.493,0.0879934138782437,-0.078125,-0.028251300855966426,0.01317538064320158,0.022260358664384586,0.07494716204129426,0.19999999999999998,1.0,0.92,0.0877097996751489,126552765.0
4,Japan,2020-01-26,2.0,0.0,347.778,48.2,27.049,18.493,0.0879934138782437,-0.078125,-0.028251300855966426,0.01317538064320158,0.022260358664384586,0.07494716204129426,0.19999999999999998,1.0,0.92,0.0877097996751489,126552765.0
5,Japan,2020-01-27,0.0,0.0,347.778,48.2,27.049,18.493,0.0879934138782437,-0.078125,-0.028251300855966426,0.01317538064320158,0.022260358664384586,0.07494716204129426,0.19999999999999998,1.0,0.92,0.0877097996751489,126552765.0
6,Japan,2020-01-28,3.0,0.0,347.778,48.2,27.049,18.493,0.0879934138782437,-0.078125,-0.028251300855966426,0.01317538064320158,0.022260358664384586,0.07494716204129426,0.19999999999999998,1.0,0.92,0.0877097996751489,126552765.0
7,Japan,2020-01-29,0.0,0.0,347.778,48.2,27.049,18.493,0.0879934138782437,-0.078125,-0.028251300855966426,0.01317538064320158,0.022260358664384586,0.07494716204129426,0.19999999999999998,1.0,0.92,0.0877097996751489,126552765.0
8,Japan,2020-01-30,4.0,0.0,347.778,48.2,27.049,18.493,0.0879934138782437,-0.078125,-0.028251300855966426,0.01317538064320158,0.022260358664384586,0.07494716204129426,0.19999999999999998,1.0,0.92,0.0877097996751489,126552765.0
9,Japan,2020-01-31,4.0,0.0,347.778,48.2,27.049,18.493,0.0879934138782437,-0.078125,-0.028251300855966426,0.01317538064320158,0.022260358664384586,0.07494716204129426,0.19999999999999998,1.0,0.92,0.0877097996751489,126552765.0
10,Japan,2020-02-01,5.0,0.0,347.778,48.2,27.049,18.493,0.0879934138782437,-0.078125,-0.028251300855966426,0.01317538064320158,0.022260358664384586,0.07494716204129426,0.19999999999999998,1.0,0.92,0.0877097996751489,126552765.0
11,Japan,2020-02-02,0.0,0.0,347.778,48.2,27.049,18.493,0.0879934138782437,-0.078125,-0.028251300855966426,0.01317538064320158,0.022260358664384586,0.07494716204129426,0.19999999999999998,1.0,0.92,0.0877097996751489,126552765.0
12,Japan,2020-02-03,0.0,0.0,347.778,48.2,27.049,18.493,0.0879934138782437,-0.078125,-0.028251300855966426,0.01317538064320158,0.022260358664384586,0.07494716204129426,0.19999999999999998,1.0,0.92,0.0877097996751489,126552765.0
13,Japan,2020-02-04,2.0,0.0,347.778,48.2,27.049,18.493,0.0879934138782437,-0.078125,-0.028251300855966426,0.01317538064320158,0.022260358664384586,0.07494716204129426,0.19999999999999998,1.0,0.92,0.0877097996751489,126552765.0
14,Japan,2020-02-05,1.0,0.0,347.778,48.2,27.049,18.493,0.0879934138782437,-0.078125,-0.028251300855966426,0.01317538064320158,0.022260358664384586,0.07494716204129426,0.19999999999999998,1.0,0.92,0.0877097996751489,126552765.0
15,Japan,2020-02-06,0.0,0.0,347.778,48.2,27.049,18.493,0.0879934138782437,-0.078125,-0.028251300855966426,0.01317538064320158,0.022260358664384586,0.07494716204129426,0.19999999999999998,1.0,0.92,0.0877097996751489,126552765.0
16,Japan,2020-02-07,0.0,0.0,347.778,48.2,27.049,18.493,0.0879934138782437,-0.078125,-0.028251300855966426,0.01317538064320158,0.022260358664384586,0.07494716204129426,0.19999999999999998,1.0,0.92,0.0877097996751489,126552765.0
17,Japan,2020-02-08,1.0,0.0,347.778,48.2,27.049,18.493,0.0879934138782437,-0.078125,-0.028251300855966426,0.01317538064320158,0.022260358664384586,0.07494716204129426,0.19999999999999998,1.0,0.92,0.0877097996751489,126552765.0
18,Japan,2020-02-09,0.0,0.0,347.778,48.2,27.049,18.493,0.0879934138782437,-0.078125,-0.028251300855966426,0.01317538064320158,0.022260358664384586,0.07494716204129426,0.19999999999999998,1.0,0.92,0.0877097996751489,126552765.0
19,Japan,2020-02-10,2.0,0.0,347.778,48.2,27.049,18.493,0.0879934138782437,-0.078125,-0.028251300855966426,0.01317538064320158,0.022260358664384586,0.07494716204129426,0.19999999999999998,1.0,0.92,0.0877097996751489,126552765.0
20,Japan,2020-02-11,1.0,0.0,347.778,48.2,27.049,18.493,0.0879934138782437,-0.078125,-0.028251300855966426,0.01317538064320158,0.022260358664384586,0.07494716204129426,0.19999999999999998,1.0,0.92,0.0877097996751489,126552765.0
21,Japan,2020-02-12,1.0,0.0,347.778,48.2,27.049,18.493,0.0879934138782437,-0.078125,-0.028251300855966426,0.01317538064320158,0.022260358664384586,0.07494716204129426,0.19999999999999998,1.0,0.92,0.0877097996751489,126552765.0
22,Japan,2020-02-13,5.0,1.0,347.778,48.2,27.049,18.493,0.0879934138782437,-0.078125,-0.028251300855966426,0.01317538064320158,0.022260358664384586,0.07494716204129426,0.19999999999999998,1.0,0.92,0.0877097996751489,126552765.0
23,Japan,2020-02-14,10.0,0.0,347.778,48.2,27.049,18.493,0.0879934138782437,-0.078125,-0.028251300855966426,0.01317538064320158,0.022260358664384586,0.07494716204129426,0.19999999999999998,1.0,0.92,0.0877097996751489,126552765.0
24,Japan,2020-02-15,11.0,0.0,347.778,48.2,27.049,18.493,0.0879934138782437,-0.078125,-0.028251300855966426,0.01317538064320158,0.022260358664384586,0.07494716204129426,0.19999999999999998,1.0,0.92,0.0877097996751489,126552765.0
25,Japan,2020-02-16,6.0,0.0,347.778,48.2,27.049,18.493,0.0879934138782437,-0.078125,-0.028251300855966426,0.01317538064320158,0.022260358664384586,0.07494716204129426,0.19999999999999998,1.0,0.92,0.0877097996751489,126552765.0
26,Japan,2020-02-17,7.0,0.0,347.778,48.2,27.049,18.493,0.0879934138782437,-0.078125,-0.028251300855966426,0.01317538064320158,0.022260358664384586,0.07494716204129426,0.19999999999999998,1.0,0.92,0.0877097996751489,126552765.0
27,Japan,2020-02-18,12.0,1.0,347.778,48.2,27.049,18.493,0.0879934138782437,-0.078125,-0.028251300855966426,0.01317538064320158,0.022260358664384586,0.07494716204129426,0.19999999999999998,1.0,0.92,0.0877097996751489,126552765.0
28,Japan,2020-02-19,6.0,0.0,347.778,48.2,27.049,18.493,0.0879934138782437,-0.078125,-0.028251300855966426,0.01317538064320158,0.022260358664384586,0.07494716204129426,0.19999999999999998,1.0,0.92,0.0877097996751489,126552765.0
29,Japan,2020-02-20,10.0,0.0,347.778,48.2,27.049,18.493,0.0879934138782437,-0.078125,-0.028251300855966426,0.01317538064320158,0.022260358664384586,0.07494716204129426,0.19999999999999998,1.0,0.92,0.0877097996751489,126552765.0
30,Japan,2020-02-21,17.0,0.0,347.778,48.2,27.049,18.493,0.0879934138782437,-0.078125,-0.028251300855966426,0.01317538064320158,0.022260358664384586,0.07494716204129426,0.19999999999999998,1.0,0.92,0.0877097996751489,126552765.0
31,Japan,2020-02-22,25.0,0.0,347.778,48.2,27.049,18.493,0.0879934138782437,-0.078125,-0.028251300855966426,0.01317538064320158,0.022260358664384586,0.07494716204129426,0.19999999999999998,1.0,0.92,0.0877097996751489,126552765.0
32,Japan,2020-02-23,12.0,0.0,347.778,48.2,27.049,18.493,0.0879934138782437,-0.078125,-0.028251300855966426,0.01317538064320158,0.022260358664384586,0.07494716204129426,0.19999999999999998,1.0,0.92,0.0877097996751489,126552765.0
33,Japan,2020-02-24,11.0,0.0,347.778,48.2,27.049,18.493,0.0879934138782437,-0.078125,-0.028251300855966426,0.01317538064320158,0.022260358664384586,0.07494716204129426,0.19999999999999998,1.0,0.92,0.0877097996751489,126552765.0
34,Japan,2020-02-25,13.0,1.0,347.778,48.2,27.049,18.493,0.0879934138782437,-0.078125,-0.028251300855966426,0.01317538064320158,0.022260358664384586,0.07494716204129426,0.19999999999999998,1.0,0.92,0.0877097996751489,126552765.0
35,Japan,2020-02-26,19.0,0.0,347.778,48.2,27.049,18.493,0.0879934138782437,-0.078125,-0.028251300855966426,0.01317538064320158,0.022260358664384586,0.07494716204129426,0.19999999999999998,1.0,0.92,0.0877097996751489,126552765.0
36,Japan,2020-02-27,26.0,1.0,347.778,48.2,27.049,18.493,0.0879934138782437,-0.078125,-0.028251300855966426,0.01317538064320158,0.022260358664384586,0.07494716204129426,0.19999999999999998,1.0,0.92,0.0877097996751489,126552765.0
37,Japan,2020-02-28,18.0,1.0,347.778,48.2,27.049,18.493,0.0879934138782437,-0.078125,-0.028251300855966426,0.01317538064320158,0.022260358664384586,0.07494716204129426,0.19999999999999998,1.0,0.92,0.0877097996751489,126552765.0
38,Japan,2020-02-29,9.0,1.0,347.778,48.2,27.049,18.493,0.0879934138782437,-0.078125,-0.028251300855966426,0.01317538064320158,0.022260358664384586,0.07494716204129426,0.19999999999999998,1.0,0.92,0.0877097996751489,126552765.0
39,Japan,2020-03-01,14.0,0.0,347.778,48.2,27.049,18.493,0.0879934138782437,-0.078125,-0.028251300855966426,0.01317538064320158,0.022260358664384586,0.07494716204129426,0.19999999999999998,1.0,0.92,0.0877097996751489,126552765.0
40,Japan,2020-03-02,19.0,0.0,347.778,48.2,27.049,18.493,0.0879934138782437,-0.078125,-0.028251300855966426,0.01317538064320158,0.022260358664384586,0.07494716204129426,0.19999999999999998,1.0,0.92,0.0877097996751489,126552765.0
41,Japan,2020-03-03,20.0,0.0,347.778,48.2,27.049,18.493,0.0879934138782437,-0.078125,-0.028251300855966426,0.01317538064320158,0.022260358664384586,0.07494716204129426,0.19999999999999998,1.0,0.92,0.0877097996751489,126552765.0
42,Japan,2020-03-04,35.0,1.0,347.778,48.2,27.049,18.493,0.0879934138782437,-0.078125,-0.028251300855966426,0.01317538064320158,0.022260358664384586,0.07494716204129426,0.19999999999999998,1.0,0.92,0.0877097996751489,126552765.0
43,Japan,2020-03-05,32.0,0.0,347.778,48.2,27.049,18.493,0.0879934138782437,-0.078125,-0.028251300855966426,0.01317538064320158,0.022260358664384586,0.07494716204129426,0.19999999999999998,1.0,0.92,0.0877097996751489,126552765.0
44,Japan,2020-03-06,55.0,0.0,347.778,48.2,27.049,18.493,0.0879934138782437,-0.078125,-0.028251300855966426,0.01317538064320158,0.022260358664384586,0.07494716204129426,0.19999999999999998,1.0,0.92,0.0877097996751489,126552765.0
45,Japan,2020-03-07,46.0,0.0,347.778,48.2,27.049,18.493,0.0879934138782437,-0.078125,-0.028251300855966426,0.01317538064320158,0.022260358664384586,0.07494716204129426,0.19999999999999998,1.0,0.92,0.0877097996751489,126552765.0
46,Japan,2020-03-08,33.0,1.0,347.778,48.2,27.049,18.493,0.0879934138782437,-0.078125,-0.028251300855966426,0.01317538064320158,0.022260358664384586,0.07494716204129426,0.19999999999999998,1.0,0.92,0.0877097996751489,126552765.0
47,Japan,2020-03-09,28.0,2.0,347.778,48.2,27.049,18.493,0.0879934138782437,-0.078125,-0.028251300855966426,0.01317538064320158,0.022260358664384586,0.07494716204129426,0.19999999999999998,1.0,0.92,0.0877097996751489,126552765.0
48,Japan,2020-03-10,58.0,3.0,347.778,48.2,27.049,18.493,0.0879934138782437,-0.078125,-0.028251300855966426,0.01317538064320158,0.022260358664384586,0.07494716204129426,0.19999999999999998,1.0,0.92,0.0877097996751489,126552765.0
49,Japan,2020-03-11,55.0,2.0,347.778,48.2,27.049,18.493,0.0879934138782437,-0.078125,-0.028251300855966426,0.01317538064320158,0.022260358664384586,0.07494716204129426,0.19999999999999998,1.0,0.92,0.0877097996751489,126552765.0
50,Japan,2020-03-12,56.0,4.0,347.778,48.2,27.049,18.493,0.0879934138782437,-0.078125,-0.028251300855966426,0.01317538064320158,0.022260358664384586,0.07494716204129426,0.19999999999999998,1.0,0.92,0.0877097996751489,126552765.0
51,Japan,2020-03-13,37.0,2.0,347.778,48.2,27.049,18.493,0.0879934138782437,-0.078125,-0.028251300855966426,0.01317538064320158,0.022260358664384586,0.07494716204129426,0.19999999999999998,1.0,0.92,0.0877097996751489,126552765.0
52,Japan,2020-03-14,62.0,1.0,347.778,48.2,27.049,18.493,0.0879934138782437,-0.078125,-0.028251300855966426,0.01317538064320158,0.022260358664384586,0.07494716204129426,0.19999999999999998,1.0,0.92,0.0877097996751489,126552765.0
53,Japan,2020-03-15,31.0,2.0,347.778,48.2,27.049,18.493,0.0879934138782437,-0.078125,-0.028251300855966426,0.01317538064320158,0.022260358664384586,0.07494716204129426,0.19999999999999998,1.0,0.92,0.0877097996751489,126552765.0
54,Japan,2020-03-16,17.0,6.0,347.778,48.2,27.049,18.493,0.0879934138782437,-0.078125,-0.028251300855966426,0.01317538064320158,0.022260358664384586,0.07494716204129426,0.19999999999999998,1.0,0.92,0.0877097996751489,126552765.0
55,Japan,2020-03-17,50.0,0.0,347.778,48.2,27.049,18.493,0.0879934138782437,-0.078125,-0.028251300855966426,0.01317538064320158,0.022260358664384586,0.07494716204129426,0.19999999999999998,1.0,0.92,0.0877097996751489,126552765.0
56,Japan,2020-03-18,35.0,2.0,347.778,48.2,27.049,18.493,0.0879934138782437,-0.078125,-0.028251300855966426,0.01317538064320158,0.022260358664384586,0.07494716204129426,0.19999999999999998,1.0,0.92,0.0877097996751489,126552765.0
57,Japan,2020-03-19,40.0,1.0,347.778,48.2,27.049,18.493,0.0879934138782437,-0.078125,-0.028251300855966426,0.01317538064320158,0.022260358664384586,0.07494716204129426,0.19999999999999998,1.0,0.92,0.0877097996751489,126552765.0
58,Japan,2020-03-20,54.0,1.0,347.778,48.2,27.049,18.493,0.0879934138782437,-0.078125,-0.028251300855966426,0.01317538064320158,0.022260358664384586,0.07494716204129426,0.19999999999999998,1.0,0.92,0.0877097996751489,126552765.0
59,Japan,2020-03-21,37.0,2.0,347.778,48.2,27.049,18.493,0.0879934138782437,-0.078125,-0.028251300855966426,0.01317538064320158,0.022260358664384586,0.07494716204129426,0.19999999999999998,1.0,0.92,0.0877097996751489,126552765.0
60,Japan,2020-03-22,45.0,4.0,347.778,48.2,27.049,18.493,0.0879934138782437,-0.078125,-0.028251300855966426,0.01317538064320158,0.022260358664384586,0.07494716204129426,0.19999999999999998,1.0,0.92,0.0877097996751489,126552765.0
61,Japan,2020-03-23,40.0,1.0,347.778,48.2,27.049,18.493,0.0879934138782437,-0.078125,-0.028251300855966426,0.01317538064320158,0.022260358664384586,0.07494716204129426,0.19999999999999998,1.0,0.92,0.0877097996751489,126552765.0
62,Japan,2020-03-24,73.0,1.0,347.778,48.2,27.049,18.493,0.0879934138782437,-0.078125,-0.028251300855966426,0.01317538064320158,0.022260358664384586,0.07494716204129426,0.19999999999999998,1.0,0.92,0.0877097996751489,126552765.0
63,Japan,2020-03-25,97.0,3.0,347.778,48.2,27.049,18.493,0.0879934138782437,-0.078125,-0.028251300855966426,0.01317538064320158,0.022260358664384586,0.07494716204129426,0.19999999999999998,1.0,0.92,0.0877097996751489,126552765.0
64,Japan,2020-03-26,102.0,2.0,347.778,48.2,27.049,18.493,0.0879934138782437,-0.078125,-0.028251300855966426,0.01317538064320158,0.022260358664384586,0.07494716204129426,0.19999999999999998,1.0,0.92,0.0877097996751489,126552765.0
65,Japan,2020-03-27,114.0,6.0,347.778,48.2,27.049,18.493,0.0879934138782437,-0.078125,-0.028251300855966426,0.01317538064320158,0.022260358664384586,0.07494716204129426,0.19999999999999998,1.0,0.92,0.0877097996751489,126552765.0
66,Japan,2020-03-28,198.0,3.0,347.778,48.2,27.049,18.493,0.0879934138782437,-0.078125,-0.028251300855966426,0.01317538064320158,0.022260358664384586,0.07494716204129426,0.19999999999999998,1.0,0.92,0.0877097996751489,126552765.0
67,Japan,2020-03-29,179.0,7.0,347.778,48.2,27.049,18.493,0.0879934138782437,-0.078125,-0.028251300855966426,0.01317538064320158,0.022260358664384586,0.07494716204129426,0.19999999999999998,1.0,0.92,0.0877097996751489,126552765.0
68,Japan,2020-03-30,94.0,2.0,347.778,48.2,27.049,18.493,0.0879934138782437,-0.078125,-0.028251300855966426,0.01317538064320158,0.022260358664384586,0.07494716204129426,0.19999999999999998,1.0,0.92,0.0877097996751489,126552765.0
69,Japan,2020-03-31,254.0,2.0,347.778,48.2,27.049,18.493,0.0879934138782437,-0.078125,-0.028251300855966426,0.01317538064320158,0.022260358664384586,0.07494716204129426,0.19999999999999998,1.0,0.92,0.0877097996751489,126552765.0
70,Japan,2020-04-01,280.0,5.0,347.778,48.2,27.049,18.493,0.0879934138782437,-0.078125,-0.028251300855966426,0.01317538064320158,0.022260358664384586,0.07494716204129426,0.19999999999999998,1.0,0.92,0.0877097996751489,126552765.0
71,Japan,2020-04-02,283.0,3.0,347.778,48.2,27.049,18.493,0.0879934138782437,-0.078125,-0.028251300855966426,0.01317538064320158,0.022260358664384586,0.07494716204129426,0.19999999999999998,1.0,0.92,0.0877097996751489,126552765.0
72,Japan,2020-04-03,336.0,6.0,347.778,48.2,27.049,18.493,0.0879934138782437,-0.078125,-0.028251300855966426,0.01317538064320158,0.022260358664384586,0.07494716204129426,0.19999999999999998,1.0,0.92,0.0877097996751489,126552765.0
73,Japan,2020-04-04,371.0,6.0,347.778,48.2,27.049,18.493,0.0879934138782437,-0.078125,-0.028251300855966426,0.01317538064320158,0.022260358664384586,0.07494716204129426,0.19999999999999998,1.0,0.92,0.0877097996751489,126552765.0
74,Japan,2020-04-05,351.0,6.0,347.778,48.2,27.049,18.493,0.0879934138782437,-0.078125,-0.028251300855966426,0.01317538064320158,0.022260358664384586,0.07494716204129426,0.19999999999999998,1.0,0.92,0.0877097996751489,126552765.0
75,Japan,2020-04-06,234.0,3.0,347.778,48.2,27.049,18.493,0.0879934138782437,-0.078125,-0.028251300855966426,0.01317538064320158,0.022260358664384586,0.07494716204129426,0.19999999999999998,1.0,0.92,0.0877097996751489,126552765.0
76,Japan,2020-04-07,375.0,2.0,347.778,48.2,27.049,18.493,0.0879934138782437,-0.078125,-0.028251300855966426,0.01317538064320158,0.022260358664384586,0.07494716204129426,0.19999999999999998,1.0,0.92,0.0877097996751489,126552765.0
77,Japan,2020-04-08,535.0,7.0,347.778,48.2,27.049,18.493,0.0879934138782437,-0.078125,-0.028251300855966426,0.01317538064320158,0.022260358664384586,0.07494716204129426,0.19999999999999998,1.0,0.92,0.0877097996751489,126552765.0
78,Japan,2020-04-09,594.0,8.0,347.778,48.2,27.049,18.493,0.0879934138782437,-0.078125,-0.028251300855966426,0.01317538064320158,0.022260358664384586,0.07494716204129426,0.19999999999999998,1.0,0.92,0.0877097996751489,126552765.0
79,Japan,2020-04-10,636.0,12.0,347.778,48.2,27.049,18.493,0.0879934138782437,-0.078125,-0.028251300855966426,0.01317538064320158,0.022260358664384586,0.07494716204129426,0.19999999999999998,1.0,0.92,0.0877097996751489,126552765.0
80,Japan,2020-04-11,701.0,13.0,347.778,48.2,27.049,18.493,0.0879934138782437,-0.078125,-0.028251300855966426,0.01317538064320158,0.022260358664384586,0.07494716204129426,0.19999999999999998,1.0,0.92,0.0877097996751489,126552765.0
81,Japan,2020-04-12,522.0,9.0,347.778,48.2,27.049,18.493,0.0879934138782437,-0.078125,-0.028251300855966426,0.01317538064320158,0.022260358664384586,0.07494716204129426,0.19999999999999998,1.0,0.92,0.0877097996751489,126552765.0
82,Japan,2020-04-13,300.0,9.0,347.778,48.2,27.049,18.493,0.0879934138782437,-0.078125,-0.028251300855966426,0.01317538064320158,0.022260358664384586,0.07494716204129426,0.19999999999999998,1.0,0.92,0.0877097996751489,126552765.0
83,Japan,2020-04-14,504.0,14.0,347.778,48.2,27.049,18.493,0.0879934138782437,-0.078125,-0.028251300855966426,0.01317538064320158,0.022260358664384586,0.07494716204129426,0.19999999999999998,1.0,0.92,0.0877097996751489,126552765.0
84,Japan,2020-04-15,558.0,16.0,347.778,48.2,27.049,18.493,0.0879934138782437,-0.078125,-0.028251300855966426,0.01317538064320158,0.022260358664384586,0.07494716204129426,0.19999999999999998,1.0,0.92,0.0877097996751489,126552765.0
85,Japan,2020-04-16,563.0,18.0,347.778,48.2,27.049,18.493,0.0879934138782437,-0.078125,-0.028251300855966426,0.01317538064320158,0.022260358664384586,0.07494716204129426,0.19999999999999998,1.0,0.92,0.0877097996751489,126552765.0
86,Japan,2020-04-17,560.0,13.0,347.778,48.2,27.049,18.493,0.0879934138782437,-0.078125,-0.028251300855966426,0.01317538064320158,0.022260358664384586,0.07494716204129426,0.19999999999999998,1.0,0.92,0.0877097996751489,126552765.0
87,Japan,2020-04-18,590.0,19.0,347.778,48.2,27.049,18.493,0.0879934138782437,-0.078125,-0.028251300855966426,0.01317538064320158,0.022260358664384586,0.07494716204129426,0.19999999999999998,1.0,0.92,0.0877097996751489,126552765.0
88,Japan,2020-04-19,366.0,19.0,347.778,48.2,27.049,18.493,0.0879934138782437,-0.078125,-0.028251300855966426,0.01317538064320158,0.022260358664384586,0.07494716204129426,0.19999999999999998,1.0,0.92,0.0877097996751489,126552765.0
89,Japan,2020-04-20,344.0,20.0,347.778,48.2,27.049,18.493,0.0879934138782437,-0.078125,-0.028251300855966426,0.01317538064320158,0.022260358664384586,0.07494716204129426,0.19999999999999998,1.0,0.92,0.0877097996751489,126552765.0
90,Japan,2020-04-21,383.0,28.0,347.778,48.2,27.049,18.493,0.0879934138782437,-0.078125,-0.028251300855966426,0.01317538064320158,0.022260358664384586,0.07494716204129426,0.19999999999999998,1.0,0.92,0.0877097996751489,126552765.0
91,Japan,2020-04-22,396.0,20.0,347.778,48.2,27.049,18.493,0.0879934138782437,-0.078125,-0.028251300855966426,0.01317538064320158,0.022260358664384586,0.07494716204129426,0.19999999999999998,1.0,0.92,0.0877097996751489,126552765.0
92,Japan,2020-04-23,432.0,28.0,347.778,48.2,27.049,18.493,0.0879934138782437,-0.078125,-0.028251300855966426,0.01317538064320158,0.022260358664384586,0.07494716204129426,0.19999999999999998,1.0,0.92,0.0877097996751489,126552765.0
93,Japan,2020-04-24,385.0,9.0,347.778,48.2,27.049,18.493,0.0879934138782437,-0.078125,-0.028251300855966426,0.01317538064320158,0.022260358664384586,0.07494716204129426,0.19999999999999998,1.0,0.92,0.0877097996751489,126552765.0
94,Japan,2020-04-25,332.0,19.0,347.778,48.2,27.049,18.493,0.0879934138782437,-0.078125,-0.028251300855966426,0.01317538064320158,0.022260358664384586,0.07494716204129426,0.19999999999999998,1.0,0.92,0.0877097996751489,126552765.0
95,Japan,2020-04-26,219.0,16.0,347.778,48.2,27.049,18.493,0.0879934138782437,-0.078125,-0.028251300855966426,0.01317538064320158,0.022260358664384586,0.07494716204129426,0.19999999999999998,1.0,0.92,0.0877097996751489,126552765.0
96,Japan,2020-04-27,171.0,22.0,347.778,48.2,27.049,18.493,0.0879934138782437,-0.078125,-0.028251300855966426,0.01317538064320158,0.022260358664384586,0.07494716204129426,0.19999999999999998,1.0,0.92,0.0877097996751489,126552765.0
97,Japan,2020-04-28,284.0,19.0,347.778,48.2,27.049,18.493,0.0879934138782437,-0.078125,-0.028251300855966426,0.01317538064320158,0.022260358664384586,0.07494716204129426,0.19999999999999998,1.0,0.92,0.0877097996751489,126552765.0
98,Japan,2020-04-29,216.0,18.0,347.778,48.2,27.049,18.493,0.0879934138782437,-0.078125,-0.028251300855966426,0.01317538064320158,0.022260358664384586,0.07494716204129426,0.19999999999999998,1.0,0.92,0.0877097996751489,126552765.0
99,Japan,2020-04-30,208.0,27.0,347.778,48.2,27.049,18.493,0.0879934138782437,-0.078125,-0.028251300855966426,0.01317538064320158,0.022260358664384586,0.07494716204129426,0.19999999999999998,1.0,0.92,0.0877097996751489,126552765.0
100,Japan,2020-05-01,274.0,29.0,347.778,48.2,27.049,18.493,0.0879934138782437,-0.078125,-0.028251300855966426,0.01317538064320158,0.022260358664384586,0.07494716204129426,0.19999999999999998,1.0,0.92,0.0877097996751489,126552765.0
101,Japan,2020-05-02,303.0,26.0,347.778,48.2,27.049,18.493,0.0879934138782437,-0.078125,-0.028251300855966426,0.01317538064320158,0.022260358664384586,0.07494716204129426,0.19999999999999998,1.0,0.92,0.0877097996751489,126552765.0
102,Japan,2020-05-03,200.0,24.0,347.778,48.2,27.049,18.493,0.0879934138782437,-0.078125,-0.028251300855966426,0.01317538064320158,0.022260358664384586,0.07494716204129426,0.19999999999999998,1.0,0.92,0.0877097996751489,126552765.0
103,Japan,2020-05-04,168.0,22.0,347.778,48.2,27.049,18.493,0.0879934138782437,-0.078125,-0.028251300855966426,0.01317538064320158,0.022260358664384586,0.07494716204129426,0.19999999999999998,1.0,0.92,0.0877097996751489,126552765.0
104,Japan,2020-05-05,125.0,11.0,347.778,48.2,27.049,18.493,0.0879934138782437,-0.078125,-0.028251300855966426,0.01317538064320158,0.022260358664384586,0.07494716204129426,0.19999999999999998,1.0,0.92,0.0877097996751489,126552765.0
105,Japan,2020-05-06,101.0,12.0,347.778,48.2,27.049,18.493,0.0879934138782437,-0.078125,-0.028251300855966426,0.01317538064320158,0.022260358664384586,0.07494716204129426,0.19999999999999998,1.0,0.92,0.0877097996751489,126552765.0
106,Japan,2020-05-07,98.0,12.0,347.778,48.2,27.049,18.493,0.0879934138782437,-0.078125,-0.028251300855966426,0.01317538064320158,0.022260358664384586,0.07494716204129426,0.19999999999999998,1.0,0.92,0.0877097996751489,126552765.0
107,Japan,2020-05-08,87.0,17.0,347.778,48.2,27.049,18.493,0.0879934138782437,-0.078125,-0.028251300855966426,0.01317538064320158,0.022260358664384586,0.07494716204129426,0.19999999999999998,1.0,0.92,0.0877097996751489,126552765.0
108,Japan,2020-05-09,115.0,20.0,347.778,48.2,27.049,18.493,0.0879934138782437,-0.078125,-0.028251300855966426,0.01317538064320158,0.022260358664384586,0.07494716204129426,0.19999999999999998,1.0,0.92,0.0877097996751489,126552765.0
109,Japan,2020-05-10,69.0,12.0,347.778,48.2,27.049,18.493,0.0879934138782437,-0.078125,-0.028251300855966426,0.01317538064320158,0.022260358664384586,0.07494716204129426,0.19999999999999998,1.0,0.92,0.0877097996751489,126552765.0
110,Japan,2020-05-11,37.0,19.0,347.778,48.2,27.049,18.493,0.0879934138782437,-0.078125,-0.028251300855966426,0.01317538064320158,0.022260358664384586,0.07494716204129426,0.19999999999999998,1.0,0.92,0.0877097996751489,126552765.0
111,Japan,2020-05-12,87.0,22.0,347.778,48.2,27.049,18.493,0.0879934138782437,-0.078125,-0.028251300855966426,0.01317538064320158,0.022260358664384586,0.07494716204129426,0.19999999999999998,1.0,0.92,0.0877097996751489,126552765.0
112,Japan,2020-05-13,50.0,19.0,347.778,48.2,27.049,18.493,0.0879934138782437,-0.078125,-0.028251300855966426,0.01317538064320158,0.022260358664384586,0.07494716204129426,0.19999999999999998,1.0,0.92,0.0877097996751489,126552765.0
113,Japan,2020-05-14,98.0,16.0,347.778,48.2,27.049,18.493,0.0879934138782437,-0.078125,-0.028251300855966426,0.01317538064320158,0.022260358664384586,0.07494716204129426,0.19999999999999998,1.0,0.92,0.0877097996751489,126552765.0
114,Japan,2020-05-15,52.0,18.0,347.778,48.2,27.049,18.493,0.0879934138782437,-0.078125,-0.028251300855966426,0.01317538064320158,0.022260358664384586,0.07494716204129426,0.19999999999999998,1.0,0.92,0.0877097996751489,126552765.0
115,Japan,2020-05-16,54.0,18.0,347.778,48.2,27.049,18.493,0.0879934138782437,-0.078125,-0.028251300855966426,0.01317538064320158,0.022260358664384586,0.07494716204129426,0.19999999999999998,1.0,0.92,0.0877097996751489,126552765.0
116,Japan,2020-05-17,24.0,9.0,347.778,48.2,27.049,18.493,0.0879934138782437,-0.078125,-0.028251300855966426,0.01317538064320158,0.022260358664384586,0.07494716204129426,0.19999999999999998,1.0,0.92,0.0877097996751489,126552765.0
117,Japan,2020-05-18,33.0,9.0,347.778,48.2,27.049,18.493,0.0879934138782437,-0.078125,-0.028251300855966426,0.01317538064320158,0.022260358664384586,0.07494716204129426,0.19999999999999998,1.0,0.92,0.0877097996751489,126552765.0
118,Japan,2020-05-19,28.0,9.0,347.778,48.2,27.049,18.493,0.0879934138782437,-0.078125,-0.028251300855966426,0.01317538064320158,0.022260358664384586,0.07494716204129426,0.19999999999999998,1.0,0.92,0.0877097996751489,126552765.0
119,Japan,2020-05-20,34.0,13.0,347.778,48.2,27.049,18.493,0.0879934138782437,-0.078125,-0.028251300855966426,0.01317538064320158,0.022260358664384586,0.07494716204129426,0.19999999999999998,1.0,0.92,0.0877097996751489,126552765.0
120,Japan,2020-05-21,41.0,8.0,347.778,48.2,27.049,18.493,0.0879934138782437,-0.078125,-0.028251300855966426,0.01317538064320158,0.022260358664384586,0.07494716204129426,0.19999999999999998,1.0,0.92,0.0877097996751489,126552765.0
121,Japan,2020-05-22,23.0,10.0,347.778,48.2,27.049,18.493,0.0879934138782437,-0.078125,-0.028251300855966426,0.01317538064320158,0.022260358664384586,0.07494716204129426,0.19999999999999998,1.0,0.92,0.0877097996751489,126552765.0
122,Japan,2020-05-23,25.0,9.0,347.778,48.2,27.049,18.493,0.0879934138782437,-0.078125,-0.028251300855966426,0.01317538064320158,0.022260358664384586,0.07494716204129426,0.19999999999999998,1.0,0.92,0.0877097996751489,126552765.0
123,Japan,2020-05-24,41.0,7.0,347.778,48.2,27.049,18.493,0.0879934138782437,-0.078125,-0.028251300855966426,0.01317538064320158,0.022260358664384586,0.07494716204129426,0.19999999999999998,1.0,0.92,0.0877097996751489,126552765.0
124,Japan,2020-05-25,21.0,5.0,347.778,48.2,27.049,18.493,0.0879934138782437,-0.078125,-0.028251300855966426,0.01317538064320158,0.022260358664384586,0.07494716204129426,0.19999999999999998,1.0,0.92,0.0877097996751489,126552765.0
125,Japan,2020-05-26,30.0,6.0,347.778,48.2,27.049,18.493,0.0879934138782437,-0.078125,-0.028251300855966426,0.01317538064320158,0.022260358664384586,0.07494716204129426,0.19999999999999998,1.0,0.92,0.0877097996751489,126552765.0
126,Japan,2020-05-27,26.0,7.0,347.778,48.2,27.049,18.493,0.0879934138782437,-0.078125,-0.028251300855966426,0.01317538064320158,0.022260358664384586,0.07494716204129426,0.19999999999999998,1.0,0.92,0.0877097996751489,126552765.0
127,Japan,2020-05-28,60.0,14.0,347.778,48.2,27.049,18.493,0.0879934138782437,-0.078125,-0.028251300855966426,0.01317538064320158,0.022260358664384586,0.07494716204129426,0.19999999999999998,1.0,0.92,0.0877097996751489,126552765.0
128,Japan,2020-05-29,73.0,6.0,347.778,48.2,27.049,18.493,0.0879934138782437,-0.078125,-0.028251300855966426,0.01317538064320158,0.022260358664384586,0.07494716204129426,0.19999999999999998,1.0,0.92,0.0877097996751489,126552765.0
129,Japan,2020-05-30,45.0,5.0,347.778,48.2,27.049,18.493,0.0879934138782437,-0.078125,-0.028251300855966426,0.01317538064320158,0.022260358664384586,0.07494716204129426,0.19999999999999998,1.0,0.92,0.0877097996751489,126552765.0
130,Japan,2020-05-31,35.0,3.0,347.778,48.2,27.049,18.493,0.0879934138782437,-0.078125,-0.028251300855966426,0.01317538064320158,0.022260358664384586,0.07494716204129426,0.19999999999999998,1.0,0.92,0.0877097996751489,126552765.0
131,Japan,2020-06-01,37.0,2.0,347.778,48.2,27.049,18.493,0.0879934138782437,-0.078125,-0.028251300855966426,0.01317538064320158,0.022260358664384586,0.07494716204129426,0.19999999999999998,1.0,0.92,0.0877097996751489,126552765.0
132,Japan,2020-06-02,51.0,3.0,347.778,48.2,27.049,18.493,0.0879934138782437,-0.078125,-0.028251300855966426,0.01317538064320158,0.022260358664384586,0.07494716204129426,0.19999999999999998,1.0,0.92,0.0877097996751489,126552765.0
133,Japan,2020-06-03,29.0,5.0,347.778,48.2,27.049,18.493,0.0879934138782437,-0.078125,-0.028251300855966426,0.01317538064320158,0.022260358664384586,0.07494716204129426,0.19999999999999998,1.0,0.92,0.0877097996751489,126552765.0
134,Japan,2020-06-04,44.0,5.0,347.778,48.2,27.049,18.493,0.0879934138782437,-0.078125,-0.028251300855966426,0.01317538064320158,0.022260358664384586,0.07494716204129426,0.19999999999999998,1.0,0.92,0.0877097996751489,126552765.0
135,Japan,2020-06-05,47.0,4.0,347.778,48.2,27.049,18.493,0.0879934138782437,-0.078125,-0.028251300855966426,0.01317538064320158,0.022260358664384586,0.07494716204129426,0.19999999999999998,1.0,0.92,0.0877097996751489,126552765.0
136,Japan,2020-06-06,46.0,2.0,347.778,48.2,27.049,18.493,0.0879934138782437,-0.078125,-0.028251300855966426,0.01317538064320158,0.022260358664384586,0.07494716204129426,0.19999999999999998,1.0,0.92,0.0877097996751489,126552765.0
137,Japan,2020-06-07,38.0,0.0,347.778,48.2,27.049,18.493,0.0879934138782437,-0.078125,-0.028251300855966426,0.01317538064320158,0.022260358664384586,0.07494716204129426,0.19999999999999998,1.0,0.92,0.0877097996751489,126552765.0
138,Japan,2020-06-08,21.0,3.0,347.778,48.2,27.049,18.493,0.0879934138782437,-0.078125,-0.028251300855966426,0.01317538064320158,0.022260358664384586,0.07494716204129426,0.19999999999999998,1.0,0.92,0.0877097996751489,126552765.0
139,Japan,2020-06-09,45.0,1.0,347.778,48.2,27.049,18.493,0.0879934138782437,-0.078125,-0.028251300855966426,0.01317538064320158,0.022260358664384586,0.07494716204129426,0.19999999999999998,1.0,0.92,0.0877097996751489,126552765.0
140,Japan,2020-06-10,36.0,2.0,347.778,48.2,27.049,18.493,0.0879934138782437,-0.078125,-0.028251300855966426,0.01317538064320158,0.022260358664384586,0.07494716204129426,0.19999999999999998,1.0,0.92,0.0877097996751489,126552765.0
141,Japan,2020-06-11,44.0,0.0,347.778,48.2,27.049,18.493,0.0879934138782437,-0.078125,-0.028251300855966426,0.01317538064320158,0.022260358664384586,0.07494716204129426,0.19999999999999998,1.0,0.92,0.0877097996751489,126552765.0
142,Japan,2020-06-12,61.0,4.0,347.778,48.2,27.049,18.493,0.0879934138782437,-0.078125,-0.028251300855966426,0.01317538064320158,0.022260358664384586,0.07494716204129426,0.19999999999999998,1.0,0.92,0.0877097996751489,126552765.0
143,Japan,2020-06-13,45.0,2.0,347.778,48.2,27.049,18.493,0.0879934138782437,-0.078125,-0.028251300855966426,0.01317538064320158,0.022260358664384586,0.07494716204129426,0.19999999999999998,1.0,0.92,0.0877097996751489,126552765.0
144,Japan,2020-06-14,75.0,0.0,347.778,48.2,27.049,18.493,0.0879934138782437,-0.078125,-0.028251300855966426,0.01317538064320158,0.022260358664384586,0.07494716204129426,0.19999999999999998,1.0,0.92,0.0877097996751489,126552765.0
145,Japan,2020-06-15,72.0,2.0,347.778,48.2,27.049,18.493,0.0879934138782437,-0.078125,-0.028251300855966426,0.01317538064320158,0.022260358664384586,0.07494716204129426,0.19999999999999998,1.0,0.92,0.0877097996751489,126552765.0
146,Japan,2020-06-16,42.0,5.0,347.778,48.2,27.049,18.493,0.0879934138782437,-0.078125,-0.028251300855966426,0.01317538064320158,0.022260358664384586,0.07494716204129426,0.19999999999999998,1.0,0.92,0.0877097996751489,126552765.0
147,Japan,2020-06-17,46.0,1.0,347.778,48.2,27.049,18.493,0.0879934138782437,-0.078125,-0.028251300855966426,0.01317538064320158,0.022260358664384586,0.07494716204129426,0.19999999999999998,1.0,0.92,0.0877097996751489,126552765.0
148,Japan,2020-06-18,69.0,1.0,347.778,48.2,27.049,18.493,0.0879934138782437,-0.078125,-0.028251300855966426,0.01317538064320158,0.022260358664384586,0.07494716204129426,0.19999999999999998,1.0,0.92,0.0877097996751489,126552765.0
149,Japan,2020-06-19,61.0,19.0,347.778,48.2,27.049,18.493,0.0879934138782437,-0.078125,-0.028251300855966426,0.01317538064320158,0.022260358664384586,0.07494716204129426,0.19999999999999998,1.0,0.92,0.0877097996751489,126552765.0
150,Japan,2020-06-20,64.0,0.0,347.778,48.2,27.049,18.493,0.0879934138782437,-0.078125,-0.028251300855966426,0.01317538064320158,0.022260358664384586,0.07494716204129426,0.19999999999999998,1.0,0.92,0.0877097996751489,126552765.0
151,Japan,2020-06-21,55.0,1.0,347.778,48.2,27.049,18.493,0.0879934138782437,-0.078125,-0.028251300855966426,0.01317538064320158,0.022260358664384586,0.07494716204129426,0.19999999999999998,1.0,0.92,0.0877097996751489,126552765.0
152,Japan,2020-06-22,43.0,1.0,347.778,48.2,27.049,18.493,0.0879934138782437,-0.078125,-0.028251300855966426,0.01317538064320158,0.022260358664384586,0.07494716204129426,0.19999999999999998,1.0,0.92,0.0877097996751489,126552765.0
153,Japan,2020-06-23,57.0,4.0,347.778,48.2,27.049,18.493,0.0879934138782437,-0.078125,-0.028251300855966426,0.01317538064320158,0.022260358664384586,0.07494716204129426,0.19999999999999998,1.0,0.92,0.0877097996751489,126552765.0
154,Japan,2020-06-24,96.0,4.0,347.778,48.2,27.049,18.493,0.0879934138782437,-0.078125,-0.028251300855966426,0.01317538064320158,0.022260358664384586,0.07494716204129426,0.19999999999999998,1.0,0.92,0.0877097996751489,126552765.0
155,Japan,2020-06-25,82.0,2.0,347.778,48.2,27.049,18.493,0.0879934138782437,-0.078125,-0.028251300855966426,0.01317538064320158,0.022260358664384586,0.07494716204129426,0.19999999999999998,1.0,0.92,0.0877097996751489,126552765.0
156,Japan,2020-06-26,105.0,0.0,347.778,48.2,27.049,18.493,0.0879934138782437,-0.078125,-0.028251300855966426,0.01317538064320158,0.022260358664384586,0.07494716204129426,0.19999999999999998,1.0,0.92,0.0877097996751489,126552765.0
157,Japan,2020-06-27,92.0,1.0,347.778,48.2,27.049,18.493,0.0879934138782437,-0.078125,-0.028251300855966426,0.01317538064320158,0.022260358664384586,0.07494716204129426,0.19999999999999998,1.0,0.92,0.0877097996751489,126552765.0
158,Japan,2020-06-28,113.0,0.0,347.778,48.2,27.049,18.493,0.0879934138782437,-0.078125,-0.028251300855966426,0.01317538064320158,0.022260358664384586,0.07494716204129426,0.19999999999999998,1.0,0.92,0.0877097996751489,126552765.0
159,Japan,2020-06-29,110.0,2.0,347.778,48.2,27.049,18.493,0.0879934138782437,-0.078125,-0.028251300855966426,0.01317538064320158,0.022260358664384586,0.07494716204129426,0.19999999999999998,1.0,0.92,0.0877097996751489,126552765.0
160,Japan,2020-06-30,138.0,0.0,347.778,48.2,27.049,18.493,0.0879934138782437,-0.078125,-0.028251300855966426,0.01317538064320158,0.022260358664384586,0.07494716204129426,0.19999999999999998,1.0,0.92,0.0877097996751489,126552765.0
161,Japan,2020-07-01,127.0,2.0,347.778,48.2,27.049,18.493,0.0879934138782437,-0.078125,-0.028251300855966426,0.01317538064320158,0.022260358664384586,0.07494716204129426,0.19999999999999998,1.0,0.92,0.0877097996751489,126552765.0
162,Japan,2020-07-02,194.0,1.0,347.778,48.2,27.049,18.493,0.0879934138782437,-0.078125,-0.028251300855966426,0.01317538064320158,0.022260358664384586,0.07494716204129426,0.19999999999999998,1.0,0.92,0.0877097996751489,126552765.0
163,Japan,2020-07-03,250.0,0.0,347.778,48.2,27.049,18.493,0.0879934138782437,-0.078125,-0.028251300855966426,0.01317538064320158,0.022260358664384586,0.07494716204129426,0.19999999999999998,1.0,0.92,0.0877097996751489,126552765.0
164,Japan,2020-07-04,274.0,0.0,347.778,48.2,27.049,18.493,0.0879934138782437,-0.078125,-0.028251300855966426,0.01317538064320158,0.022260358664384586,0.07494716204129426,0.19999999999999998,1.0,0.92,0.0877097996751489,126552765.0
165,Japan,2020-07-05,208.0,0.0,347.778,48.2,27.049,18.493,0.0879934138782437,-0.078125,-0.028251300855966426,0.01317538064320158,0.022260358664384586,0.07494716204129426,0.19999999999999998,1.0,0.92,0.0877097996751489,126552765.0
166,Japan,2020-07-06,176.0,1.0,347.778,48.2,27.049,18.493,0.0879934138782437,-0.078125,-0.028251300855966426,0.01317538064320158,0.022260358664384586,0.07494716204129426,0.19999999999999998,1.0,0.92,0.0877097996751489,126552765.0
167,Japan,2020-07-07,208.0,2.0,347.778,48.2,27.049,18.493,0.0879934138782437,-0.078125,-0.028251300855966426,0.01317538064320158,0.022260358664384586,0.07494716204129426,0.19999999999999998,1.0,0.92,0.0877097996751489,126552765.0
168,Japan,2020-07-08,207.0,2.0,347.778,48.2,27.049,18.493,0.0879934138782437,-0.078125,-0.028251300855966426,0.01317538064320158,0.022260358664384586,0.07494716204129426,0.19999999999999998,1.0,0.92,0.0877097996751489,126552765.0
169,Japan,2020-07-09,355.0,0.0,347.778,48.2,27.049,18.493,0.0879934138782437,-0.078125,-0.028251300855966426,0.01317538064320158,0.022260358664384586,0.07494716204129426,0.19999999999999998,1.0,0.92,0.0877097996751489,126552765.0
170,Japan,2020-07-10,430.0,0.0,347.778,48.2,27.049,18.493,0.0879934138782437,-0.078125,-0.028251300855966426,0.01317538064320158,0.022260358664384586,0.07494716204129426,0.19999999999999998,1.0,0.92,0.0877097996751489,126552765.0
171,Japan,2020-07-11,386.0,1.0,347.778,48.2,27.049,18.493,0.0879934138782437,-0.078125,-0.028251300855966426,0.01317538064320158,0.022260358664384586,0.07494716204129426,0.19999999999999998,1.0,0.92,0.0877097996751489,126552765.0
172,Japan,2020-07-12,407.0,0.0,347.778,48.2,27.049,18.493,0.0879934138782437,-0.078125,-0.028251300855966426,0.01317538064320158,0.022260358664384586,0.07494716204129426,0.19999999999999998,1.0,0.92,0.0877097996751489,126552765.0
173,Japan,2020-07-13,259.0,1.0,347.778,48.2,27.049,18.493,0.0879934138782437,-0.078125,-0.028251300855966426,0.01317538064320158,0.022260358664384586,0.07494716204129426,0.19999999999999998,1.0,0.92,0.0877097996751489,126552765.0
174,Japan,2020-07-14,333.0,0.0,347.778,48.2,27.049,18.493,0.0879934138782437,-0.078125,-0.028251300855966426,0.01317538064320158,0.022260358664384586,0.07494716204129426,0.19999999999999998,1.0,0.92,0.0877097996751489,126552765.0
175,Japan,2020-07-15,450.0,1.0,347.778,48.2,27.049,18.493,0.0879934138782437,-0.078125,-0.028251300855966426,0.01317538064320158,0.022260358664384586,0.07494716204129426,0.19999999999999998,1.0,0.92,0.0877097996751489,126552765.0
176,Japan,2020-07-16,624.0,0.0,347.778,48.2,27.049,18.493,0.0879934138782437,-0.078125,-0.028251300855966426,0.01317538064320158,0.022260358664384586,0.07494716204129426,0.19999999999999998,1.0,0.92,0.0877097996751489,126552765.0
177,Japan,2020-07-17,597.0,0.0,347.778,48.2,27.049,18.493,0.0879934138782437,-0.078125,-0.028251300855966426,0.01317538064320158,0.022260358664384586,0.07494716204129426,0.19999999999999998,1.0,0.92,0.0877097996751489,126552765.0
178,Japan,2020-07-18,661.0,1.0,347.778,48.2,27.049,18.493,0.0879934138782437,-0.078125,-0.028251300855966426,0.01317538064320158,0.022260358664384586,0.07494716204129426,0.19999999999999998,1.0,0.92,0.0877097996751489,126552765.0
179,Japan,2020-07-19,511.0,0.0,347.778,48.2,27.049,18.493,0.0879934138782437,-0.078125,-0.028251300855966426,0.01317538064320158,0.022260358664384586,0.07494716204129426,0.19999999999999998,1.0,0.92,0.0877097996751489,126552765.0
180,Japan,2020-07-20,418.0,2.0,347.778,48.2,27.049,18.493,0.0879934138782437,-0.078125,-0.028251300855966426,0.01317538064320158,0.022260358664384586,0.07494716204129426,0.19999999999999998,1.0,0.92,0.0877097996751489,126552765.0
181,Japan,2020-07-21,632.0,1.0,347.778,48.2,27.049,18.493,0.0879934138782437,-0.078125,-0.028251300855966426,0.01317538064320158,0.022260358664384586,0.07494716204129426,0.19999999999999998,1.0,0.92,0.0877097996751489,126552765.0
182,Japan,2020-07-22,795.0,1.0,347.778,48.2,27.049,18.493,0.0879934138782437,-0.078125,-0.028251300855966426,0.01317538064320158,0.022260358664384586,0.07494716204129426,0.19999999999999998,1.0,0.92,0.0877097996751489,126552765.0
183,Japan,2020-07-23,981.0,2.0,347.778,48.2,27.049,18.493,0.0879934138782437,-0.078125,-0.028251300855966426,0.01317538064320158,0.022260358664384586,0.07494716204129426,0.19999999999999998,1.0,0.92,0.0877097996751489,126552765.0
184,Japan,2020-07-24,779.0,3.0,347.778,48.2,27.049,18.493,0.0879934138782437,-0.078125,-0.028251300855966426,0.01317538064320158,0.022260358664384586,0.07494716204129426,0.19999999999999998,1.0,0.92,0.0877097996751489,126552765.0
185,Japan,2020-07-25,801.0,3.0,347.778,48.2,27.049,18.493,0.0879934138782437,-0.078125,-0.028251300855966426,0.01317538064320158,0.022260358664384586,0.07494716204129426,0.19999999999999998,1.0,0.92,0.0877097996751489,126552765.0
186,Japan,2020-07-26,839.0,0.0,347.778,48.2,27.049,18.493,0.0879934138782437,-0.078125,-0.028251300855966426,0.01317538064320158,0.022260358664384586,0.07494716204129426,0.19999999999999998,1.0,0.92,0.0877097996751489,126552765.0
187,Japan,2020-07-27,600.0,1.0,347.778,48.2,27.049,18.493,0.0879934138782437,-0.078125,-0.028251300855966426,0.01317538064320158,0.022260358664384586,0.07494716204129426,0.19999999999999998,1.0,0.92,0.0877097996751489,126552765.0
188,Japan,2020-07-28,985.0,3.0,347.778,48.2,27.049,18.493,0.0879934138782437,-0.078125,-0.028251300855966426,0.01317538064320158,0.022260358664384586,0.07494716204129426,0.19999999999999998,1.0,0.92,0.0877097996751489,126552765.0
189,Japan,2020-07-29,1270.0,4.0,347.778,48.2,27.049,18.493,0.0879934138782437,-0.078125,-0.028251300855966426,0.01317538064320158,0.022260358664384586,0.07494716204129426,0.19999999999999998,1.0,0.92,0.0877097996751489,126552765.0
190,Japan,2020-07-30,1308.0,1.0,347.778,48.2,27.049,18.493,0.0879934138782437,-0.078125,-0.028251300855966426,0.01317538064320158,0.022260358664384586,0.07494716204129426,0.19999999999999998,1.0,0.92,0.0877097996751489,126552765.0
191,Japan,2020-07-31,1586.0,6.0,347.778,48.2,27.049,18.493,0.0879934138782437,-0.078125,-0.028251300855966426,0.01317538064320158,0.022260358664384586,0.07494716204129426,0.19999999999999998,1.0,0.92,0.0877097996751489,126552765.0
192,Japan,2020-08-01,1534.0,0.0,347.778,48.2,27.049,18.493,0.0879934138782437,-0.078125,-0.028251300855966426,0.01317538064320158,0.022260358664384586,0.07494716204129426,0.19999999999999998,1.0,0.92,0.0877097996751489,126552765.0
193,Japan,2020-08-02,1331.0,0.0,347.778,48.2,27.049,18.493,0.0879934138782437,-0.078125,-0.028251300855966426,0.01317538064320158,0.022260358664384586,0.07494716204129426,0.19999999999999998,1.0,0.92,0.0877097996751489,126552765.0
194,Japan,2020-08-03,965.0,5.0,347.778,48.2,27.049,18.493,0.0879934138782437,-0.078125,-0.028251300855966426,0.01317538064320158,0.022260358664384586,0.07494716204129426,0.19999999999999998,1.0,0.92,0.0877097996751489,126552765.0
195,Japan,2020-08-04,1246.0,5.0,347.778,48.2,27.049,18.493,0.0879934138782437,-0.078125,-0.028251300855966426,0.01317538064320158,0.022260358664384586,0.07494716204129426,0.19999999999999998,1.0,0.92,0.0877097996751489,126552765.0
196,Japan,2020-08-05,1355.0,7.0,347.778,48.2,27.049,18.493,0.0879934138782437,-0.078125,-0.028251300855966426,0.01317538064320158,0.022260358664384586,0.07494716204129426,0.19999999999999998,1.0,0.92,0.0877097996751489,126552765.0
197,Japan,2020-08-06,1485.0,6.0,347.778,48.2,27.049,18.493,0.0879934138782437,-0.078125,-0.028251300855966426,0.01317538064320158,0.022260358664384586,0.07494716204129426,0.19999999999999998,1.0,0.92,0.0877097996751489,126552765.0
198,Japan,2020-08-07,1605.0,7.0,347.778,48.2,27.049,18.493,0.0879934138782437,-0.078125,-0.028251300855966426,0.01317538064320158,0.022260358664384586,0.07494716204129426,0.19999999999999998,1.0,0.92,0.0877097996751489,126552765.0
199,Japan,2020-08-08,1571.0,1.0,347.778,48.2,27.049,18.493,0.0879934138782437,-0.078125,-0.028251300855966426,0.01317538064320158,0.022260358664384586,0.07494716204129426,0.19999999999999998,1.0,0.92,0.0877097996751489,126552765.0
200,Japan,2020-08-09,1441.0,5.0,347.778,48.2,27.049,18.493,0.0879934138782437,-0.078125,-0.028251300855966426,0.01317538064320158,0.022260358664384586,0.07494716204129426,0.19999999999999998,1.0,0.92,0.0877097996751489,126552765.0
201,Japan,2020-08-10,838.0,5.0,347.778,48.2,27.049,18.493,0.0879934138782437,-0.078125,-0.028251300855966426,0.01317538064320158,0.022260358664384586,0.07494716204129426,0.19999999999999998,1.0,0.92,0.0877097996751489,126552765.0
202,Japan,2020-08-11,697.0,7.0,347.778,48.2,27.049,18.493,0.0879934138782437,-0.078125,-0.028251300855966426,0.01317538064320158,0.022260358664384586,0.07494716204129426,0.19999999999999998,1.0,0.92,0.0877097996751489,126552765.0
203,Japan,2020-08-12,979.0,5.0,347.778,48.2,27.049,18.493,0.0879934138782437,-0.078125,-0.028251300855966426,0.01317538064320158,0.022260358664384586,0.07494716204129426,0.19999999999999998,1.0,0.92,0.0877097996751489,126552765.0
204,Japan,2020-08-13,1172.0,11.0,347.778,48.2,27.049,18.493,0.0879934138782437,-0.078125,-0.028251300855966426,0.01317538064320158,0.022260358664384586,0.07494716204129426,0.19999999999999998,1.0,0.92,0.0877097996751489,126552765.0
205,Japan,2020-08-14,1356.0,9.0,347.778,48.2,27.049,18.493,0.0879934138782437,-0.078125,-0.028251300855966426,0.01317538064320158,0.022260358664384586,0.07494716204129426,0.19999999999999998,1.0,0.92,0.0877097996751489,126552765.0
206,Japan,2020-08-15,1231.0,7.0,347.778,48.2,27.049,18.493,0.0879934138782437,-0.078125,-0.028251300855966426,0.01317538064320158,0.022260358664384586,0.07494716204129426,0.19999999999999998,1.0,0.92,0.0877097996751489,126552765.0
207,Japan,2020-08-16,1017.0,11.0,347.778,48.2,27.049,18.493,0.0879934138782437,-0.078125,-0.028251300855966426,0.01317538064320158,0.022260358664384586,0.07494716204129426,0.19999999999999998,1.0,0.92,0.0877097996751489,126552765.0
208,Japan,2020-08-17,647.0,15.0,347.778,48.2,27.049,18.493,0.0879934138782437,-0.078125,-0.028251300855966426,0.01317538064320158,0.022260358664384586,0.07494716204129426,0.19999999999999998,1.0,0.92,0.0877097996751489,126552765.0
209,Japan,2020-08-18,916.0,16.0,347.778,48.2,27.049,18.493,0.0879934138782437,-0.078125,-0.028251300855966426,0.01317538064320158,0.022260358664384586,0.07494716204129426,0.19999999999999998,1.0,0.92,0.0877097996751489,126552765.0
210,Japan,2020-08-19,1070.0,14.0,347.778,48.2,27.049,18.493,0.0879934138782437,-0.078125,-0.028251300855966426,0.01317538064320158,0.022260358664384586,0.07494716204129426,0.19999999999999998,1.0,0.92,0.0877097996751489,126552765.0
211,Japan,2020-08-20,1178.0,11.0,347.778,48.2,27.049,18.493,0.0879934138782437,-0.078125,-0.028251300855966426,0.01317538064320158,0.022260358664384586,0.07494716204129426,0.19999999999999998,1.0,0.92,0.0877097996751489,126552765.0
212,Japan,2020-08-21,1037.0,15.0,347.778,48.2,27.049,18.493,0.0879934138782437,-0.078125,-0.028251300855966426,0.01317538064320158,0.022260358664384586,0.07494716204129426,0.19999999999999998,1.0,0.92,0.0877097996751489,126552765.0
213,Japan,2020-08-22,984.0,6.0,347.778,48.2,27.049,18.493,0.0879934138782437,-0.078125,-0.028251300855966426,0.01317538064320158,0.022260358664384586,0.07494716204129426,0.19999999999999998,1.0,0.92,0.0877097996751489,126552765.0
214,Japan,2020-08-23,744.0,9.0,347.778,48.2,27.049,18.493,0.0879934138782437,-0.078125,-0.028251300855966426,0.01317538064320158,0.022260358664384586,0.07494716204129426,0.19999999999999998,1.0,0.92,0.0877097996751489,126552765.0
215,Japan,2020-08-24,493.0,13.0,347.778,48.2,27.049,18.493,0.0879934138782437,-0.078125,-0.028251300855966426,0.01317538064320158,0.022260358664384586,0.07494716204129426,0.19999999999999998,1.0,0.92,0.0877097996751489,126552765.0
216,Japan,2020-08-25,715.0,14.0,347.778,48.2,27.049,18.493,0.0879934138782437,-0.078125,-0.028251300855966426,0.01317538064320158,0.022260358664384586,0.07494716204129426,0.19999999999999998,1.0,0.92,0.0877097996751489,126552765.0
217,Japan,2020-08-26,903.0,13.0,347.778,48.2,27.049,18.493,0.0879934138782437,-0.078125,-0.028251300855966426,0.01317538064320158,0.022260358664384586,0.07494716204129426,0.19999999999999998,1.0,0.92,0.0877097996751489,126552765.0
218,Japan,2020-08-27,863.0,11.0,347.778,48.2,27.049,18.493,0.0879934138782437,-0.078125,-0.028251300855966426,0.01317538064320158,0.022260358664384586,0.07494716204129426,0.19999999999999998,1.0,0.92,0.0877097996751489,126552765.0
219,Japan,2020-08-28,876.0,20.0,347.778,48.2,27.049,18.493,0.0879934138782437,-0.078125,-0.028251300855966426,0.01317538064320158,0.022260358664384586,0.07494716204129426,0.19999999999999998,1.0,0.92,0.0877097996751489,126552765.0
220,Japan,2020-08-29,844.0,11.0,347.778,48.2,27.049,18.493,0.0879934138782437,-0.078125,-0.028251300855966426,0.01317538064320158,0.022260358664384586,0.07494716204129426,0.19999999999999998,1.0,0.92,0.0877097996751489,126552765.0
221,Japan,2020-08-30,600.0,14.0,347.778,48.2,27.049,18.493,0.0879934138782437,-0.078125,-0.028251300855966426,0.01317538064320158,0.022260358664384586,0.07494716204129426,0.19999999999999998,1.0,0.92,0.0877097996751489,126552765.0
222,Japan,2020-08-31,436.0,14.0,347.778,48.2,27.049,18.493,0.0879934138782437,-0.078125,-0.028251300855966426,0.01317538064320158,0.022260358664384586,0.07494716204129426,0.19999999999999998,1.0,0.92,0.0877097996751489,126552765.0
223,Japan,2020-09-01,633.0,14.0,347.778,48.2,27.049,18.493,0.0879934138782437,-0.078125,-0.028251300855966426,0.01317538064320158,0.022260358664384586,0.07494716204129426,0.19999999999999998,1.0,0.92,0.0877097996751489,126552765.0
224,Japan,2020-09-02,592.0,13.0,347.778,48.2,27.049,18.493,0.0879934138782437,-0.078125,-0.028251300855966426,0.01317538064320158,0.022260358664384586,0.07494716204129426,0.19999999999999998,1.0,0.92,0.0877097996751489,126552765.0
225,Japan,2020-09-03,657.0,8.0,347.778,48.2,27.049,18.493,0.0879934138782437,-0.078125,-0.028251300855966426,0.01317538064320158,0.022260358664384586,0.07494716204129426,0.19999999999999998,1.0,0.92,0.0877097996751489,126552765.0
226,Japan,2020-09-04,587.0,17.0,347.778,48.2,27.049,18.493,0.0879934138782437,-0.078125,-0.028251300855966426,0.01317538064320158,0.022260358664384586,0.07494716204129426,0.19999999999999998,1.0,0.92,0.0877097996751489,126552765.0
227,Japan,2020-09-05,598.0,9.0,347.778,48.2,27.049,18.493,0.0879934138782437,-0.078125,-0.028251300855966426,0.01317538064320158,0.022260358664384586,0.07494716204129426,0.19999999999999998,1.0,0.92,0.0877097996751489,126552765.0
228,Japan,2020-09-06,451.0,8.0,347.778,48.2,27.049,18.493,0.0879934138782437,-0.078125,-0.028251300855966426,0.01317538064320158,0.022260358664384586,0.07494716204129426,0.19999999999999998,1.0,0.92,0.0877097996751489,126552765.0
229,Japan,2020-09-07,291.0,11.0,347.778,48.2,27.049,18.493,0.0879934138782437,-0.078125,-0.028251300855966426,0.01317538064320158,0.022260358664384586,0.07494716204129426,0.19999999999999998,1.0,0.92,0.0877097996751489,126552765.0
230,Japan,2020-09-08,509.0,18.0,347.778,48.2,27.049,18.493,0.0879934138782437,-0.078125,-0.028251300855966426,0.01317538064320158,0.022260358664384586,0.07494716204129426,0.19999999999999998,1.0,0.92,0.0877097996751489,126552765.0
231,Japan,2020-09-09,508.0,14.0,347.778,48.2,27.049,18.493,0.0879934138782437,-0.078125,-0.028251300855966426,0.01317538064320158,0.022260358664384586,0.07494716204129426,0.19999999999999998,1.0,0.92,0.0877097996751489,126552765.0
232,Japan,2020-09-10,712.0,7.0,347.778,48.2,27.049,18.493,0.0879934138782437,-0.078125,-0.028251300855966426,0.01317538064320158,0.022260358664384586,0.07494716204129426,0.19999999999999998,1.0,0.92,0.0877097996751489,126552765.0
233,Japan,2020-09-11,642.0,9.0,347.778,48.2,27.049,18.493,0.0879934138782437,-0.078125,-0.028251300855966426,0.01317538064320158,0.022260358664384586,0.07494716204129426,0.19999999999999998,1.0,0.92,0.0877097996751489,126552765.0
234,Japan,2020-09-12,646.0,13.0,347.778,48.2,27.049,18.493,0.0879934138782437,-0.078125,-0.028251300855966426,0.01317538064320158,0.022260358664384586,0.07494716204129426,0.19999999999999998,1.0,0.92,0.0877097996751489,126552765.0
235,Japan,2020-09-13,439.0,6.0,347.778,48.2,27.049,18.493,0.0879934138782437,-0.078125,-0.028251300855966426,0.01317538064320158,0.022260358664384586,0.07494716204129426,0.19999999999999998,1.0,0.92,0.0877097996751489,126552765.0
236,Japan,2020-09-14,266.0,7.0,347.778,48.2,27.049,18.493,0.0879934138782437,-0.078125,-0.028251300855966426,0.01317538064320158,0.022260358664384586,0.07494716204129426,0.19999999999999998,1.0,0.92,0.0877097996751489,126552765.0
237,Japan,2020-09-15,531.0,13.0,347.778,48.2,27.049,18.493,0.0879934138782437,-0.078125,-0.028251300855966426,0.01317538064320158,0.022260358664384586,0.07494716204129426,0.19999999999999998,1.0,0.92,0.0877097996751489,126552765.0
238,Japan,2020-09-16,551.0,13.0,347.778,48.2,27.049,18.493,0.0879934138782437,-0.078125,-0.028251300855966426,0.01317538064320158,0.022260358664384586,0.07494716204129426,0.19999999999999998,1.0,0.92,0.0877097996751489,126552765.0
239,Japan,2020-09-17,489.0,9.0,347.778,48.2,27.049,18.493,0.0879934138782437,-0.078125,-0.028251300855966426,0.01317538064320158,0.022260358664384586,0.07494716204129426,0.19999999999999998,1.0,0.92,0.0877097996751489,126552765.0
240,Japan,2020-09-18,572.0,10.0,347.778,48.2,27.049,18.493,0.0879934138782437,-0.078125,-0.028251300855966426,0.01317538064320158,0.022260358664384586,0.07494716204129426,0.19999999999999998,1.0,0.92,0.0877097996751489,126552765.0
241,Japan,2020-09-19,596.0,4.0,347.778,48.2,27.049,18.493,0.0879934138782437,-0.078125,-0.028251300855966426,0.01317538064320158,0.022260358664384586,0.07494716204129426,0.19999999999999998,1.0,0.92,0.0877097996751489,126552765.0
242,Japan,2020-09-20,480.0,4.0,347.778,48.2,27.049,18.493,0.0879934138782437,-0.078125,-0.028251300855966426,0.01317538064320158,0.022260358664384586,0.07494716204129426,0.19999999999999998,1.0,0.92,0.0877097996751489,126552765.0
243,Japan,2020-09-21,310.0,7.0,347.778,48.2,27.049,18.493,0.0879934138782437,-0.078125,-0.028251300855966426,0.01317538064320158,0.022260358664384586,0.07494716204129426,0.19999999999999998,1.0,0.92,0.0877097996751489,126552765.0
244,Japan,2020-09-22,331.0,5.0,347.778,48.2,27.049,18.493,0.0879934138782437,-0.078125,-0.028251300855966426,0.01317538064320158,0.022260358664384586,0.07494716204129426,0.19999999999999998,1.0,0.92,0.0877097996751489,126552765.0
245,Japan,2020-09-23,219.0,6.0,347.778,48.2,27.049,18.493,0.0879934138782437,-0.078125,-0.028251300855966426,0.01317538064320158,0.022260358664384586,0.07494716204129426,0.19999999999999998,1.0,0.92,0.0877097996751489,126552765.0
246,Japan,2020-09-24,482.0,12.0,347.778,48.2,27.049,18.493,0.0879934138782437,-0.078125,-0.028251300855966426,0.01317538064320158,0.022260358664384586,0.07494716204129426,0.19999999999999998,1.0,0.92,0.0877097996751489,126552765.0
247,Japan,2020-09-25,573.0,7.0,347.778,48.2,27.049,18.493,0.0879934138782437,-0.078125,-0.028251300855966426,0.01317538064320158,0.022260358664384586,0.07494716204129426,0.19999999999999998,1.0,0.92,0.0877097996751489,126552765.0
248,Japan,2020-09-26,639.0,3.0,347.778,48.2,27.049,18.493,0.0879934138782437,-0.078125,-0.028251300855966426,0.01317538064320158,0.022260358664384586,0.07494716204129426,0.19999999999999998,1.0,0.92,0.0877097996751489,126552765.0
249,Japan,2020-09-27,485.0,3.0,347.778,48.2,27.049,18.493,0.0879934138782437,-0.078125,-0.028251300855966426,0.01317538064320158,0.022260358664384586,0.07494716204129426,0.19999999999999998,1.0,0.92,0.0877097996751489,126552765.0
250,Japan,2020-09-28,302.0,11.0,347.778,48.2,27.049,18.493,0.0879934138782437,-0.078125,-0.028251300855966426,0.01317538064320158,0.022260358664384586,0.07494716204129426,0.19999999999999998,1.0,0.92,0.0877097996751489,126552765.0
251,Japan,2020-09-29,527.0,7.0,347.778,48.2,27.049,18.493,0.0879934138782437,-0.078125,-0.028251300855966426,0.01317538064320158,0.022260358664384586,0.07494716204129426,0.19999999999999998,1.0,0.92,0.0877097996751489,126552765.0
252,Japan,2020-09-30,576.0,7.0,347.778,48.2,27.049,18.493,0.0879934138782437,-0.078125,-0.028251300855966426,0.01317538064320158,0.022260358664384586,0.07494716204129426,0.19999999999999998,1.0,0.92,0.0877097996751489,126552765.0
253,Japan,2020-10-01,633.0,8.0,347.778,48.2,27.049,18.493,0.0879934138782437,-0.078125,-0.028251300855966426,0.01317538064320158,0.022260358664384586,0.07494716204129426,0.19999999999999998,1.0,0.92,0.0877097996751489,126552765.0
254,Japan,2020-10-02,542.0,10.0,347.778,48.2,27.049,18.493,0.0879934138782437,-0.078125,-0.028251300855966426,0.01317538064320158,0.022260358664384586,0.07494716204129426,0.19999999999999998,1.0,0.92,0.0877097996751489,126552765.0
255,Japan,2020-10-03,574.0,6.0,347.778,48.2,27.049,18.493,0.0879934138782437,-0.078125,-0.028251300855966426,0.01317538064320158,0.022260358664384586,0.07494716204129426,0.19999999999999998,1.0,0.92,0.0877097996751489,126552765.0
256,Japan,2020-10-04,400.0,1.0,347.778,48.2,27.049,18.493,0.0879934138782437,-0.078125,-0.028251300855966426,0.01317538064320158,0.022260358664384586,0.07494716204129426,0.19999999999999998,1.0,0.92,0.0877097996751489,126552765.0
257,Japan,2020-10-05,279.0,4.0,347.778,48.2,27.049,18.493,0.0879934138782437,-0.078125,-0.028251300855966426,0.01317538064320158,0.022260358664384586,0.07494716204129426,0.19999999999999998,1.0,0.92,0.0877097996751489,126552765.0
258,Japan,2020-10-06,500.0,7.0,347.778,48.2,27.049,18.493,0.0879934138782437,-0.078125,-0.028251300855966426,0.01317538064320158,0.022260358664384586,0.07494716204129426,0.19999999999999998,1.0,0.92,0.0877097996751489,126552765.0
259,Japan,2020-10-07,506.0,5.0,347.778,48.2,27.049,18.493,0.0879934138782437,-0.078125,-0.028251300855966426,0.01317538064320158,0.022260358664384586,0.07494716204129426,0.19999999999999998,1.0,0.92,0.0877097996751489,126552765.0
260,Japan,2020-10-08,627.0,3.0,347.778,48.2,27.049,18.493,0.0879934138782437,-0.078125,-0.028251300855966426,0.01317538064320158,0.022260358664384586,0.07494716204129426,0.19999999999999998,1.0,0.92,0.0877097996751489,126552765.0
261,Japan,2020-10-09,603.0,6.0,347.778,48.2,27.049,18.493,0.0879934138782437,-0.078125,-0.028251300855966426,0.01317538064320158,0.022260358664384586,0.07494716204129426,0.19999999999999998,1.0,0.92,0.0877097996751489,126552765.0
262,Japan,2020-10-10,678.0,3.0,347.778,48.2,27.049,18.493,0.0879934138782437,-0.078125,-0.028251300855966426,0.01317538064320158,0.022260358664384586,0.07494716204129426,0.19999999999999998,1.0,0.92,0.0877097996751489,126552765.0
263,Japan,2020-10-11,436.0,2.0,347.778,48.2,27.049,18.493,0.0879934138782437,-0.078125,-0.028251300855966426,0.01317538064320158,0.022260358664384586,0.07494716204129426,0.19999999999999998,1.0,0.92,0.0877097996751489,126552765.0
264,Japan,2020-10-12,278.0,4.0,347.778,48.2,27.049,18.493,0.0879934138782437,-0.078125,-0.028251300855966426,0.01317538064320158,0.022260358664384586,0.07494716204129426,0.19999999999999998,1.0,0.92,0.0877097996751489,126552765.0
265,Japan,2020-10-13,498.0,4.0,347.778,48.2,27.049,18.493,0.0879934138782437,-0.078125,-0.028251300855966426,0.01317538064320158,0.022260358664384586,0.07494716204129426,0.19999999999999998,1.0,0.92,0.0877097996751489,126552765.0
266,Japan,2020-10-14,552.0,9.0,347.778,48.2,27.049,18.493,0.0879934138782437,-0.078125,-0.028251300855966426,0.01317538064320158,0.022260358664384586,0.07494716204129426,0.19999999999999998,1.0,0.92,0.0877097996751489,126552765.0
267,Japan,2020-10-15,708.0,3.0,347.778,48.2,27.049,18.493,0.0879934138782437,-0.078125,-0.028251300855966426,0.01317538064320158,0.022260358664384586,0.07494716204129426,0.19999999999999998,1.0,0.92,0.0877097996751489,126552765.0
268,Japan,2020-10-16,639.0,15.0,347.778,48.2,27.049,18.493,0.0879934138782437,-0.078125,-0.028251300855966426,0.01317538064320158,0.022260358664384586,0.07494716204129426,0.19999999999999998,1.0,0.92,0.0877097996751489,126552765.0
269,Japan,2020-10-17,623.0,6.0,347.778,48.2,27.049,18.493,0.0879934138782437,-0.078125,-0.028251300855966426,0.01317538064320158,0.022260358664384586,0.07494716204129426,0.19999999999999998,1.0,0.92,0.0877097996751489,126552765.0
270,Japan,2020-10-18,430.0,4.0,347.778,48.2,27.049,18.493,0.0879934138782437,-0.078125,-0.028251300855966426,0.01317538064320158,0.022260358664384586,0.07494716204129426,0.19999999999999998,1.0,0.92,0.0877097996751489,126552765.0
271,Japan,2020-10-19,316.0,2.0,347.778,48.2,27.049,18.493,0.0879934138782437,-0.078125,-0.028251300855966426,0.01317538064320158,0.022260358664384586,0.07494716204129426,0.19999999999999998,1.0,0.92,0.0877097996751489,126552765.0
272,Japan,2020-10-20,481.0,3.0,347.778,48.2,27.049,18.493,0.0879934138782437,-0.078125,-0.028251300855966426,0.01317538064320158,0.022260358664384586,0.07494716204129426,0.19999999999999998,1.0,0.92,0.0877097996751489,126552765.0
273,Japan,2020-10-21,615.0,7.0,347.778,48.2,27.049,18.493,0.0879934138782437,-0.078125,-0.028251300855966426,0.01317538064320158,0.022260358664384586,0.07494716204129426,0.19999999999999998,1.0,0.92,0.0877097996751489,126552765.0
274,Japan,2020-10-22,616.0,11.0,347.778,48.2,27.049,18.493,0.0879934138782437,-0.078125,-0.028251300855966426,0.01317538064320158,0.022260358664384586,0.07494716204129426,0.19999999999999998,1.0,0.92,0.0877097996751489,126552765.0
275,Japan,2020-10-23,745.0,12.0,347.778,48.2,27.049,18.493,0.0879934138782437,-0.078125,-0.028251300855966426,0.01317538064320158,0.022260358664384586,0.07494716204129426,0.19999999999999998,1.0,0.92,0.0877097996751489,126552765.0
276,Japan,2020-10-24,726.0,4.0,347.778,48.2,27.049,18.493,0.0879934138782437,-0.078125,-0.028251300855966426,0.01317538064320158,0.022260358664384586,0.07494716204129426,0.19999999999999998,1.0,0.92,0.0877097996751489,126552765.0
277,Japan,2020-10-25,493.0,6.0,347.778,48.2,27.049,18.493,0.0879934138782437,-0.078125,-0.028251300855966426,0.01317538064320158,0.022260358664384586,0.07494716204129426,0.19999999999999998,1.0,0.92,0.0877097996751489,126552765.0
278,Japan,2020-10-26,410.0,8.0,347.778,48.2,27.049,18.493,0.0879934138782437,-0.078125,-0.028251300855966426,0.01317538064320158,0.022260358664384586,0.07494716204129426,0.19999999999999998,1.0,0.92,0.0877097996751489,126552765.0
279,Japan,2020-10-27,646.0,5.0,347.778,48.2,27.049,18.493,0.0879934138782437,-0.078125,-0.028251300855966426,0.01317538064320158,0.022260358664384586,0.07494716204129426,0.19999999999999998,1.0,0.92,0.0877097996751489,126552765.0
280,Japan,2020-10-28,731.0,5.0,347.778,48.2,27.049,18.493,0.0879934138782437,-0.078125,-0.028251300855966426,0.01317538064320158,0.022260358664384586,0.07494716204129426,0.19999999999999998,1.0,0.92,0.0877097996751489,126552765.0
281,Japan,2020-10-29,808.0,10.0,347.778,48.2,27.049,18.493,0.0879934138782437,-0.078125,-0.028251300855966426,0.01317538064320158,0.022260358664384586,0.07494716204129426,0.19999999999999998,1.0,0.92,0.0877097996751489,126552765.0
282,Japan,2020-10-30,774.0,8.0,347.778,48.2,27.049,18.493,0.0879934138782437,-0.078125,-0.028251300855966426,0.01317538064320158,0.022260358664384586,0.07494716204129426,0.19999999999999998,1.0,0.92,0.0877097996751489,126552765.0
283,Japan,2020-10-31,877.0,14.0,347.778,48.2,27.049,18.493,0.0879934138782437,-0.078125,-0.028251300855966426,0.01317538064320158,0.022260358664384586,0.07494716204129426,0.19999999999999998,1.0,0.92,0.0877097996751489,126552765.0
284,Japan,2020-11-01,613.0,6.0,347.778,48.2,27.049,18.493,0.0879934138782437,-0.078125,-0.028251300855966426,0.01317538064320158,0.022260358664384586,0.07494716204129426,0.19999999999999998,1.0,0.92,0.0877097996751489,126552765.0
285,Japan,2020-11-02,487.0,12.0,347.778,48.2,27.049,18.493,0.0879934138782437,-0.078125,-0.028251300855966426,0.01317538064320158,0.022260358664384586,0.07494716204129426,0.19999999999999998,1.0,0.92,0.0877097996751489,126552765.0
286,Japan,2020-11-03,865.0,7.0,347.778,48.2,27.049,18.493,0.0879934138782437,-0.078125,-0.028251300855966426,0.01317538064320158,0.022260358664384586,0.07494716204129426,0.19999999999999998,1.0,0.92,0.0877097996751489,126552765.0
287,Japan,2020-11-04,624.0,4.0,347.778,48.2,27.049,18.493,0.0879934138782437,-0.078125,-0.028251300855966426,0.01317538064320158,0.022260358664384586,0.07494716204129426,0.19999999999999998,1.0,0.92,0.0877097996751489,126552765.0
288,Japan,2020-11-05,1048.0,9.0,347.778,48.2,27.049,18.493,0.0879934138782437,-0.078125,-0.028251300855966426,0.01317538064320158,0.022260358664384586,0.07494716204129426,0.19999999999999998,1.0,0.92,0.0877097996751489,126552765.0
289,Japan,2020-11-06,1143.0,4.0,347.778,48.2,27.049,18.493,0.0879934138782437,-0.078125,-0.028251300855966426,0.01317538064320158,0.022260358664384586,0.07494716204129426,0.19999999999999998,1.0,0.92,0.0877097996751489,126552765.0
290,Japan,2020-11-07,1333.0,5.0,347.778,48.2,27.049,18.493,0.0879934138782437,-0.078125,-0.028251300855966426,0.01317538064320158,0.022260358664384586,0.07494716204129426,0.19999999999999998,1.0,0.92,0.0877097996751489,126552765.0
291,Japan,2020-11-08,950.0,7.0,347.778,48.2,27.049,18.493,0.0879934138782437,-0.078125,-0.028251300855966426,0.01317538064320158,0.022260358664384586,0.07494716204129426,0.19999999999999998,1.0,0.92,0.0877097996751489,126552765.0
292,Japan,2020-11-09,780.0,12.0,347.778,48.2,27.049,18.493,0.0879934138782437,-0.078125,-0.028251300855966426,0.01317538064320158,0.022260358664384586,0.07494716204129426,0.19999999999999998,1.0,0.92,0.0877097996751489,126552765.0
293,Japan,2020-11-10,1283.0,15.0,347.778,48.2,27.049,18.493,0.0879934138782437,-0.078125,-0.028251300855966426,0.01317538064320158,0.022260358664384586,0.07494716204129426,0.19999999999999998,1.0,0.92,0.0877097996751489,126552765.0
294,Japan,2020-11-11,1544.0,12.0,347.778,48.2,27.049,18.493,0.0879934138782437,-0.078125,-0.028251300855966426,0.01317538064320158,0.022260358664384586,0.07494716204129426,0.19999999999999998,1.0,0.92,0.0877097996751489,126552765.0
295,Japan,2020-11-12,1659.0,10.0,347.778,48.2,27.049,18.493,0.0879934138782437,-0.078125,-0.028251300855966426,0.01317538064320158,0.022260358664384586,0.07494716204129426,0.19999999999999998,1.0,0.92,0.0877097996751489,126552765.0
296,Japan,2020-11-13,1704.0,12.0,347.778,48.2,27.049,18.493,0.0879934138782437,-0.078125,-0.028251300855966426,0.01317538064320158,0.022260358664384586,0.07494716204129426,0.19999999999999998,1.0,0.92,0.0877097996751489,126552765.0
297,Japan,2020-11-14,1735.0,3.0,347.778,48.2,27.049,18.493,0.0879934138782437,-0.078125,-0.028251300855966426,0.01317538064320158,0.022260358664384586,0.07494716204129426,0.19999999999999998,1.0,0.92,0.0877097996751489,126552765.0
298,Japan,2020-11-15,1439.0,7.0,347.778,48.2,27.049,18.493,0.0879934138782437,-0.078125,-0.028251300855966426,0.01317538064320158,0.022260358664384586,0.07494716204129426,0.19999999999999998,1.0,0.92,0.0877097996751489,126552765.0
299,Japan,2020-11-16,950.0,11.0,347.778,48.2,27.049,18.493,0.0879934138782437,-0.078125,-0.028251300855966426,0.01317538064320158,0.022260358664384586,0.07494716204129426,0.19999999999999998,1.0,0.92,0.0877097996751489,126552765.0
300,Japan,2020-11-17,1700.0,14.0,347.778,48.2,27.049,18.493,0.0879934138782437,-0.078125,-0.028251300855966426,0.01317538064320158,0.022260358664384586,0.07494716204129426,0.19999999999999998,1.0,0.92,0.0877097996751489,126552765.0
301,Japan,2020-11-18,2194.0,14.0,347.778,48.2,27.049,18.493,0.0879934138782437,-0.078125,-0.028251300855966426,0.01317538064320158,0.022260358664384586,0.07494716204129426,0.19999999999999998,1.0,0.92,0.0877097996751489,126552765.0
302,Japan,2020-11-19,2385.0,21.0,347.778,48.2,27.049,18.493,0.0879934138782437,-0.078125,-0.028251300855966426,0.01317538064320158,0.022260358664384586,0.07494716204129426,0.19999999999999998,1.0,0.92,0.0877097996751489,126552765.0
303,Japan,2020-11-20,2421.0,14.0,347.778,48.2,27.049,18.493,0.0879934138782437,-0.078125,-0.028251300855966426,0.01317538064320158,0.022260358664384586,0.07494716204129426,0.19999999999999998,1.0,0.92,0.0877097996751489,126552765.0
304,Japan,2020-11-21,2592.0,12.0,347.778,48.2,27.049,18.493,0.0879934138782437,-0.078125,-0.028251300855966426,0.01317538064320158,0.022260358664384586,0.07494716204129426,0.19999999999999998,1.0,0.92,0.0877097996751489,126552765.0
305,Japan,2020-11-22,2159.0,7.0,347.778,48.2,27.049,18.493,0.0879934138782437,-0.078125,-0.028251300855966426,0.01317538064320158,0.022260358664384586,0.07494716204129426,0.19999999999999998,1.0,0.92,0.0877097996751489,126552765.0
306,Japan,2020-11-23,1518.0,8.0,347.778,48.2,27.049,18.493,0.0879934138782437,-0.078125,-0.028251300855966426,0.01317538064320158,0.022260358664384586,0.07494716204129426,0.19999999999999998,1.0,0.92,0.0877097996751489,126552765.0
307,Japan,2020-11-24,1229.0,19.0,347.778,48.2,27.049,18.493,0.0879934138782437,-0.078125,-0.028251300855966426,0.01317538064320158,0.022260358664384586,0.07494716204129426,0.19999999999999998,1.0,0.92,0.0877097996751489,126552765.0
308,Japan,2020-11-25,1942.0,21.0,347.778,48.2,27.049,18.493,0.0879934138782437,-0.078125,-0.028251300855966426,0.01317538064320158,0.022260358664384586,0.07494716204129426,0.19999999999999998,1.0,0.92,0.0877097996751489,126552765.0
309,Japan,2020-11-26,2500.0,29.0,347.778,48.2,27.049,18.493,0.0879934138782437,-0.078125,-0.028251300855966426,0.01317538064320158,0.022260358664384586,0.07494716204129426,0.19999999999999998,1.0,0.92,0.0877097996751489,126552765.0
310,Japan,2020-11-27,2531.0,31.0,347.778,48.2,27.049,18.493,0.0879934138782437,-0.078125,-0.028251300855966426,0.01317538064320158,0.022260358664384586,0.07494716204129426,0.19999999999999998,1.0,0.92,0.0877097996751489,126552765.0
311,Japan,2020-11-28,2675.0,14.0,347.778,48.2,27.049,18.493,0.0879934138782437,-0.078125,-0.028251300855966426,0.01317538064320158,0.022260358664384586,0.07494716204129426,0.19999999999999998,1.0,0.92,0.0877097996751489,126552765.0
312,Japan,2020-11-29,2062.0,16.0,347.778,48.2,27.049,18.493,0.0879934138782437,-0.078125,-0.028251300855966426,0.01317538064320158,0.022260358664384586,0.07494716204129426,0.19999999999999998,1.0,0.92,0.0877097996751489,126552765.0
313,Japan,2020-11-30,1436.0,26.0,347.778,48.2,27.049,18.493,0.0879934138782437,-0.078125,-0.028251300855966426,0.01317538064320158,0.022260358664384586,0.07494716204129426,0.19999999999999998,1.0,0.92,0.0877097996751489,126552765.0
314,Japan,2020-12-01,2033.0,41.0,347.778,48.2,27.049,18.493,0.0879934138782437,-0.078125,-0.028251300855966426,0.01317538064320158,0.022260358664384586,0.07494716204129426,0.19999999999999998,1.0,0.92,0.0877097996751489,126552765.0
315,Japan,2020-12-02,2432.0,32.0,347.778,48.2,27.049,18.493,0.0879934138782437,-0.078125,-0.028251300855966426,0.01317538064320158,0.022260358664384586,0.07494716204129426,0.19999999999999998,1.0,0.92,0.0877097996751489,126552765.0
316,Japan,2020-12-03,2517.0,36.0,347.778,48.2,27.049,18.493,0.0879934138782437,-0.078125,-0.028251300855966426,0.01317538064320158,0.022260358664384586,0.07494716204129426,0.19999999999999998,1.0,0.92,0.0877097996751489,126552765.0
317,Japan,2020-12-04,2452.0,45.0,347.778,48.2,27.049,18.493,0.0879934138782437,-0.078125,-0.028251300855966426,0.01317538064320158,0.022260358664384586,0.07494716204129426,0.19999999999999998,1.0,0.92,0.0877097996751489,126552765.0
318,Japan,2020-12-05,2508.0,22.0,347.778,48.2,27.049,18.493,0.0879934138782437,-0.078125,-0.028251300855966426,0.01317538064320158,0.022260358664384586,0.07494716204129426,0.19999999999999998,1.0,0.92,0.0877097996751489,126552765.0
319,Japan,2020-12-06,2038.0,31.0,347.778,48.2,27.049,18.493,0.0879934138782437,-0.078125,-0.028251300855966426,0.01317538064320158,0.022260358664384586,0.07494716204129426,0.19999999999999998,1.0,0.92,0.0877097996751489,126552765.0
320,Japan,2020-12-07,1531.0,39.0,347.778,48.2,27.049,18.493,0.0879934138782437,-0.078125,-0.028251300855966426,0.01317538064320158,0.022260358664384586,0.07494716204129426,0.19999999999999998,1.0,0.92,0.0877097996751489,126552765.0
321,Japan,2020-12-08,2176.0,47.0,347.778,48.2,27.049,18.493,0.0879934138782437,-0.078125,-0.028251300855966426,0.01317538064320158,0.022260358664384586,0.07494716204129426,0.19999999999999998,1.0,0.92,0.0877097996751489,126552765.0
322,Japan,2020-12-09,2810.0,42.0,347.778,48.2,27.049,18.493,0.0879934138782437,-0.078125,-0.028251300855966426,0.01317538064320158,0.022260358664384586,0.07494716204129426,0.19999999999999998,1.0,0.92,0.0877097996751489,126552765.0
323,Japan,2020-12-10,2969.0,26.0,347.778,48.2,27.049,18.493,0.0879934138782437,-0.078125,-0.028251300855966426,0.01317538064320158,0.022260358664384586,0.07494716204129426,0.19999999999999998,1.0,0.92,0.0877097996751489,126552765.0
324,Japan,2020-12-11,2795.0,41.0,347.778,48.2,27.049,18.493,0.0879934138782437,-0.078125,-0.028251300855966426,0.01317538064320158,0.022260358664384586,0.07494716204129426,0.19999999999999998,1.0,0.92,0.0877097996751489,126552765.0
325,Japan,2020-12-12,3037.0,28.0,347.778,48.2,27.049,18.493,0.0879934138782437,-0.078125,-0.028251300855966426,0.01317538064320158,0.022260358664384586,0.07494716204129426,0.19999999999999998,1.0,0.92,0.0877097996751489,126552765.0
326,Japan,2020-12-13,2383.0,20.0,347.778,48.2,27.049,18.493,0.0879934138782437,-0.078125,-0.028251300855966426,0.01317538064320158,0.022260358664384586,0.07494716204129426,0.19999999999999998,1.0,0.92,0.0877097996751489,126552765.0
327,Japan,2020-12-14,1681.0,47.0,347.778,48.2,27.049,18.493,0.0879934138782437,-0.078125,-0.028251300855966426,0.01317538064320158,0.022260358664384586,0.07494716204129426,0.19999999999999998,1.0,0.92,0.0877097996751489,126552765.0
328,Japan,2020-12-15,2426.0,53.0,347.778,48.2,27.049,18.493,0.0879934138782437,-0.078125,-0.028251300855966426,0.01317538064320158,0.022260358664384586,0.07494716204129426,0.19999999999999998,1.0,0.92,0.0877097996751489,126552765.0
329,Japan,2020-12-16,2996.0,53.0,347.778,48.2,27.049,18.493,0.0879934138782437,-0.078125,-0.028251300855966426,0.01317538064320158,0.022260358664384586,0.07494716204129426,0.19999999999999998,1.0,0.92,0.0877097996751489,126552765.0
330,Japan,2020-12-17,3209.0,38.0,347.778,48.2,27.049,18.493,0.0879934138782437,-0.078125,-0.028251300855966426,0.01317538064320158,0.022260358664384586,0.07494716204129426,0.19999999999999998,1.0,0.92,0.0877097996751489,126552765.0
331,Japan,2020-12-18,2837.0,48.0,347.778,48.2,27.049,18.493,0.0879934138782437,-0.078125,-0.028251300855966426,0.01317538064320158,0.022260358664384586,0.07494716204129426,0.19999999999999998,1.0,0.92,0.0877097996751489,126552765.0
332,Japan,2020-12-19,2989.0,40.0,347.778,48.2,27.049,18.493,0.0879934138782437,-0.078125,-0.028251300855966426,0.01317538064320158,0.022260358664384586,0.07494716204129426,0.19999999999999998,1.0,0.92,0.0877097996751489,126552765.0
333,Japan,2020-12-20,2491.0,36.0,347.778,48.2,27.049,18.493,0.0879934138782437,-0.078125,-0.028251300855966426,0.01317538064320158,0.022260358664384586,0.07494716204129426,0.19999999999999998,1.0,0.92,0.0877097996751489,126552765.0
334,Japan,2020-12-21,1811.0,48.0,347.778,48.2,27.049,18.493,0.0879934138782437,-0.078125,-0.028251300855966426,0.01317538064320158,0.022260358664384586,0.07494716204129426,0.19999999999999998,1.0,0.92,0.0877097996751489,126552765.0
335,Japan,2020-12-22,2694.0,48.0,347.778,48.2,27.049,18.493,0.0879934138782437,-0.078125,-0.028251300855966426,0.01317538064320158,0.022260358664384586,0.07494716204129426,0.19999999999999998,1.0,0.92,0.0877097996751489,126552765.0
336,Japan,2020-12-23,3276.0,56.0,347.778,48.2,27.049,18.493,0.0879934138782437,-0.078125,-0.028251300855966426,0.01317538064320158,0.022260358664384586,0.07494716204129426,0.19999999999999998,1.0,0.92,0.0877097996751489,126552765.0
337,Japan,2020-12-24,3746.0,54.0,347.778,48.2,27.049,18.493,0.0879934138782437,-0.078125,-0.028251300855966426,0.01317538064320158,0.022260358664384586,0.07494716204129426,0.19999999999999998,1.0,0.92,0.0877097996751489,126552765.0
338,Japan,2020-12-25,3832.0,64.0,347.778,48.2,27.049,18.493,0.0879934138782437,-0.078125,-0.028251300855966426,0.01317538064320158,0.022260358664384586,0.07494716204129426,0.19999999999999998,1.0,0.92,0.0877097996751489,126552765.0
339,Japan,2020-12-26,3885.0,47.0,347.778,48.2,27.049,18.493,0.0879934138782437,-0.078125,-0.028251300855966426,0.01317538064320158,0.022260358664384586,0.07494716204129426,0.19999999999999998,1.0,0.92,0.0877097996751489,126552765.0
340,Japan,2020-12-27,2944.0,40.0,347.778,48.2,27.049,18.493,0.0879934138782437,-0.078125,-0.028251300855966426,0.01317538064320158,0.022260358664384586,0.07494716204129426,0.19999999999999998,1.0,0.92,0.0877097996751489,126552765.0
341,Japan,2020-12-28,2397.0,51.0,347.778,48.2,27.049,18.493,0.0879934138782437,-0.078125,-0.028251300855966426,0.01317538064320158,0.022260358664384586,0.07494716204129426,0.19999999999999998,1.0,0.92,0.0877097996751489,126552765.0
342,Japan,2020-12-29,3627.0,59.0,347.778,48.2,27.049,18.493,0.0879934138782437,-0.078125,-0.028251300855966426,0.01317538064320158,0.022260358664384586,0.07494716204129426,0.19999999999999998,1.0,0.92,0.0877097996751489,126552765.0
343,Japan,2020-12-30,3871.0,59.0,347.778,48.2,27.049,18.493,0.0879934138782437,-0.078125,-0.028251300855966426,0.01317538064320158,0.022260358664384586,0.07494716204129426,0.19999999999999998,1.0,0.92,0.0877097996751489,126552765.0
344,Japan,2020-12-31,4532.0,49.0,347.778,48.2,27.049,18.493,0.0879934138782437,-0.078125,-0.028251300855966426,0.01317538064320158,0.022260358664384586,0.07494716204129426,0.19999999999999998,1.0,0.92,0.0877097996751489,126552765.0
345,Japan,2021-01-01,3256.0,49.0,347.778,48.2,27.049,18.493,0.0879934138782437,-0.078125,-0.028251300855966426,0.01317538064320158,0.022260358664384586,0.07494716204129426,0.19999999999999998,1.0,0.92,0.0877097996751489,126552765.0
346,Japan,2021-01-02,3071.0,31.0,347.778,48.2,27.049,18.493,0.0879934138782437,-0.078125,-0.028251300855966426,0.01317538064320158,0.022260358664384586,0.07494716204129426,0.19999999999999998,1.0,0.92,0.0877097996751489,126552765.0
347,Japan,2021-01-03,3166.0,60.0,347.778,48.2,27.049,18.493,0.0879934138782437,-0.078125,-0.028251300855966426,0.01317538064320158,0.022260358664384586,0.07494716204129426,0.19999999999999998,1.0,0.92,0.0877097996751489,126552765.0
348,Japan,2021-01-04,3343.0,48.0,347.778,48.2,27.049,18.493,0.0879934138782437,-0.078125,-0.028251300855966426,0.01317538064320158,0.022260358664384586,0.07494716204129426,0.19999999999999998,1.0,0.92,0.0877097996751489,126552765.0
349,Japan,2021-01-05,4949.0,76.0,347.778,48.2,27.049,18.493,0.0879934138782437,-0.078125,-0.028251300855966426,0.01317538064320158,0.022260358664384586,0.07494716204129426,0.19999999999999998,1.0,0.92,0.0877097996751489,126552765.0
350,Japan,2021-01-06,6049.0,65.0,347.778,48.2,27.049,18.493,0.0879934138782437,-0.078125,-0.028251300855966426,0.01317538064320158,0.022260358664384586,0.07494716204129426,0.19999999999999998,1.0,0.92,0.0877097996751489,126552765.0
351,Japan,2021-01-07,7642.0,64.0,347.778,48.2,27.049,18.493,0.0879934138782437,-0.078125,-0.028251300855966426,0.01317538064320158,0.022260358664384586,0.07494716204129426,0.19999999999999998,1.0,0.92,0.0877097996751489,126552765.0
352,Japan,2021-01-08,7957.0,78.0,347.778,48.2,27.049,18.493,0.0879934138782437,-0.078125,-0.028251300855966426,0.01317538064320158,0.022260358664384586,0.07494716204129426,0.19999999999999998,1.0,0.92,0.0877097996751489,126552765.0
353,Japan,2021-01-09,7854.0,59.0,347.778,48.2,27.049,18.493,0.0879934138782437,-0.078125,-0.028251300855966426,0.01317538064320158,0.022260358664384586,0.07494716204129426,0.19999999999999998,1.0,0.92,0.0877097996751489,126552765.0
354,Japan,2021-01-10,6108.0,45.0,347.778,48.2,27.049,18.493,0.0879934138782437,-0.078125,-0.028251300855966426,0.01317538064320158,0.022260358664384586,0.07494716204129426,0.19999999999999998,1.0,0.92,0.0877097996751489,126552765.0
355,Japan,2021-01-11,4906.0,48.0,347.778,48.2,27.049,18.493,0.0879934138782437,-0.078125,-0.028251300855966426,0.01317538064320158,0.022260358664384586,0.07494716204129426,0.19999999999999998,1.0,0.92,0.0877097996751489,126552765.0
356,Japan,2021-01-12,4597.0,64.0,347.778,48.2,27.049,18.493,0.0879934138782437,-0.078125,-0.028251300855966426,0.01317538064320158,0.022260358664384586,0.07494716204129426,0.19999999999999998,1.0,0.92,0.0877097996751489,126552765.0
357,Japan,2021-01-13,5917.0,97.0,347.778,48.2,27.049,18.493,0.0879934138782437,-0.078125,-0.028251300855966426,0.01317538064320158,0.022260358664384586,0.07494716204129426,0.19999999999999998,1.0,0.92,0.0877097996751489,126552765.0
358,Japan,2021-01-14,6656.0,66.0,347.778,48.2,27.049,18.493,0.0879934138782437,-0.078125,-0.028251300855966426,0.01317538064320158,0.022260358664384586,0.07494716204129426,0.19999999999999998,1.0,0.92,0.0877097996751489,126552765.0
359,Japan,2021-01-15,7173.0,78.0,347.778,48.2,27.049,18.493,0.0879934138782437,-0.078125,-0.028251300855966426,0.01317538064320158,0.022260358664384586,0.07494716204129426,0.19999999999999998,1.0,0.92,0.0877097996751489,126552765.0
360,Japan,2021-01-16,7042.0,56.0,347.778,48.2,27.049,18.493,0.0879934138782437,-0.078125,-0.028251300855966426,0.01317538064320158,0.022260358664384586,0.07494716204129426,0.19999999999999998,1.0,0.92,0.0877097996751489,126552765.0
361,Japan,2021-01-17,5760.0,49.0,347.778,48.2,27.049,18.493,0.0879934138782437,-0.078125,-0.028251300855966426,0.01317538064320158,0.022260358664384586,0.07494716204129426,0.19999999999999998,1.0,0.92,0.0877097996751489,126552765.0
362,Japan,2021-01-18,4937.0,58.0,347.778,48.2,27.049,18.493,0.0879934138782437,-0.078125,-0.028251300855966426,0.01317538064320158,0.022260358664384586,0.07494716204129426,0.19999999999999998,1.0,0.92,0.0877097996751489,126552765.0
363,Japan,2021-01-19,5335.0,104.0,347.778,48.2,27.049,18.493,0.0879934138782437,-0.078125,-0.028251300855966426,0.01317538064320158,0.022260358664384586,0.07494716204129426,0.19999999999999998,1.0,0.92,0.0877097996751489,126552765.0
364,Japan,2021-01-20,5562.0,92.0,347.778,48.2,27.049,18.493,0.0879934138782437,-0.078125,-0.028251300855966426,0.01317538064320158,0.022260358664384586,0.07494716204129426,0.19999999999999998,1.0,0.92,0.0877097996751489,126552765.0
365,Japan,2021-01-21,5664.0,94.0,347.778,48.2,27.049,18.493,0.0879934138782437,-0.078125,-0.028251300855966426,0.01317538064320158,0.022260358664384586,0.07494716204129426,0.19999999999999998,1.0,0.92,0.0877097996751489,126552765.0
366,Japan,2021-01-22,5057.0,108.0,347.778,48.2,27.049,18.493,0.0879934138782437,-0.078125,-0.028251300855966426,0.01317538064320158,0.022260358664384586,0.07494716204129426,0.19999999999999998,1.0,0.92,0.0877097996751489,126552765.0
367,Japan,2021-01-23,4726.0,83.0,347.778,48.2,27.049,18.493,0.0879934138782437,-0.078125,-0.028251300855966426,0.01317538064320158,0.022260358664384586,0.07494716204129426,0.19999999999999998,1.0,0.92,0.0877097996751489,126552765.0
368,Japan,2021-01-24,3990.0,56.0,347.778,48.2,27.049,18.493,0.0879934138782437,-0.078125,-0.028251300855966426,0.01317538064320158,0.022260358664384586,0.07494716204129426,0.19999999999999998,1.0,0.92,0.0877097996751489,126552765.0
369,Japan,2021-01-25,2763.0,74.0,347.778,48.2,27.049,18.493,0.0879934138782437,-0.078125,-0.028251300855966426,0.01317538064320158,0.022260358664384586,0.07494716204129426,0.19999999999999998,1.0,0.92,0.0877097996751489,126552765.0
370,Japan,2021-01-26,3853.0,104.0,347.778,48.2,27.049,18.493,0.0879934138782437,-0.078125,-0.028251300855966426,0.01317538064320158,0.022260358664384586,0.07494716204129426,0.19999999999999998,1.0,0.92,0.0877097996751489,126552765.0
371,Japan,2021-01-27,3974.0,90.0,347.778,48.2,27.049,18.493,0.0879934138782437,-0.078125,-0.028251300855966426,0.01317538064320158,0.022260358664384586,0.07494716204129426,0.19999999999999998,1.0,0.92,0.0877097996751489,126552765.0
372,Japan,2021-01-28,4131.0,113.0,347.778,48.2,27.049,18.493,0.0879934138782437,-0.078125,-0.028251300855966426,0.01317538064320158,0.022260358664384586,0.07494716204129426,0.19999999999999998,1.0,0.92,0.0877097996751489,126552765.0
373,Japan,2021-01-29,3538.0,96.0,347.778,48.2,27.049,18.493,0.0879934138782437,-0.078125,-0.028251300855966426,0.01317538064320158,0.022260358664384586,0.07494716204129426,0.19999999999999998,1.0,0.92,0.0877097996751489,126552765.0
374,Japan,2021-01-30,3342.0,91.0,347.778,48.2,27.049,18.493,0.0879934138782437,-0.078125,-0.028251300855966426,0.01317538064320158,0.022260358664384586,0.07494716204129426,0.19999999999999998,1.0,0.92,0.0877097996751489,126552765.0
375,Japan,2021-01-31,2673.0,65.0,347.778,48.2,27.049,18.493,0.0879934138782437,-0.078125,-0.028251300855966426,0.01317538064320158,0.022260358664384586,0.07494716204129426,0.19999999999999998,1.0,0.92,0.0877097996751489,126552765.0
376,Japan,2021-02-01,1793.0,80.0,347.778,48.2,27.049,18.493,0.0879934138782437,-0.078125,-0.028251300855966426,0.01317538064320158,0.022260358664384586,0.07494716204129426,0.19999999999999998,1.0,0.92,0.0877097996751489,126552765.0
377,Japan,2021-02-02,2324.0,119.0,347.778,48.2,27.049,18.493,0.0879934138782437,-0.078125,-0.028251300855966426,0.01317538064320158,0.022260358664384586,0.07494716204129426,0.19999999999999998,1.0,0.92,0.0877097996751489,126552765.0
378,Japan,2021-02-03,2634.0,120.0,347.778,48.2,27.049,18.493,0.0879934138782437,-0.078125,-0.028251300855966426,0.01317538064320158,0.022260358664384586,0.07494716204129426,0.19999999999999998,1.0,0.92,0.0877097996751489,126552765.0
379,Japan,2021-02-04,2578.0,104.0,347.778,48.2,27.049,18.493,0.0879934138782437,-0.078125,-0.028251300855966426,0.01317538064320158,0.022260358664384586,0.07494716204129426,0.19999999999999998,1.0,0.92,0.0877097996751489,126552765.0
380,Japan,2021-02-05,2370.0,106.0,347.778,48.2,27.049,18.493,0.0879934138782437,-0.078125,-0.028251300855966426,0.01317538064320158,0.022260358664384586,0.07494716204129426,0.19999999999999998,1.0,0.92,0.0877097996751489,126552765.0
381,Japan,2021-02-06,2277.0,94.0,347.778,48.2,27.049,18.493,0.0879934138782437,-0.078125,-0.028251300855966426,0.01317538064320158,0.022260358664384586,0.07494716204129426,0.19999999999999998,1.0,0.92,0.0877097996751489,126552765.0
382,Japan,2021-02-07,1630.0,52.0,347.778,48.2,27.049,18.493,0.0879934138782437,-0.078125,-0.028251300855966426,0.01317538064320158,0.022260358664384586,0.07494716204129426,0.19999999999999998,1.0,0.92,0.0877097996751489,126552765.0
383,Japan,2021-02-08,1217.0,83.0,347.778,48.2,27.049,18.493,0.0879934138782437,-0.078125,-0.028251300855966426,0.01317538064320158,0.022260358664384586,0.07494716204129426,0.19999999999999998,1.0,0.92,0.0877097996751489,126552765.0
384,Japan,2021-02-09,1568.0,94.0,347.778,48.2,27.049,18.493,0.0879934138782437,-0.078125,-0.028251300855966426,0.01317538064320158,0.022260358664384586,0.07494716204129426,0.19999999999999998,1.0,0.92,0.0877097996751489,126552765.0
385,Japan,2021-02-10,1886.0,121.0,347.778,48.2,27.049,18.493,0.0879934138782437,-0.078125,-0.028251300855966426,0.01317538064320158,0.022260358664384586,0.07494716204129426,0.19999999999999998,1.0,0.92,0.0877097996751489,126552765.0
386,Japan,2021-02-11,1690.0,78.0,347.778,48.2,27.049,18.493,0.0879934138782437,-0.078125,-0.028251300855966426,0.01317538064320158,0.022260358664384586,0.07494716204129426,0.19999999999999998,1.0,0.92,0.0877097996751489,126552765.0
387,Japan,2021-02-12,1300.0,63.0,347.778,48.2,27.049,18.493,0.0879934138782437,-0.078125,-0.028251300855966426,0.01317538064320158,0.022260358664384586,0.07494716204129426,0.19999999999999998,1.0,0.92,0.0877097996751489,126552765.0
388,Japan,2021-02-13,1360.0,65.0,347.778,48.2,27.049,18.493,0.0879934138782437,-0.078125,-0.028251300855966426,0.01317538064320158,0.022260358664384586,0.07494716204129426,0.19999999999999998,1.0,0.92,0.0877097996751489,126552765.0
389,Japan,2021-02-14,1362.0,38.0,347.778,48.2,27.049,18.493,0.0879934138782437,-0.078125,-0.028251300855966426,0.01317538064320158,0.022260358664384586,0.07494716204129426,0.19999999999999998,1.0,0.92,0.0877097996751489,126552765.0
390,Japan,2021-02-15,965.0,73.0,347.778,48.2,27.049,18.493,0.0879934138782437,-0.078125,-0.028251300855966426,0.01317538064320158,0.022260358664384586,0.07494716204129426,0.19999999999999998,1.0,0.92,0.0877097996751489,126552765.0
391,Japan,2021-02-16,1308.0,101.0,347.778,48.2,27.049,18.493,0.0879934138782437,-0.078125,-0.028251300855966426,0.01317538064320158,0.022260358664384586,0.07494716204129426,0.19999999999999998,1.0,0.92,0.0877097996751489,126552765.0
392,Japan,2021-02-17,1448.0,79.0,347.778,48.2,27.049,18.493,0.0879934138782437,-0.078125,-0.028251300855966426,0.01317538064320158,0.022260358664384586,0.07494716204129426,0.19999999999999998,1.0,0.92,0.0877097996751489,126552765.0
393,Japan,2021-02-18,1536.0,76.0,347.778,48.2,27.049,18.493,0.0879934138782437,-0.078125,-0.028251300855966426,0.01317538064320158,0.022260358664384586,0.07494716204129426,0.19999999999999998,1.0,0.92,0.0877097996751489,126552765.0
394,Japan,2021-02-19,1301.0,66.0,347.778,48.2,27.049,18.493,0.0879934138782437,-0.078125,-0.028251300855966426,0.01317538064320158,0.022260358664384586,0.07494716204129426,0.19999999999999998,1.0,0.92,0.0877097996751489,126552765.0
395,Japan,2021-02-20,1233.0,78.0,347.778,48.2,27.049,18.493,0.0879934138782437,-0.078125,-0.028251300855966426,0.01317538064320158,0.022260358664384586,0.07494716204129426,0.19999999999999998,1.0,0.92,0.0877097996751489,126552765.0
396,Japan,2021-02-21,1032.0,50.0,347.778,48.2,27.049,18.493,0.0879934138782437,-0.078125,-0.028251300855966426,0.01317538064320158,0.022260358664384586,0.07494716204129426,0.19999999999999998,1.0,0.92,0.0877097996751489,126552765.0
397,Japan,2021-02-22,740.0,56.0,347.778,48.2,27.049,18.493,0.0879934138782437,-0.078125,-0.028251300855966426,0.01317538064320158,0.022260358664384586,0.07494716204129426,0.19999999999999998,1.0,0.92,0.0877097996751489,126552765.0
398,Japan,2021-02-23,1081.0,54.0,347.778,48.2,27.049,18.493,0.0879934138782437,-0.078125,-0.028251300855966426,0.01317538064320158,0.022260358664384586,0.07494716204129426,0.19999999999999998,1.0,0.92,0.0877097996751489,126552765.0
399,Japan,2021-02-24,921.0,69.0,347.778,48.2,27.049,18.493,0.0879934138782437,-0.078125,-0.028251300855966426,0.01317538064320158,0.022260358664384586,0.07494716204129426,0.19999999999999998,1.0,0.92,0.0877097996751489,126552765.0
400,Japan,2021-02-25,1076.0,74.0,347.778,48.2,27.049,18.493,0.0879934138782437,-0.078125,-0.028251300855966426,0.01317538064320158,0.022260358664384586,0.07494716204129426,0.19999999999999998,1.0,0.92,0.0877097996751489,126552765.0
401,Japan,2021-02-26,1054.0,80.0,347.778,48.2,27.049,18.493,0.0879934138782437,-0.078125,-0.028251300855966426,0.01317538064320158,0.022260358664384586,0.07494716204129426,0.19999999999999998,1.0,0.92,0.0877097996751489,126552765.0
402,Japan,2021-02-27,1213.0,41.0,347.778,48.2,27.049,18.493,0.0879934138782437,-0.078125,-0.028251300855966426,0.01317538064320158,0.022260358664384586,0.07494716204129426,0.19999999999999998,1.0,0.92,0.0877097996751489,126552765.0
403,Japan,2021-02-28,999.0,30.0,347.778,48.2,27.049,18.493,0.0879934138782437,-0.078125,-0.028251300855966426,0.01317538064320158,0.022260358664384586,0.07494716204129426,0.19999999999999998,1.0,0.92,0.0877097996751489,126552765.0
404,Japan,2021-03-01,698.0,51.0,347.778,48.2,27.049,18.493,0.0879934138782437,-0.078125,-0.028251300855966426,0.01317538064320158,0.022260358664384586,0.07494716204129426,0.19999999999999998,1.0,0.92,0.0877097996751489,126552765.0
405,Japan,2021-03-02,888.0,65.0,347.778,48.2,27.049,18.493,0.0879934138782437,-0.078125,-0.028251300855966426,0.01317538064320158,0.022260358664384586,0.07494716204129426,0.19999999999999998,1.0,0.92,0.0877097996751489,126552765.0
406,Japan,2021-03-03,1243.0,63.0,347.778,48.2,27.049,18.493,0.0879934138782437,-0.078125,-0.028251300855966426,0.01317538064320158,0.022260358664384586,0.07494716204129426,0.19999999999999998,1.0,0.92,0.0877097996751489,126552765.0
407,Japan,2021-03-04,1169.0,67.0,347.778,48.2,27.049,18.493,0.0879934138782437,-0.078125,-0.028251300855966426,0.01317538064320158,0.022260358664384586,0.07494716204129426,0.19999999999999998,1.0,0.92,0.0877097996751489,126552765.0
408,Japan,2021-03-05,1148.0,55.0,347.778,48.2,27.049,18.493,0.0879934138782437,-0.078125,-0.028251300855966426,0.01317538064320158,0.022260358664384586,0.07494716204129426,0.19999999999999998,1.0,0.92,0.0877097996751489,126552765.0
409,Japan,2021-03-06,1043.0,40.0,347.778,48.2,27.049,18.493,0.0879934138782437,-0.078125,-0.028251300855966426,0.01317538064320158,0.022260358664384586,0.07494716204129426,0.19999999999999998,1.0,0.92,0.0877097996751489,126552765.0
410,Japan,2021-03-07,1071.0,24.0,347.778,48.2,27.049,18.493,0.0879934138782437,-0.078125,-0.028251300855966426,0.01317538064320158,0.022260358664384586,0.07494716204129426,0.19999999999999998,1.0,0.92,0.0877097996751489,126552765.0
411,Japan,2021-03-08,600.0,45.0,347.778,48.2,27.049,18.493,0.0879934138782437,-0.078125,-0.028251300855966426,0.01317538064320158,0.022260358664384586,0.07494716204129426,0.19999999999999998,1.0,0.92,0.0877097996751489,126552765.0
412,Japan,2021-03-09,1127.0,58.0,347.778,48.2,27.049,18.493,0.0879934138782437,-0.078125,-0.028251300855966426,0.01317538064320158,0.022260358664384586,0.07494716204129426,0.19999999999999998,1.0,0.92,0.0877097996751489,126552765.0
413,Japan,2021-03-10,1313.0,54.0,347.778,48.2,27.049,18.493,0.0879934138782437,-0.078125,-0.028251300855966426,0.01317538064320158,0.022260358664384586,0.07494716204129426,0.19999999999999998,1.0,0.92,0.0877097996751489,126552765.0
414,Japan,2021-03-11,1317.0,45.0,347.778,48.2,27.049,18.493,0.0879934138782437,-0.078125,-0.028251300855966426,0.01317538064320158,0.022260358664384586,0.07494716204129426,0.19999999999999998,1.0,0.92,0.0877097996751489,126552765.0
415,Japan,2021-03-12,1271.0,58.0,347.778,48.2,27.049,18.493,0.0879934138782437,-0.078125,-0.028251300855966426,0.01317538064320158,0.022260358664384586,0.07494716204129426,0.19999999999999998,1.0,0.92,0.0877097996751489,126552765.0
416,Japan,2021-03-13,1319.0,51.0,347.778,48.2,27.049,18.493,0.0879934138782437,-0.078125,-0.028251300855966426,0.01317538064320158,0.022260358664384586,0.07494716204129426,0.19999999999999998,1.0,0.92,0.0877097996751489,126552765.0
417,Japan,2021-03-14,987.0,22.0,347.778,48.2,27.049,18.493,0.0879934138782437,-0.078125,-0.028251300855966426,0.01317538064320158,0.022260358664384586,0.07494716204129426,0.19999999999999998,1.0,0.92,0.0877097996751489,126552765.0
418,Japan,2021-03-15,695.0,38.0,347.778,48.2,27.049,18.493,0.0879934138782437,-0.078125,-0.028251300855966426,0.01317538064320158,0.022260358664384586,0.07494716204129426,0.19999999999999998,1.0,0.92,0.0877097996751489,126552765.0
419,Japan,2021-03-16,1133.0,57.0,347.778,48.2,27.049,18.493,0.0879934138782437,-0.078125,-0.028251300855966426,0.01317538064320158,0.022260358664384586,0.07494716204129426,0.19999999999999998,1.0,0.92,0.0877097996751489,126552765.0
420,Japan,2021-03-17,1533.0,43.0,347.778,48.2,27.049,18.493,0.0879934138782437,-0.078125,-0.028251300855966426,0.01317538064320158,0.022260358664384586,0.07494716204129426,0.19999999999999998,1.0,0.92,0.0877097996751489,126552765.0
421,Japan,2021-03-18,1497.0,32.0,347.778,48.2,27.049,18.493,0.0879934138782437,-0.078125,-0.028251300855966426,0.01317538064320158,0.022260358664384586,0.07494716204129426,0.19999999999999998,1.0,0.92,0.0877097996751489,126552765.0
422,Japan,2021-03-19,1463.0,33.0,347.778,48.2,27.049,18.493,0.0879934138782437,-0.078125,-0.028251300855966426,0.01317538064320158,0.022260358664384586,0.07494716204129426,0.19999999999999998,1.0,0.92,0.0877097996751489,126552765.0
423,Japan,2021-03-20,1516.0,19.0,347.778,48.2,27.049,18.493,0.0879934138782437,-0.078125,-0.028251300855966426,0.01317538064320158,0.022260358664384586,0.07494716204129426,0.19999999999999998,1.0,0.92,0.0877097996751489,126552765.0
424,Japan,2021-03-21,1118.0,20.0,347.778,48.2,27.049,18.493,0.0879934138782437,-0.078125,-0.028251300855966426,0.01317538064320158,0.022260358664384586,0.07494716204129426,0.19999999999999998,1.0,0.92,0.0877097996751489,126552765.0
425,Japan,2021-03-22,816.0,33.0,347.778,48.2,27.049,18.493,0.0879934138782437,-0.078125,-0.028251300855966426,0.01317538064320158,0.022260358664384586,0.07494716204129426,0.19999999999999998,1.0,0.92,0.0877097996751489,126552765.0
426,Japan,2021-03-23,1500.0,53.0,347.778,48.2,27.049,18.493,0.0879934138782437,-0.078125,-0.028251300855966426,0.01317538064320158,0.022260358664384586,0.07494716204129426,0.19999999999999998,1.0,0.92,0.0877097996751489,126552765.0
427,Japan,2021-03-24,1917.0,21.0,347.778,48.2,27.049,18.493,0.0879934138782437,-0.078125,-0.028251300855966426,0.01317538064320158,0.022260358664384586,0.07494716204129426,0.19999999999999998,1.0,0.92,0.0877097996751489,126552765.0
428,Japan,2021-03-25,1915.0,27.0,347.778,48.2,27.049,18.493,0.0879934138782437,-0.078125,-0.028251300855966426,0.01317538064320158,0.022260358664384586,0.07494716204129426,0.19999999999999998,1.0,0.92,0.0877097996751489,126552765.0
429,Japan,2021-03-26,2025.0,33.0,347.778,48.2,27.049,18.493,0.0879934138782437,-0.078125,-0.028251300855966426,0.01317538064320158,0.022260358664384586,0.07494716204129426,0.19999999999999998,1.0,0.92,0.0877097996751489,126552765.0
430,Japan,2021-03-27,2071.0,32.0,347.778,48.2,27.049,18.493,0.0879934138782437,-0.078125,-0.028251300855966426,0.01317538064320158,0.022260358664384586,0.07494716204129426,0.19999999999999998,1.0,0.92,0.0877097996751489,126552765.0
431,Japan,2021-03-28,1782.0,29.0,347.778,48.2,27.049,18.493,0.0879934138782437,-0.078125,-0.028251300855966426,0.01317538064320158,0.022260358664384586,0.07494716204129426,0.19999999999999998,1.0,0.92,0.0877097996751489,126552765.0
432,Japan,2021-03-29,1345.0,29.0,347.778,48.2,27.049,18.493,0.0879934138782437,-0.078125,-0.028251300855966426,0.01317538064320158,0.022260358664384586,0.07494716204129426,0.19999999999999998,1.0,0.92,0.0877097996751489,126552765.0
433,Japan,2021-03-30,2087.0,33.0,347.778,48.2,27.049,18.493,0.0879934138782437,-0.078125,-0.028251300855966426,0.01317538064320158,0.022260358664384586,0.07494716204129426,0.19999999999999998,1.0,0.92,0.0877097996751489,126552765.0
434,Japan,2021-03-31,2843.0,49.0,347.778,48.2,27.049,18.493,0.0879934138782437,-0.078125,-0.028251300855966426,0.01317538064320158,0.022260358664384586,0.07494716204129426,0.19999999999999998,1.0,0.92,0.0877097996751489,126552765.0
435,Japan,2021-04-01,2605.0,18.0,347.778,48.2,27.049,18.493,0.0879934138782437,-0.078125,-0.028251300855966426,0.01317538064320158,0.022260358664384586,0.07494716204129426,0.19999999999999998,1.0,0.92,0.0877097996751489,126552765.0
436,Japan,2021-04-02,2754.0,22.0,347.778,48.2,27.049,18.493,0.0879934138782437,-0.078125,-0.028251300855966426,0.01317538064320158,0.022260358664384586,0.07494716204129426,0.19999999999999998,1.0,0.92,0.0877097996751489,126552765.0
437,Japan,2021-04-03,2772.0,8.0,347.778,48.2,27.049,18.493,0.0879934138782437,-0.078125,-0.028251300855966426,0.01317538064320158,0.022260358664384586,0.07494716204129426,0.19999999999999998,1.0,0.92,0.0877097996751489,126552765.0
438,Japan,2021-04-04,2467.0,12.0,347.778,48.2,27.049,18.493,0.0879934138782437,-0.078125,-0.028251300855966426,0.01317538064320158,0.022260358664384586,0.07494716204129426,0.19999999999999998,1.0,0.92,0.0877097996751489,126552765.0
439,Japan,2021-04-05,1571.0,19.0,347.778,48.2,27.049,18.493,0.0879934138782437,-0.078125,-0.028251300855966426,0.01317538064320158,0.022260358664384586,0.07494716204129426,0.19999999999999998,1.0,0.92,0.0877097996751489,126552765.0
440,Japan,2021-04-06,2666.0,28.0,347.778,48.2,27.049,18.493,0.0879934138782437,-0.078125,-0.028251300855966426,0.01317538064320158,0.022260358664384586,0.07494716204129426,0.19999999999999998,1.0,0.92,0.0877097996751489,126552765.0
441,Japan,2021-04-07,3448.0,30.0,347.778,48.2,27.049,18.493,0.0879934138782437,-0.078125,-0.028251300855966426,0.01317538064320158,0.022260358664384586,0.07494716204129426,0.19999999999999998,1.0,0.92,0.0877097996751489,126552765.0
442,Japan,2021-04-08,3496.0,25.0,347.778,48.2,27.049,18.493,0.0879934138782437,-0.078125,-0.028251300855966426,0.01317538064320158,0.022260358664384586,0.07494716204129426,0.19999999999999998,1.0,0.92,0.0877097996751489,126552765.0
443,Japan,2021-04-09,3488.0,27.0,347.778,48.2,27.049,18.493,0.0879934138782437,-0.078125,-0.028251300855966426,0.01317538064320158,0.022260358664384586,0.07494716204129426,0.19999999999999998,1.0,0.92,0.0877097996751489,126552765.0
444,Japan,2021-04-10,3765.0,27.0,347.778,48.2,27.049,18.493,0.0879934138782437,-0.078125,-0.028251300855966426,0.01317538064320158,0.022260358664384586,0.07494716204129426,0.19999999999999998,1.0,0.92,0.0877097996751489,126552765.0
445,Japan,2021-04-11,2836.0,17.0,347.778,48.2,27.049,18.493,0.0879934138782437,-0.078125,-0.028251300855966426,0.01317538064320158,0.022260358664384586,0.07494716204129426,0.19999999999999998,1.0,0.92,0.0877097996751489,126552765.0
446,Japan,2021-04-12,2104.0,24.0,347.778,48.2,27.049,18.493,0.0879934138782437,-0.078125,-0.028251300855966426,0.01317538064320158,0.022260358664384586,0.07494716204129426,0.19999999999999998,1.0,0.92,0.0877097996751489,126552765.0
447,Japan,2021-04-13,3452.0,44.0,347.778,48.2,27.049,18.493,0.0879934138782437,-0.078125,-0.028251300855966426,0.01317538064320158,0.022260358664384586,0.07494716204129426,0.19999999999999998,1.0,0.92,0.0877097996751489,126552765.0
448,Japan,2021-04-14,4307.0,34.0,347.778,48.2,27.049,18.493,0.0879934138782437,-0.078125,-0.028251300855966426,0.01317538064320158,0.022260358664384586,0.07494716204129426,0.19999999999999998,1.0,0.92,0.0877097996751489,126552765.0
449,Japan,2021-04-15,4569.0,35.0,347.778,48.2,27.049,18.493,0.0879934138782437,-0.078125,-0.028251300855966426,0.01317538064320158,0.022260358664384586,0.07494716204129426,0.19999999999999998,1.0,0.92,0.0877097996751489,126552765.0
450,Japan,2021-04-16,4524.0,46.0,347.778,48.2,27.049,18.493,0.0879934138782437,-0.078125,-0.028251300855966426,0.01317538064320158,0.022260358664384586,0.07494716204129426,0.19999999999999998,1.0,0.92,0.0877097996751489,126552765.0
451,Japan,2021-04-17,4793.0,41.0,347.778,48.2,27.049,18.493,0.0879934138782437,-0.078125,-0.028251300855966426,0.01317538064320158,0.022260358664384586,0.07494716204129426,0.19999999999999998,1.0,0.92,0.0877097996751489,126552765.0
452,Japan,2021-04-18,4084.0,16.0,347.778,48.2,27.049,18.493,0.0879934138782437,-0.078125,-0.028251300855966426,0.01317538064320158,0.022260358664384586,0.07494716204129426,0.19999999999999998,1.0,0.92,0.0877097996751489,126552765.0
453,Japan,2021-04-19,2903.0,30.0,347.778,48.2,27.049,18.493,0.0879934138782437,-0.078125,-0.028251300855966426,0.01317538064320158,0.022260358664384586,0.07494716204129426,0.19999999999999998,1.0,0.92,0.0877097996751489,126552765.0
454,Japan,2021-04-20,4350.0,45.0,347.778,48.2,27.049,18.493,0.0879934138782437,-0.078125,-0.028251300855966426,0.01317538064320158,0.022260358664384586,0.07494716204129426,0.19999999999999998,1.0,0.92,0.0877097996751489,126552765.0
455,Japan,2021-04-21,5286.0,50.0,347.778,48.2,27.049,18.493,0.0879934138782437,-0.078125,-0.028251300855966426,0.01317538064320158,0.022260358664384586,0.07494716204129426,0.19999999999999998,1.0,0.92,0.0877097996751489,126552765.0
456,Japan,2021-04-22,5492.0,42.0,347.778,48.2,27.049,18.493,0.0879934138782437,-0.078125,-0.028251300855966426,0.01317538064320158,0.022260358664384586,0.07494716204129426,0.19999999999999998,1.0,0.92,0.0877097996751489,126552765.0
457,Japan,2021-04-23,5104.0,56.0,347.778,48.2,27.049,18.493,0.0879934138782437,-0.078125,-0.028251300855966426,0.01317538064320158,0.022260358664384586,0.07494716204129426,0.19999999999999998,1.0,0.92,0.0877097996751489,126552765.0
458,Japan,2021-04-24,5595.0,54.0,347.778,48.2,27.049,18.493,0.0879934138782437,-0.078125,-0.028251300855966426,0.01317538064320158,0.022260358664384586,0.07494716204129426,0.19999999999999998,1.0,0.92,0.0877097996751489,126552765.0
459,Japan,2021-04-25,4599.0,51.0,347.778,48.2,27.049,18.493,0.0879934138782437,-0.078125,-0.028251300855966426,0.01317538064320158,0.022260358664384586,0.07494716204129426,0.19999999999999998,1.0,0.92,0.0877097996751489,126552765.0
460,Japan,2021-04-26,3314.0,35.0,347.778,48.2,27.049,18.493,0.0879934138782437,-0.078125,-0.028251300855966426,0.01317538064320158,0.022260358664384586,0.07494716204129426,0.19999999999999998,1.0,0.92,0.0877097996751489,126552765.0
461,Japan,2021-04-27,4961.0,63.0,347.778,48.2,27.049,18.493,0.0879934138782437,-0.078125,-0.028251300855966426,0.01317538064320158,0.022260358664384586,0.07494716204129426,0.19999999999999998,1.0,0.92,0.0877097996751489,126552765.0
462,Japan,2021-04-28,5783.0,51.0,347.778,48.2,27.049,18.493,0.0879934138782437,-0.078125,-0.028251300855966426,0.01317538064320158,0.022260358664384586,0.07494716204129426,0.19999999999999998,1.0,0.92,0.0877097996751489,126552765.0
463,Japan,2021-04-29,5913.0,78.0,347.778,48.2,27.049,18.493,0.0879934138782437,-0.078125,-0.028251300855966426,0.01317538064320158,0.022260358664384586,0.07494716204129426,0.19999999999999998,1.0,0.92,0.0877097996751489,126552765.0
464,Japan,2021-04-30,4684.0,39.0,347.778,48.2,27.049,18.493,0.0879934138782437,-0.078125,-0.028251300855966426,0.01317538064320158,0.022260358664384586,0.07494716204129426,0.19999999999999998,1.0,0.92,0.0877097996751489,126552765.0
465,Japan,2021-05-01,5983.0,83.0,347.778,48.2,27.049,18.493,0.0879934138782437,-0.078125,-0.028251300855966426,0.01317538064320158,0.022260358664384586,0.07494716204129426,0.19999999999999998,1.0,0.92,0.0877097996751489,126552765.0
466,Japan,2021-05-02,5890.0,61.0,347.778,48.2,27.049,18.493,0.0879934138782437,-0.078125,-0.028251300855966426,0.01317538064320158,0.022260358664384586,0.07494716204129426,0.19999999999999998,1.0,0.92,0.0877097996751489,126552765.0
467,Japan,2021-05-03,4464.0,49.0,347.778,48.2,27.049,18.493,0.0879934138782437,-0.078125,-0.028251300855966426,0.01317538064320158,0.022260358664384586,0.07494716204129426,0.19999999999999998,1.0,0.92,0.0877097996751489,126552765.0
468,Japan,2021-05-04,4190.0,50.0,347.778,48.2,27.049,18.493,0.0879934138782437,-0.078125,-0.028251300855966426,0.01317538064320158,0.022260358664384586,0.07494716204129426,0.19999999999999998,1.0,0.92,0.0877097996751489,126552765.0
469,Japan,2021-05-05,4060.0,60.0,347.778,48.2,27.049,18.493,0.0879934138782437,-0.078125,-0.028251300855966426,0.01317538064320158,0.022260358664384586,0.07494716204129426,0.19999999999999998,1.0,0.92,0.0877097996751489,126552765.0
470,Japan,2021-05-06,4370.0,65.0,347.778,48.2,27.049,18.493,0.0879934138782437,-0.078125,-0.028251300855966426,0.01317538064320158,0.022260358664384586,0.07494716204129426,0.19999999999999998,1.0,0.92,0.0877097996751489,126552765.0
471,Japan,2021-05-07,6050.0,148.0,347.778,48.2,27.049,18.493,0.0879934138782437,-0.078125,-0.028251300855966426,0.01317538064320158,0.022260358664384586,0.07494716204129426,0.19999999999999998,1.0,0.92,0.0877097996751489,126552765.0
472,Japan,2021-05-08,7238.0,86.0,347.778,48.2,27.049,18.493,0.0879934138782437,-0.078125,-0.028251300855966426,0.01317538064320158,0.022260358664384586,0.07494716204129426,0.19999999999999998,1.0,0.92,0.0877097996751489,126552765.0
473,Japan,2021-05-09,6484.0,65.0,347.778,48.2,27.049,18.493,0.0879934138782437,-0.078125,-0.028251300855966426,0.01317538064320158,0.022260358664384586,0.07494716204129426,0.19999999999999998,1.0,0.92,0.0877097996751489,126552765.0
474,Japan,2021-05-10,4940.0,71.0,347.778,48.2,27.049,18.493,0.0879934138782437,-0.078125,-0.028251300855966426,0.01317538064320158,0.022260358664384586,0.07494716204129426,0.19999999999999998,1.0,0.92,0.0877097996751489,126552765.0
475,Japan,2021-05-11,6235.0,113.0,347.778,48.2,27.049,18.493,0.0879934138782437,-0.078125,-0.028251300855966426,0.01317538064320158,0.022260358664384586,0.07494716204129426,0.19999999999999998,1.0,0.92,0.0877097996751489,126552765.0
476,Japan,2021-05-12,7051.0,106.0,347.778,48.2,27.049,18.493,0.0879934138782437,-0.078125,-0.028251300855966426,0.01317538064320158,0.022260358664384586,0.07494716204129426,0.19999999999999998,1.0,0.92,0.0877097996751489,126552765.0
477,Japan,2021-05-13,6874.0,101.0,347.778,48.2,27.049,18.493,0.0879934138782437,-0.078125,-0.028251300855966426,0.01317538064320158,0.022260358664384586,0.07494716204129426,0.19999999999999998,1.0,0.92,0.0877097996751489,126552765.0
478,Japan,2021-05-14,6262.0,81.0,347.778,48.2,27.049,18.493,0.0879934138782437,-0.078125,-0.028251300855966426,0.01317538064320158,0.022260358664384586,0.07494716204129426,0.19999999999999998,1.0,0.92,0.0877097996751489,126552765.0
479,Japan,2021-05-15,6417.0,94.0,347.778,48.2,27.049,18.493,0.0879934138782437,-0.078125,-0.028251300855966426,0.01317538064320158,0.022260358664384586,0.07494716204129426,0.19999999999999998,1.0,0.92,0.0877097996751489,126552765.0
480,Japan,2021-05-16,5256.0,47.0,347.778,48.2,27.049,18.493,0.0879934138782437,-0.078125,-0.028251300855966426,0.01317538064320158,0.022260358664384586,0.07494716204129426,0.19999999999999998,1.0,0.92,0.0877097996751489,126552765.0
481,Japan,2021-05-17,3677.0,122.0,347.778,48.2,27.049,18.493,0.0879934138782437,-0.078125,-0.028251300855966426,0.01317538064320158,0.022260358664384586,0.07494716204129426,0.19999999999999998,1.0,0.92,0.0877097996751489,126552765.0
482,Japan,2021-05-18,5224.0,216.0,347.778,48.2,27.049,18.493,0.0879934138782437,-0.078125,-0.028251300855966426,0.01317538064320158,0.022260358664384586,0.07494716204129426,0.19999999999999998,1.0,0.92,0.0877097996751489,126552765.0
483,Japan,2021-05-19,5791.0,97.0,347.778,48.2,27.049,18.493,0.0879934138782437,-0.078125,-0.028251300855966426,0.01317538064320158,0.022260358664384586,0.07494716204129426,0.19999999999999998,1.0,0.92,0.0877097996751489,126552765.0
484,Japan,2021-05-20,5712.0,105.0,347.778,48.2,27.049,18.493,0.0879934138782437,-0.078125,-0.028251300855966426,0.01317538064320158,0.022260358664384586,0.07494716204129426,0.19999999999999998,1.0,0.92,0.0877097996751489,126552765.0
485,Japan,2021-05-21,5245.0,112.0,347.778,48.2,27.049,18.493,0.0879934138782437,-0.078125,-0.028251300855966426,0.01317538064320158,0.022260358664384586,0.07494716204129426,0.19999999999999998,1.0,0.92,0.0877097996751489,126552765.0
486,Japan,2021-05-22,5035.0,83.0,347.778,48.2,27.049,18.493,0.0879934138782437,-0.078125,-0.028251300855966426,0.01317538064320158,0.022260358664384586,0.07494716204129426,0.19999999999999998,1.0,0.92,0.0877097996751489,126552765.0
487,Japan,2021-05-23,4039.0,62.0,347.778,48.2,27.049,18.493,0.0879934138782437,-0.078125,-0.028251300855966426,0.01317538064320158,0.022260358664384586,0.07494716204129426,0.19999999999999998,1.0,0.92,0.0877097996751489,126552765.0
488,Japan,2021-05-24,2711.0,85.0,347.778,48.2,27.049,18.493,0.0879934138782437,-0.078125,-0.028251300855966426,0.01317538064320158,0.022260358664384586,0.07494716204129426,0.19999999999999998,1.0,0.92,0.0877097996751489,126552765.0
489,Japan,2021-05-25,3892.0,104.0,347.778,48.2,27.049,18.493,0.0879934138782437,-0.078125,-0.028251300855966426,0.01317538064320158,0.022260358664384586,0.07494716204129426,0.19999999999999998,1.0,0.92,0.0877097996751489,126552765.0
490,Japan,2021-05-26,4533.0,116.0,347.778,48.2,27.049,18.493,0.0879934138782437,-0.078125,-0.028251300855966426,0.01317538064320158,0.022260358664384586,0.07494716204129426,0.19999999999999998,1.0,0.92,0.0877097996751489,126552765.0
491,Japan,2021-05-27,4132.0,119.0,347.778,48.2,27.049,18.493,0.0879934138782437,-0.078125,-0.028251300855966426,0.01317538064320158,0.022260358664384586,0.07494716204129426,0.19999999999999998,1.0,0.92,0.0877097996751489,126552765.0
492,Japan,2021-05-28,3703.0,95.0,347.778,48.2,27.049,18.493,0.0879934138782437,-0.078125,-0.028251300855966426,0.01317538064320158,0.022260358664384586,0.07494716204129426,0.19999999999999998,1.0,0.92,0.0877097996751489,126552765.0
493,Japan,2021-05-29,3593.0,91.0,347.778,48.2,27.049,18.493,0.0879934138782437,-0.078125,-0.028251300855966426,0.01317538064320158,0.022260358664384586,0.07494716204129426,0.19999999999999998,1.0,0.92,0.0877097996751489,126552765.0
494,Japan,2021-05-30,2874.0,49.0,347.778,48.2,27.049,18.493,0.0879934138782437,-0.078125,-0.028251300855966426,0.01317538064320158,0.022260358664384586,0.07494716204129426,0.19999999999999998,1.0,0.92,0.0877097996751489,126552765.0
495,Japan,2021-05-31,1791.0,80.0,347.778,48.2,27.049,18.493,0.0879934138782437,-0.078125,-0.028251300855966426,0.01317538064320158,0.022260358664384586,0.07494716204129426,0.19999999999999998,1.0,0.92,0.0877097996751489,126552765.0
496,Japan,2021-06-01,2639.0,101.0,347.778,48.2,27.049,18.493,0.0879934138782437,-0.078125,-0.028251300855966426,0.01317538064320158,0.022260358664384586,0.07494716204129426,0.19999999999999998,1.0,0.92,0.0877097996751489,126552765.0
497,Japan,2021-06-02,3034.0,113.0,347.778,48.2,27.049,18.493,0.0879934138782437,-0.078125,-0.028251300855966426,0.01317538064320158,0.022260358664384586,0.07494716204129426,0.19999999999999998,1.0,0.92,0.0877097996751489,126552765.0
498,Japan,2021-06-03,2831.0,111.0,347.778,48.2,27.049,18.493,0.0879934138782437,-0.078125,-0.028251300855966426,0.01317538064320158,0.022260358664384586,0.07494716204129426,0.19999999999999998,1.0,0.92,0.0877097996751489,126552765.0
499,Japan,2021-06-04,2592.0,86.0,347.778,48.2,27.049,18.493,0.0879934138782437,-0.078125,-0.028251300855966426,0.01317538064320158,0.022260358664384586,0.07494716204129426,0.19999999999999998,1.0,0.92,0.0877097996751489,126552765.0
500,Japan,2021-06-05,2650.0,64.0,347.778,48.2,27.049,18.493,0.0879934138782437,-0.078125,-0.028251300855966426,0.01317538064320158,0.022260358664384586,0.07494716204129426,0.19999999999999998,1.0,0.92,0.0877097996751489,126552765.0
501,Japan,2021-06-06,2020.0,50.0,347.778,48.2,27.049,18.493,0.0879934138782437,-0.078125,-0.028251300855966426,0.01317538064320158,0.022260358664384586,0.07494716204129426,0.19999999999999998,1.0,0.92,0.0877097996751489,126552765.0
502,Japan,2021-06-07,1280.0,75.0,347.778,48.2,27.049,18.493,0.0879934138782437,-0.078125,-0.028251300855966426,0.01317538064320158,0.022260358664384586,0.07494716204129426,0.19999999999999998,1.0,0.92,0.0877097996751489,126552765.0
503,Japan,2021-06-08,1881.0,99.0,347.778,48.2,27.049,18.493,0.0879934138782437,-0.078125,-0.028251300855966426,0.01317538064320158,0.022260358664384586,0.07494716204129426,0.19999999999999998,1.0,0.92,0.0877097996751489,126552765.0
504,Japan,2021-06-09,2238.0,96.0,347.778,48.2,27.049,18.493,0.0879934138782437,-0.078125,-0.028251300855966426,0.01317538064320158,0.022260358664384586,0.07494716204129426,0.19999999999999998,1.0,0.92,0.0877097996751489,126552765.0
505,Japan,2021-06-10,2042.0,71.0,347.778,48.2,27.049,18.493,0.0879934138782437,-0.078125,-0.028251300855966426,0.01317538064320158,0.022260358664384586,0.07494716204129426,0.19999999999999998,1.0,0.92,0.0877097996751489,126552765.0
506,Japan,2021-06-11,1934.0,63.0,347.778,48.2,27.049,18.493,0.0879934138782437,-0.078125,-0.028251300855966426,0.01317538064320158,0.022260358664384586,0.07494716204129426,0.19999999999999998,1.0,0.92,0.0877097996751489,126552765.0
507,Japan,2021-06-12,1941.0,55.0,347.778,48.2,27.049,18.493,0.0879934138782437,-0.078125,-0.028251300855966426,0.01317538064320158,0.022260358664384586,0.07494716204129426,0.19999999999999998,1.0,0.92,0.0877097996751489,126552765.0
508,Japan,2021-06-13,1382.0,32.0,347.778,48.2,27.049,18.493,0.0879934138782437,-0.078125,-0.028251300855966426,0.01317538064320158,0.022260358664384586,0.07494716204129426,0.19999999999999998,1.0,0.92,0.0877097996751489,126552765.0
509,Japan,2021-06-14,933.0,60.0,347.778,48.2,27.049,18.493,0.0879934138782437,-0.078125,-0.028251300855966426,0.01317538064320158,0.022260358664384586,0.07494716204129426,0.19999999999999998,1.0,0.92,0.0877097996751489,126552765.0
510,Japan,2021-06-15,1417.0,67.0,347.778,48.2,27.049,18.493,0.0879934138782437,-0.078125,-0.028251300855966426,0.01317538064320158,0.022260358664384586,0.07494716204129426,0.19999999999999998,1.0,0.92,0.0877097996751489,126552765.0
511,Japan,2021-06-16,1707.0,80.0,347.778,48.2,27.049,18.493,0.0879934138782437,-0.078125,-0.028251300855966426,0.01317538064320158,0.022260358664384586,0.07494716204129426,0.19999999999999998,1.0,0.92,0.0877097996751489,126552765.0
512,Japan,2021-06-17,1550.0,47.0,347.778,48.2,27.049,18.493,0.0879934138782437,-0.078125,-0.028251300855966426,0.01317538064320158,0.022260358664384586,0.07494716204129426,0.19999999999999998,1.0,0.92,0.0877097996751489,126552765.0
513,Japan,2021-06-18,1620.0,48.0,347.778,48.2,27.049,18.493,0.0879934138782437,-0.078125,-0.028251300855966426,0.01317538064320158,0.022260358664384586,0.07494716204129426,0.19999999999999998,1.0,0.92,0.0877097996751489,126552765.0
514,Japan,2021-06-19,1518.0,28.0,347.778,48.2,27.049,18.493,0.0879934138782437,-0.078125,-0.028251300855966426,0.01317538064320158,0.022260358664384586,0.07494716204129426,0.19999999999999998,1.0,0.92,0.0877097996751489,126552765.0
515,Japan,2021-06-20,1306.0,20.0,347.778,48.2,27.049,18.493,0.0879934138782437,-0.078125,-0.028251300855966426,0.01317538064320158,0.022260358664384586,0.07494716204129426,0.19999999999999998,1.0,0.92,0.0877097996751489,126552765.0
516,Japan,2021-06-21,868.0,35.0,347.778,48.2,27.049,18.493,0.0879934138782437,-0.078125,-0.028251300855966426,0.01317538064320158,0.022260358664384586,0.07494716204129426,0.19999999999999998,1.0,0.92,0.0877097996751489,126552765.0
517,Japan,2021-06-22,1435.0,44.0,347.778,48.2,27.049,18.493,0.0879934138782437,-0.078125,-0.028251300855966426,0.01317538064320158,0.022260358664384586,0.07494716204129426,0.19999999999999998,1.0,0.92,0.0877097996751489,126552765.0
518,Japan,2021-06-23,1780.0,59.0,347.778,48.2,27.049,18.493,0.0879934138782437,-0.078125,-0.028251300855966426,0.01317538064320158,0.022260358664384586,0.07494716204129426,0.19999999999999998,1.0,0.92,0.0877097996751489,126552765.0
519,Japan,2021-06-24,1674.0,42.0,347.778,48.2,27.049,18.493,0.0879934138782437,-0.078125,-0.028251300855966426,0.01317538064320158,0.022260358664384586,0.07494716204129426,0.19999999999999998,1.0,0.92,0.0877097996751489,126552765.0
520,Japan,2021-06-25,1710.0,31.0,347.778,48.2,27.049,18.493,0.0879934138782437,-0.078125,-0.028251300855966426,0.01317538064320158,0.022260358664384586,0.07494716204129426,0.19999999999999998,1.0,0.92,0.0877097996751489,126552765.0
521,Japan,2021-06-26,1631.0,29.0,347.778,48.2,27.049,18.493,0.0879934138782437,-0.078125,-0.028251300855966426,0.01317538064320158,0.022260358664384586,0.07494716204129426,0.19999999999999998,1.0,0.92,0.0877097996751489,126552765.0
522,Japan,2021-06-27,1282.0,10.0,347.778,48.2,27.049,18.493,0.0879934138782437,-0.078125,-0.028251300855966426,0.01317538064320158,0.022260358664384586,0.07494716204129426,0.19999999999999998,1.0,0.92,0.0877097996751489,126552765.0
523,Japan,2021-06-28,1001.0,38.0,347.778,48.2,27.049,18.493,0.0879934138782437,-0.078125,-0.028251300855966426,0.01317538064320158,0.022260358664384586,0.07494716204129426,0.19999999999999998,1.0,0.92,0.0877097996751489,126552765.0
524,Japan,2021-06-29,1380.0,30.0,347.778,48.2,27.049,18.493,0.0879934138782437,-0.078125,-0.028251300855966426,0.01317538064320158,0.022260358664384586,0.07494716204129426,0.19999999999999998,1.0,0.92,0.0877097996751489,126552765.0
525,Japan,2021-06-30,1820.0,41.0,347.778,48.2,27.049,18.493,0.0879934138782437,-0.078125,-0.028251300855966426,0.01317538064320158,0.022260358664384586,0.07494716204129426,0.19999999999999998,1.0,0.92,0.0877097996751489,126552765.0
526,Japan,2021-07-01,1754.0,24.0,347.778,48.2,27.049,18.493,0.0879934138782437,-0.078125,-0.028251300855966426,0.01317538064320158,0.022260358664384586,0.07494716204129426,0.19999999999999998,1.0,0.92,0.0877097996751489,126552765.0
527,Japan,2021-07-02,1775.0,25.0,347.778,48.2,27.049,18.493,0.0879934138782437,-0.078125,-0.028251300855966426,0.01317538064320158,0.022260358664384586,0.07494716204129426,0.19999999999999998,1.0,0.92,0.0877097996751489,126552765.0
528,Japan,2021-07-03,1878.0,9.0,347.778,48.2,27.049,18.493,0.0879934138782437,-0.078125,-0.028251300855966426,0.01317538064320158,0.022260358664384586,0.07494716204129426,0.19999999999999998,1.0,0.92,0.0877097996751489,126552765.0
529,Japan,2021-07-04,1485.0,6.0,347.778,48.2,27.049,18.493,0.0879934138782437,-0.078125,-0.028251300855966426,0.01317538064320158,0.022260358664384586,0.07494716204129426,0.19999999999999998,1.0,0.92,0.0877097996751489,126552765.0
530,Japan,2021-07-05,1029.0,19.0,347.778,48.2,27.049,18.493,0.0879934138782437,-0.078125,-0.028251300855966426,0.01317538064320158,0.022260358664384586,0.07494716204129426,0.19999999999999998,1.0,0.92,0.0877097996751489,126552765.0
531,Japan,2021-07-06,1668.0,22.0,347.778,48.2,27.049,18.493,0.0879934138782437,-0.078125,-0.028251300855966426,0.01317538064320158,0.022260358664384586,0.07494716204129426,0.19999999999999998,1.0,0.92,0.0877097996751489,126552765.0
532,Japan,2021-07-07,2189.0,14.0,347.778,48.2,27.049,18.493,0.0879934138782437,-0.078125,-0.028251300855966426,0.01317538064320158,0.022260358664384586,0.07494716204129426,0.19999999999999998,1.0,0.92,0.0877097996751489,126552765.0
533,Japan,2021-07-08,2246.0,17.0,347.778,48.2,27.049,18.493,0.0879934138782437,-0.078125,-0.028251300855966426,0.01317538064320158,0.022260358664384586,0.07494716204129426,0.19999999999999998,1.0,0.92,0.0877097996751489,126552765.0
534,Japan,2021-07-09,2276.0,20.0,347.778,48.2,27.049,18.493,0.0879934138782437,-0.078125,-0.028251300855966426,0.01317538064320158,0.022260358664384586,0.07494716204129426,0.19999999999999998,1.0,0.92,0.0877097996751489,126552765.0
535,Japan,2021-07-10,2458.0,11.0,347.778,48.2,27.049,18.493,0.0879934138782437,-0.078125,-0.028251300855966426,0.01317538064320158,0.022260358664384586,0.07494716204129426,0.19999999999999998,1.0,0.92,0.0877097996751489,126552765.0
536,Japan,2021-07-11,2030.0,6.0,347.778,48.2,27.049,18.493,0.0879934138782437,-0.078125,-0.028251300855966426,0.01317538064320158,0.022260358664384586,0.07494716204129426,0.19999999999999998,1.0,0.92,0.0877097996751489,126552765.0
537,Japan,2021-07-12,1505.0,3.0,347.778,48.2,27.049,18.493,0.0879934138782437,-0.078125,-0.028251300855966426,0.01317538064320158,0.022260358664384586,0.07494716204129426,0.19999999999999998,1.0,0.92,0.0877097996751489,126552765.0
538,Japan,2021-07-13,2384.0,18.0,347.778,48.2,27.049,18.493,0.0879934138782437,-0.078125,-0.028251300855966426,0.01317538064320158,0.022260358664384586,0.07494716204129426,0.19999999999999998,1.0,0.92,0.0877097996751489,126552765.0
539,Japan,2021-07-14,3192.0,20.0,347.778,48.2,27.049,18.493,0.0879934138782437,-0.078125,-0.028251300855966426,0.01317538064320158,0.022260358664384586,0.07494716204129426,0.19999999999999998,1.0,0.92,0.0877097996751489,126552765.0
540,Japan,2021-07-15,3418.0,22.0,347.778,48.2,27.049,18.493,0.0879934138782437,-0.078125,-0.028251300855966426,0.01317538064320158,0.022260358664384586,0.07494716204129426,0.19999999999999998,1.0,0.92,0.0877097996751489,126552765.0
541,Japan,2021-07-16,3433.0,10.0,347.778,48.2,27.049,18.493,0.0879934138782437,-0.078125,-0.028251300855966426,0.01317538064320158,0.022260358664384586,0.07494716204129426,0.19999999999999998,1.0,0.92,0.0877097996751489,126552765.0
542,Japan,2021-07-17,3886.0,16.0,347.778,48.2,27.049,18.493,0.0879934138782437,-0.078125,-0.028251300855966426,0.01317538064320158,0.022260358664384586,0.07494716204129426,0.19999999999999998,1.0,0.92,0.0877097996751489,126552765.0
543,Japan,2021-07-18,3101.0,4.0,347.778,48.2,27.049,18.493,0.0879934138782437,-0.078125,-0.028251300855966426,0.01317538064320158,0.022260358664384586,0.07494716204129426,0.19999999999999998,1.0,0.92,0.0877097996751489,126552765.0
544,Japan,2021-07-19,2328.0,12.0,347.778,48.2,27.049,18.493,0.0879934138782437,-0.078125,-0.028251300855966426,0.01317538064320158,0.022260358664384586,0.07494716204129426,0.19999999999999998,1.0,0.92,0.0877097996751489,126552765.0
545,Japan,2021-07-20,3759.0,20.0,347.778,48.2,27.049,18.493,0.0879934138782437,-0.078125,-0.028251300855966426,0.01317538064320158,0.022260358664384586,0.07494716204129426,0.19999999999999998,1.0,0.92,0.0877097996751489,126552765.0
546,Japan,2021-07-21,4949.0,20.0,347.778,48.2,27.049,18.493,0.0879934138782437,-0.078125,-0.028251300855966426,0.01317538064320158,0.022260358664384586,0.07494716204129426,0.19999999999999998,1.0,0.92,0.0877097996751489,126552765.0
547,Japan,2021-07-22,5399.0,6.0,347.778,48.2,27.049,18.493,0.0879934138782437,-0.078125,-0.028251300855966426,0.01317538064320158,0.022260358664384586,0.07494716204129426,0.19999999999999998,1.0,0.92,0.0877097996751489,126552765.0
548,Japan,2021-07-23,4234.0,8.0,347.778,48.2,27.049,18.493,0.0879934138782437,-0.078125,-0.028251300855966426,0.01317538064320158,0.022260358664384586,0.07494716204129426,0.19999999999999998,1.0,0.92,0.0877097996751489,126552765.0
549,Japan,2021-07-24,3594.0,8.0,347.778,48.2,27.049,18.493,0.0879934138782437,-0.078125,-0.028251300855966426,0.01317538064320158,0.022260358664384586,0.07494716204129426,0.19999999999999998,1.0,0.92,0.0877097996751489,126552765.0
550,Japan,2021-07-25,5039.0,4.0,347.778,48.2,27.049,18.493,0.0879934138782437,-0.078125,-0.028251300855966426,0.01317538064320158,0.022260358664384586,0.07494716204129426,0.19999999999999998,1.0,0.92,0.0877097996751489,126552765.0
551,Japan,2021-07-26,4709.0,12.0,347.778,48.2,27.049,18.493,0.0879934138782437,-0.078125,-0.028251300855966426,0.01317538064320158,0.022260358664384586,0.07494716204129426,0.19999999999999998,1.0,0.92,0.0877097996751489,126552765.0
552,Japan,2021-07-27,7670.0,12.0,347.778,48.2,27.049,18.493,0.0879934138782437,-0.078125,-0.028251300855966426,0.01317538064320158,0.022260358664384586,0.07494716204129426,0.19999999999999998,1.0,0.92,0.0877097996751489,126552765.0
553,Japan,2021-07-28,9628.0,9.0,347.778,48.2,27.049,18.493,0.0879934138782437,-0.078125,-0.028251300855966426,0.01317538064320158,0.022260358664384586,0.07494716204129426,0.19999999999999998,1.0,0.92,0.0877097996751489,126552765.0
554,Japan,2021-07-29,10752.0,14.0,347.778,48.2,27.049,18.493,0.0879934138782437,-0.078125,-0.028251300855966426,0.01317538064320158,0.022260358664384586,0.07494716204129426,0.19999999999999998,1.0,0.92,0.0877097996751489,126552765.0
555,Japan,2021-07-30,10831.0,9.0,347.778,48.2,27.049,18.493,0.0879934138782437,-0.078125,-0.028251300855966426,0.01317538064320158,0.022260358664384586,0.07494716204129426,0.19999999999999998,1.0,0.92,0.0877097996751489,126552765.0
556,Japan,2021-07-31,12422.0,9.0,347.778,48.2,27.049,18.493,0.0879934138782437,-0.078125,-0.028251300855966426,0.01317538064320158,0.022260358664384586,0.07494716204129426,0.19999999999999998,1.0,0.92,0.0877097996751489,126552765.0
557,Japan,2021-08-01,10248.0,5.0,347.778,48.2,27.049,18.493,0.0879934138782437,-0.078125,-0.028251300855966426,0.01317538064320158,0.022260358664384586,0.07494716204129426,0.19999999999999998,1.0,0.92,0.0877097996751489,126552765.0
558,Japan,2021-08-02,8478.0,11.0,347.778,48.2,27.049,18.493,0.0879934138782437,-0.078125,-0.028251300855966426,0.01317538064320158,0.022260358664384586,0.07494716204129426,0.19999999999999998,1.0,0.92,0.0877097996751489,126552765.0
559,Japan,2021-08-03,12101.0,10.0,347.778,48.2,27.049,18.493,0.0879934138782437,-0.078125,-0.028251300855966426,0.01317538064320158,0.022260358664384586,0.07494716204129426,0.19999999999999998,1.0,0.92,0.0877097996751489,126552765.0
560,Japan,2021-08-04,14312.0,14.0,347.778,48.2,27.049,18.493,0.0879934138782437,-0.078125,-0.028251300855966426,0.01317538064320158,0.022260358664384586,0.07494716204129426,0.19999999999999998,1.0,0.92,0.0877097996751489,126552765.0
561,Japan,2021-08-05,15317.0,8.0,347.778,48.2,27.049,18.493,0.0879934138782437,-0.078125,-0.028251300855966426,0.01317538064320158,0.022260358664384586,0.07494716204129426,0.19999999999999998,1.0,0.92,0.0877097996751489,126552765.0
562,Japan,2021-08-06,15807.0,20.0,347.778,48.2,27.049,18.493,0.0879934138782437,-0.078125,-0.028251300855966426,0.01317538064320158,0.022260358664384586,0.07494716204129426,0.19999999999999998,1.0,0.92,0.0877097996751489,126552765.0
563,Japan,2021-08-07,15821.0,14.0,347.778,48.2,27.049,18.493,0.0879934138782437,-0.078125,-0.028251300855966426,0.01317538064320158,0.022260358664384586,0.07494716204129426,0.19999999999999998,1.0,0.92,0.0877097996751489,126552765.0
564,Japan,2021-08-08,14526.0,9.0,347.778,48.2,27.049,18.493,0.0879934138782437,-0.078125,-0.028251300855966426,0.01317538064320158,0.022260358664384586,0.07494716204129426,0.19999999999999998,1.0,0.92,0.0877097996751489,126552765.0
565,Japan,2021-08-09,12178.0,12.0,347.778,48.2,27.049,18.493,0.0879934138782437,-0.078125,-0.028251300855966426,0.01317538064320158,0.022260358664384586,0.07494716204129426,0.19999999999999998,1.0,0.92,0.0877097996751489,126552765.0
566,Japan,2021-08-10,10733.0,19.0,347.778,48.2,27.049,18.493,0.0879934138782437,-0.078125,-0.028251300855966426,0.01317538064320158,0.022260358664384586,0.07494716204129426,0.19999999999999998,1.0,0.92,0.0877097996751489,126552765.0
567,Japan,2021-08-11,16028.0,20.0,347.778,48.2,27.049,18.493,0.0879934138782437,-0.078125,-0.028251300855966426,0.01317538064320158,0.022260358664384586,0.07494716204129426,0.19999999999999998,1.0,0.92,0.0877097996751489,126552765.0
568,Japan,2021-08-12,19034.0,24.0,347.778,48.2,27.049,18.493,0.0879934138782437,-0.078125,-0.028251300855966426,0.01317538064320158,0.022260358664384586,0.07494716204129426,0.19999999999999998,1.0,0.92,0.0877097996751489,126552765.0
569,Japan,2021-08-13,20496.0,25.0,347.778,48.2,27.049,18.493,0.0879934138782437,-0.078125,-0.028251300855966426,0.01317538064320158,0.022260358664384586,0.07494716204129426,0.19999999999999998,1.0,0.92,0.0877097996751489,126552765.0
570,Japan,2021-08-14,20303.0,18.0,347.778,48.2,27.049,18.493,0.0879934138782437,-0.078125,-0.028251300855966426,0.01317538064320158,0.022260358664384586,0.07494716204129426,0.19999999999999998,1.0,0.92,0.0877097996751489,126552765.0
571,Japan,2021-08-15,17888.0,10.0,347.778,48.2,27.049,18.493,0.0879934138782437,-0.078125,-0.028251300855966426,0.01317538064320158,0.022260358664384586,0.07494716204129426,0.19999999999999998,1.0,0.92,0.0877097996751489,126552765.0
572,Japan,2021-08-16,15007.0,27.0,347.778,48.2,27.049,18.493,0.0879934138782437,-0.078125,-0.028251300855966426,0.01317538064320158,0.022260358664384586,0.07494716204129426,0.19999999999999998,1.0,0.92,0.0877097996751489,126552765.0
573,Japan,2021-08-17,20105.0,47.0,347.778,48.2,27.049,18.493,0.0879934138782437,-0.078125,-0.028251300855966426,0.01317538064320158,0.022260358664384586,0.07494716204129426,0.19999999999999998,1.0,0.92,0.0877097996751489,126552765.0
574,Japan,2021-08-18,24096.0,30.0,347.778,48.2,27.049,18.493,0.0879934138782437,-0.078125,-0.028251300855966426,0.01317538064320158,0.022260358664384586,0.07494716204129426,0.19999999999999998,1.0,0.92,0.0877097996751489,126552765.0
575,Japan,2021-08-19,25341.0,28.0,347.778,48.2,27.049,18.493,0.0879934138782437,-0.078125,-0.028251300855966426,0.01317538064320158,0.022260358664384586,0.07494716204129426,0.19999999999999998,1.0,0.92,0.0877097996751489,126552765.0
576,Japan,2021-08-20,25992.0,36.0,347.778,48.2,27.049,18.493,0.0879934138782437,-0.078125,-0.028251300855966426,0.01317538064320158,0.022260358664384586,0.07494716204129426,0.19999999999999998,1.0,0.92,0.0877097996751489,126552765.0
577,Japan,2021-08-21,25662.0,34.0,347.778,48.2,27.049,18.493,0.0879934138782437,-0.078125,-0.028251300855966426,0.01317538064320158,0.022260358664384586,0.07494716204129426,0.19999999999999998,1.0,0.92,0.0877097996751489,126552765.0
578,Japan,2021-08-22,22345.0,24.0,347.778,48.2,27.049,18.493,0.0879934138782437,-0.078125,-0.028251300855966426,0.01317538064320158,0.022260358664384586,0.07494716204129426,0.19999999999999998,1.0,0.92,0.0877097996751489,126552765.0
579,Japan,2021-08-23,16924.0,32.0,347.778,48.2,27.049,18.493,0.0879934138782437,-0.078125,-0.028251300855966426,0.01317538064320158,0.022260358664384586,0.07494716204129426,0.19999999999999998,1.0,0.92,0.0877097996751489,126552765.0
580,Japan,2021-08-24,21669.0,42.0,347.778,48.2,27.049,18.493,0.0879934138782437,-0.078125,-0.028251300855966426,0.01317538064320158,0.022260358664384586,0.07494716204129426,0.19999999999999998,1.0,0.92,0.0877097996751489,126552765.0
581,Japan,2021-08-25,24411.0,45.0,347.778,48.2,27.049,18.493,0.0879934138782437,-0.078125,-0.028251300855966426,0.01317538064320158,0.022260358664384586,0.07494716204129426,0.19999999999999998,1.0,0.92,0.0877097996751489,126552765.0
582,Japan,2021-08-26,25038.0,52.0,347.778,48.2,27.049,18.493,0.0879934138782437,-0.078125,-0.028251300855966426,0.01317538064320158,0.022260358664384586,0.07494716204129426,0.19999999999999998,1.0,0.92,0.0877097996751489,126552765.0
583,Japan,2021-08-27,24319.0,57.0,347.778,48.2,27.049,18.493,0.0879934138782437,-0.078125,-0.028251300855966426,0.01317538064320158,0.022260358664384586,0.07494716204129426,0.19999999999999998,1.0,0.92,0.0877097996751489,126552765.0
584,Japan,2021-08-28,22859.0,42.0,347.778,48.2,27.049,18.493,0.0879934138782437,-0.078125,-0.028251300855966426,0.01317538064320158,0.022260358664384586,0.07494716204129426,0.19999999999999998,1.0,0.92,0.0877097996751489,126552765.0
585,Japan,2021-08-29,19337.0,49.0,347.778,48.2,27.049,18.493,0.0879934138782437,-0.078125,-0.028251300855966426,0.01317538064320158,0.022260358664384586,0.07494716204129426,0.19999999999999998,1.0,0.92,0.0877097996751489,126552765.0
586,Japan,2021-08-30,13674.0,46.0,347.778,48.2,27.049,18.493,0.0879934138782437,-0.078125,-0.028251300855966426,0.01317538064320158,0.022260358664384586,0.07494716204129426,0.19999999999999998,1.0,0.92,0.0877097996751489,126552765.0
587,Japan,2021-08-31,17719.0,64.0,347.778,48.2,27.049,18.493,0.0879934138782437,-0.078125,-0.028251300855966426,0.01317538064320158,0.022260358664384586,0.07494716204129426,0.19999999999999998,1.0,0.92,0.0877097996751489,126552765.0
588,Japan,2021-09-01,20028.0,71.0,347.778,48.2,27.049,18.493,0.0879934138782437,-0.078125,-0.028251300855966426,0.01317538064320158,0.022260358664384586,0.07494716204129426,0.19999999999999998,1.0,0.92,0.0877097996751489,126552765.0
589,Japan,2021-09-02,18216.0,65.0,347.778,48.2,27.049,18.493,0.0879934138782437,-0.078125,-0.028251300855966426,0.01317538064320158,0.022260358664384586,0.07494716204129426,0.19999999999999998,1.0,0.92,0.0877097996751489,126552765.0
590,Japan,2021-09-03,16721.0,64.0,347.778,48.2,27.049,18.493,0.0879934138782437,-0.078125,-0.028251300855966426,0.01317538064320158,0.022260358664384586,0.07494716204129426,0.19999999999999998,1.0,0.92,0.0877097996751489,126552765.0
591,Japan,2021-09-04,16014.0,60.0,347.778,48.2,27.049,18.493,0.0879934138782437,-0.078125,-0.028251300855966426,0.01317538064320158,0.022260358664384586,0.07494716204129426,0.19999999999999998,1.0,0.92,0.0877097996751489,126552765.0
592,Japan,2021-09-05,12907.0,31.0,347.778,48.2,27.049,18.493,0.0879934138782437,-0.078125,-0.028251300855966426,0.01317538064320158,0.022260358664384586,0.07494716204129426,0.19999999999999998,1.0,0.92,0.0877097996751489,126552765.0
593,Japan,2021-09-06,8224.0,40.0,347.778,48.2,27.049,18.493,0.0879934138782437,-0.078125,-0.028251300855966426,0.01317538064320158,0.022260358664384586,0.07494716204129426,0.19999999999999998,1.0,0.92,0.0877097996751489,126552765.0
594,Japan,2021-09-07,10607.0,62.0,347.778,48.2,27.049,18.493,0.0879934138782437,-0.078125,-0.028251300855966426,0.01317538064320158,0.022260358664384586,0.07494716204129426,0.19999999999999998,1.0,0.92,0.0877097996751489,126552765.0
595,Japan,2021-09-08,12388.0,89.0,347.778,48.2,27.049,18.493,0.0879934138782437,-0.078125,-0.028251300855966426,0.01317538064320158,0.022260358664384586,0.07494716204129426,0.19999999999999998,1.0,0.92,0.0877097996751489,126552765.0
596,Japan,2021-09-09,10396.0,88.0,347.778,48.2,27.049,18.493,0.0879934138782437,-0.078125,-0.028251300855966426,0.01317538064320158,0.022260358664384586,0.07494716204129426,0.19999999999999998,1.0,0.92,0.0877097996751489,126552765.0
597,Japan,2021-09-10,8859.0,68.0,347.778,48.2,27.049,18.493,0.0879934138782437,-0.078125,-0.028251300855966426,0.01317538064320158,0.022260358664384586,0.07494716204129426,0.19999999999999998,1.0,0.92,0.0877097996751489,126552765.0
598,Japan,2021-09-11,8802.0,56.0,347.778,48.2,27.049,18.493,0.0879934138782437,-0.078125,-0.028251300855966426,0.01317538064320158,0.022260358664384586,0.07494716204129426,0.19999999999999998,1.0,0.92,0.0877097996751489,126552765.0
599,Japan,2021-09-12,7213.0,41.0,347.778,48.2,27.049,18.493,0.0879934138782437,-0.078125,-0.028251300855966426,0.01317538064320158,0.022260358664384586,0.07494716204129426,0.19999999999999998,1.0,0.92,0.0877097996751489,126552765.0
600,Japan,2021-09-13,4173.0,49.0,347.778,48.2,27.049,18.493,0.0879934138782437,-0.078125,-0.028251300855966426,0.01317538064320158,0.022260358664384586,0.07494716204129426,0.19999999999999998,1.0,0.92,0.0877097996751489,126552765.0
601,Japan,2021-09-14,6279.0,55.0,347.778,48.2,27.049,18.493,0.0879934138782437,-0.078125,-0.028251300855966426,0.01317538064320158,0.022260358664384586,0.07494716204129426,0.19999999999999998,1.0,0.92,0.0877097996751489,126552765.0
602,Japan,2021-09-15,6809.0,74.0,347.778,48.2,27.049,18.493,0.0879934138782437,-0.078125,-0.028251300855966426,0.01317538064320158,0.022260358664384586,0.07494716204129426,0.19999999999999998,1.0,0.92,0.0877097996751489,126552765.0
603,Japan,2021-09-16,5691.0,63.0,347.778,48.2,27.049,18.493,0.0879934138782437,-0.078125,-0.028251300855966426,0.01317538064320158,0.022260358664384586,0.07494716204129426,0.19999999999999998,1.0,0.92,0.0877097996751489,126552765.0
604,Japan,2021-09-17,5113.0,64.0,347.778,48.2,27.049,18.493,0.0879934138782437,-0.078125,-0.028251300855966426,0.01317538064320158,0.022260358664384586,0.07494716204129426,0.19999999999999998,1.0,0.92,0.0877097996751489,126552765.0
605,Japan,2021-09-18,4700.0,63.0,347.778,48.2,27.049,18.493,0.0879934138782437,-0.078125,-0.028251300855966426,0.01317538064320158,0.022260358664384586,0.07494716204129426,0.19999999999999998,1.0,0.92,0.0877097996751489,126552765.0
606,Japan,2021-09-19,3396.0,41.0,347.778,48.2,27.049,18.493,0.0879934138782437,-0.078125,-0.028251300855966426,0.01317538064320158,0.022260358664384586,0.07494716204129426,0.19999999999999998,1.0,0.92,0.0877097996751489,126552765.0
607,Japan,2021-09-20,2221.0,23.0,347.778,48.2,27.049,18.493,0.0879934138782437,-0.078125,-0.028251300855966426,0.01317538064320158,0.022260358664384586,0.07494716204129426,0.19999999999999998,1.0,0.92,0.0877097996751489,126552765.0
608,Japan,2021-09-21,1770.0,47.0,347.778,48.2,27.049,18.493,0.0879934138782437,-0.078125,-0.028251300855966426,0.01317538064320158,0.022260358664384586,0.07494716204129426,0.19999999999999998,1.0,0.92,0.0877097996751489,126552765.0
609,Japan,2021-09-22,3243.0,54.0,347.778,48.2,27.049,18.493,0.0879934138782437,-0.078125,-0.028251300855966426,0.01317538064320158,0.022260358664384586,0.07494716204129426,0.19999999999999998,1.0,0.92,0.0877097996751489,126552765.0
610,Japan,2021-09-23,3601.0,49.0,347.778,48.2,27.049,18.493,0.0879934138782437,-0.078125,-0.028251300855966426,0.01317538064320158,0.022260358664384586,0.07494716204129426,0.19999999999999998,1.0,0.92,0.0877097996751489,126552765.0
611,Japan,2021-09-24,2095.0,45.0,347.778,48.2,27.049,18.493,0.0879934138782437,-0.078125,-0.028251300855966426,0.01317538064320158,0.022260358664384586,0.07494716204129426,0.19999999999999998,1.0,0.92,0.0877097996751489,126552765.0
612,Japan,2021-09-25,2670.0,33.0,347.778,48.2,27.049,18.493,0.0879934138782437,-0.078125,-0.028251300855966426,0.01317538064320158,0.022260358664384586,0.07494716204129426,0.19999999999999998,1.0,0.92,0.0877097996751489,126552765.0
613,Japan,2021-09-26,2136.0,21.0,347.778,48.2,27.049,18.493,0.0879934138782437,-0.078125,-0.028251300855966426,0.01317538064320158,0.022260358664384586,0.07494716204129426,0.19999999999999998,1.0,0.92,0.0877097996751489,126552765.0
614,Japan,2021-09-27,1148.0,28.0,347.778,48.2,27.049,18.493,0.0879934138782437,-0.078125,-0.028251300855966426,0.01317538064320158,0.022260358664384586,0.07494716204129426,0.19999999999999998,1.0,0.92,0.0877097996751489,126552765.0
615,Japan,2021-09-28,1722.0,50.0,347.778,48.2,27.049,18.493,0.0879934138782437,-0.078125,-0.028251300855966426,0.01317538064320158,0.022260358664384586,0.07494716204129426,0.19999999999999998,1.0,0.92,0.0877097996751489,126552765.0
616,Japan,2021-09-29,1983.0,48.0,347.778,48.2,27.049,18.493,0.0879934138782437,-0.078125,-0.028251300855966426,0.01317538064320158,0.022260358664384586,0.07494716204129426,0.19999999999999998,1.0,0.92,0.0877097996751489,126552765.0
617,Japan,2021-09-30,1575.0,42.0,347.778,48.2,27.049,18.493,0.0879934138782437,-0.078125,-0.028251300855966426,0.01317538064320158,0.022260358664384586,0.07494716204129426,0.19999999999999998,1.0,0.92,0.0877097996751489,126552765.0
618,Japan,2021-10-01,1444.0,34.0,347.778,48.2,27.049,18.493,0.0879934138782437,-0.078125,-0.028251300855966426,0.01317538064320158,0.022260358664384586,0.07494716204129426,0.19999999999999998,1.0,0.92,0.0877097996751489,126552765.0
619,Japan,2021-10-02,1243.0,32.0,347.778,48.2,27.049,18.493,0.0879934138782437,-0.078125,-0.028251300855966426,0.01317538064320158,0.022260358664384586,0.07494716204129426,0.19999999999999998,1.0,0.92,0.0877097996751489,126552765.0
620,Japan,2021-10-03,967.0,17.0,347.778,48.2,27.049,18.493,0.0879934138782437,-0.078125,-0.028251300855966426,0.01317538064320158,0.022260358664384586,0.07494716204129426,0.19999999999999998,1.0,0.92,0.0877097996751489,126552765.0
621,Japan,2021-10-04,599.0,24.0,347.778,48.2,27.049,18.493,0.0879934138782437,-0.078125,-0.028251300855966426,0.01317538064320158,0.022260358664384586,0.07494716204129426,0.19999999999999998,1.0,0.92,0.0877097996751489,126552765.0
622,Japan,2021-10-05,979.0,36.0,347.778,48.2,27.049,18.493,0.0879934138782437,-0.078125,-0.028251300855966426,0.01317538064320158,0.022260358664384586,0.07494716204129426,0.19999999999999998,1.0,0.92,0.0877097996751489,126552765.0
623,Japan,2021-10-06,1125.0,26.0,347.778,48.2,27.049,18.493,0.0879934138782437,-0.078125,-0.028251300855966426,0.01317538064320158,0.022260358664384586,0.07494716204129426,0.19999999999999998,1.0,0.92,0.0877097996751489,126552765.0
624,Japan,2021-10-07,972.0,39.0,347.778,48.2,27.049,18.493,0.0879934138782437,-0.078125,-0.028251300855966426,0.01317538064320158,0.022260358664384586,0.07494716204129426,0.19999999999999998,1.0,0.92,0.0877097996751489,126552765.0
625,Japan,2021-10-08,827.0,46.0,347.778,48.2,27.049,18.493,0.0879934138782437,-0.078125,-0.028251300855966426,0.01317538064320158,0.022260358664384586,0.07494716204129426,0.19999999999999998,1.0,0.92,0.0877097996751489,126552765.0
626,Japan,2021-10-09,774.0,24.0,347.778,48.2,27.049,18.493,0.0879934138782437,-0.078125,-0.028251300855966426,0.01317538064320158,0.022260358664384586,0.07494716204129426,0.19999999999999998,1.0,0.92,0.0877097996751489,126552765.0
627,Japan,2021-10-10,553.0,10.0,347.778,48.2,27.049,18.493,0.0879934138782437,-0.078125,-0.028251300855966426,0.01317538064320158,0.022260358664384586,0.07494716204129426,0.19999999999999998,1.0,0.92,0.0877097996751489,126552765.0
628,Japan,2021-10-11,369.0,20.0,347.778,48.2,27.049,18.493,0.0879934138782437,-0.078125,-0.028251300855966426,0.01317538064320158,0.022260358664384586,0.07494716204129426,0.19999999999999998,1.0,0.92,0.0877097996751489,126552765.0
629,Japan,2021-10-12,607.0,30.0,347.778,48.2,27.049,18.493,0.0879934138782437,-0.078125,-0.028251300855966426,0.01317538064320158,0.022260358664384586,0.07494716204129426,0.19999999999999998,1.0,0.92,0.0877097996751489,126552765.0
630,Japan,2021-10-13,731.0,33.0,347.778,48.2,27.049,18.493,0.0879934138782437,-0.078125,-0.028251300855966426,0.01317538064320158,0.022260358664384586,0.07494716204129426,0.19999999999999998,1.0,0.92,0.0877097996751489,126552765.0
631,Japan,2021-10-14,617.0,33.0,347.778,48.2,27.049,18.493,0.0879934138782437,-0.078125,-0.028251300855966426,0.01317538064320158,0.022260358664384586,0.07494716204129426,0.19999999999999998,1.0,0.92,0.0877097996751489,126552765.0
632,Japan,2021-10-15,517.0,23.0,347.778,48.2,27.049,18.493,0.0879934138782437,-0.078125,-0.028251300855966426,0.01317538064320158,0.022260358664384586,0.07494716204129426,0.19999999999999998,1.0,0.92,0.0877097996751489,126552765.0
633,Japan,2021-10-16,500.0,13.0,347.778,48.2,27.049,18.493,0.0879934138782437,-0.078125,-0.028251300855966426,0.01317538064320158,0.022260358664384586,0.07494716204129426,0.19999999999999998,1.0,0.92,0.0877097996751489,126552765.0
634,Japan,2021-10-17,428.0,13.0,347.778,48.2,27.049,18.493,0.0879934138782437,-0.078125,-0.028251300855966426,0.01317538064320158,0.022260358664384586,0.07494716204129426,0.19999999999999998,1.0,0.92,0.0877097996751489,126552765.0
635,Japan,2021-10-18,230.0,17.0,347.778,48.2,27.049,18.493,0.0879934138782437,-0.078125,-0.028251300855966426,0.01317538064320158,0.022260358664384586,0.07494716204129426,0.19999999999999998,1.0,0.92,0.0877097996751489,126552765.0
636,Japan,2021-10-19,371.0,27.0,347.778,48.2,27.049,18.493,0.0879934138782437,-0.078125,-0.028251300855966426,0.01317538064320158,0.022260358664384586,0.07494716204129426,0.19999999999999998,1.0,0.92,0.0877097996751489,126552765.0
637,Japan,2021-10-20,388.0,10.0,347.778,48.2,27.049,18.493,0.0879934138782437,-0.078125,-0.028251300855966426,0.01317538064320158,0.022260358664384586,0.07494716204129426,0.19999999999999998,1.0,0.92,0.0877097996751489,126552765.0
638,Japan,2021-10-21,343.0,16.0,347.778,48.2,27.049,18.493,0.0879934138782437,-0.078125,-0.028251300855966426,0.01317538064320158,0.022260358664384586,0.07494716204129426,0.19999999999999998,1.0,0.92,0.0877097996751489,126552765.0
639,Japan,2021-10-22,324.0,12.0,347.778,48.2,27.049,18.493,0.0879934138782437,-0.078125,-0.028251300855966426,0.01317538064320158,0.022260358664384586,0.07494716204129426,0.19999999999999998,1.0,0.92,0.0877097996751489,126552765.0
640,Japan,2021-10-23,283.0,5.0,347.778,48.2,27.049,18.493,0.0879934138782437,-0.078125,-0.028251300855966426,0.01317538064320158,0.022260358664384586,0.07494716204129426,0.19999999999999998,1.0,0.92,0.0877097996751489,126552765.0
641,Japan,2021-10-24,232.0,8.0,347.778,48.2,27.049,18.493,0.0879934138782437,-0.078125,-0.028251300855966426,0.01317538064320158,0.022260358664384586,0.07494716204129426,0.19999999999999998,1.0,0.92,0.0877097996751489,126552765.0
642,Japan,2021-10-25,151.0,7.0,347.778,48.2,27.049,18.493,0.0879934138782437,-0.078125,-0.028251300855966426,0.01317538064320158,0.022260358664384586,0.07494716204129426,0.19999999999999998,1.0,0.92,0.0877097996751489,126552765.0
643,Japan,2021-10-26,310.0,15.0,347.778,48.2,27.049,18.493,0.0879934138782437,-0.078125,-0.028251300855966426,0.01317538064320158,0.022260358664384586,0.07494716204129426,0.19999999999999998,1.0,0.92,0.0877097996751489,126552765.0
644,Japan,2021-10-27,310.0,7.0,347.778,48.2,27.049,18.493,0.0879934138782437,-0.078125,-0.028251300855966426,0.01317538064320158,0.022260358664384586,0.07494716204129426,0.19999999999999998,1.0,0.92,0.0877097996751489,126552765.0
645,Japan,2021-10-28,273.0,9.0,347.778,48.2,27.049,18.493,0.0879934138782437,-0.078125,-0.028251300855966426,0.01317538064320158,0.022260358664384586,0.07494716204129426,0.19999999999999998,1.0,0.92,0.0877097996751489,126552765.0
646,Japan,2021-10-29,292.0,16.0,347.778,48.2,27.049,18.493,0.0879934138782437,-0.078125,-0.028251300855966426,0.01317538064320158,0.022260358664384586,0.07494716204129426,0.19999999999999998,1.0,0.92,0.0877097996751489,126552765.0
647,Japan,2021-10-30,284.0,7.0,347.778,48.2,27.049,18.493,0.0879934138782437,-0.078125,-0.028251300855966426,0.01317538064320158,0.022260358664384586,0.07494716204129426,0.19999999999999998,1.0,0.92,0.0877097996751489,126552765.0
648,Japan,2021-10-31,228.0,7.0,347.778,48.2,27.049,18.493,0.0879934138782437,-0.078125,-0.028251300855966426,0.01317538064320158,0.022260358664384586,0.07494716204129426,0.19999999999999998,1.0,0.92,0.0877097996751489,126552765.0
649,Japan,2021-11-01,84.0,7.0,347.778,48.2,27.049,18.493,0.0879934138782437,-0.078125,-0.028251300855966426,0.01317538064320158,0.022260358664384586,0.07494716204129426,0.19999999999999998,1.0,0.92,0.0877097996751489,126552765.0
650,Japan,2021-11-02,221.0,7.0,347.778,48.2,27.049,18.493,0.0879934138782437,-0.078125,-0.028251300855966426,0.01317538064320158,0.022260358664384586,0.07494716204129426,0.19999999999999998,1.0,0.92,0.0877097996751489,126552765.0
651,Japan,2021-11-03,264.0,8.0,347.778,48.2,27.049,18.493,0.0879934138782437,-0.078125,-0.028251300855966426,0.01317538064320158,0.022260358664384586,0.07494716204129426,0.19999999999999998,1.0,0.92,0.0877097996751489,126552765.0
652,Japan,2021-11-04,158.0,6.0,347.778,48.2,27.049,18.493,0.0879934138782437,-0.078125,-0.028251300855966426,0.01317538064320158,0.022260358664384586,0.07494716204129426,0.19999999999999998,1.0,0.92,0.0877097996751489,126552765.0
653,Japan,2021-11-05,225.0,12.0,347.778,48.2,27.049,18.493,0.0879934138782437,-0.078125,-0.028251300855966426,0.01317538064320158,0.022260358664384586,0.07494716204129426,0.19999999999999998,1.0,0.92,0.0877097996751489,126552765.0
654,Japan,2021-11-06,230.0,2.0,347.778,48.2,27.049,18.493,0.0879934138782437,-0.078125,-0.028251300855966426,0.01317538064320158,0.022260358664384586,0.07494716204129426,0.19999999999999998,1.0,0.92,0.0877097996751489,126552765.0
655,Japan,2021-11-07,157.0,0.0,347.778,48.2,27.049,18.493,0.0879934138782437,-0.078125,-0.028251300855966426,0.01317538064320158,0.022260358664384586,0.07494716204129426,0.19999999999999998,1.0,0.92,0.0877097996751489,126552765.0
656,Japan,2021-11-08,100.0,3.0,347.778,48.2,27.049,18.493,0.0879934138782437,-0.078125,-0.028251300855966426,0.01317538064320158,0.022260358664384586,0.07494716204129426,0.19999999999999998,1.0,0.92,0.0877097996751489,126552765.0
657,Japan,2021-11-09,194.0,3.0,347.778,48.2,27.049,18.493,0.0879934138782437,-0.078125,-0.028251300855966426,0.01317538064320158,0.022260358664384586,0.07494716204129426,0.19999999999999998,1.0,0.92,0.0877097996751489,126552765.0
658,Japan,2021-11-10,227.0,3.0,347.778,48.2,27.049,18.493,0.0879934138782437,-0.078125,-0.028251300855966426,0.01317538064320158,0.022260358664384586,0.07494716204129426,0.19999999999999998,1.0,0.92,0.0877097996751489,126552765.0
659,Japan,2021-11-11,215.0,4.0,347.778,48.2,27.049,18.493,0.0879934138782437,-0.078125,-0.028251300855966426,0.01317538064320158,0.022260358664384586,0.07494716204129426,0.19999999999999998,1.0,0.92,0.0877097996751489,126552765.0
660,Japan,2021-11-12,201.0,1.0,347.778,48.2,27.049,18.493,0.0879934138782437,-0.078125,-0.028251300855966426,0.01317538064320158,0.022260358664384586,0.07494716204129426,0.19999999999999998,1.0,0.92,0.0877097996751489,126552765.0
661,Japan,2021-11-13,194.0,1.0,347.778,48.2,27.049,18.493,0.0879934138782437,-0.078125,-0.028251300855966426,0.01317538064320158,0.022260358664384586,0.07494716204129426,0.19999999999999998,1.0,0.92,0.0877097996751489,126552765.0
662,Japan,2021-11-14,145.0,2.0,347.778,48.2,27.049,18.493,0.0879934138782437,-0.078125,-0.028251300855966426,0.01317538064320158,0.022260358664384586,0.07494716204129426,0.19999999999999998,1.0,0.92,0.0877097996751489,126552765.0
663,Japan,2021-11-15,78.0,1.0,347.778,48.2,27.049,18.493,0.0879934138782437,-0.078125,-0.028251300855966426,0.01317538064320158,0.022260358664384586,0.07494716204129426,0.19999999999999998,1.0,0.92,0.0877097996751489,126552765.0
664,Japan,2021-11-16,151.0,4.0,347.778,48.2,27.049,18.493,0.0879934138782437,-0.078125,-0.028251300855966426,0.01317538064320158,0.022260358664384586,0.07494716204129426,0.19999999999999998,1.0,0.92,0.0877097996751489,126552765.0
665,Japan,2021-11-17,204.0,5.0,347.778,48.2,27.049,18.493,0.0879934138782437,-0.078125,-0.028251300855966426,0.01317538064320158,0.022260358664384586,0.07494716204129426,0.19999999999999998,1.0,0.92,0.0877097996751489,126552765.0
666,Japan,2021-11-18,148.0,5.0,347.778,48.2,27.049,18.493,0.0879934138782437,-0.078125,-0.028251300855966426,0.01317538064320158,0.022260358664384586,0.07494716204129426,0.19999999999999998,1.0,0.92,0.0877097996751489,126552765.0
667,Japan,2021-11-19,153.0,0.0,347.778,48.2,27.049,18.493,0.0879934138782437,-0.078125,-0.028251300855966426,0.01317538064320158,0.022260358664384586,0.07494716204129426,0.19999999999999998,1.0,0.92,0.0877097996751489,126552765.0
668,Japan,2021-11-20,104.0,5.0,347.778,48.2,27.049,18.493,0.0879934138782437,-0.078125,-0.028251300855966426,0.01317538064320158,0.022260358664384586,0.07494716204129426,0.19999999999999998,1.0,0.92,0.0877097996751489,126552765.0
669,Japan,2021-11-21,157.0,0.0,347.778,48.2,27.049,18.493,0.0879934138782437,-0.078125,-0.028251300855966426,0.01317538064320158,0.022260358664384586,0.07494716204129426,0.19999999999999998,1.0,0.92,0.0877097996751489,126552765.0
670,Japan,2021-11-22,49.0,2.0,347.778,48.2,27.049,18.493,0.0879934138782437,-0.078125,-0.028251300855966426,0.01317538064320158,0.022260358664384586,0.07494716204129426,0.19999999999999998,1.0,0.92,0.0877097996751489,126552765.0
671,Japan,2021-11-23,111.0,2.0,347.778,48.2,27.049,18.493,0.0879934138782437,-0.078125,-0.028251300855966426,0.01317538064320158,0.022260358664384586,0.07494716204129426,0.19999999999999998,1.0,0.92,0.0877097996751489,126552765.0
672,Japan,2021-11-24,77.0,2.0,347.778,48.2,27.049,18.493,0.0879934138782437,-0.078125,-0.028251300855966426,0.01317538064320158,0.022260358664384586,0.07494716204129426,0.19999999999999998,1.0,0.92,0.0877097996751489,126552765.0
673,Japan,2021-11-25,119.0,2.0,347.778,48.2,27.049,18.493,0.0879934138782437,-0.078125,-0.028251300855966426,0.01317538064320158,0.022260358664384586,0.07494716204129426,0.19999999999999998,1.0,0.92,0.0877097996751489,126552765.0
674,Japan,2021-11-26,121.0,2.0,347.778,48.2,27.049,18.493,0.0879934138782437,-0.078125,-0.028251300855966426,0.01317538064320158,0.022260358664384586,0.07494716204129426,0.19999999999999998,1.0,0.92,0.0877097996751489,126552765.0
675,Japan,2021-11-27,125.0,1.0,347.778,48.2,27.049,18.493,0.0879934138782437,-0.078125,-0.028251300855966426,0.01317538064320158,0.022260358664384586,0.07494716204129426,0.19999999999999998,1.0,0.92,0.0877097996751489,126552765.0
676,Japan,2021-11-28,72.0,0.0,347.778,48.2,27.049,18.493,0.0879934138782437,-0.078125,-0.028251300855966426,0.01317538064320158,0.022260358664384586,0.07494716204129426,0.19999999999999998,1.0,0.92,0.0877097996751489,126552765.0
677,Japan,2021-11-29,82.0,1.0,347.778,48.2,27.049,18.493,0.0879934138782437,-0.078125,-0.028251300855966426,0.01317538064320158,0.022260358664384586,0.07494716204129426,0.19999999999999998,1.0,0.92,0.0877097996751489,126552765.0
678,Japan,2021-11-30,89.0,2.0,347.778,48.2,27.049,18.493,0.0879934138782437,-0.078125,-0.028251300855966426,0.01317538064320158,0.022260358664384586,0.07494716204129426,0.19999999999999998,1.0,0.92,0.0877097996751489,126552765.0
679,Japan,2021-12-01,115.0,1.0,347.778,48.2,27.049,18.493,0.0879934138782437,-0.078125,-0.028251300855966426,0.01317538064320158,0.022260358664384586,0.07494716204129426,0.19999999999999998,1.0,0.92,0.0877097996751489,126552765.0
680,Japan,2021-12-02,117.0,1.0,347.778,48.2,27.049,18.493,0.0879934138782437,-0.078125,-0.028251300855966426,0.01317538064320158,0.022260358664384586,0.07494716204129426,0.19999999999999998,1.0,0.92,0.0877097996751489,126552765.0
681,Japan,2021-12-03,158.0,1.0,347.778,48.2,27.049,18.493,0.0879934138782437,-0.078125,-0.028251300855966426,0.01317538064320158,0.022260358664384586,0.07494716204129426,0.19999999999999998,1.0,0.92,0.0877097996751489,126552765.0
682,Japan,2021-12-04,120.0,0.0,347.778,48.2,27.049,18.493,0.0879934138782437,-0.078125,-0.028251300855966426,0.01317538064320158,0.022260358664384586,0.07494716204129426,0.19999999999999998,1.0,0.92,0.0877097996751489,126552765.0
683,Japan,2021-12-05,104.0,0.0,347.778,48.2,27.049,18.493,0.0879934138782437,-0.078125,-0.028251300855966426,0.01317538064320158,0.022260358664384586,0.07494716204129426,0.19999999999999998,1.0,0.92,0.0877097996751489,126552765.0
684,Japan,2021-12-06,81.0,1.0,347.778,48.2,27.049,18.493,0.0879934138782437,-0.078125,-0.028251300855966426,0.01317538064320158,0.022260358664384586,0.07494716204129426,0.19999999999999998,1.0,0.92,0.0877097996751489,126552765.0
685,Japan,2021-12-07,111.0,2.0,347.778,48.2,27.049,18.493,0.0879934138782437,-0.078125,-0.028251300855966426,0.01317538064320158,0.022260358664384586,0.07494716204129426,0.19999999999999998,1.0,0.92,0.0877097996751489,126552765.0
686,Japan,2021-12-08,135.0,3.0,347.778,48.2,27.049,18.493,0.0879934138782437,-0.078125,-0.028251300855966426,0.01317538064320158,0.022260358664384586,0.07494716204129426,0.19999999999999998,1.0,0.92,0.0877097996751489,126552765.0
687,Japan,2021-12-09,154.0,1.0,347.778,48.2,27.049,18.493,0.0879934138782437,-0.078125,-0.028251300855966426,0.01317538064320158,0.022260358664384586,0.07494716204129426,0.19999999999999998,1.0,0.92,0.0877097996751489,126552765.0
688,Japan,2021-12-10,146.0,1.0,347.778,48.2,27.049,18.493,0.0879934138782437,-0.078125,-0.028251300855966426,0.01317538064320158,0.022260358664384586,0.07494716204129426,0.19999999999999998,1.0,0.92,0.0877097996751489,126552765.0
689,Japan,2021-12-11,137.0,1.0,347.778,48.2,27.049,18.493,0.0879934138782437,-0.078125,-0.028251300855966426,0.01317538064320158,0.022260358664384586,0.07494716204129426,0.19999999999999998,1.0,0.92,0.0877097996751489,126552765.0
690,Japan,2021-12-12,135.0,0.0,347.778,48.2,27.049,18.493,0.0879934138782437,-0.078125,-0.028251300855966426,0.01317538064320158,0.022260358664384586,0.07494716204129426,0.19999999999999998,1.0,0.92,0.0877097996751489,126552765.0
691,Japan,2021-12-13,77.0,1.0,347.778,48.2,27.049,18.493,0.0879934138782437,-0.078125,-0.028251300855966426,0.01317538064320158,0.022260358664384586,0.07494716204129426,0.19999999999999998,1.0,0.92,0.0877097996751489,126552765.0
692,Japan,2021-12-14,139.0,1.0,347.778,48.2,27.049,18.493,0.0879934138782437,-0.078125,-0.028251300855966426,0.01317538064320158,0.022260358664384586,0.07494716204129426,0.19999999999999998,1.0,0.92,0.0877097996751489,126552765.0
693,Japan,2021-12-15,159.0,1.0,347.778,48.2,27.049,18.493,0.0879934138782437,-0.078125,-0.028251300855966426,0.01317538064320158,0.022260358664384586,0.07494716204129426,0.19999999999999998,1.0,0.92,0.0877097996751489,126552765.0
694,Japan,2021-12-16,175.0,3.0,347.778,48.2,27.049,18.493,0.0879934138782437,-0.078125,-0.028251300855966426,0.01317538064320158,0.022260358664384586,0.07494716204129426,0.19999999999999998,1.0,0.92,0.0877097996751489,126552765.0
695,Japan,2021-12-17,187.0,0.0,347.778,48.2,27.049,18.493,0.0879934138782437,-0.078125,-0.028251300855966426,0.01317538064320158,0.022260358664384586,0.07494716204129426,0.19999999999999998,1.0,0.92,0.0877097996751489,126552765.0
696,Japan,2021-12-18,200.0,0.0,347.778,48.2,27.049,18.493,0.0879934138782437,-0.078125,-0.028251300855966426,0.01317538064320158,0.022260358664384586,0.07494716204129426,0.19999999999999998,1.0,0.92,0.0877097996751489,126552765.0
697,Japan,2021-12-19,173.0,0.0,347.778,48.2,27.049,18.493,0.0879934138782437,-0.078125,-0.028251300855966426,0.01317538064320158,0.022260358664384586,0.07494716204129426,0.19999999999999998,1.0,0.92,0.0877097996751489,126552765.0
698,Japan,2021-12-20,134.0,1.0,347.778,48.2,27.049,18.493,0.0879934138782437,-0.078125,-0.028251300855966426,0.01317538064320158,0.022260358664384586,0.07494716204129426,0.19999999999999998,1.0,0.92,0.0877097996751489,126552765.0
699,Japan,2021-12-21,259.0,2.0,347.778,48.2,27.049,18.493,0.0879934138782437,-0.078125,-0.028251300855966426,0.01317538064320158,0.022260358664384586,0.07494716204129426,0.19999999999999998,1.0,0.92,0.0877097996751489,126552765.0
700,Japan,2021-12-22,251.0,2.0,347.778,48.2,27.049,18.493,0.0879934138782437,-0.078125,-0.028251300855966426,0.01317538064320158,0.022260358664384586,0.07494716204129426,0.19999999999999998,1.0,0.92,0.0877097996751489,126552765.0
701,Japan,2021-12-23,288.0,2.0,347.778,48.2,27.049,18.493,0.0879934138782437,-0.078125,-0.028251300855966426,0.01317538064320158,0.022260358664384586,0.07494716204129426,0.19999999999999998,1.0,0.92,0.0877097996751489,126552765.0
702,Japan,2021-12-24,346.0,0.0,347.778,48.2,27.049,18.493,0.0879934138782437,-0.078125,-0.028251300855966426,0.01317538064320158,0.022260358664384586,0.07494716204129426,0.19999999999999998,1.0,0.92,0.0877097996751489,126552765.0
703,Japan,2021-12-25,319.0,1.0,347.778,48.2,27.049,18.493,0.0879934138782437,-0.078125,-0.028251300855966426,0.01317538064320158,0.022260358664384586,0.07494716204129426,0.19999999999999998,1.0,0.92,0.0877097996751489,126552765.0
704,Japan,2021-12-26,263.0,0.0,347.778,48.2,27.049,18.493,0.0879934138782437,-0.078125,-0.028251300855966426,0.01317538064320158,0.022260358664384586,0.07494716204129426,0.19999999999999998,1.0,0.92,0.0877097996751489,126552765.0
705,Japan,2021-12-27,214.0,0.0,347.778,48.2,27.049,18.493,0.0879934138782437,-0.078125,-0.028251300855966426,0.01317538064320158,0.022260358664384586,0.07494716204129426,0.19999999999999998,1.0,0.92,0.0877097996751489,126552765.0
706,Japan,2021-12-28,313.0,2.0,347.778,48.2,27.049,18.493,0.0879934138782437,-0.078125,-0.028251300855966426,0.01317538064320158,0.022260358664384586,0.07494716204129426,0.19999999999999998,1.0,0.92,0.0877097996751489,126552765.0
707,Japan,2021-12-29,467.0,4.0,347.778,48.2,27.049,18.493,0.0879934138782437,-0.078125,-0.028251300855966426,0.01317538064320158,0.022260358664384586,0.07494716204129426,0.19999999999999998,1.0,0.92,0.0877097996751489,126552765.0
708,Japan,2021-12-30,535.0,0.0,347.778,48.2,27.049,18.493,0.0879934138782437,-0.078125,-0.028251300855966426,0.01317538064320158,0.022260358664384586,0.07494716204129426,0.19999999999999998,1.0,0.92,0.0877097996751489,126552765.0
709,Japan,2021-12-31,497.0,0.0,347.778,48.2,27.049,18.493,0.0879934138782437,-0.078125,-0.028251300855966426,0.01317538064320158,0.022260358664384586,0.07494716204129426,0.19999999999999998,1.0,0.92,0.0877097996751489,126552765.0
710,Japan,2022-01-01,528.0,0.0,347.778,48.2,27.049,18.493,0.0879934138782437,-0.078125,-0.028251300855966426,0.01317538064320158,0.022260358664384586,0.07494716204129426,0.19999999999999998,1.0,0.92,0.0877097996751489,126552765.0
711,Japan,2022-01-02,628.0,2.0,347.778,48.2,27.049,18.493,0.0879934138782437,-0.078125,-0.028251300855966426,0.01317538064320158,0.022260358664384586,0.07494716204129426,0.19999999999999998,1.0,0.92,0.0877097996751489,126552765.0
712,Japan,2022-01-03,781.0,1.0,347.778,48.2,27.049,18.493,0.0879934138782437,-0.078125,-0.028251300855966426,0.01317538064320158,0.022260358664384586,0.07494716204129426,0.19999999999999998,1.0,0.92,0.0877097996751489,126552765.0
713,Japan,2022-01-04,1266.0,1.0,347.778,48.2,27.049,18.493,0.0879934138782437,-0.078125,-0.028251300855966426,0.01317538064320158,0.022260358664384586,0.07494716204129426,0.19999999999999998,1.0,0.92,0.0877097996751489,126552765.0
714,Japan,2022-01-05,2488.0,1.0,347.778,48.2,27.049,18.493,0.0879934138782437,-0.078125,-0.028251300855966426,0.01317538064320158,0.022260358664384586,0.07494716204129426,0.19999999999999998,1.0,0.92,0.0877097996751489,126552765.0
715,Japan,2022-01-06,4444.0,1.0,347.778,48.2,27.049,18.493,0.0879934138782437,-0.078125,-0.028251300855966426,0.01317538064320158,0.022260358664384586,0.07494716204129426,0.19999999999999998,1.0,0.92,0.0877097996751489,126552765.0
716,Japan,2022-01-07,6244.0,1.0,347.778,48.2,27.049,18.493,0.0879934138782437,-0.078125,-0.028251300855966426,0.01317538064320158,0.022260358664384586,0.07494716204129426,0.19999999999999998,1.0,0.92,0.0877097996751489,126552765.0
717,Japan,2022-01-08,8611.0,2.0,347.778,48.2,27.049,18.493,0.0879934138782437,-0.078125,-0.028251300855966426,0.01317538064320158,0.022260358664384586,0.07494716204129426,0.19999999999999998,1.0,0.92,0.0877097996751489,126552765.0
718,Japan,2022-01-09,8242.0,1.0,347.778,48.2,27.049,18.493,0.0879934138782437,-0.078125,-0.028251300855966426,0.01317538064320158,0.022260358664384586,0.07494716204129426,0.19999999999999998,1.0,0.92,0.0877097996751489,126552765.0
719,Japan,2022-01-10,6430.0,2.0,347.778,48.2,27.049,18.493,0.0879934138782437,-0.078125,-0.028251300855966426,0.01317538064320158,0.022260358664384586,0.07494716204129426,0.19999999999999998,1.0,0.92,0.0877097996751489,126552765.0
720,Japan,2022-01-11,6374.0,2.0,347.778,48.2,27.049,18.493,0.0879934138782437,-0.078125,-0.028251300855966426,0.01317538064320158,0.022260358664384586,0.07494716204129426,0.19999999999999998,1.0,0.92,0.0877097996751489,126552765.0
721,Japan,2022-01-12,13235.0,5.0,347.778,48.2,27.049,18.493,0.0879934138782437,-0.078125,-0.028251300855966426,0.01317538064320158,0.022260358664384586,0.07494716204129426,0.19999999999999998,1.0,0.92,0.0877097996751489,126552765.0
722,Japan,2022-01-13,18677.0,4.0,347.778,48.2,27.049,18.493,0.0879934138782437,-0.078125,-0.028251300855966426,0.01317538064320158,0.022260358664384586,0.07494716204129426,0.19999999999999998,1.0,0.92,0.0877097996751489,126552765.0
723,Japan,2022-01-14,22220.0,11.0,347.778,48.2,27.049,18.493,0.0879934138782437,-0.078125,-0.028251300855966426,0.01317538064320158,0.022260358664384586,0.07494716204129426,0.19999999999999998,1.0,0.92,0.0877097996751489,126552765.0
724,Japan,2022-01-15,25733.0,6.0,347.778,48.2,27.049,18.493,0.0879934138782437,-0.078125,-0.028251300855966426,0.01317538064320158,0.022260358664384586,0.07494716204129426,0.19999999999999998,1.0,0.92,0.0877097996751489,126552765.0
725,Japan,2022-01-16,25479.0,0.0,347.778,48.2,27.049,18.493,0.0879934138782437,-0.078125,-0.028251300855966426,0.01317538064320158,0.022260358664384586,0.07494716204129426,0.19999999999999998,1.0,0.92,0.0877097996751489,126552765.0
726,Japan,2022-01-17,20998.0,4.0,347.778,48.2,27.049,18.493,0.0879934138782437,-0.078125,-0.028251300855966426,0.01317538064320158,0.022260358664384586,0.07494716204129426,0.19999999999999998,1.0,0.92,0.0877097996751489,126552765.0
727,Japan,2022-01-18,32342.0,10.0,347.778,48.2,27.049,18.493,0.0879934138782437,-0.078125,-0.028251300855966426,0.01317538064320158,0.022260358664384586,0.07494716204129426,0.19999999999999998,1.0,0.92,0.0877097996751489,126552765.0
728,Japan,2022-01-19,41478.0,15.0,347.778,48.2,27.049,18.493,0.0879934138782437,-0.078125,-0.028251300855966426,0.01317538064320158,0.022260358664384586,0.07494716204129426,0.19999999999999998,1.0,0.92,0.0877097996751489,126552765.0
729,Japan,2022-01-20,46178.0,9.0,347.778,48.2,27.049,18.493,0.0879934138782437,-0.078125,-0.028251300855966426,0.01317538064320158,0.022260358664384586,0.07494716204129426,0.19999999999999998,1.0,0.92,0.0877097996751489,126552765.0
730,Japan,2022-01-21,49845.0,9.0,347.778,48.2,27.049,18.493,0.0879934138782437,-0.078125,-0.028251300855966426,0.01317538064320158,0.022260358664384586,0.07494716204129426,0.19999999999999998,1.0,0.92,0.0877097996751489,126552765.0
731,Japan,2022-01-22,54411.0,17.0,347.778,48.2,27.049,18.493,0.0879934138782437,-0.078125,-0.028251300855966426,0.01317538064320158,0.022260358664384586,0.07494716204129426,0.19999999999999998,1.0,0.92,0.0877097996751489,126552765.0
732,Japan,2022-01-23,49983.0,14.0,347.778,48.2,27.049,18.493,0.0879934138782437,-0.078125,-0.028251300855966426,0.01317538064320158,0.022260358664384586,0.07494716204129426,0.19999999999999998,1.0,0.92,0.0877097996751489,126552765.0
733,Japan,2022-01-24,44839.0,17.0,347.778,48.2,27.049,18.493,0.0879934138782437,-0.078125,-0.028251300855966426,0.01317538064320158,0.022260358664384586,0.07494716204129426,0.19999999999999998,1.0,0.92,0.0877097996751489,126552765.0
734,Japan,2022-01-25,62614.0,43.0,347.778,48.2,27.049,18.493,0.0879934138782437,-0.078125,-0.028251300855966426,0.01317538064320158,0.022260358664384586,0.07494716204129426,0.19999999999999998,1.0,0.92,0.0877097996751489,126552765.0
735,Japan,2022-01-26,71597.0,34.0,347.778,48.2,27.049,18.493,0.0879934138782437,-0.078125,-0.028251300855966426,0.01317538064320158,0.022260358664384586,0.07494716204129426,0.19999999999999998,1.0,0.92,0.0877097996751489,126552765.0
736,Japan,2022-01-27,79012.0,47.0,347.778,48.2,27.049,18.493,0.0879934138782437,-0.078125,-0.028251300855966426,0.01317538064320158,0.022260358664384586,0.07494716204129426,0.19999999999999998,1.0,0.92,0.0877097996751489,126552765.0
737,Japan,2022-01-28,81788.0,44.0,347.778,48.2,27.049,18.493,0.0879934138782437,-0.078125,-0.028251300855966426,0.01317538064320158,0.022260358664384586,0.07494716204129426,0.19999999999999998,1.0,0.92,0.0877097996751489,126552765.0
738,Japan,2022-01-29,84889.0,42.0,347.778,48.2,27.049,18.493,0.0879934138782437,-0.078125,-0.028251300855966426,0.01317538064320158,0.022260358664384586,0.07494716204129426,0.19999999999999998,1.0,0.92,0.0877097996751489,126552765.0
739,Japan,2022-01-30,78106.0,30.0,347.778,48.2,27.049,18.493,0.0879934138782437,-0.078125,-0.028251300855966426,0.01317538064320158,0.022260358664384586,0.07494716204129426,0.19999999999999998,1.0,0.92,0.0877097996751489,126552765.0
740,Japan,2022-01-31,60959.0,48.0,347.778,48.2,27.049,18.493,0.0879934138782437,-0.078125,-0.028251300855966426,0.01317538064320158,0.022260358664384586,0.07494716204129426,0.19999999999999998,1.0,0.92,0.0877097996751489,126552765.0
741,Japan,2022-02-01,81688.0,70.0,347.778,48.2,27.049,18.493,0.0879934138782437,-0.078125,-0.028251300855966426,0.01317538064320158,0.022260358664384586,0.07494716204129426,0.19999999999999998,1.0,0.92,0.0877097996751489,126552765.0
742,Japan,2022-02-02,94886.0,82.0,347.778,48.2,27.049,18.493,0.0879934138782437,-0.078125,-0.028251300855966426,0.01317538064320158,0.022260358664384586,0.07494716204129426,0.19999999999999998,1.0,0.92,0.0877097996751489,126552765.0
743,Japan,2022-02-03,104442.0,90.0,347.778,48.2,27.049,18.493,0.0879934138782437,-0.078125,-0.028251300855966426,0.01317538064320158,0.022260358664384586,0.07494716204129426,0.19999999999999998,1.0,0.92,0.0877097996751489,126552765.0
744,Japan,2022-02-04,98177.0,103.0,347.778,48.2,27.049,18.493,0.0879934138782437,-0.078125,-0.028251300855966426,0.01317538064320158,0.022260358664384586,0.07494716204129426,0.19999999999999998,1.0,0.92,0.0877097996751489,126552765.0
745,Japan,2022-02-05,102275.0,116.0,347.778,48.2,27.049,18.493,0.0879934138782437,-0.078125,-0.028251300855966426,0.01317538064320158,0.022260358664384586,0.07494716204129426,0.19999999999999998,1.0,0.92,0.0877097996751489,126552765.0
746,Japan,2022-02-06,89986.0,68.0,347.778,48.2,27.049,18.493,0.0879934138782437,-0.078125,-0.028251300855966426,0.01317538064320158,0.022260358664384586,0.07494716204129426,0.19999999999999998,1.0,0.92,0.0877097996751489,126552765.0
747,Japan,2022-02-07,68004.0,113.0,347.778,48.2,27.049,18.493,0.0879934138782437,-0.078125,-0.028251300855966426,0.01317538064320158,0.022260358664384586,0.07494716204129426,0.19999999999999998,1.0,0.92,0.0877097996751489,126552765.0
748,Japan,2022-02-08,101184.0,159.0,347.778,48.2,27.049,18.493,0.0879934138782437,-0.078125,-0.028251300855966426,0.01317538064320158,0.022260358664384586,0.07494716204129426,0.19999999999999998,1.0,0.92,0.0877097996751489,126552765.0
749,Japan,2022-02-09,97799.0,162.0,347.778,48.2,27.049,18.493,0.0879934138782437,-0.078125,-0.028251300855966426,0.01317538064320158,0.022260358664384586,0.07494716204129426,0.19999999999999998,1.0,0.92,0.0877097996751489,126552765.0
750,Japan,2022-02-10,99723.0,164.0,347.778,48.2,27.049,18.493,0.0879934138782437,-0.078125,-0.028251300855966426,0.01317538064320158,0.022260358664384586,0.07494716204129426,0.19999999999999998,1.0,0.92,0.0877097996751489,126552765.0
751,Japan,2022-02-11,98349.0,150.0,347.778,48.2,27.049,18.493,0.0879934138782437,-0.078125,-0.028251300855966426,0.01317538064320158,0.022260358664384586,0.07494716204129426,0.19999999999999998,1.0,0.92,0.0877097996751489,126552765.0
752,Japan,2022-02-12,68433.0,145.0,347.778,48.2,27.049,18.493,0.0879934138782437,-0.078125,-0.028251300855966426,0.01317538064320158,0.022260358664384586,0.07494716204129426,0.19999999999999998,1.0,0.92,0.0877097996751489,126552765.0
753,Japan,2022-02-13,77435.0,137.0,347.778,48.2,27.049,18.493,0.0879934138782437,-0.078125,-0.028251300855966426,0.01317538064320158,0.022260358664384586,0.07494716204129426,0.19999999999999998,1.0,0.92,0.0877097996751489,126552765.0
754,Japan,2022-02-14,60110.0,149.0,347.778,48.2,27.049,18.493,0.0879934138782437,-0.078125,-0.028251300855966426,0.01317538064320158,0.022260358664384586,0.07494716204129426,0.19999999999999998,1.0,0.92,0.0877097996751489,126552765.0
755,Japan,2022-02-15,84195.0,236.0,347.778,48.2,27.049,18.493,0.0879934138782437,-0.078125,-0.028251300855966426,0.01317538064320158,0.022260358664384586,0.07494716204129426,0.19999999999999998,1.0,0.92,0.0877097996751489,126552765.0
756,Japan,2022-02-16,90930.0,230.0,347.778,48.2,27.049,18.493,0.0879934138782437,-0.078125,-0.028251300855966426,0.01317538064320158,0.022260358664384586,0.07494716204129426,0.19999999999999998,1.0,0.92,0.0877097996751489,126552765.0
757,Japan,2022-02-17,95180.0,271.0,347.778,48.2,27.049,18.493,0.0879934138782437,-0.078125,-0.028251300855966426,0.01317538064320158,0.022260358664384586,0.07494716204129426,0.19999999999999998,1.0,0.92,0.0877097996751489,126552765.0
758,Japan,2022-02-18,87698.0,210.0,347.778,48.2,27.049,18.493,0.0879934138782437,-0.078125,-0.028251300855966426,0.01317538064320158,0.022260358664384586,0.07494716204129426,0.19999999999999998,1.0,0.92,0.0877097996751489,126552765.0
759,Japan,2022-02-19,81519.0,218.0,347.778,48.2,27.049,18.493,0.0879934138782437,-0.078125,-0.028251300855966426,0.01317538064320158,0.022260358664384586,0.07494716204129426,0.19999999999999998,1.0,0.92,0.0877097996751489,126552765.0
760,Japan,2022-02-20,71494.0,159.0,347.778,48.2,27.049,18.493,0.0879934138782437,-0.078125,-0.028251300855966426,0.01317538064320158,0.022260358664384586,0.07494716204129426,0.19999999999999998,1.0,0.92,0.0877097996751489,126552765.0
761,Japan,2022-02-21,51909.0,173.0,347.778,48.2,27.049,18.493,0.0879934138782437,-0.078125,-0.028251300855966426,0.01317538064320158,0.022260358664384586,0.07494716204129426,0.19999999999999998,1.0,0.92,0.0877097996751489,126552765.0
762,Japan,2022-02-22,69617.0,322.0,347.778,48.2,27.049,18.493,0.0879934138782437,-0.078125,-0.028251300855966426,0.01317538064320158,0.022260358664384586,0.07494716204129426,0.19999999999999998,1.0,0.92,0.0877097996751489,126552765.0
763,Japan,2022-02-23,80351.0,246.0,347.778,48.2,27.049,18.493,0.0879934138782437,-0.078125,-0.028251300855966426,0.01317538064320158,0.022260358664384586,0.07494716204129426,0.19999999999999998,1.0,0.92,0.0877097996751489,126552765.0
764,Japan,2022-02-24,61222.0,206.0,347.778,48.2,27.049,18.493,0.0879934138782437,-0.078125,-0.028251300855966426,0.01317538064320158,0.022260358664384586,0.07494716204129426,0.19999999999999998,1.0,0.92,0.0877097996751489,126552765.0
765,Japan,2022-02-25,65640.0,278.0,347.778,48.2,27.049,18.493,0.0879934138782437,-0.078125,-0.028251300855966426,0.01317538064320158,0.022260358664384586,0.07494716204129426,0.19999999999999998,1.0,0.92,0.0877097996751489,126552765.0
766,Japan,2022-02-26,72148.0,256.0,347.778,48.2,27.049,18.493,0.0879934138782437,-0.078125,-0.028251300855966426,0.01317538064320158,0.022260358664384586,0.07494716204129426,0.19999999999999998,1.0,0.92,0.0877097996751489,126552765.0
767,Japan,2022-02-27,63696.0,144.0,347.778,48.2,27.049,18.493,0.0879934138782437,-0.078125,-0.028251300855966426,0.01317538064320158,0.022260358664384586,0.07494716204129426,0.19999999999999998,1.0,0.92,0.0877097996751489,126552765.0
768,Japan,2022-02-28,51092.0,198.0,347.778,48.2,27.049,18.493,0.0879934138782437,-0.078125,-0.028251300855966426,0.01317538064320158,0.022260358664384586,0.07494716204129426,0.19999999999999998,1.0,0.92,0.0877097996751489,126552765.0
769,Japan,2022-03-01,65368.0,238.0,347.778,48.2,27.049,18.493,0.0879934138782437,-0.078125,-0.028251300855966426,0.01317538064320158,0.022260358664384586,0.07494716204129426,0.19999999999999998,1.0,0.92,0.0877097996751489,126552765.0
770,Japan,2022-03-02,72600.0,235.0,347.778,48.2,27.049,18.493,0.0879934138782437,-0.078125,-0.028251300855966426,0.01317538064320158,0.022260358664384586,0.07494716204129426,0.19999999999999998,1.0,0.92,0.0877097996751489,126552765.0
771,Japan,2022-03-03,70268.0,258.0,347.778,48.2,27.049,18.493,0.0879934138782437,-0.078125,-0.028251300855966426,0.01317538064320158,0.022260358664384586,0.07494716204129426,0.19999999999999998,1.0,0.92,0.0877097996751489,126552765.0
772,Japan,2022-03-04,63687.0,234.0,347.778,48.2,27.049,18.493,0.0879934138782437,-0.078125,-0.028251300855966426,0.01317538064320158,0.022260358664384586,0.07494716204129426,0.19999999999999998,1.0,0.92,0.0877097996751489,126552765.0
773,Japan,2022-03-05,63591.0,184.0,347.778,48.2,27.049,18.493,0.0879934138782437,-0.078125,-0.028251300855966426,0.01317538064320158,0.022260358664384586,0.07494716204129426,0.19999999999999998,1.0,0.92,0.0877097996751489,126552765.0
774,Japan,2022-03-06,54033.0,132.0,347.778,48.2,27.049,18.493,0.0879934138782437,-0.078125,-0.028251300855966426,0.01317538064320158,0.022260358664384586,0.07494716204129426,0.19999999999999998,1.0,0.92,0.0877097996751489,126552765.0
775,Japan,2022-03-07,37002.0,120.0,347.778,48.2,27.049,18.493,0.0879934138782437,-0.078125,-0.028251300855966426,0.01317538064320158,0.022260358664384586,0.07494716204129426,0.19999999999999998,1.0,0.92,0.0877097996751489,126552765.0
776,Japan,2022-03-08,53938.0,249.0,347.778,48.2,27.049,18.493,0.0879934138782437,-0.078125,-0.028251300855966426,0.01317538064320158,0.022260358664384586,0.07494716204129426,0.19999999999999998,1.0,0.92,0.0877097996751489,126552765.0
777,Japan,2022-03-09,63867.0,213.0,347.778,48.2,27.049,18.493,0.0879934138782437,-0.078125,-0.028251300855966426,0.01317538064320158,0.022260358664384586,0.07494716204129426,0.19999999999999998,1.0,0.92,0.0877097996751489,126552765.0
778,Japan,2022-03-10,61063.0,188.0,347.778,48.2,27.049,18.493,0.0879934138782437,-0.078125,-0.028251300855966426,0.01317538064320158,0.022260358664384586,0.07494716204129426,0.19999999999999998,1.0,0.92,0.0877097996751489,126552765.0
779,Japan,2022-03-11,55986.0,209.0,347.778,48.2,27.049,18.493,0.0879934138782437,-0.078125,-0.028251300855966426,0.01317538064320158,0.022260358664384586,0.07494716204129426,0.19999999999999998,1.0,0.92,0.0877097996751489,126552765.0
780,Japan,2022-03-12,55226.0,141.0,347.778,48.2,27.049,18.493,0.0879934138782437,-0.078125,-0.028251300855966426,0.01317538064320158,0.022260358664384586,0.07494716204129426,0.19999999999999998,1.0,0.92,0.0877097996751489,126552765.0
781,Japan,2022-03-13,50947.0,90.0,347.778,48.2,27.049,18.493,0.0879934138782437,-0.078125,-0.028251300855966426,0.01317538064320158,0.022260358664384586,0.07494716204129426,0.19999999999999998,1.0,0.92,0.0877097996751489,126552765.0
782,Japan,2022-03-14,32359.0,116.0,347.778,48.2,27.049,18.493,0.0879934138782437,-0.078125,-0.028251300855966426,0.01317538064320158,0.022260358664384586,0.07494716204129426,0.19999999999999998,1.0,0.92,0.0877097996751489,126552765.0
783,Japan,2022-03-15,50935.0,188.0,347.778,48.2,27.049,18.493,0.0879934138782437,-0.078125,-0.028251300855966426,0.01317538064320158,0.022260358664384586,0.07494716204129426,0.19999999999999998,1.0,0.92,0.0877097996751489,126552765.0
784,Japan,2022-03-16,57912.0,163.0,347.778,48.2,27.049,18.493,0.0879934138782437,-0.078125,-0.028251300855966426,0.01317538064320158,0.022260358664384586,0.07494716204129426,0.19999999999999998,1.0,0.92,0.0877097996751489,126552765.0
785,Japan,2022-03-17,53478.0,171.0,347.778,48.2,27.049,18.493,0.0879934138782437,-0.078125,-0.028251300855966426,0.01317538064320158,0.022260358664384586,0.07494716204129426,0.19999999999999998,1.0,0.92,0.0877097996751489,126552765.0
786,Japan,2022-03-18,49182.0,156.0,347.778,48.2,27.049,18.493,0.0879934138782437,-0.078125,-0.028251300855966426,0.01317538064320158,0.022260358664384586,0.07494716204129426,0.19999999999999998,1.0,0.92,0.0877097996751489,126552765.0
787,Japan,2022-03-19,44593.0,104.0,347.778,48.2,27.049,18.493,0.0879934138782437,-0.078125,-0.028251300855966426,0.01317538064320158,0.022260358664384586,0.07494716204129426,0.19999999999999998,1.0,0.92,0.0877097996751489,126552765.0
788,Japan,2022-03-20,39560.0,66.0,347.778,48.2,27.049,18.493,0.0879934138782437,-0.078125,-0.028251300855966426,0.01317538064320158,0.022260358664384586,0.07494716204129426,0.19999999999999998,1.0,0.92,0.0877097996751489,126552765.0
789,Japan,2022-03-21,27566.0,58.0,347.778,48.2,27.049,18.493,0.0879934138782437,-0.078125,-0.028251300855966426,0.01317538064320158,0.022260358664384586,0.07494716204129426,0.19999999999999998,1.0,0.92,0.0877097996751489,126552765.0
790,Japan,2022-03-22,20152.0,71.0,347.778,48.2,27.049,18.493,0.0879934138782437,-0.078125,-0.028251300855966426,0.01317538064320158,0.022260358664384586,0.07494716204129426,0.19999999999999998,1.0,0.92,0.0877097996751489,126552765.0
791,Japan,2022-03-23,41362.0,122.0,347.778,48.2,27.049,18.493,0.0879934138782437,-0.078125,-0.028251300855966426,0.01317538064320158,0.022260358664384586,0.07494716204129426,0.19999999999999998,1.0,0.92,0.0877097996751489,126552765.0
792,Japan,2022-03-24,49751.0,126.0,347.778,48.2,27.049,18.493,0.0879934138782437,-0.078125,-0.028251300855966426,0.01317538064320158,0.022260358664384586,0.07494716204129426,0.19999999999999998,1.0,0.92,0.0877097996751489,126552765.0
793,Japan,2022-03-25,47437.0,115.0,347.778,48.2,27.049,18.493,0.0879934138782437,-0.078125,-0.028251300855966426,0.01317538064320158,0.022260358664384586,0.07494716204129426,0.19999999999999998,1.0,0.92,0.0877097996751489,126552765.0
794,Japan,2022-03-26,47329.0,101.0,347.778,48.2,27.049,18.493,0.0879934138782437,-0.078125,-0.028251300855966426,0.01317538064320158,0.022260358664384586,0.07494716204129426,0.19999999999999998,1.0,0.92,0.0877097996751489,126552765.0
795,Japan,2022-03-27,43348.0,61.0,347.778,48.2,27.049,18.493,0.0879934138782437,-0.078125,-0.028251300855966426,0.01317538064320158,0.022260358664384586,0.07494716204129426,0.19999999999999998,1.0,0.92,0.0877097996751489,126552765.0
796,Japan,2022-03-28,29720.0,65.0,347.778,48.2,27.049,18.493,0.0879934138782437,-0.078125,-0.028251300855966426,0.01317538064320158,0.022260358664384586,0.07494716204129426,0.19999999999999998,1.0,0.92,0.0877097996751489,126552765.0
797,Japan,2022-03-29,44593.0,82.0,347.778,48.2,27.049,18.493,0.0879934138782437,-0.078125,-0.028251300855966426,0.01317538064320158,0.022260358664384586,0.07494716204129426,0.19999999999999998,1.0,0.92,0.0877097996751489,126552765.0
798,Japan,2022-03-30,53609.0,96.0,347.778,48.2,27.049,18.493,0.0879934138782437,-0.078125,-0.028251300855966426,0.01317538064320158,0.022260358664384586,0.07494716204129426,0.19999999999999998,1.0,0.92,0.0877097996751489,126552765.0
799,Japan,2022-03-31,51649.0,102.0,347.778,48.2,27.049,18.493,0.0879934138782437,-0.078125,-0.028251300855966426,0.01317538064320158,0.022260358664384586,0.07494716204129426,0.19999999999999998,1.0,0.92,0.0877097996751489,126552765.0
800,Japan,2022-04-01,49259.0,78.0,347.778,48.2,27.049,18.493,0.0879934138782437,-0.078125,-0.028251300855966426,0.01317538064320158,0.022260358664384586,0.07494716204129426,0.19999999999999998,1.0,0.92,0.0877097996751489,126552765.0
801,Japan,2022-04-02,48809.0,55.0,347.778,48.2,27.049,18.493,0.0879934138782437,-0.078125,-0.028251300855966426,0.01317538064320158,0.022260358664384586,0.07494716204129426,0.19999999999999998,1.0,0.92,0.0877097996751489,126552765.0
802,Japan,2022-04-03,47216.0,34.0,347.778,48.2,27.049,18.493,0.0879934138782437,-0.078125,-0.028251300855966426,0.01317538064320158,0.022260358664384586,0.07494716204129426,0.19999999999999998,1.0,0.92,0.0877097996751489,126552765.0
803,Japan,2022-04-04,30255.0,45.0,347.778,48.2,27.049,18.493,0.0879934138782437,-0.078125,-0.028251300855966426,0.01317538064320158,0.022260358664384586,0.07494716204129426,0.19999999999999998,1.0,0.92,0.0877097996751489,126552765.0
804,Japan,2022-04-05,45798.0,64.0,347.778,48.2,27.049,18.493,0.0879934138782437,-0.078125,-0.028251300855966426,0.01317538064320158,0.022260358664384586,0.07494716204129426,0.19999999999999998,1.0,0.92,0.0877097996751489,126552765.0
805,Japan,2022-04-06,54761.0,66.0,347.778,48.2,27.049,18.493,0.0879934138782437,-0.078125,-0.028251300855966426,0.01317538064320158,0.022260358664384586,0.07494716204129426,0.19999999999999998,1.0,0.92,0.0877097996751489,126552765.0
806,Japan,2022-04-07,54879.0,69.0,347.778,48.2,27.049,18.493,0.0879934138782437,-0.078125,-0.028251300855966426,0.01317538064320158,0.022260358664384586,0.07494716204129426,0.19999999999999998,1.0,0.92,0.0877097996751489,126552765.0
807,Japan,2022-04-08,52134.0,69.0,347.778,48.2,27.049,18.493,0.0879934138782437,-0.078125,-0.028251300855966426,0.01317538064320158,0.022260358664384586,0.07494716204129426,0.19999999999999998,1.0,0.92,0.0877097996751489,126552765.0
808,Japan,2022-04-09,52629.0,49.0,347.778,48.2,27.049,18.493,0.0879934138782437,-0.078125,-0.028251300855966426,0.01317538064320158,0.022260358664384586,0.07494716204129426,0.19999999999999998,1.0,0.92,0.0877097996751489,126552765.0
809,Japan,2022-04-10,49048.0,39.0,347.778,48.2,27.049,18.493,0.0879934138782437,-0.078125,-0.028251300855966426,0.01317538064320158,0.022260358664384586,0.07494716204129426,0.19999999999999998,1.0,0.92,0.0877097996751489,126552765.0
810,Japan,2022-04-11,33096.0,34.0,347.778,48.2,27.049,18.493,0.0879934138782437,-0.078125,-0.028251300855966426,0.01317538064320158,0.022260358664384586,0.07494716204129426,0.19999999999999998,1.0,0.92,0.0877097996751489,126552765.0
811,Japan,2022-04-12,50072.0,47.0,347.778,48.2,27.049,18.493,0.0879934138782437,-0.078125,-0.028251300855966426,0.01317538064320158,0.022260358664384586,0.07494716204129426,0.19999999999999998,1.0,0.92,0.0877097996751489,126552765.0
812,Japan,2022-04-13,57666.0,67.0,347.778,48.2,27.049,18.493,0.0879934138782437,-0.078125,-0.028251300855966426,0.01317538064320158,0.022260358664384586,0.07494716204129426,0.19999999999999998,1.0,0.92,0.0877097996751489,126552765.0
813,Japan,2022-04-14,55201.0,52.0,347.778,48.2,27.049,18.493,0.0879934138782437,-0.078125,-0.028251300855966426,0.01317538064320158,0.022260358664384586,0.07494716204129426,0.19999999999999998,1.0,0.92,0.0877097996751489,126552765.0
814,Japan,2022-04-15,49697.0,62.0,347.778,48.2,27.049,18.493,0.0879934138782437,-0.078125,-0.028251300855966426,0.01317538064320158,0.022260358664384586,0.07494716204129426,0.19999999999999998,1.0,0.92,0.0877097996751489,126552765.0
815,Japan,2022-04-16,47524.0,48.0,347.778,48.2,27.049,18.493,0.0879934138782437,-0.078125,-0.028251300855966426,0.01317538064320158,0.022260358664384586,0.07494716204129426,0.19999999999999998,1.0,0.92,0.0877097996751489,126552765.0
816,Japan,2022-04-17,39205.0,27.0,347.778,48.2,27.049,18.493,0.0879934138782437,-0.078125,-0.028251300855966426,0.01317538064320158,0.022260358664384586,0.07494716204129426,0.19999999999999998,1.0,0.92,0.0877097996751489,126552765.0
817,Japan,2022-04-18,24580.0,27.0,347.778,48.2,27.049,18.493,0.0879934138782437,-0.078125,-0.028251300855966426,0.01317538064320158,0.022260358664384586,0.07494716204129426,0.19999999999999998,1.0,0.92,0.0877097996751489,126552765.0
818,Japan,2022-04-19,40826.0,52.0,347.778,48.2,27.049,18.493,0.0879934138782437,-0.078125,-0.028251300855966426,0.01317538064320158,0.022260358664384586,0.07494716204129426,0.19999999999999998,1.0,0.92,0.0877097996751489,126552765.0
819,Japan,2022-04-20,47881.0,49.0,347.778,48.2,27.049,18.493,0.0879934138782437,-0.078125,-0.028251300855966426,0.01317538064320158,0.022260358664384586,0.07494716204129426,0.19999999999999998,1.0,0.92,0.0877097996751489,126552765.0
820,Japan,2022-04-21,47111.0,52.0,347.778,48.2,27.049,18.493,0.0879934138782437,-0.078125,-0.028251300855966426,0.01317538064320158,0.022260358664384586,0.07494716204129426,0.19999999999999998,1.0,0.92,0.0877097996751489,126552765.0
821,Japan,2022-04-22,42898.0,51.0,347.778,48.2,27.049,18.493,0.0879934138782437,-0.078125,-0.028251300855966426,0.01317538064320158,0.022260358664384586,0.07494716204129426,0.19999999999999998,1.0,0.92,0.0877097996751489,126552765.0
822,Japan,2022-04-23,43892.0,34.0,347.778,48.2,27.049,18.493,0.0879934138782437,-0.078125,-0.028251300855966426,0.01317538064320158,0.022260358664384586,0.07494716204129426,0.19999999999999998,1.0,0.92,0.0877097996751489,126552765.0
823,Japan,2022-04-24,38675.0,15.0,347.778,48.2,27.049,18.493,0.0879934138782437,-0.078125,-0.028251300855966426,0.01317538064320158,0.022260358664384586,0.07494716204129426,0.19999999999999998,1.0,0.92,0.0877097996751489,126552765.0
824,Japan,2022-04-25,24842.0,39.0,347.778,48.2,27.049,18.493,0.0879934138782437,-0.078125,-0.028251300855966426,0.01317538064320158,0.022260358664384586,0.07494716204129426,0.19999999999999998,1.0,0.92,0.0877097996751489,126552765.0
825,Japan,2022-04-26,40550.0,65.0,347.778,48.2,27.049,18.493,0.0879934138782437,-0.078125,-0.028251300855966426,0.01317538064320158,0.022260358664384586,0.07494716204129426,0.19999999999999998,1.0,0.92,0.0877097996751489,126552765.0
826,Japan,2022-04-27,46254.0,60.0,347.778,48.2,27.049,18.493,0.0879934138782437,-0.078125,-0.028251300855966426,0.01317538064320158,0.022260358664384586,0.07494716204129426,0.19999999999999998,1.0,0.92,0.0877097996751489,126552765.0
827,Japan,2022-04-28,41671.0,39.0,347.778,48.2,27.049,18.493,0.0879934138782437,-0.078125,-0.028251300855966426,0.01317538064320158,0.022260358664384586,0.07494716204129426,0.19999999999999998,1.0,0.92,0.0877097996751489,126552765.0
828,Japan,2022-04-29,36669.0,45.0,347.778,48.2,27.049,18.493,0.0879934138782437,-0.078125,-0.028251300855966426,0.01317538064320158,0.022260358664384586,0.07494716204129426,0.19999999999999998,1.0,0.92,0.0877097996751489,126552765.0
829,Japan,2022-04-30,25032.0,14.0,347.778,48.2,27.049,18.493,0.0879934138782437,-0.078125,-0.028251300855966426,0.01317538064320158,0.022260358664384586,0.07494716204129426,0.19999999999999998,1.0,0.92,0.0877097996751489,126552765.0
830,Japan,2022-05-01,27030.0,34.0,347.778,48.2,27.049,18.493,0.0879934138782437,-0.078125,-0.028251300855966426,0.01317538064320158,0.022260358664384586,0.07494716204129426,0.19999999999999998,1.0,0.92,0.0877097996751489,126552765.0
831,Japan,2022-05-02,19258.0,30.0,347.778,48.2,27.049,18.493,0.0879934138782437,-0.078125,-0.028251300855966426,0.01317538064320158,0.022260358664384586,0.07494716204129426,0.19999999999999998,1.0,0.92,0.0877097996751489,126552765.0
832,Japan,2022-05-03,30513.0,55.0,347.778,48.2,27.049,18.493,0.0879934138782437,-0.078125,-0.028251300855966426,0.01317538064320158,0.022260358664384586,0.07494716204129426,0.19999999999999998,1.0,0.92,0.0877097996751489,126552765.0
833,Japan,2022-05-04,26462.0,20.0,347.778,48.2,27.049,18.493,0.0879934138782437,-0.078125,-0.028251300855966426,0.01317538064320158,0.022260358664384586,0.07494716204129426,0.19999999999999998,1.0,0.92,0.0877097996751489,126552765.0
834,Japan,2022-05-05,20712.0,18.0,347.778,48.2,27.049,18.493,0.0879934138782437,-0.078125,-0.028251300855966426,0.01317538064320158,0.022260358664384586,0.07494716204129426,0.19999999999999998,1.0,0.92,0.0877097996751489,126552765.0
835,Japan,2022-05-06,21655.0,37.0,347.778,48.2,27.049,18.493,0.0879934138782437,-0.078125,-0.028251300855966426,0.01317538064320158,0.022260358664384586,0.07494716204129426,0.19999999999999998,1.0,0.92,0.0877097996751489,126552765.0
836,Japan,2022-05-07,39228.0,27.0,347.778,48.2,27.049,18.493,0.0879934138782437,-0.078125,-0.028251300855966426,0.01317538064320158,0.022260358664384586,0.07494716204129426,0.19999999999999998,1.0,0.92,0.0877097996751489,126552765.0
837,Japan,2022-05-08,42406.0,26.0,347.778,48.2,27.049,18.493,0.0879934138782437,-0.078125,-0.028251300855966426,0.01317538064320158,0.022260358664384586,0.07494716204129426,0.19999999999999998,1.0,0.92,0.0877097996751489,126552765.0
838,Japan,2022-05-09,28353.0,33.0,347.778,48.2,27.049,18.493,0.0879934138782437,-0.078125,-0.028251300855966426,0.01317538064320158,0.022260358664384586,0.07494716204129426,0.19999999999999998,1.0,0.92,0.0877097996751489,126552765.0
839,Japan,2022-05-10,41990.0,51.0,347.778,48.2,27.049,18.493,0.0879934138782437,-0.078125,-0.028251300855966426,0.01317538064320158,0.022260358664384586,0.07494716204129426,0.19999999999999998,1.0,0.92,0.0877097996751489,126552765.0
840,Japan,2022-05-11,46398.0,41.0,347.778,48.2,27.049,18.493,0.0879934138782437,-0.078125,-0.028251300855966426,0.01317538064320158,0.022260358664384586,0.07494716204129426,0.19999999999999998,1.0,0.92,0.0877097996751489,126552765.0
841,Japan,2022-05-12,41648.0,32.0,347.778,48.2,27.049,18.493,0.0879934138782437,-0.078125,-0.028251300855966426,0.01317538064320158,0.022260358664384586,0.07494716204129426,0.19999999999999998,1.0,0.92,0.0877097996751489,126552765.0
842,Japan,2022-05-13,39570.0,35.0,347.778,48.2,27.049,18.493,0.0879934138782437,-0.078125,-0.028251300855966426,0.01317538064320158,0.022260358664384586,0.07494716204129426,0.19999999999999998,1.0,0.92,0.0877097996751489,126552765.0
843,Japan,2022-05-14,39330.0,30.0,347.778,48.2,27.049,18.493,0.0879934138782437,-0.078125,-0.028251300855966426,0.01317538064320158,0.022260358664384586,0.07494716204129426,0.19999999999999998,1.0,0.92,0.0877097996751489,126552765.0
844,Japan,2022-05-15,35211.0,25.0,347.778,48.2,27.049,18.493,0.0879934138782437,-0.078125,-0.028251300855966426,0.01317538064320158,0.022260358664384586,0.07494716204129426,0.19999999999999998,1.0,0.92,0.0877097996751489,126552765.0
845,Japan,2022-05-16,21786.0,26.0,347.778,48.2,27.049,18.493,0.0879934138782437,-0.078125,-0.028251300855966426,0.01317538064320158,0.022260358664384586,0.07494716204129426,0.19999999999999998,1.0,0.92,0.0877097996751489,126552765.0
846,Japan,2022-05-17,36795.0,39.0,347.778,48.2,27.049,18.493,0.0879934138782437,-0.078125,-0.028251300855966426,0.01317538064320158,0.022260358664384586,0.07494716204129426,0.19999999999999998,1.0,0.92,0.0877097996751489,126552765.0
847,Japan,2022-05-18,42068.0,50.0,347.778,48.2,27.049,18.493,0.0879934138782437,-0.078125,-0.028251300855966426,0.01317538064320158,0.022260358664384586,0.07494716204129426,0.19999999999999998,1.0,0.92,0.0877097996751489,126552765.0
848,Japan,2022-05-19,39570.0,36.0,347.778,48.2,27.049,18.493,0.0879934138782437,-0.078125,-0.028251300855966426,0.01317538064320158,0.022260358664384586,0.07494716204129426,0.19999999999999998,1.0,0.92,0.0877097996751489,126552765.0
849,Japan,2022-05-20,37343.0,44.0,347.778,48.2,27.049,18.493,0.0879934138782437,-0.078125,-0.028251300855966426,0.01317538064320158,0.022260358664384586,0.07494716204129426,0.19999999999999998,1.0,0.92,0.0877097996751489,126552765.0
850,Japan,2022-05-21,35848.0,31.0,347.778,48.2,27.049,18.493,0.0879934138782437,-0.078125,-0.028251300855966426,0.01317538064320158,0.022260358664384586,0.07494716204129426,0.19999999999999998,1.0,0.92,0.0877097996751489,126552765.0
851,Japan,2022-05-22,31841.0,18.0,347.778,48.2,27.049,18.493,0.0879934138782437,-0.078125,-0.028251300855966426,0.01317538064320158,0.022260358664384586,0.07494716204129426,0.19999999999999998,1.0,0.92,0.0877097996751489,126552765.0
852,Japan,2022-05-23,18507.0,31.0,347.778,48.2,27.049,18.493,0.0879934138782437,-0.078125,-0.028251300855966426,0.01317538064320158,0.022260358664384586,0.07494716204129426,0.19999999999999998,1.0,0.92,0.0877097996751489,126552765.0
853,Japan,2022-05-24,32492.0,42.0,347.778,48.2,27.049,18.493,0.0879934138782437,-0.078125,-0.028251300855966426,0.01317538064320158,0.022260358664384586,0.07494716204129426,0.19999999999999998,1.0,0.92,0.0877097996751489,126552765.0
854,Japan,2022-05-25,35100.0,43.0,347.778,48.2,27.049,18.493,0.0879934138782437,-0.078125,-0.028251300855966426,0.01317538064320158,0.022260358664384586,0.07494716204129426,0.19999999999999998,1.0,0.92,0.0877097996751489,126552765.0
855,Japan,2022-05-26,30912.0,42.0,347.778,48.2,27.049,18.493,0.0879934138782437,-0.078125,-0.028251300855966426,0.01317538064320158,0.022260358664384586,0.07494716204129426,0.19999999999999998,1.0,0.92,0.0877097996751489,126552765.0
856,Japan,2022-05-27,27692.0,38.0,347.778,48.2,27.049,18.493,0.0879934138782437,-0.078125,-0.028251300855966426,0.01317538064320158,0.022260358664384586,0.07494716204129426,0.19999999999999998,1.0,0.92,0.0877097996751489,126552765.0
857,Japan,2022-05-28,25656.0,36.0,347.778,48.2,27.049,18.493,0.0879934138782437,-0.078125,-0.028251300855966426,0.01317538064320158,0.022260358664384586,0.07494716204129426,0.19999999999999998,1.0,0.92,0.0877097996751489,126552765.0
858,Japan,2022-05-29,20800.0,19.0,347.778,48.2,27.049,18.493,0.0879934138782437,-0.078125,-0.028251300855966426,0.01317538064320158,0.022260358664384586,0.07494716204129426,0.19999999999999998,1.0,0.92,0.0877097996751489,126552765.0
859,Japan,2022-05-30,12328.0,24.0,347.778,48.2,27.049,18.493,0.0879934138782437,-0.078125,-0.028251300855966426,0.01317538064320158,0.022260358664384586,0.07494716204129426,0.19999999999999998,1.0,0.92,0.0877097996751489,126552765.0
860,Japan,2022-05-31,21804.0,39.0,347.778,48.2,27.049,18.493,0.0879934138782437,-0.078125,-0.028251300855966426,0.01317538064320158,0.022260358664384586,0.07494716204129426,0.19999999999999998,1.0,0.92,0.0877097996751489,126552765.0
861,Japan,2022-06-01,22658.0,36.0,347.778,48.2,27.049,18.493,0.0879934138782437,-0.078125,-0.028251300855966426,0.01317538064320158,0.022260358664384586,0.07494716204129426,0.19999999999999998,1.0,0.92,0.0877097996751489,126552765.0
862,Japan,2022-06-02,20317.0,23.0,347.778,48.2,27.049,18.493,0.0879934138782437,-0.078125,-0.028251300855966426,0.01317538064320158,0.022260358664384586,0.07494716204129426,0.19999999999999998,1.0,0.92,0.0877097996751489,126552765.0
863,Japan,2022-06-03,19257.0,32.0,347.778,48.2,27.049,18.493,0.0879934138782437,-0.078125,-0.028251300855966426,0.01317538064320158,0.022260358664384586,0.07494716204129426,0.19999999999999998,1.0,0.92,0.0877097996751489,126552765.0
864,Japan,2022-06-04,18258.0,23.0,347.778,48.2,27.049,18.493,0.0879934138782437,-0.078125,-0.028251300855966426,0.01317538064320158,0.022260358664384586,0.07494716204129426,0.19999999999999998,1.0,0.92,0.0877097996751489,126552765.0
865,Japan,2022-06-05,15094.0,16.0,347.778,48.2,27.049,18.493,0.0879934138782437,-0.078125,-0.028251300855966426,0.01317538064320158,0.022260358664384586,0.07494716204129426,0.19999999999999998,1.0,0.92,0.0877097996751489,126552765.0
866,Japan,2022-06-06,9101.0,24.0,347.778,48.2,27.049,18.493,0.0879934138782437,-0.078125,-0.028251300855966426,0.01317538064320158,0.022260358664384586,0.07494716204129426,0.19999999999999998,1.0,0.92,0.0877097996751489,126552765.0
867,Japan,2022-06-07,17021.0,26.0,347.778,48.2,27.049,18.493,0.0879934138782437,-0.078125,-0.028251300855966426,0.01317538064320158,0.022260358664384586,0.07494716204129426,0.19999999999999998,1.0,0.92,0.0877097996751489,126552765.0
868,Japan,2022-06-08,18407.0,21.0,347.778,48.2,27.049,18.493,0.0879934138782437,-0.078125,-0.028251300855966426,0.01317538064320158,0.022260358664384586,0.07494716204129426,0.19999999999999998,1.0,0.92,0.0877097996751489,126552765.0
869,Japan,2022-06-09,16788.0,23.0,347.778,48.2,27.049,18.493,0.0879934138782437,-0.078125,-0.028251300855966426,0.01317538064320158,0.022260358664384586,0.07494716204129426,0.19999999999999998,1.0,0.92,0.0877097996751489,126552765.0
870,Japan,2022-06-10,15584.0,21.0,347.778,48.2,27.049,18.493,0.0879934138782437,-0.078125,-0.028251300855966426,0.01317538064320158,0.022260358664384586,0.07494716204129426,0.19999999999999998,1.0,0.92,0.0877097996751489,126552765.0
871,Japan,2022-06-11,15338.0,15.0,347.778,48.2,27.049,18.493,0.0879934138782437,-0.078125,-0.028251300855966426,0.01317538064320158,0.022260358664384586,0.07494716204129426,0.19999999999999998,1.0,0.92,0.0877097996751489,126552765.0
872,Japan,2022-06-12,13441.0,9.0,347.778,48.2,27.049,18.493,0.0879934138782437,-0.078125,-0.028251300855966426,0.01317538064320158,0.022260358664384586,0.07494716204129426,0.19999999999999998,1.0,0.92,0.0877097996751489,126552765.0
873,Japan,2022-06-13,7942.0,21.0,347.778,48.2,27.049,18.493,0.0879934138782437,-0.078125,-0.028251300855966426,0.01317538064320158,0.022260358664384586,0.07494716204129426,0.19999999999999998,1.0,0.92,0.0877097996751489,126552765.0
874,Japan,2022-06-14,15314.0,29.0,347.778,48.2,27.049,18.493,0.0879934138782437,-0.078125,-0.028251300855966426,0.01317538064320158,0.022260358664384586,0.07494716204129426,0.19999999999999998,1.0,0.92,0.0877097996751489,126552765.0
875,Japan,2022-06-15,16544.0,23.0,347.778,48.2,27.049,18.493,0.0879934138782437,-0.078125,-0.028251300855966426,0.01317538064320158,0.022260358664384586,0.07494716204129426,0.19999999999999998,1.0,0.92,0.0877097996751489,126552765.0
876,Japan,2022-06-16,15544.0,20.0,347.778,48.2,27.049,18.493,0.0879934138782437,-0.078125,-0.028251300855966426,0.01317538064320158,0.022260358664384586,0.07494716204129426,0.19999999999999998,1.0,0.92,0.0877097996751489,126552765.0
877,Japan,2022-06-17,14697.0,18.0,347.778,48.2,27.049,18.493,0.0879934138782437,-0.078125,-0.028251300855966426,0.01317538064320158,0.022260358664384586,0.07494716204129426,0.19999999999999998,1.0,0.92,0.0877097996751489,126552765.0
878,Japan,2022-06-18,14837.0,20.0,347.778,48.2,27.049,18.493,0.0879934138782437,-0.078125,-0.028251300855966426,0.01317538064320158,0.022260358664384586,0.07494716204129426,0.19999999999999998,1.0,0.92,0.0877097996751489,126552765.0
879,Japan,2022-06-19,13141.0,10.0,347.778,48.2,27.049,18.493,0.0879934138782437,-0.078125,-0.028251300855966426,0.01317538064320158,0.022260358664384586,0.07494716204129426,0.19999999999999998,1.0,0.92,0.0877097996751489,126552765.0
880,Japan,2022-06-20,7795.0,13.0,347.778,48.2,27.049,18.493,0.0879934138782437,-0.078125,-0.028251300855966426,0.01317538064320158,0.022260358664384586,0.07494716204129426,0.19999999999999998,1.0,0.92,0.0877097996751489,126552765.0
881,Japan,2022-06-21,15394.0,17.0,347.778,48.2,27.049,18.493,0.0879934138782437,-0.078125,-0.028251300855966426,0.01317538064320158,0.022260358664384586,0.07494716204129426,0.19999999999999998,1.0,0.92,0.0877097996751489,126552765.0
882,Japan,2022-06-22,17278.0,15.0,347.778,48.2,27.049,18.493,0.0879934138782437,-0.078125,-0.028251300855966426,0.01317538064320158,0.022260358664384586,0.07494716204129426,0.19999999999999998,1.0,0.92,0.0877097996751489,126552765.0
883,Japan,2022-06-23,16657.0,15.0,347.778,48.2,27.049,18.493,0.0879934138782437,-0.078125,-0.028251300855966426,0.01317538064320158,0.022260358664384586,0.07494716204129426,0.19999999999999998,1.0,0.92,0.0877097996751489,126552765.0
884,Japan,2022-06-24,15978.0,15.0,347.778,48.2,27.049,18.493,0.0879934138782437,-0.078125,-0.028251300855966426,0.01317538064320158,0.022260358664384586,0.07494716204129426,0.19999999999999998,1.0,0.92,0.0877097996751489,126552765.0
885,Japan,2022-06-25,16573.0,9.0,347.778,48.2,27.049,18.493,0.0879934138782437,-0.078125,-0.028251300855966426,0.01317538064320158,0.022260358664384586,0.07494716204129426,0.19999999999999998,1.0,0.92,0.0877097996751489,126552765.0
886,Japan,2022-06-26,14247.0,12.0,347.778,48.2,27.049,18.493,0.0879934138782437,-0.078125,-0.028251300855966426,0.01317538064320158,0.022260358664384586,0.07494716204129426,0.19999999999999998,1.0,0.92,0.0877097996751489,126552765.0
887,Japan,2022-06-27,9554.0,13.0,347.778,48.2,27.049,18.493,0.0879934138782437,-0.078125,-0.028251300855966426,0.01317538064320158,0.022260358664384586,0.07494716204129426,0.19999999999999998,1.0,0.92,0.0877097996751489,126552765.0
888,Japan,2022-06-28,19378.0,108.0,347.778,48.2,27.049,18.493,0.0879934138782437,-0.078125,-0.028251300855966426,0.01317538064320158,0.022260358664384586,0.07494716204129426,0.19999999999999998,1.0,0.92,0.0877097996751489,126552765.0
889,Japan,2022-06-29,23324.0,17.0,347.778,48.2,27.049,18.493,0.0879934138782437,-0.078125,-0.028251300855966426,0.01317538064320158,0.022260358664384586,0.07494716204129426,0.19999999999999998,1.0,0.92,0.0877097996751489,126552765.0
890,Japan,2022-06-30,23386.0,14.0,347.778,48.2,27.049,18.493,0.0879934138782437,-0.078125,-0.028251300855966426,0.01317538064320158,0.022260358664384586,0.07494716204129426,0.19999999999999998,1.0,0.92,0.0877097996751489,126552765.0
891,Japan,2022-07-01,23125.0,21.0,347.778,48.2,27.049,18.493,0.0879934138782437,-0.078125,-0.028251300855966426,0.01317538064320158,0.022260358664384586,0.07494716204129426,0.19999999999999998,1.0,0.92,0.0877097996751489,126552765.0
892,Japan,2022-07-02,24900.0,11.0,347.778,48.2,27.049,18.493,0.0879934138782437,-0.078125,-0.028251300855966426,0.01317538064320158,0.022260358664384586,0.07494716204129426,0.19999999999999998,1.0,0.92,0.0877097996751489,126552765.0
893,Japan,2022-07-03,23286.0,5.0,347.778,48.2,27.049,18.493,0.0879934138782437,-0.078125,-0.028251300855966426,0.01317538064320158,0.022260358664384586,0.07494716204129426,0.19999999999999998,1.0,0.92,0.0877097996751489,126552765.0
894,Japan,2022-07-04,16785.0,14.0,347.778,48.2,27.049,18.493,0.0879934138782437,-0.078125,-0.028251300855966426,0.01317538064320158,0.022260358664384586,0.07494716204129426,0.19999999999999998,1.0,0.92,0.0877097996751489,126552765.0
895,Japan,2022-07-05,36233.0,20.0,347.778,48.2,27.049,18.493,0.0879934138782437,-0.078125,-0.028251300855966426,0.01317538064320158,0.022260358664384586,0.07494716204129426,0.19999999999999998,1.0,0.92,0.0877097996751489,126552765.0
896,Japan,2022-07-06,45794.0,12.0,347.778,48.2,27.049,18.493,0.0879934138782437,-0.078125,-0.028251300855966426,0.01317538064320158,0.022260358664384586,0.07494716204129426,0.19999999999999998,1.0,0.92,0.0877097996751489,126552765.0
897,Japan,2022-07-07,47967.0,15.0,347.778,48.2,27.049,18.493,0.0879934138782437,-0.078125,-0.028251300855966426,0.01317538064320158,0.022260358664384586,0.07494716204129426,0.19999999999999998,1.0,0.92,0.0877097996751489,126552765.0
898,Japan,2022-07-08,49968.0,29.0,347.778,48.2,27.049,18.493,0.0879934138782437,-0.078125,-0.028251300855966426,0.01317538064320158,0.022260358664384586,0.07494716204129426,0.19999999999999998,1.0,0.92,0.0877097996751489,126552765.0
899,Japan,2022-07-09,54984.0,12.0,347.778,48.2,27.049,18.493,0.0879934138782437,-0.078125,-0.028251300855966426,0.01317538064320158,0.022260358664384586,0.07494716204129426,0.19999999999999998,1.0,0.92,0.0877097996751489,126552765.0
900,Japan,2022-07-10,54085.0,12.0,347.778,48.2,27.049,18.493,0.0879934138782437,-0.078125,-0.028251300855966426,0.01317538064320158,0.022260358664384586,0.07494716204129426,0.19999999999999998,1.0,0.92,0.0877097996751489,126552765.0
901,Japan,2022-07-11,37155.0,15.0,347.778,48.2,27.049,18.493,0.0879934138782437,-0.078125,-0.028251300855966426,0.01317538064320158,0.022260358664384586,0.07494716204129426,0.19999999999999998,1.0,0.92,0.0877097996751489,126552765.0
902,Japan,2022-07-12,75994.0,23.0,347.778,48.2,27.049,18.493,0.0879934138782437,-0.078125,-0.028251300855966426,0.01317538064320158,0.022260358664384586,0.07494716204129426,0.19999999999999998,1.0,0.92,0.0877097996751489,126552765.0
903,Japan,2022-07-13,94480.0,31.0,347.778,48.2,27.049,18.493,0.0879934138782437,-0.078125,-0.028251300855966426,0.01317538064320158,0.022260358664384586,0.07494716204129426,0.19999999999999998,1.0,0.92,0.0877097996751489,126552765.0
904,Japan,2022-07-14,97777.0,33.0,347.778,48.2,27.049,18.493,0.0879934138782437,-0.078125,-0.028251300855966426,0.01317538064320158,0.022260358664384586,0.07494716204129426,0.19999999999999998,1.0,0.92,0.0877097996751489,126552765.0
905,Japan,2022-07-15,103312.0,31.0,347.778,48.2,27.049,18.493,0.0879934138782437,-0.078125,-0.028251300855966426,0.01317538064320158,0.022260358664384586,0.07494716204129426,0.19999999999999998,1.0,0.92,0.0877097996751489,126552765.0
906,Japan,2022-07-16,110647.0,20.0,347.778,48.2,27.049,18.493,0.0879934138782437,-0.078125,-0.028251300855966426,0.01317538064320158,0.022260358664384586,0.07494716204129426,0.19999999999999998,1.0,0.92,0.0877097996751489,126552765.0
907,Japan,2022-07-17,105572.0,17.0,347.778,48.2,27.049,18.493,0.0879934138782437,-0.078125,-0.028251300855966426,0.01317538064320158,0.022260358664384586,0.07494716204129426,0.19999999999999998,1.0,0.92,0.0877097996751489,126552765.0
908,Japan,2022-07-18,76150.0,19.0,347.778,48.2,27.049,18.493,0.0879934138782437,-0.078125,-0.028251300855966426,0.01317538064320158,0.022260358664384586,0.07494716204129426,0.19999999999999998,1.0,0.92,0.0877097996751489,126552765.0
909,Japan,2022-07-19,66692.0,28.0,347.778,48.2,27.049,18.493,0.0879934138782437,-0.078125,-0.028251300855966426,0.01317538064320158,0.022260358664384586,0.07494716204129426,0.19999999999999998,1.0,0.92,0.0877097996751489,126552765.0
910,Japan,2022-07-20,152521.0,53.0,347.778,48.2,27.049,18.493,0.0879934138782437,-0.078125,-0.028251300855966426,0.01317538064320158,0.022260358664384586,0.07494716204129426,0.19999999999999998,1.0,0.92,0.0877097996751489,126552765.0
911,Japan,2022-07-21,186234.0,48.0,347.778,48.2,27.049,18.493,0.0879934138782437,-0.078125,-0.028251300855966426,0.01317538064320158,0.022260358664384586,0.07494716204129426,0.19999999999999998,1.0,0.92,0.0877097996751489,126552765.0
912,Japan,2022-07-22,195090.0,52.0,347.778,48.2,27.049,18.493,0.0879934138782437,-0.078125,-0.028251300855966426,0.01317538064320158,0.022260358664384586,0.07494716204129426,0.19999999999999998,1.0,0.92,0.0877097996751489,126552765.0
913,Japan,2022-07-23,200932.0,75.0,347.778,48.2,27.049,18.493,0.0879934138782437,-0.078125,-0.028251300855966426,0.01317538064320158,0.022260358664384586,0.07494716204129426,0.19999999999999998,1.0,0.92,0.0877097996751489,126552765.0
914,Japan,2022-07-24,176492.0,25.0,347.778,48.2,27.049,18.493,0.0879934138782437,-0.078125,-0.028251300855966426,0.01317538064320158,0.022260358664384586,0.07494716204129426,0.19999999999999998,1.0,0.92,0.0877097996751489,126552765.0
915,Japan,2022-07-25,126500.0,48.0,347.778,48.2,27.049,18.493,0.0879934138782437,-0.078125,-0.028251300855966426,0.01317538064320158,0.022260358664384586,0.07494716204129426,0.19999999999999998,1.0,0.92,0.0877097996751489,126552765.0
916,Japan,2022-07-26,196402.0,115.0,347.778,48.2,27.049,18.493,0.0879934138782437,-0.078125,-0.028251300855966426,0.01317538064320158,0.022260358664384586,0.07494716204129426,0.19999999999999998,1.0,0.92,0.0877097996751489,126552765.0
917,Japan,2022-07-27,209600.0,129.0,347.778,48.2,27.049,18.493,0.0879934138782437,-0.078125,-0.028251300855966426,0.01317538064320158,0.022260358664384586,0.07494716204129426,0.19999999999999998,1.0,0.92,0.0877097996751489,126552765.0
918,Japan,2022-07-28,233103.0,114.0,347.778,48.2,27.049,18.493,0.0879934138782437,-0.078125,-0.028251300855966426,0.01317538064320158,0.022260358664384586,0.07494716204129426,0.19999999999999998,1.0,0.92,0.0877097996751489,126552765.0
919,Japan,2022-07-29,221298.0,122.0,347.778,48.2,27.049,18.493,0.0879934138782437,-0.078125,-0.028251300855966426,0.01317538064320158,0.022260358664384586,0.07494716204129426,0.19999999999999998,1.0,0.92,0.0877097996751489,126552765.0
920,Japan,2022-07-30,222230.0,101.0,347.778,48.2,27.049,18.493,0.0879934138782437,-0.078125,-0.028251300855966426,0.01317538064320158,0.022260358664384586,0.07494716204129426,0.19999999999999998,1.0,0.92,0.0877097996751489,126552765.0
921,Japan,2022-07-31,197772.0,82.0,347.778,48.2,27.049,18.493,0.0879934138782437,-0.078125,-0.028251300855966426,0.01317538064320158,0.022260358664384586,0.07494716204129426,0.19999999999999998,1.0,0.92,0.0877097996751489,126552765.0
922,Japan,2022-08-01,139628.0,94.0,347.778,48.2,27.049,18.493,0.0879934138782437,-0.078125,-0.028251300855966426,0.01317538064320158,0.022260358664384586,0.07494716204129426,0.19999999999999998,1.0,0.92,0.0877097996751489,126552765.0
923,Japan,2022-08-02,210916.0,143.0,347.778,48.2,27.049,18.493,0.0879934138782437,-0.078125,-0.028251300855966426,0.01317538064320158,0.022260358664384586,0.07494716204129426,0.19999999999999998,1.0,0.92,0.0877097996751489,126552765.0
924,Japan,2022-08-03,249708.0,169.0,347.778,48.2,27.049,18.493,0.0879934138782437,-0.078125,-0.028251300855966426,0.01317538064320158,0.022260358664384586,0.07494716204129426,0.19999999999999998,1.0,0.92,0.0877097996751489,126552765.0
925,Japan,2022-08-04,238701.0,161.0,347.778,48.2,27.049,18.493,0.0879934138782437,-0.078125,-0.028251300855966426,0.01317538064320158,0.022260358664384586,0.07494716204129426,0.19999999999999998,1.0,0.92,0.0877097996751489,126552765.0
926,Japan,2022-08-05,233692.0,214.0,347.778,48.2,27.049,18.493,0.0879934138782437,-0.078125,-0.028251300855966426,0.01317538064320158,0.022260358664384586,0.07494716204129426,0.19999999999999998,1.0,0.92,0.0877097996751489,126552765.0
927,Japan,2022-08-06,227480.0,152.0,347.778,48.2,27.049,18.493,0.0879934138782437,-0.078125,-0.028251300855966426,0.01317538064320158,0.022260358664384586,0.07494716204129426,0.19999999999999998,1.0,0.92,0.0877097996751489,126552765.0
928,Japan,2022-08-07,206421.0,152.0,347.778,48.2,27.049,18.493,0.0879934138782437,-0.078125,-0.028251300855966426,0.01317538064320158,0.022260358664384586,0.07494716204129426,0.19999999999999998,1.0,0.92,0.0877097996751489,126552765.0
929,Japan,2022-08-08,137781.0,150.0,347.778,48.2,27.049,18.493,0.0879934138782437,-0.078125,-0.028251300855966426,0.01317538064320158,0.022260358664384586,0.07494716204129426,0.19999999999999998,1.0,0.92,0.0877097996751489,126552765.0
930,Japan,2022-08-09,212466.0,278.0,347.778,48.2,27.049,18.493,0.0879934138782437,-0.078125,-0.028251300855966426,0.01317538064320158,0.022260358664384586,0.07494716204129426,0.19999999999999998,1.0,0.92,0.0877097996751489,126552765.0
931,Japan,2022-08-10,250288.0,251.0,347.778,48.2,27.049,18.493,0.0879934138782437,-0.078125,-0.028251300855966426,0.01317538064320158,0.022260358664384586,0.07494716204129426,0.19999999999999998,1.0,0.92,0.0877097996751489,126552765.0
932,Japan,2022-08-11,240109.0,206.0,347.778,48.2,27.049,18.493,0.0879934138782437,-0.078125,-0.028251300855966426,0.01317538064320158,0.022260358664384586,0.07494716204129426,0.19999999999999998,1.0,0.92,0.0877097996751489,126552765.0
933,Japan,2022-08-12,168718.0,210.0,347.778,48.2,27.049,18.493,0.0879934138782437,-0.078125,-0.028251300855966426,0.01317538064320158,0.022260358664384586,0.07494716204129426,0.19999999999999998,1.0,0.92,0.0877097996751489,126552765.0
934,Japan,2022-08-13,183642.0,256.0,347.778,48.2,27.049,18.493,0.0879934138782437,-0.078125,-0.028251300855966426,0.01317538064320158,0.022260358664384586,0.07494716204129426,0.19999999999999998,1.0,0.92,0.0877097996751489,126552765.0
935,Japan,2022-08-14,178341.0,153.0,347.778,48.2,27.049,18.493,0.0879934138782437,-0.078125,-0.028251300855966426,0.01317538064320158,0.022260358664384586,0.07494716204129426,0.19999999999999998,1.0,0.92,0.0877097996751489,126552765.0
936,Japan,2022-08-15,138475.0,204.0,347.778,48.2,27.049,18.493,0.0879934138782437,-0.078125,-0.028251300855966426,0.01317538064320158,0.022260358664384586,0.07494716204129426,0.19999999999999998,1.0,0.92,0.0877097996751489,126552765.0
937,Japan,2022-08-16,166129.0,306.0,347.778,48.2,27.049,18.493,0.0879934138782437,-0.078125,-0.028251300855966426,0.01317538064320158,0.022260358664384586,0.07494716204129426,0.19999999999999998,1.0,0.92,0.0877097996751489,126552765.0
938,Japan,2022-08-17,231361.0,290.0,347.778,48.2,27.049,18.493,0.0879934138782437,-0.078125,-0.028251300855966426,0.01317538064320158,0.022260358664384586,0.07494716204129426,0.19999999999999998,1.0,0.92,0.0877097996751489,126552765.0
939,Japan,2022-08-18,255485.0,287.0,347.778,48.2,27.049,18.493,0.0879934138782437,-0.078125,-0.028251300855966426,0.01317538064320158,0.022260358664384586,0.07494716204129426,0.19999999999999998,1.0,0.92,0.0877097996751489,126552765.0
940,Japan,2022-08-19,260999.0,294.0,347.778,48.2,27.049,18.493,0.0879934138782437,-0.078125,-0.028251300855966426,0.01317538064320158,0.022260358664384586,0.07494716204129426,0.19999999999999998,1.0,0.92,0.0877097996751489,126552765.0
941,Japan,2022-08-20,253192.0,254.0,347.778,48.2,27.049,18.493,0.0879934138782437,-0.078125,-0.028251300855966426,0.01317538064320158,0.022260358664384586,0.07494716204129426,0.19999999999999998,1.0,0.92,0.0877097996751489,126552765.0
942,Japan,2022-08-21,226148.0,226.0,347.778,48.2,27.049,18.493,0.0879934138782437,-0.078125,-0.028251300855966426,0.01317538064320158,0.022260358664384586,0.07494716204129426,0.19999999999999998,1.0,0.92,0.0877097996751489,126552765.0
943,Japan,2022-08-22,140920.0,245.0,347.778,48.2,27.049,18.493,0.0879934138782437,-0.078125,-0.028251300855966426,0.01317538064320158,0.022260358664384586,0.07494716204129426,0.19999999999999998,1.0,0.92,0.0877097996751489,126552765.0
944,Japan,2022-08-23,208451.0,343.0,347.778,48.2,27.049,18.493,0.0879934138782437,-0.078125,-0.028251300855966426,0.01317538064320158,0.022260358664384586,0.07494716204129426,0.19999999999999998,1.0,0.92,0.0877097996751489,126552765.0
945,Japan,2022-08-24,243490.0,301.0,347.778,48.2,27.049,18.493,0.0879934138782437,-0.078125,-0.028251300855966426,0.01317538064320158,0.022260358664384586,0.07494716204129426,0.19999999999999998,1.0,0.92,0.0877097996751489,126552765.0
946,Japan,2022-08-25,220847.0,296.0,347.778,48.2,27.049,18.493,0.0879934138782437,-0.078125,-0.028251300855966426,0.01317538064320158,0.022260358664384586,0.07494716204129426,0.19999999999999998,1.0,0.92,0.0877097996751489,126552765.0
947,Japan,2022-08-26,192343.0,321.0,347.778,48.2,27.049,18.493,0.0879934138782437,-0.078125,-0.028251300855966426,0.01317538064320158,0.022260358664384586,0.07494716204129426,0.19999999999999998,1.0,0.92,0.0877097996751489,126552765.0
948,Japan,2022-08-27,180060.0,261.0,347.778,48.2,27.049,18.493,0.0879934138782437,-0.078125,-0.028251300855966426,0.01317538064320158,0.022260358664384586,0.07494716204129426,0.19999999999999998,1.0,0.92,0.0877097996751489,126552765.0
949,Japan,2022-08-28,157756.0,221.0,347.778,48.2,27.049,18.493,0.0879934138782437,-0.078125,-0.028251300855966426,0.01317538064320158,0.022260358664384586,0.07494716204129426,0.19999999999999998,1.0,0.92,0.0877097996751489,126552765.0
950,Japan,2022-08-29,95829.0,234.0,347.778,48.2,27.049,18.493,0.0879934138782437,-0.078125,-0.028251300855966426,0.01317538064320158,0.022260358664384586,0.07494716204129426,0.19999999999999998,1.0,0.92,0.0877097996751489,126552765.0
951,Japan,2022-08-30,152582.0,319.0,347.778,48.2,27.049,18.493,0.0879934138782437,-0.078125,-0.028251300855966426,0.01317538064320158,0.022260358664384586,0.07494716204129426,0.19999999999999998,1.0,0.92,0.0877097996751489,126552765.0
952,Japan,2022-08-31,169508.0,338.0,347.778,48.2,27.049,18.493,0.0879934138782437,-0.078125,-0.028251300855966426,0.01317538064320158,0.022260358664384586,0.07494716204129426,0.19999999999999998,1.0,0.92,0.0877097996751489,126552765.0
953,Japan,2022-09-01,149836.0,303.0,347.778,48.2,27.049,18.493,0.0879934138782437,-0.078125,-0.028251300855966426,0.01317538064320158,0.022260358664384586,0.07494716204129426,0.19999999999999998,1.0,0.92,0.0877097996751489,126552765.0
954,Japan,2022-09-02,130182.0,350.0,347.778,48.2,27.049,18.493,0.0879934138782437,-0.078125,-0.028251300855966426,0.01317538064320158,0.022260358664384586,0.07494716204129426,0.19999999999999998,1.0,0.92,0.0877097996751489,126552765.0
955,Japan,2022-09-03,123112.0,288.0,347.778,48.2,27.049,18.493,0.0879934138782437,-0.078125,-0.028251300855966426,0.01317538064320158,0.022260358664384586,0.07494716204129426,0.19999999999999998,1.0,0.92,0.0877097996751489,126552765.0
956,Japan,2022-09-04,107819.0,216.0,347.778,48.2,27.049,18.493,0.0879934138782437,-0.078125,-0.028251300855966426,0.01317538064320158,0.022260358664384586,0.07494716204129426,0.19999999999999998,1.0,0.92,0.0877097996751489,126552765.0
957,Japan,2022-09-05,67962.0,221.0,347.778,48.2,27.049,18.493,0.0879934138782437,-0.078125,-0.028251300855966426,0.01317538064320158,0.022260358664384586,0.07494716204129426,0.19999999999999998,1.0,0.92,0.0877097996751489,126552765.0
958,Japan,2022-09-06,112141.0,320.0,347.778,48.2,27.049,18.493,0.0879934138782437,-0.078125,-0.028251300855966426,0.01317538064320158,0.022260358664384586,0.07494716204129426,0.19999999999999998,1.0,0.92,0.0877097996751489,126552765.0
959,Japan,2022-09-07,129782.0,247.0,347.778,48.2,27.049,18.493,0.0879934138782437,-0.078125,-0.028251300855966426,0.01317538064320158,0.022260358664384586,0.07494716204129426,0.19999999999999998,1.0,0.92,0.0877097996751489,126552765.0
960,Japan,2022-09-08,112345.0,227.0,347.778,48.2,27.049,18.493,0.0879934138782437,-0.078125,-0.028251300855966426,0.01317538064320158,0.022260358664384586,0.07494716204129426,0.19999999999999998,1.0,0.92,0.0877097996751489,126552765.0
961,Japan,2022-09-09,99439.0,236.0,347.778,48.2,27.049,18.493,0.0879934138782437,-0.078125,-0.028251300855966426,0.01317538064320158,0.022260358664384586,0.07494716204129426,0.19999999999999998,1.0,0.92,0.0877097996751489,126552765.0
962,Japan,2022-09-10,92699.0,208.0,347.778,48.2,27.049,18.493,0.0879934138782437,-0.078125,-0.028251300855966426,0.01317538064320158,0.022260358664384586,0.07494716204129426,0.19999999999999998,1.0,0.92,0.0877097996751489,126552765.0
963,Japan,2022-09-11,81490.0,104.0,347.778,48.2,27.049,18.493,0.0879934138782437,-0.078125,-0.028251300855966426,0.01317538064320158,0.022260358664384586,0.07494716204129426,0.19999999999999998,1.0,0.92,0.0877097996751489,126552765.0
964,Japan,2022-09-12,52836.0,145.0,347.778,48.2,27.049,18.493,0.0879934138782437,-0.078125,-0.028251300855966426,0.01317538064320158,0.022260358664384586,0.07494716204129426,0.19999999999999998,1.0,0.92,0.0877097996751489,126552765.0
965,Japan,2022-09-13,87568.0,220.0,347.778,48.2,27.049,18.493,0.0879934138782437,-0.078125,-0.028251300855966426,0.01317538064320158,0.022260358664384586,0.07494716204129426,0.19999999999999998,1.0,0.92,0.0877097996751489,126552765.0
966,Japan,2022-09-14,100229.0,184.0,347.778,48.2,27.049,18.493,0.0879934138782437,-0.078125,-0.028251300855966426,0.01317538064320158,0.022260358664384586,0.07494716204129426,0.19999999999999998,1.0,0.92,0.0877097996751489,126552765.0
967,Japan,2022-09-15,85884.0,171.0,347.778,48.2,27.049,18.493,0.0879934138782437,-0.078125,-0.028251300855966426,0.01317538064320158,0.022260358664384586,0.07494716204129426,0.19999999999999998,1.0,0.92,0.0877097996751489,126552765.0
968,Japan,2022-09-16,75956.0,177.0,347.778,48.2,27.049,18.493,0.0879934138782437,-0.078125,-0.028251300855966426,0.01317538064320158,0.022260358664384586,0.07494716204129426,0.19999999999999998,1.0,0.92,0.0877097996751489,126552765.0
969,Japan,2022-09-17,70951.0,138.0,347.778,48.2,27.049,18.493,0.0879934138782437,-0.078125,-0.028251300855966426,0.01317538064320158,0.022260358664384586,0.07494716204129426,0.19999999999999998,1.0,0.92,0.0877097996751489,126552765.0
970,Japan,2022-09-18,64046.0,72.0,347.778,48.2,27.049,18.493,0.0879934138782437,-0.078125,-0.028251300855966426,0.01317538064320158,0.022260358664384586,0.07494716204129426,0.19999999999999998,1.0,0.92,0.0877097996751489,126552765.0
971,Japan,2022-09-19,38037.0,77.0,347.778,48.2,27.049,18.493,0.0879934138782437,-0.078125,-0.028251300855966426,0.01317538064320158,0.022260358664384586,0.07494716204129426,0.19999999999999998,1.0,0.92,0.0877097996751489,126552765.0
972,Japan,2022-09-20,31721.0,127.0,347.778,48.2,27.049,18.493,0.0879934138782437,-0.078125,-0.028251300855966426,0.01317538064320158,0.022260358664384586,0.07494716204129426,0.19999999999999998,1.0,0.92,0.0877097996751489,126552765.0
973,Japan,2022-09-21,69813.0,126.0,347.778,48.2,27.049,18.493,0.0879934138782437,-0.078125,-0.028251300855966426,0.01317538064320158,0.022260358664384586,0.07494716204129426,0.19999999999999998,1.0,0.92,0.0877097996751489,126552765.0
974,Japan,2022-09-22,77373.0,102.0,347.778,48.2,27.049,18.493,0.0879934138782437,-0.078125,-0.028251300855966426,0.01317538064320158,0.022260358664384586,0.07494716204129426,0.19999999999999998,1.0,0.92,0.0877097996751489,126552765.0
975,Japan,2022-09-23,63838.0,87.0,347.778,48.2,27.049,18.493,0.0879934138782437,-0.078125,-0.028251300855966426,0.01317538064320158,0.022260358664384586,0.07494716204129426,0.19999999999999998,1.0,0.92,0.0877097996751489,126552765.0
976,Japan,2022-09-24,39213.0,68.0,347.778,48.2,27.049,18.493,0.0879934138782437,-0.078125,-0.028251300855966426,0.01317538064320158,0.022260358664384586,0.07494716204129426,0.19999999999999998,1.0,0.92,0.0877097996751489,126552765.0
977,Japan,2022-09-25,46762.0,49.0,347.778,48.2,27.049,18.493,0.0879934138782437,-0.078125,-0.028251300855966426,0.01317538064320158,0.022260358664384586,0.07494716204129426,0.19999999999999998,1.0,0.92,0.0877097996751489,126552765.0
978,Japan,2022-09-26,43531.0,74.0,347.778,48.2,27.049,18.493,0.0879934138782437,-0.078125,-0.028251300855966426,0.01317538064320158,0.022260358664384586,0.07494716204129426,0.19999999999999998,1.0,0.92,0.0877097996751489,126552765.0
979,Japan,2022-09-27,43710.0,105.0,347.778,48.2,27.049,18.493,0.0879934138782437,-0.078125,-0.028251300855966426,0.01317538064320158,0.022260358664384586,0.07494716204129426,0.19999999999999998,1.0,0.92,0.0877097996751489,126552765.0
980,Japan,2022-09-28,49979.0,96.0,347.778,48.2,27.049,18.493,0.0879934138782437,-0.078125,-0.028251300855966426,0.01317538064320158,0.022260358664384586,0.07494716204129426,0.19999999999999998,1.0,0.92,0.0877097996751489,126552765.0
981,Japan,2022-09-29,42173.0,127.0,347.778,48.2,27.049,18.493,0.0879934138782437,-0.078125,-0.028251300855966426,0.01317538064320158,0.022260358664384586,0.07494716204129426,0.19999999999999998,1.0,0.92,0.0877097996751489,126552765.0
982,Japan,2022-09-30,36646.0,111.0,347.778,48.2,27.049,18.493,0.0879934138782437,-0.078125,-0.028251300855966426,0.01317538064320158,0.022260358664384586,0.07494716204129426,0.19999999999999998,1.0,0.92,0.0877097996751489,126552765.0
983,Japan,2022-10-01,35598.0,105.0,347.778,48.2,27.049,18.493,0.0879934138782437,-0.078125,-0.028251300855966426,0.01317538064320158,0.022260358664384586,0.07494716204129426,0.19999999999999998,1.0,0.92,0.0877097996751489,126552765.0
984,Japan,2022-10-02,29312.0,71.0,347.778,48.2,27.049,18.493,0.0879934138782437,-0.078125,-0.028251300855966426,0.01317538064320158,0.022260358664384586,0.07494716204129426,0.19999999999999998,1.0,0.92,0.0877097996751489,126552765.0
985,Japan,2022-10-03,15167.0,53.0,347.778,48.2,27.049,18.493,0.0879934138782437,-0.078125,-0.028251300855966426,0.01317538064320158,0.022260358664384586,0.07494716204129426,0.19999999999999998,1.0,0.92,0.0877097996751489,126552765.0
986,Japan,2022-10-04,39723.0,65.0,347.778,48.2,27.049,18.493,0.0879934138782437,-0.078125,-0.028251300855966426,0.01317538064320158,0.022260358664384586,0.07494716204129426,0.19999999999999998,1.0,0.92,0.0877097996751489,126552765.0
987,Japan,2022-10-05,41358.0,74.0,347.778,48.2,27.049,18.493,0.0879934138782437,-0.078125,-0.028251300855966426,0.01317538064320158,0.022260358664384586,0.07494716204129426,0.19999999999999998,1.0,0.92,0.0877097996751489,126552765.0
988,Japan,2022-10-06,33440.0,91.0,347.778,48.2,27.049,18.493,0.0879934138782437,-0.078125,-0.028251300855966426,0.01317538064320158,0.022260358664384586,0.07494716204129426,0.19999999999999998,1.0,0.92,0.0877097996751489,126552765.0
989,Japan,2022-10-07,29443.0,73.0,347.778,48.2,27.049,18.493,0.0879934138782437,-0.078125,-0.028251300855966426,0.01317538064320158,0.022260358664384586,0.07494716204129426,0.19999999999999998,1.0,0.92,0.0877097996751489,126552765.0
990,Japan,2022-10-08,26785.0,83.0,347.778,48.2,27.049,18.493,0.0879934138782437,-0.078125,-0.028251300855966426,0.01317538064320158,0.022260358664384586,0.07494716204129426,0.19999999999999998,1.0,0.92,0.0877097996751489,126552765.0
991,Japan,2022-10-09,22796.0,57.0,347.778,48.2,27.049,18.493,0.0879934138782437,-0.078125,-0.028251300855966426,0.01317538064320158,0.022260358664384586,0.07494716204129426,0.19999999999999998,1.0,0.92,0.0877097996751489,126552765.0
992,Japan,2022-10-10,13038.0,50.0,347.778,48.2,27.049,18.493,0.0879934138782437,-0.078125,-0.028251300855966426,0.01317538064320158,0.022260358664384586,0.07494716204129426,0.19999999999999998,1.0,0.92,0.0877097996751489,126552765.0
993,Japan,2022-10-11,13123.0,27.0,347.778,48.2,27.049,18.493,0.0879934138782437,-0.078125,-0.028251300855966426,0.01317538064320158,0.022260358664384586,0.07494716204129426,0.19999999999999998,1.0,0.92,0.0877097996751489,126552765.0
994,Japan,2022-10-12,45505.0,54.0,347.778,48.2,27.049,18.493,0.0879934138782437,-0.078125,-0.028251300855966426,0.01317538064320158,0.022260358664384586,0.07494716204129426,0.19999999999999998,1.0,0.92,0.0877097996751489,126552765.0
995,Japan,2022-10-13,45690.0,78.0,347.778,48.2,27.049,18.493,0.0879934138782437,-0.078125,-0.028251300855966426,0.01317538064320158,0.022260358664384586,0.07494716204129426,0.19999999999999998,1.0,0.92,0.0877097996751489,126552765.0
996,Japan,2022-10-14,36605.0,63.0,347.778,48.2,27.049,18.493,0.0879934138782437,-0.078125,-0.028251300855966426,0.01317538064320158,0.022260358664384586,0.07494716204129426,0.19999999999999998,1.0,0.92,0.0877097996751489,126552765.0
997,Japan,2022-10-15,35138.0,67.0,347.778,48.2,27.049,18.493,0.0879934138782437,-0.078125,-0.028251300855966426,0.01317538064320158,0.022260358664384586,0.07494716204129426,0.19999999999999998,1.0,0.92,0.0877097996751489,126552765.0
998,Japan,2022-10-16,29662.0,47.0,347.778,48.2,27.049,18.493,0.0879934138782437,-0.078125,-0.028251300855966426,0.01317538064320158,0.022260358664384586,0.07494716204129426,0.19999999999999998,1.0,0.92,0.0877097996751489,126552765.0
999,Japan,2022-10-17,15372.0,20.0,347.778,48.2,27.049,18.493,0.0879934138782437,-0.078125,-0.028251300855966426,0.01317538064320158,0.022260358664384586,0.07494716204129426,0.19999999999999998,1.0,0.92,0.0877097996751489,126552765.0
1000,Japan,2022-10-18,42294.0,56.0,347.778,48.2,27.049,18.493,0.0879934138782437,-0.078125,-0.028251300855966426,0.01317538064320158,0.022260358664384586,0.07494716204129426,0.19999999999999998,1.0,0.92,0.0877097996751489,126552765.0
1001,Japan,2022-10-19,43555.0,68.0,347.778,48.2,27.049,18.493,0.0879934138782437,-0.078125,-0.028251300855966426,0.01317538064320158,0.022260358664384586,0.07494716204129426,0.19999999999999998,1.0,0.92,0.0877097996751489,126552765.0
1002,Japan,2022-10-20,36110.0,71.0,347.778,48.2,27.049,18.493,0.0879934138782437,-0.078125,-0.028251300855966426,0.01317538064320158,0.022260358664384586,0.07494716204129426,0.19999999999999998,1.0,0.92,0.0877097996751489,126552765.0
1003,Japan,2022-10-21,31593.0,67.0,347.778,48.2,27.049,18.493,0.0879934138782437,-0.078125,-0.028251300855966426,0.01317538064320158,0.022260358664384586,0.07494716204129426,0.19999999999999998,1.0,0.92,0.0877097996751489,126552765.0
1004,Japan,2022-10-22,34173.0,78.0,347.778,48.2,27.049,18.493,0.0879934138782437,-0.078125,-0.028251300855966426,0.01317538064320158,0.022260358664384586,0.07494716204129426,0.19999999999999998,1.0,0.92,0.0877097996751489,126552765.0
1005,Japan,2022-10-23,30873.0,44.0,347.778,48.2,27.049,18.493,0.0879934138782437,-0.078125,-0.028251300855966426,0.01317538064320158,0.022260358664384586,0.07494716204129426,0.19999999999999998,1.0,0.92,0.0877097996751489,126552765.0
1006,Japan,2022-10-24,16852.0,35.0,347.778,48.2,27.049,18.493,0.0879934138782437,-0.078125,-0.028251300855966426,0.01317538064320158,0.022260358664384586,0.07494716204129426,0.19999999999999998,1.0,0.92,0.0877097996751489,126552765.0
1007,Japan,2022-10-25,47706.0,38.0,347.778,48.2,27.049,18.493,0.0879934138782437,-0.078125,-0.028251300855966426,0.01317538064320158,0.022260358664384586,0.07494716204129426,0.19999999999999998,1.0,0.92,0.0877097996751489,126552765.0
1008,Japan,2022-10-26,50294.0,67.0,347.778,48.2,27.049,18.493,0.0879934138782437,-0.078125,-0.028251300855966426,0.01317538064320158,0.022260358664384586,0.07494716204129426,0.19999999999999998,1.0,0.92,0.0877097996751489,126552765.0
1009,Japan,2022-10-27,42737.0,71.0,347.778,48.2,27.049,18.493,0.0879934138782437,-0.078125,-0.028251300855966426,0.01317538064320158,0.022260358664384586,0.07494716204129426,0.19999999999999998,1.0,0.92,0.0877097996751489,126552765.0
1010,Japan,2022-10-28,39254.0,51.0,347.778,48.2,27.049,18.493,0.0879934138782437,-0.078125,-0.028251300855966426,0.01317538064320158,0.022260358664384586,0.07494716204129426,0.19999999999999998,1.0,0.92,0.0877097996751489,126552765.0
1011,Japan,2022-10-29,44523.0,58.0,347.778,48.2,27.049,18.493,0.0879934138782437,-0.078125,-0.028251300855966426,0.01317538064320158,0.022260358664384586,0.07494716204129426,0.19999999999999998,1.0,0.92,0.0877097996751489,126552765.0
1012,Japan,2022-10-30,40611.0,42.0,347.778,48.2,27.049,18.493,0.0879934138782437,-0.078125,-0.028251300855966426,0.01317538064320158,0.022260358664384586,0.07494716204129426,0.19999999999999998,1.0,0.92,0.0877097996751489,126552765.0
1013,Japan,2022-10-31,22341.0,23.0,347.778,48.2,27.049,18.493,0.0879934138782437,-0.078125,-0.028251300855966426,0.01317538064320158,0.022260358664384586,0.07494716204129426,0.19999999999999998,1.0,0.92,0.0877097996751489,126552765.0
1014,Japan,2022-11-01,65280.0,52.0,347.778,48.2,27.049,18.493,0.0879934138782437,-0.078125,-0.028251300855966426,0.01317538064320158,0.022260358664384586,0.07494716204129426,0.19999999999999998,1.0,0.92,0.0877097996751489,126552765.0
1015,Japan,2022-11-02,70396.0,70.0,347.778,48.2,27.049,18.493,0.0879934138782437,-0.078125,-0.028251300855966426,0.01317538064320158,0.022260358664384586,0.07494716204129426,0.19999999999999998,1.0,0.92,0.0877097996751489,126552765.0
1016,Japan,2022-11-03,67473.0,69.0,347.778,48.2,27.049,18.493,0.0879934138782437,-0.078125,-0.028251300855966426,0.01317538064320158,0.022260358664384586,0.07494716204129426,0.19999999999999998,1.0,0.92,0.0877097996751489,126552765.0
1017,Japan,2022-11-04,34064.0,59.0,347.778,48.2,27.049,18.493,0.0879934138782437,-0.078125,-0.028251300855966426,0.01317538064320158,0.022260358664384586,0.07494716204129426,0.19999999999999998,1.0,0.92,0.0877097996751489,126552765.0
1018,Japan,2022-11-05,74170.0,72.0,347.778,48.2,27.049,18.493,0.0879934138782437,-0.078125,-0.028251300855966426,0.01317538064320158,0.022260358664384586,0.07494716204129426,0.19999999999999998,1.0,0.92,0.0877097996751489,126552765.0
1019,Japan,2022-11-06,66397.0,46.0,347.778,48.2,27.049,18.493,0.0879934138782437,-0.078125,-0.028251300855966426,0.01317538064320158,0.022260358664384586,0.07494716204129426,0.19999999999999998,1.0,0.92,0.0877097996751489,126552765.0
1020,Japan,2022-11-07,31622.0,42.0,347.778,48.2,27.049,18.493,0.0879934138782437,-0.078125,-0.028251300855966426,0.01317538064320158,0.022260358664384586,0.07494716204129426,0.19999999999999998,1.0,0.92,0.0877097996751489,126552765.0
1021,Japan,2022-11-08,81401.0,70.0,347.778,48.2,27.049,18.493,0.0879934138782437,-0.078125,-0.028251300855966426,0.01317538064320158,0.022260358664384586,0.07494716204129426,0.19999999999999998,1.0,0.92,0.0877097996751489,126552765.0
1022,Japan,2022-11-09,87410.0,97.0,347.778,48.2,27.049,18.493,0.0879934138782437,-0.078125,-0.028251300855966426,0.01317538064320158,0.022260358664384586,0.07494716204129426,0.19999999999999998,1.0,0.92,0.0877097996751489,126552765.0
1023,Japan,2022-11-10,78577.0,100.0,347.778,48.2,27.049,18.493,0.0879934138782437,-0.078125,-0.028251300855966426,0.01317538064320158,0.022260358664384586,0.07494716204129426,0.19999999999999998,1.0,0.92,0.0877097996751489,126552765.0
1024,Japan,2022-11-11,74093.0,81.0,347.778,48.2,27.049,18.493,0.0879934138782437,-0.078125,-0.028251300855966426,0.01317538064320158,0.022260358664384586,0.07494716204129426,0.19999999999999998,1.0,0.92,0.0877097996751489,126552765.0
1025,Japan,2022-11-12,79486.0,95.0,347.778,48.2,27.049,18.493,0.0879934138782437,-0.078125,-0.028251300855966426,0.01317538064320158,0.022260358664384586,0.07494716204129426,0.19999999999999998,1.0,0.92,0.0877097996751489,126552765.0
1026,Japan,2022-11-13,68894.0,67.0,347.778,48.2,27.049,18.493,0.0879934138782437,-0.078125,-0.028251300855966426,0.01317538064320158,0.022260358664384586,0.07494716204129426,0.19999999999999998,1.0,0.92,0.0877097996751489,126552765.0
1027,Japan,2022-11-14,37555.0,48.0,347.778,48.2,27.049,18.493,0.0879934138782437,-0.078125,-0.028251300855966426,0.01317538064320158,0.022260358664384586,0.07494716204129426,0.19999999999999998,1.0,0.92,0.0877097996751489,126552765.0
1028,Japan,2022-11-15,99826.0,0.0,347.778,48.2,27.049,18.493,0.0879934138782437,-0.078125,-0.028251300855966426,0.01317538064320158,0.022260358664384586,0.07494716204129426,0.19999999999999998,1.0,0.92,0.0877097996751489,126552765.0
1029,Japan,2022-11-16,107702.0,111.0,347.778,48.2,27.049,18.493,0.0879934138782437,-0.078125,-0.028251300855966426,0.01317538064320158,0.022260358664384586,0.07494716204129426,0.19999999999999998,1.0,0.92,0.0877097996751489,126552765.0
1030,Japan,2022-11-17,91606.0,140.0,347.778,48.2,27.049,18.493,0.0879934138782437,-0.078125,-0.028251300855966426,0.01317538064320158,0.022260358664384586,0.07494716204129426,0.19999999999999998,1.0,0.92,0.0877097996751489,126552765.0
1031,Japan,2022-11-18,85774.0,92.0,347.778,48.2,27.049,18.493,0.0879934138782437,-0.078125,-0.028251300855966426,0.01317538064320158,0.022260358664384586,0.07494716204129426,0.19999999999999998,1.0,0.92,0.0877097996751489,126552765.0
1032,Japan,2022-11-19,89887.0,101.0,347.778,48.2,27.049,18.493,0.0879934138782437,-0.078125,-0.028251300855966426,0.01317538064320158,0.022260358664384586,0.07494716204129426,0.19999999999999998,1.0,0.92,0.0877097996751489,126552765.0
1033,Japan,2022-11-20,77722.0,122.0,347.778,48.2,27.049,18.493,0.0879934138782437,-0.078125,-0.028251300855966426,0.01317538064320158,0.022260358664384586,0.07494716204129426,0.19999999999999998,1.0,0.92,0.0877097996751489,126552765.0
1034,Japan,2022-11-21,42424.0,57.0,347.778,48.2,27.049,18.493,0.0879934138782437,-0.078125,-0.028251300855966426,0.01317538064320158,0.022260358664384586,0.07494716204129426,0.19999999999999998,1.0,0.92,0.0877097996751489,126552765.0
1035,Japan,2022-11-22,121236.0,144.0,347.778,48.2,27.049,18.493,0.0879934138782437,-0.078125,-0.028251300855966426,0.01317538064320158,0.022260358664384586,0.07494716204129426,0.19999999999999998,1.0,0.92,0.0877097996751489,126552765.0
1036,Japan,2022-11-23,133361.0,160.0,347.778,48.2,27.049,18.493,0.0879934138782437,-0.078125,-0.028251300855966426,0.01317538064320158,0.022260358664384586,0.07494716204129426,0.19999999999999998,1.0,0.92,0.0877097996751489,126552765.0
1037,Japan,2022-11-24,60108.0,130.0,347.778,48.2,27.049,18.493,0.0879934138782437,-0.078125,-0.028251300855966426,0.01317538064320158,0.022260358664384586,0.07494716204129426,0.19999999999999998,1.0,0.92,0.0877097996751489,126552765.0
1038,Japan,2022-11-25,117840.0,100.0,347.778,48.2,27.049,18.493,0.0879934138782437,-0.078125,-0.028251300855966426,0.01317538064320158,0.022260358664384586,0.07494716204129426,0.19999999999999998,1.0,0.92,0.0877097996751489,126552765.0
1039,Japan,2022-11-26,125327.0,164.0,347.778,48.2,27.049,18.493,0.0879934138782437,-0.078125,-0.028251300855966426,0.01317538064320158,0.022260358664384586,0.07494716204129426,0.19999999999999998,1.0,0.92,0.0877097996751489,126552765.0
1040,Japan,2022-11-27,98476.0,142.0,347.778,48.2,27.049,18.493,0.0879934138782437,-0.078125,-0.028251300855966426,0.01317538064320158,0.022260358664384586,0.07494716204129426,0.19999999999999998,1.0,0.92,0.0877097996751489,126552765.0
1041,Japan,2022-11-28,49117.0,103.0,347.778,48.2,27.049,18.493,0.0879934138782437,-0.078125,-0.028251300855966426,0.01317538064320158,0.022260358664384586,0.07494716204129426,0.19999999999999998,1.0,0.92,0.0877097996751489,126552765.0
1042,Japan,2022-11-29,135096.0,153.0,347.778,48.2,27.049,18.493,0.0879934138782437,-0.078125,-0.028251300855966426,0.01317538064320158,0.022260358664384586,0.07494716204129426,0.19999999999999998,1.0,0.92,0.0877097996751489,126552765.0
1043,Japan,2022-11-30,138396.0,210.0,347.778,48.2,27.049,18.493,0.0879934138782437,-0.078125,-0.028251300855966426,0.01317538064320158,0.022260358664384586,0.07494716204129426,0.19999999999999998,1.0,0.92,0.0877097996751489,126552765.0
1044,Japan,2022-12-01,118201.0,182.0,347.778,48.2,27.049,18.493,0.0879934138782437,-0.078125,-0.028251300855966426,0.01317538064320158,0.022260358664384586,0.07494716204129426,0.19999999999999998,1.0,0.92,0.0877097996751489,126552765.0
1045,Japan,2022-12-02,109928.0,187.0,347.778,48.2,27.049,18.493,0.0879934138782437,-0.078125,-0.028251300855966426,0.01317538064320158,0.022260358664384586,0.07494716204129426,0.19999999999999998,1.0,0.92,0.0877097996751489,126552765.0
1046,Japan,2022-12-03,109591.0,180.0,347.778,48.2,27.049,18.493,0.0879934138782437,-0.078125,-0.028251300855966426,0.01317538064320158,0.022260358664384586,0.07494716204129426,0.19999999999999998,1.0,0.92,0.0877097996751489,126552765.0
1047,Japan,2022-12-04,89566.0,151.0,347.778,48.2,27.049,18.493,0.0879934138782437,-0.078125,-0.028251300855966426,0.01317538064320158,0.022260358664384586,0.07494716204129426,0.19999999999999998,1.0,0.92,0.0877097996751489,126552765.0
1048,Japan,2022-12-05,47621.0,117.0,347.778,48.2,27.049,18.493,0.0879934138782437,-0.078125,-0.028251300855966426,0.01317538064320158,0.022260358664384586,0.07494716204129426,0.19999999999999998,1.0,0.92,0.0877097996751489,126552765.0
1049,Japan,2022-12-06,137277.0,147.0,347.778,48.2,27.049,18.493,0.0879934138782437,-0.078125,-0.028251300855966426,0.01317538064320158,0.022260358664384586,0.07494716204129426,0.19999999999999998,1.0,0.92,0.0877097996751489,126552765.0
1050,Japan,2022-12-07,149383.0,211.0,347.778,48.2,27.049,18.493,0.0879934138782437,-0.078125,-0.028251300855966426,0.01317538064320158,0.022260358664384586,0.07494716204129426,0.19999999999999998,1.0,0.92,0.0877097996751489,126552765.0
1051,Japan,2022-12-08,133065.0,243.0,347.778,48.2,27.049,18.493,0.0879934138782437,-0.078125,-0.028251300855966426,0.01317538064320158,0.022260358664384586,0.07494716204129426,0.19999999999999998,1.0,0.92,0.0877097996751489,126552765.0
1052,Japan,2022-12-09,127090.0,228.0,347.778,48.2,27.049,18.493,0.0879934138782437,-0.078125,-0.028251300855966426,0.01317538064320158,0.022260358664384586,0.07494716204129426,0.19999999999999998,1.0,0.92,0.0877097996751489,126552765.0
1053,Japan,2022-12-10,135761.0,222.0,347.778,48.2,27.049,18.493,0.0879934138782437,-0.078125,-0.028251300855966426,0.01317538064320158,0.022260358664384586,0.07494716204129426,0.19999999999999998,1.0,0.92,0.0877097996751489,126552765.0
1054,Japan,2022-12-11,119174.0,190.0,347.778,48.2,27.049,18.493,0.0879934138782437,-0.078125,-0.028251300855966426,0.01317538064320158,0.022260358664384586,0.07494716204129426,0.19999999999999998,1.0,0.92,0.0877097996751489,126552765.0
1055,Japan,2022-12-12,62336.0,127.0,347.778,48.2,27.049,18.493,0.0879934138782437,-0.078125,-0.028251300855966426,0.01317538064320158,0.022260358664384586,0.07494716204129426,0.19999999999999998,1.0,0.92,0.0877097996751489,126552765.0
1056,Japan,2022-12-13,176994.0,214.0,347.778,48.2,27.049,18.493,0.0879934138782437,-0.078125,-0.028251300855966426,0.01317538064320158,0.022260358664384586,0.07494716204129426,0.19999999999999998,1.0,0.92,0.0877097996751489,126552765.0
1057,Japan,2022-12-14,190607.0,244.0,347.778,48.2,27.049,18.493,0.0879934138782437,-0.078125,-0.028251300855966426,0.01317538064320158,0.022260358664384586,0.07494716204129426,0.19999999999999998,1.0,0.92,0.0877097996751489,126552765.0
1058,Japan,2022-12-15,168491.0,277.0,347.778,48.2,27.049,18.493,0.0879934138782437,-0.078125,-0.028251300855966426,0.01317538064320158,0.022260358664384586,0.07494716204129426,0.19999999999999998,1.0,0.92,0.0877097996751489,126552765.0
1059,Japan,2022-12-16,153602.0,259.0,347.778,48.2,27.049,18.493,0.0879934138782437,-0.078125,-0.028251300855966426,0.01317538064320158,0.022260358664384586,0.07494716204129426,0.19999999999999998,1.0,0.92,0.0877097996751489,126552765.0
1060,Japan,2022-12-17,158383.0,264.0,347.778,48.2,27.049,18.493,0.0879934138782437,-0.078125,-0.028251300855966426,0.01317538064320158,0.022260358664384586,0.07494716204129426,0.19999999999999998,1.0,0.92,0.0877097996751489,126552765.0
1061,Japan,2022-12-18,136237.0,232.0,347.778,48.2,27.049,18.493,0.0879934138782437,-0.078125,-0.028251300855966426,0.01317538064320158,0.022260358664384586,0.07494716204129426,0.19999999999999998,1.0,0.92,0.0877097996751489,126552765.0
1062,Japan,2022-12-19,70921.0,180.0,347.778,48.2,27.049,18.493,0.0879934138782437,-0.078125,-0.028251300855966426,0.01317538064320158,0.022260358664384586,0.07494716204129426,0.19999999999999998,1.0,0.92,0.0877097996751489,126552765.0
1063,Japan,2022-12-20,187070.0,231.0,347.778,48.2,27.049,18.493,0.0879934138782437,-0.078125,-0.028251300855966426,0.01317538064320158,0.022260358664384586,0.07494716204129426,0.19999999999999998,1.0,0.92,0.0877097996751489,126552765.0
1064,Japan,2022-12-21,206943.0,296.0,347.778,48.2,27.049,18.493,0.0879934138782437,-0.078125,-0.028251300855966426,0.01317538064320158,0.022260358664384586,0.07494716204129426,0.19999999999999998,1.0,0.92,0.0877097996751489,126552765.0
1065,Japan,2022-12-22,184375.0,339.0,347.778,48.2,27.049,18.493,0.0879934138782437,-0.078125,-0.028251300855966426,0.01317538064320158,0.022260358664384586,0.07494716204129426,0.19999999999999998,1.0,0.92,0.0877097996751489,126552765.0
1066,Japan,2022-12-23,173336.0,315.0,347.778,48.2,27.049,18.493,0.0879934138782437,-0.078125,-0.028251300855966426,0.01317538064320158,0.022260358664384586,0.07494716204129426,0.19999999999999998,1.0,0.92,0.0877097996751489,126552765.0
1067,Japan,2022-12-24,177622.0,339.0,347.778,48.2,27.049,18.493,0.0879934138782437,-0.078125,-0.028251300855966426,0.01317538064320158,0.022260358664384586,0.07494716204129426,0.19999999999999998,1.0,0.92,0.0877097996751489,126552765.0
1068,Japan,2022-12-25,149665.0,306.0,347.778,48.2,27.049,18.493,0.0879934138782437,-0.078125,-0.028251300855966426,0.01317538064320158,0.022260358664384586,0.07494716204129426,0.19999999999999998,1.0,0.92,0.0877097996751489,126552765.0
1069,Japan,2022-12-26,77256.0,217.0,347.778,48.2,27.049,18.493,0.0879934138782437,-0.078125,-0.028251300855966426,0.01317538064320158,0.022260358664384586,0.07494716204129426,0.19999999999999998,1.0,0.92,0.0877097996751489,126552765.0
1070,Japan,2022-12-27,204343.0,271.0,347.778,48.2,27.049,18.493,0.0879934138782437,-0.078125,-0.028251300855966426,0.01317538064320158,0.022260358664384586,0.07494716204129426,0.19999999999999998,1.0,0.92,0.0877097996751489,126552765.0
1071,Japan,2022-12-28,216219.0,415.0,347.778,48.2,27.049,18.493,0.0879934138782437,-0.078125,-0.028251300855966426,0.01317538064320158,0.022260358664384586,0.07494716204129426,0.19999999999999998,1.0,0.92,0.0877097996751489,126552765.0
1072,Japan,2022-12-29,192063.0,420.0,347.778,48.2,27.049,18.493,0.0879934138782437,-0.078125,-0.028251300855966426,0.01317538064320158,0.022260358664384586,0.07494716204129426,0.19999999999999998,1.0,0.92,0.0877097996751489,126552765.0
1073,Japan,2022-12-30,148784.0,326.0,347.778,48.2,27.049,18.493,0.0879934138782437,-0.078125,-0.028251300855966426,0.01317538064320158,0.022260358664384586,0.07494716204129426,0.19999999999999998,1.0,0.92,0.0877097996751489,126552765.0
1074,Japan,2022-12-31,107465.0,292.0,347.778,48.2,27.049,18.493,0.0879934138782437,-0.078125,-0.028251300855966426,0.01317538064320158,0.022260358664384586,0.07494716204129426,0.19999999999999998,1.0,0.92,0.0877097996751489,126552765.0
1075,Japan,2023-01-01,86924.0,247.0,347.778,48.2,27.049,18.493,0.0879934138782437,-0.078125,-0.028251300855966426,0.01317538064320158,0.022260358664384586,0.07494716204129426,0.19999999999999998,1.0,0.92,0.0877097996751489,126552765.0
1076,Japan,2023-01-02,76264.0,208.0,347.778,48.2,27.049,18.493,0.0879934138782437,-0.078125,-0.028251300855966426,0.01317538064320158,0.022260358664384586,0.07494716204129426,0.19999999999999998,1.0,0.92,0.0877097996751489,126552765.0
1077,Japan,2023-01-03,91904.0,223.0,347.778,48.2,27.049,18.493,0.0879934138782437,-0.078125,-0.028251300855966426,0.01317538064320158,0.022260358664384586,0.07494716204129426,0.19999999999999998,1.0,0.92,0.0877097996751489,126552765.0
1078,Japan,2023-01-04,104304.0,218.0,347.778,48.2,27.049,18.493,0.0879934138782437,-0.078125,-0.028251300855966426,0.01317538064320158,0.022260358664384586,0.07494716204129426,0.19999999999999998,1.0,0.92,0.0877097996751489,126552765.0
1079,Japan,2023-01-05,226904.0,334.0,347.778,48.2,27.049,18.493,0.0879934138782437,-0.078125,-0.028251300855966426,0.01317538064320158,0.022260358664384586,0.07494716204129426,0.19999999999999998,1.0,0.92,0.0877097996751489,126552765.0
1080,Japan,2023-01-06,245542.0,456.0,347.778,48.2,27.049,18.493,0.0879934138782437,-0.078125,-0.028251300855966426,0.01317538064320158,0.022260358664384586,0.07494716204129426,0.19999999999999998,1.0,0.92,0.0877097996751489,126552765.0
1081,Japan,2023-01-07,238654.0,463.0,347.778,48.2,27.049,18.493,0.0879934138782437,-0.078125,-0.028251300855966426,0.01317538064320158,0.022260358664384586,0.07494716204129426,0.19999999999999998,1.0,0.92,0.0877097996751489,126552765.0
1082,Japan,2023-01-08,190538.0,407.0,347.778,48.2,27.049,18.493,0.0879934138782437,-0.078125,-0.028251300855966426,0.01317538064320158,0.022260358664384586,0.07494716204129426,0.19999999999999998,1.0,0.92,0.0877097996751489,126552765.0
1083,Japan,2023-01-09,95308.0,336.0,347.778,48.2,27.049,18.493,0.0879934138782437,-0.078125,-0.028251300855966426,0.01317538064320158,0.022260358664384586,0.07494716204129426,0.19999999999999998,1.0,0.92,0.0877097996751489,126552765.0
1084,Japan,2023-01-10,78982.0,253.0,347.778,48.2,27.049,18.493,0.0879934138782437,-0.078125,-0.028251300855966426,0.01317538064320158,0.022260358664384586,0.07494716204129426,0.19999999999999998,1.0,0.92,0.0877097996751489,126552765.0
1085,Japan,2023-01-11,198873.0,381.0,347.778,48.2,27.049,18.493,0.0879934138782437,-0.078125,-0.028251300855966426,0.01317538064320158,0.022260358664384586,0.07494716204129426,0.19999999999999998,1.0,0.92,0.0877097996751489,126552765.0
1086,Japan,2023-01-12,185472.0,489.0,347.778,48.2,27.049,18.493,0.0879934138782437,-0.078125,-0.028251300855966426,0.01317538064320158,0.022260358664384586,0.07494716204129426,0.19999999999999998,1.0,0.92,0.0877097996751489,126552765.0
1087,Japan,2023-01-13,144077.0,480.0,347.778,48.2,27.049,18.493,0.0879934138782437,-0.078125,-0.028251300855966426,0.01317538064320158,0.022260358664384586,0.07494716204129426,0.19999999999999998,1.0,0.92,0.0877097996751489,126552765.0
1088,Japan,2023-01-14,132071.0,503.0,347.778,48.2,27.049,18.493,0.0879934138782437,-0.078125,-0.028251300855966426,0.01317538064320158,0.022260358664384586,0.07494716204129426,0.19999999999999998,1.0,0.92,0.0877097996751489,126552765.0
1089,Japan,2023-01-15,108281.0,415.0,347.778,48.2,27.049,18.493,0.0879934138782437,-0.078125,-0.028251300855966426,0.01317538064320158,0.022260358664384586,0.07494716204129426,0.19999999999999998,1.0,0.92,0.0877097996751489,126552765.0
1090,Japan,2023-01-16,54378.0,284.0,347.778,48.2,27.049,18.493,0.0879934138782437,-0.078125,-0.028251300855966426,0.01317538064320158,0.022260358664384586,0.07494716204129426,0.19999999999999998,1.0,0.92,0.0877097996751489,126552765.0
1091,Japan,2023-01-17,126799.0,357.0,347.778,48.2,27.049,18.493,0.0879934138782437,-0.078125,-0.028251300855966426,0.01317538064320158,0.022260358664384586,0.07494716204129426,0.19999999999999998,1.0,0.92,0.0877097996751489,126552765.0
1092,Japan,2023-01-18,125108.0,449.0,347.778,48.2,27.049,18.493,0.0879934138782437,-0.078125,-0.028251300855966426,0.01317538064320158,0.022260358664384586,0.07494716204129426,0.19999999999999998,1.0,0.92,0.0877097996751489,126552765.0
1093,Japan,2023-01-19,96392.0,451.0,347.778,48.2,27.049,18.493,0.0879934138782437,-0.078125,-0.028251300855966426,0.01317538064320158,0.022260358664384586,0.07494716204129426,0.19999999999999998,1.0,0.92,0.0877097996751489,126552765.0
1094,Japan,2023-01-20,82614.0,425.0,347.778,48.2,27.049,18.493,0.0879934138782437,-0.078125,-0.028251300855966426,0.01317538064320158,0.022260358664384586,0.07494716204129426,0.19999999999999998,1.0,0.92,0.0877097996751489,126552765.0
1095,Japan,2023-01-21,78954.0,398.0,347.778,48.2,27.049,18.493,0.0879934138782437,-0.078125,-0.028251300855966426,0.01317538064320158,0.022260358664384586,0.07494716204129426,0.19999999999999998,1.0,0.92,0.0877097996751489,126552765.0
1096,Japan,2023-01-22,64450.0,326.0,347.778,48.2,27.049,18.493,0.0879934138782437,-0.078125,-0.028251300855966426,0.01317538064320158,0.022260358664384586,0.07494716204129426,0.19999999999999998,1.0,0.92,0.0877097996751489,126552765.0
1097,Japan,2023-01-23,32571.0,253.0,347.778,48.2,27.049,18.493,0.0879934138782437,-0.078125,-0.028251300855966426,0.01317538064320158,0.022260358664384586,0.07494716204129426,0.19999999999999998,1.0,0.92,0.0877097996751489,126552765.0
1098,Japan,2023-01-24,93801.0,307.0,347.778,48.2,27.049,18.493,0.0879934138782437,-0.078125,-0.028251300855966426,0.01317538064320158,0.022260358664384586,0.07494716204129426,0.19999999999999998,1.0,0.92,0.0877097996751489,126552765.0
1099,Japan,2023-01-25,79354.0,368.0,347.778,48.2,27.049,18.493,0.0879934138782437,-0.078125,-0.028251300855966426,0.01317538064320158,0.022260358664384586,0.07494716204129426,0.19999999999999998,1.0,0.92,0.0877097996751489,126552765.0
1100,Japan,2023-01-26,59885.0,410.0,347.778,48.2,27.049,18.493,0.0879934138782437,-0.078125,-0.028251300855966426,0.01317538064320158,0.022260358664384586,0.07494716204129426,0.19999999999999998,1.0,0.92,0.0877097996751489,126552765.0
1101,Japan,2023-01-27,53911.0,343.0,347.778,48.2,27.049,18.493,0.0879934138782437,-0.078125,-0.028251300855966426,0.01317538064320158,0.022260358664384586,0.07494716204129426,0.19999999999999998,1.0,0.92,0.0877097996751489,126552765.0
1102,Japan,2023-01-28,54782.0,338.0,347.778,48.2,27.049,18.493,0.0879934138782437,-0.078125,-0.028251300855966426,0.01317538064320158,0.022260358664384586,0.07494716204129426,0.19999999999999998,1.0,0.92,0.0877097996751489,126552765.0
1103,Japan,2023-01-29,44729.0,251.0,347.778,48.2,27.049,18.493,0.0879934138782437,-0.078125,-0.028251300855966426,0.01317538064320158,0.022260358664384586,0.07494716204129426,0.19999999999999998,1.0,0.92,0.0877097996751489,126552765.0
1104,Japan,2023-01-30,21426.0,206.0,347.778,48.2,27.049,18.493,0.0879934138782437,-0.078125,-0.028251300855966426,0.01317538064320158,0.022260358664384586,0.07494716204129426,0.19999999999999998,1.0,0.92,0.0877097996751489,126552765.0
1105,Japan,2023-01-31,47118.0,246.0,347.778,48.2,27.049,18.493,0.0879934138782437,-0.078125,-0.028251300855966426,0.01317538064320158,0.022260358664384586,0.07494716204129426,0.19999999999999998,1.0,0.92,0.0877097996751489,126552765.0
1106,Japan,2023-02-01,55537.0,308.0,347.778,48.2,27.049,18.493,0.0879934138782437,-0.078125,-0.028251300855966426,0.01317538064320158,0.022260358664384586,0.07494716204129426,0.19999999999999998,1.0,0.92,0.0877097996751489,126552765.0
1107,Japan,2023-02-02,45299.0,397.0,347.778,48.2,27.049,18.493,0.0879934138782437,-0.078125,-0.028251300855966426,0.01317538064320158,0.022260358664384586,0.07494716204129426,0.19999999999999998,1.0,0.92,0.0877097996751489,126552765.0
1108,Japan,2023-02-03,39924.0,237.0,347.778,48.2,27.049,18.493,0.0879934138782437,-0.078125,-0.028251300855966426,0.01317538064320158,0.022260358664384586,0.07494716204129426,0.19999999999999998,1.0,0.92,0.0877097996751489,126552765.0
1109,Japan,2023-02-04,38581.0,256.0,347.778,48.2,27.049,18.493,0.0879934138782437,-0.078125,-0.028251300855966426,0.01317538064320158,0.022260358664384586,0.07494716204129426,0.19999999999999998,1.0,0.92,0.0877097996751489,126552765.0
1110,Japan,2023-02-05,32459.0,188.0,347.778,48.2,27.049,18.493,0.0879934138782437,-0.078125,-0.028251300855966426,0.01317538064320158,0.022260358664384586,0.07494716204129426,0.19999999999999998,1.0,0.92,0.0877097996751489,126552765.0
1111,Japan,2023-02-06,15612.0,124.0,347.778,48.2,27.049,18.493,0.0879934138782437,-0.078125,-0.028251300855966426,0.01317538064320158,0.022260358664384586,0.07494716204129426,0.19999999999999998,1.0,0.92,0.0877097996751489,126552765.0
1112,Japan,2023-02-07,44755.0,161.0,347.778,48.2,27.049,18.493,0.0879934138782437,-0.078125,-0.028251300855966426,0.01317538064320158,0.022260358664384586,0.07494716204129426,0.19999999999999998,1.0,0.92,0.0877097996751489,126552765.0
1113,Japan,2023-02-08,41584.0,200.0,347.778,48.2,27.049,18.493,0.0879934138782437,-0.078125,-0.028251300855966426,0.01317538064320158,0.022260358664384586,0.07494716204129426,0.19999999999999998,1.0,0.92,0.0877097996751489,126552765.0
1114,Japan,2023-02-09,32969.0,223.0,347.778,48.2,27.049,18.493,0.0879934138782437,-0.078125,-0.028251300855966426,0.01317538064320158,0.022260358664384586,0.07494716204129426,0.19999999999999998,1.0,0.92,0.0877097996751489,126552765.0
1115,Japan,2023-02-10,28615.0,192.0,347.778,48.2,27.049,18.493,0.0879934138782437,-0.078125,-0.028251300855966426,0.01317538064320158,0.022260358664384586,0.07494716204129426,0.19999999999999998,1.0,0.92,0.0877097996751489,126552765.0
1116,Japan,2023-02-11,27371.0,181.0,347.778,48.2,27.049,18.493,0.0879934138782437,-0.078125,-0.028251300855966426,0.01317538064320158,0.022260358664384586,0.07494716204129426,0.19999999999999998,1.0,0.92,0.0877097996751489,126552765.0
1117,Japan,2023-02-12,13740.0,137.0,347.778,48.2,27.049,18.493,0.0879934138782437,-0.078125,-0.028251300855966426,0.01317538064320158,0.022260358664384586,0.07494716204129426,0.19999999999999998,1.0,0.92,0.0877097996751489,126552765.0
1118,Japan,2023-02-13,9423.0,93.0,347.778,48.2,27.049,18.493,0.0879934138782437,-0.078125,-0.028251300855966426,0.01317538064320158,0.022260358664384586,0.07494716204129426,0.19999999999999998,1.0,0.92,0.0877097996751489,126552765.0
1119,Japan,2023-02-14,32070.0,135.0,347.778,48.2,27.049,18.493,0.0879934138782437,-0.078125,-0.028251300855966426,0.01317538064320158,0.022260358664384586,0.07494716204129426,0.19999999999999998,1.0,0.92,0.0877097996751489,126552765.0
1120,Japan,2023-02-15,28772.0,213.0,347.778,48.2,27.049,18.493,0.0879934138782437,-0.078125,-0.028251300855966426,0.01317538064320158,0.022260358664384586,0.07494716204129426,0.19999999999999998,1.0,0.92,0.0877097996751489,126552765.0
1121,Japan,2023-02-16,21347.0,172.0,347.778,48.2,27.049,18.493,0.0879934138782437,-0.078125,-0.028251300855966426,0.01317538064320158,0.022260358664384586,0.07494716204129426,0.19999999999999998,1.0,0.92,0.0877097996751489,126552765.0
1122,Japan,2023-02-17,18606.0,141.0,347.778,48.2,27.049,18.493,0.0879934138782437,-0.078125,-0.028251300855966426,0.01317538064320158,0.022260358664384586,0.07494716204129426,0.19999999999999998,1.0,0.92,0.0877097996751489,126552765.0
1123,Japan,2023-02-18,17124.0,130.0,347.778,48.2,27.049,18.493,0.0879934138782437,-0.078125,-0.028251300855966426,0.01317538064320158,0.022260358664384586,0.07494716204129426,0.19999999999999998,1.0,0.92,0.0877097996751489,126552765.0
1124,Japan,2023-02-19,14239.0,107.0,347.778,48.2,27.049,18.493,0.0879934138782437,-0.078125,-0.028251300855966426,0.01317538064320158,0.022260358664384586,0.07494716204129426,0.19999999999999998,1.0,0.92,0.0877097996751489,126552765.0
1125,Japan,2023-02-20,7020.0,51.0,347.778,48.2,27.049,18.493,0.0879934138782437,-0.078125,-0.028251300855966426,0.01317538064320158,0.022260358664384586,0.07494716204129426,0.19999999999999998,1.0,0.92,0.0877097996751489,126552765.0
1126,Japan,2023-02-21,19410.0,72.0,347.778,48.2,27.049,18.493,0.0879934138782437,-0.078125,-0.028251300855966426,0.01317538064320158,0.022260358664384586,0.07494716204129426,0.19999999999999998,1.0,0.92,0.0877097996751489,126552765.0
1127,Japan,2023-02-22,18654.0,114.0,347.778,48.2,27.049,18.493,0.0879934138782437,-0.078125,-0.028251300855966426,0.01317538064320158,0.022260358664384586,0.07494716204129426,0.19999999999999998,1.0,0.92,0.0877097996751489,126552765.0
1128,Japan,2023-02-23,15193.0,128.0,347.778,48.2,27.049,18.493,0.0879934138782437,-0.078125,-0.028251300855966426,0.01317538064320158,0.022260358664384586,0.07494716204129426,0.19999999999999998,1.0,0.92,0.0877097996751489,126552765.0
1129,Japan,2023-02-24,6512.0,83.0,347.778,48.2,27.049,18.493,0.0879934138782437,-0.078125,-0.028251300855966426,0.01317538064320158,0.022260358664384586,0.07494716204129426,0.19999999999999998,1.0,0.92,0.0877097996751489,126552765.0
1130,Japan,2023-02-25,14846.0,72.0,347.778,48.2,27.049,18.493,0.0879934138782437,-0.078125,-0.028251300855966426,0.01317538064320158,0.022260358664384586,0.07494716204129426,0.19999999999999998,1.0,0.92,0.0877097996751489,126552765.0
1131,Japan,2023-02-26,12399.0,62.0,347.778,48.2,27.049,18.493,0.0879934138782437,-0.078125,-0.028251300855966426,0.01317538064320158,0.022260358664384586,0.07494716204129426,0.19999999999999998,1.0,0.92,0.0877097996751489,126552765.0
1132,Japan,2023-02-27,5330.0,52.0,347.778,48.2,27.049,18.493,0.0879934138782437,-0.078125,-0.028251300855966426,0.01317538064320158,0.022260358664384586,0.07494716204129426,0.19999999999999998,1.0,0.92,0.0877097996751489,126552765.0
1133,Japan,2023-02-28,14792.0,67.0,347.778,48.2,27.049,18.493,0.0879934138782437,-0.078125,-0.028251300855966426,0.01317538064320158,0.022260358664384586,0.07494716204129426,0.19999999999999998,1.0,0.92,0.0877097996751489,126552765.0
1134,Japan,2023-03-01,13950.0,99.0,347.778,48.2,27.049,18.493,0.0879934138782437,-0.078125,-0.028251300855966426,0.01317538064320158,0.022260358664384586,0.07494716204129426,0.19999999999999998,1.0,0.92,0.0877097996751489,126552765.0
1135,Japan,2023-03-02,11506.0,87.0,347.778,48.2,27.049,18.493,0.0879934138782437,-0.078125,-0.028251300855966426,0.01317538064320158,0.022260358664384586,0.07494716204129426,0.19999999999999998,1.0,0.92,0.0877097996751489,126552765.0
1136,Japan,2023-03-03,10522.0,67.0,347.778,48.2,27.049,18.493,0.0879934138782437,-0.078125,-0.028251300855966426,0.01317538064320158,0.022260358664384586,0.07494716204129426,0.19999999999999998,1.0,0.92,0.0877097996751489,126552765.0
1137,Japan,2023-03-04,10431.0,81.0,347.778,48.2,27.049,18.493,0.0879934138782437,-0.078125,-0.028251300855966426,0.01317538064320158,0.022260358664384586,0.07494716204129426,0.19999999999999998,1.0,0.92,0.0877097996751489,126552765.0
1138,Japan,2023-03-05,8731.0,50.0,347.778,48.2,27.049,18.493,0.0879934138782437,-0.078125,-0.028251300855966426,0.01317538064320158,0.022260358664384586,0.07494716204129426,0.19999999999999998,1.0,0.92,0.0877097996751489,126552765.0
1139,Japan,2023-03-06,4263.0,34.0,347.778,48.2,27.049,18.493,0.0879934138782437,-0.078125,-0.028251300855966426,0.01317538064320158,0.022260358664384586,0.07494716204129426,0.19999999999999998,1.0,0.92,0.0877097996751489,126552765.0
1140,Japan,2023-03-07,12166.0,35.0,347.778,48.2,27.049,18.493,0.0879934138782437,-0.078125,-0.028251300855966426,0.01317538064320158,0.022260358664384586,0.07494716204129426,0.19999999999999998,1.0,0.92,0.0877097996751489,126552765.0
