,country,date,confirmed,fatalities,population_density,median_age,aged_65_older,aged_70_older,population,yearly_change,net_change,density,land_area,migrants,rert_rate,med_age,urban_pop,world_share,r_population
48,Russia,2020-03-19,52.0,1.0,8.823,39.6,14.178,9.393,0.10146104527921787,0.010416666666666668,0.004578471292846623,0.00034172456999658277,1.0,0.19109222187543856,0.2571428571428572,0.8333333333333334,0.74,0.10124526258798051,145922010.0
49,Russia,2020-03-20,54.0,0.0,8.823,39.6,14.178,9.393,0.10146104527921787,0.010416666666666668,0.004578471292846623,0.00034172456999658277,1.0,0.19109222187543856,0.2571428571428572,0.8333333333333334,0.74,0.10124526258798051,145922010.0
50,Russia,2020-03-21,53.0,0.0,8.823,39.6,14.178,9.393,0.10146104527921787,0.010416666666666668,0.004578471292846623,0.00034172456999658277,1.0,0.19109222187543856,0.2571428571428572,0.8333333333333334,0.74,0.10124526258798051,145922010.0
51,Russia,2020-03-22,61.0,0.0,8.823,39.6,14.178,9.393,0.10146104527921787,0.010416666666666668,0.004578471292846623,0.00034172456999658277,1.0,0.19109222187543856,0.2571428571428572,0.8333333333333334,0.74,0.10124526258798051,145922010.0
52,Russia,2020-03-23,71.0,0.0,8.823,39.6,14.178,9.393,0.10146104527921787,0.010416666666666668,0.004578471292846623,0.00034172456999658277,1.0,0.19109222187543856,0.2571428571428572,0.8333333333333334,0.74,0.10124526258798051,145922010.0
53,Russia,2020-03-24,57.0,0.0,8.823,39.6,14.178,9.393,0.10146104527921787,0.010416666666666668,0.004578471292846623,0.00034172456999658277,1.0,0.19109222187543856,0.2571428571428572,0.8333333333333334,0.74,0.10124526258798051,145922010.0
54,Russia,2020-03-25,163.0,2.0,8.823,39.6,14.178,9.393,0.10146104527921787,0.010416666666666668,0.004578471292846623,0.00034172456999658277,1.0,0.19109222187543856,0.2571428571428572,0.8333333333333334,0.74,0.10124526258798051,145922010.0
55,Russia,2020-03-26,182.0,0.0,8.823,39.6,14.178,9.393,0.10146104527921787,0.010416666666666668,0.004578471292846623,0.00034172456999658277,1.0,0.19109222187543856,0.2571428571428572,0.8333333333333334,0.74,0.10124526258798051,145922010.0
56,Russia,2020-03-27,196.0,1.0,8.823,39.6,14.178,9.393,0.10146104527921787,0.010416666666666668,0.004578471292846623,0.00034172456999658277,1.0,0.19109222187543856,0.2571428571428572,0.8333333333333334,0.74,0.10124526258798051,145922010.0
57,Russia,2020-03-28,228.0,0.0,8.823,39.6,14.178,9.393,0.10146104527921787,0.010416666666666668,0.004578471292846623,0.00034172456999658277,1.0,0.19109222187543856,0.2571428571428572,0.8333333333333334,0.74,0.10124526258798051,145922010.0
58,Russia,2020-03-29,270.0,4.0,8.823,39.6,14.178,9.393,0.10146104527921787,0.010416666666666668,0.004578471292846623,0.00034172456999658277,1.0,0.19109222187543856,0.2571428571428572,0.8333333333333334,0.74,0.10124526258798051,145922010.0
59,Russia,2020-03-30,302.0,1.0,8.823,39.6,14.178,9.393,0.10146104527921787,0.010416666666666668,0.004578471292846623,0.00034172456999658277,1.0,0.19109222187543856,0.2571428571428572,0.8333333333333334,0.74,0.10124526258798051,145922010.0
60,Russia,2020-03-31,501.0,8.0,8.823,39.6,14.178,9.393,0.10146104527921787,0.010416666666666668,0.004578471292846623,0.00034172456999658277,1.0,0.19109222187543856,0.2571428571428572,0.8333333333333334,0.74,0.10124526258798051,145922010.0
61,Russia,2020-04-01,440.0,7.0,8.823,39.6,14.178,9.393,0.10146104527921787,0.010416666666666668,0.004578471292846623,0.00034172456999658277,1.0,0.19109222187543856,0.2571428571428572,0.8333333333333334,0.74,0.10124526258798051,145922010.0
62,Russia,2020-04-02,771.0,6.0,8.823,39.6,14.178,9.393,0.10146104527921787,0.010416666666666668,0.004578471292846623,0.00034172456999658277,1.0,0.19109222187543856,0.2571428571428572,0.8333333333333334,0.74,0.10124526258798051,145922010.0
63,Russia,2020-04-03,601.0,4.0,8.823,39.6,14.178,9.393,0.10146104527921787,0.010416666666666668,0.004578471292846623,0.00034172456999658277,1.0,0.19109222187543856,0.2571428571428572,0.8333333333333334,0.74,0.10124526258798051,145922010.0
64,Russia,2020-04-04,582.0,9.0,8.823,39.6,14.178,9.393,0.10146104527921787,0.010416666666666668,0.004578471292846623,0.00034172456999658277,1.0,0.19109222187543856,0.2571428571428572,0.8333333333333334,0.74,0.10124526258798051,145922010.0
65,Russia,2020-04-05,658.0,2.0,8.823,39.6,14.178,9.393,0.10146104527921787,0.010416666666666668,0.004578471292846623,0.00034172456999658277,1.0,0.19109222187543856,0.2571428571428572,0.8333333333333334,0.74,0.10124526258798051,145922010.0
66,Russia,2020-04-06,954.0,2.0,8.823,39.6,14.178,9.393,0.10146104527921787,0.010416666666666668,0.004578471292846623,0.00034172456999658277,1.0,0.19109222187543856,0.2571428571428572,0.8333333333333334,0.74,0.10124526258798051,145922010.0
67,Russia,2020-04-07,1154.0,11.0,8.823,39.6,14.178,9.393,0.10146104527921787,0.010416666666666668,0.004578471292846623,0.00034172456999658277,1.0,0.19109222187543856,0.2571428571428572,0.8333333333333334,0.74,0.10124526258798051,145922010.0
68,Russia,2020-04-08,1175.0,5.0,8.823,39.6,14.178,9.393,0.10146104527921787,0.010416666666666668,0.004578471292846623,0.00034172456999658277,1.0,0.19109222187543856,0.2571428571428572,0.8333333333333334,0.74,0.10124526258798051,145922010.0
69,Russia,2020-04-09,1459.0,13.0,8.823,39.6,14.178,9.393,0.10146104527921787,0.010416666666666668,0.004578471292846623,0.00034172456999658277,1.0,0.19109222187543856,0.2571428571428572,0.8333333333333334,0.74,0.10124526258798051,145922010.0
70,Russia,2020-04-10,1786.0,18.0,8.823,39.6,14.178,9.393,0.10146104527921787,0.010416666666666668,0.004578471292846623,0.00034172456999658277,1.0,0.19109222187543856,0.2571428571428572,0.8333333333333334,0.74,0.10124526258798051,145922010.0
71,Russia,2020-04-11,1667.0,12.0,8.823,39.6,14.178,9.393,0.10146104527921787,0.010416666666666668,0.004578471292846623,0.00034172456999658277,1.0,0.19109222187543856,0.2571428571428572,0.8333333333333334,0.74,0.10124526258798051,145922010.0
72,Russia,2020-04-12,2186.0,24.0,8.823,39.6,14.178,9.393,0.10146104527921787,0.010416666666666668,0.004578471292846623,0.00034172456999658277,1.0,0.19109222187543856,0.2571428571428572,0.8333333333333334,0.74,0.10124526258798051,145922010.0
73,Russia,2020-04-13,2558.0,18.0,8.823,39.6,14.178,9.393,0.10146104527921787,0.010416666666666668,0.004578471292846623,0.00034172456999658277,1.0,0.19109222187543856,0.2571428571428572,0.8333333333333334,0.74,0.10124526258798051,145922010.0
74,Russia,2020-04-14,2774.0,22.0,8.823,39.6,14.178,9.393,0.10146104527921787,0.010416666666666668,0.004578471292846623,0.00034172456999658277,1.0,0.19109222187543856,0.2571428571428572,0.8333333333333334,0.74,0.10124526258798051,145922010.0
75,Russia,2020-04-15,3388.0,28.0,8.823,39.6,14.178,9.393,0.10146104527921787,0.010416666666666668,0.004578471292846623,0.00034172456999658277,1.0,0.19109222187543856,0.2571428571428572,0.8333333333333334,0.74,0.10124526258798051,145922010.0
76,Russia,2020-04-16,3448.0,34.0,8.823,39.6,14.178,9.393,0.10146104527921787,0.010416666666666668,0.004578471292846623,0.00034172456999658277,1.0,0.19109222187543856,0.2571428571428572,0.8333333333333334,0.74,0.10124526258798051,145922010.0
77,Russia,2020-04-17,4070.0,41.0,8.823,39.6,14.178,9.393,0.10146104527921787,0.010416666666666668,0.004578471292846623,0.00034172456999658277,1.0,0.19109222187543856,0.2571428571428572,0.8333333333333334,0.74,0.10124526258798051,145922010.0
78,Russia,2020-04-18,4785.0,40.0,8.823,39.6,14.178,9.393,0.10146104527921787,0.010416666666666668,0.004578471292846623,0.00034172456999658277,1.0,0.19109222187543856,0.2571428571428572,0.8333333333333334,0.74,0.10124526258798051,145922010.0
79,Russia,2020-04-19,6060.0,48.0,8.823,39.6,14.178,9.393,0.10146104527921787,0.010416666666666668,0.004578471292846623,0.00034172456999658277,1.0,0.19109222187543856,0.2571428571428572,0.8333333333333334,0.74,0.10124526258798051,145922010.0
80,Russia,2020-04-20,4268.0,44.0,8.823,39.6,14.178,9.393,0.10146104527921787,0.010416666666666668,0.004578471292846623,0.00034172456999658277,1.0,0.19109222187543856,0.2571428571428572,0.8333333333333334,0.74,0.10124526258798051,145922010.0
81,Russia,2020-04-21,5642.0,51.0,8.823,39.6,14.178,9.393,0.10146104527921787,0.010416666666666668,0.004578471292846623,0.00034172456999658277,1.0,0.19109222187543856,0.2571428571428572,0.8333333333333334,0.74,0.10124526258798051,145922010.0
82,Russia,2020-04-22,5236.0,57.0,8.823,39.6,14.178,9.393,0.10146104527921787,0.010416666666666668,0.004578471292846623,0.00034172456999658277,1.0,0.19109222187543856,0.2571428571428572,0.8333333333333334,0.74,0.10124526258798051,145922010.0
83,Russia,2020-04-23,4774.0,42.0,8.823,39.6,14.178,9.393,0.10146104527921787,0.010416666666666668,0.004578471292846623,0.00034172456999658277,1.0,0.19109222187543856,0.2571428571428572,0.8333333333333334,0.74,0.10124526258798051,145922010.0
84,Russia,2020-04-24,5849.0,60.0,8.823,39.6,14.178,9.393,0.10146104527921787,0.010416666666666668,0.004578471292846623,0.00034172456999658277,1.0,0.19109222187543856,0.2571428571428572,0.8333333333333334,0.74,0.10124526258798051,145922010.0
85,Russia,2020-04-25,5966.0,66.0,8.823,39.6,14.178,9.393,0.10146104527921787,0.010416666666666668,0.004578471292846623,0.00034172456999658277,1.0,0.19109222187543856,0.2571428571428572,0.8333333333333334,0.74,0.10124526258798051,145922010.0
86,Russia,2020-04-26,6361.0,66.0,8.823,39.6,14.178,9.393,0.10146104527921787,0.010416666666666668,0.004578471292846623,0.00034172456999658277,1.0,0.19109222187543856,0.2571428571428572,0.8333333333333334,0.74,0.10124526258798051,145922010.0
87,Russia,2020-04-27,6198.0,47.0,8.823,39.6,14.178,9.393,0.10146104527921787,0.010416666666666668,0.004578471292846623,0.00034172456999658277,1.0,0.19109222187543856,0.2571428571428572,0.8333333333333334,0.74,0.10124526258798051,145922010.0
88,Russia,2020-04-28,6411.0,73.0,8.823,39.6,14.178,9.393,0.10146104527921787,0.010416666666666668,0.004578471292846623,0.00034172456999658277,1.0,0.19109222187543856,0.2571428571428572,0.8333333333333334,0.74,0.10124526258798051,145922010.0
89,Russia,2020-04-29,5841.0,105.0,8.823,39.6,14.178,9.393,0.10146104527921787,0.010416666666666668,0.004578471292846623,0.00034172456999658277,1.0,0.19109222187543856,0.2571428571428572,0.8333333333333334,0.74,0.10124526258798051,145922010.0
90,Russia,2020-04-30,7099.0,101.0,8.823,39.6,14.178,9.393,0.10146104527921787,0.010416666666666668,0.004578471292846623,0.00034172456999658277,1.0,0.19109222187543856,0.2571428571428572,0.8333333333333334,0.74,0.10124526258798051,145922010.0
91,Russia,2020-05-01,7933.0,96.0,8.823,39.6,14.178,9.393,0.10146104527921787,0.010416666666666668,0.004578471292846623,0.00034172456999658277,1.0,0.19109222187543856,0.2571428571428572,0.8333333333333334,0.74,0.10124526258798051,145922010.0
92,Russia,2020-05-02,9623.0,53.0,8.823,39.6,14.178,9.393,0.10146104527921787,0.010416666666666668,0.004578471292846623,0.00034172456999658277,1.0,0.19109222187543856,0.2571428571428572,0.8333333333333334,0.74,0.10124526258798051,145922010.0
93,Russia,2020-05-03,10633.0,58.0,8.823,39.6,14.178,9.393,0.10146104527921787,0.010416666666666668,0.004578471292846623,0.00034172456999658277,1.0,0.19109222187543856,0.2571428571428572,0.8333333333333334,0.74,0.10124526258798051,145922010.0
94,Russia,2020-05-04,10581.0,76.0,8.823,39.6,14.178,9.393,0.10146104527921787,0.010416666666666668,0.004578471292846623,0.00034172456999658277,1.0,0.19109222187543856,0.2571428571428572,0.8333333333333334,0.74,0.10124526258798051,145922010.0
95,Russia,2020-05-05,10102.0,95.0,8.823,39.6,14.178,9.393,0.10146104527921787,0.010416666666666668,0.004578471292846623,0.00034172456999658277,1.0,0.19109222187543856,0.2571428571428572,0.8333333333333334,0.74,0.10124526258798051,145922010.0
96,Russia,2020-05-06,10559.0,86.0,8.823,39.6,14.178,9.393,0.10146104527921787,0.010416666666666668,0.004578471292846623,0.00034172456999658277,1.0,0.19109222187543856,0.2571428571428572,0.8333333333333334,0.74,0.10124526258798051,145922010.0
97,Russia,2020-05-07,11231.0,88.0,8.823,39.6,14.178,9.393,0.10146104527921787,0.010416666666666668,0.004578471292846623,0.00034172456999658277,1.0,0.19109222187543856,0.2571428571428572,0.8333333333333334,0.74,0.10124526258798051,145922010.0
98,Russia,2020-05-08,10699.0,98.0,8.823,39.6,14.178,9.393,0.10146104527921787,0.010416666666666668,0.004578471292846623,0.00034172456999658277,1.0,0.19109222187543856,0.2571428571428572,0.8333333333333334,0.74,0.10124526258798051,145922010.0
99,Russia,2020-05-09,10817.0,104.0,8.823,39.6,14.178,9.393,0.10146104527921787,0.010416666666666668,0.004578471292846623,0.00034172456999658277,1.0,0.19109222187543856,0.2571428571428572,0.8333333333333334,0.74,0.10124526258798051,145922010.0
100,Russia,2020-05-10,11012.0,88.0,8.823,39.6,14.178,9.393,0.10146104527921787,0.010416666666666668,0.004578471292846623,0.00034172456999658277,1.0,0.19109222187543856,0.2571428571428572,0.8333333333333334,0.74,0.10124526258798051,145922010.0
101,Russia,2020-05-11,11656.0,94.0,8.823,39.6,14.178,9.393,0.10146104527921787,0.010416666666666668,0.004578471292846623,0.00034172456999658277,1.0,0.19109222187543856,0.2571428571428572,0.8333333333333334,0.74,0.10124526258798051,145922010.0
102,Russia,2020-05-12,10899.0,107.0,8.823,39.6,14.178,9.393,0.10146104527921787,0.010416666666666668,0.004578471292846623,0.00034172456999658277,1.0,0.19109222187543856,0.2571428571428572,0.8333333333333334,0.74,0.10124526258798051,145922010.0
103,Russia,2020-05-13,10028.0,96.0,8.823,39.6,14.178,9.393,0.10146104527921787,0.010416666666666668,0.004578471292846623,0.00034172456999658277,1.0,0.19109222187543856,0.2571428571428572,0.8333333333333334,0.74,0.10124526258798051,145922010.0
104,Russia,2020-05-14,9974.0,93.0,8.823,39.6,14.178,9.393,0.10146104527921787,0.010416666666666668,0.004578471292846623,0.00034172456999658277,1.0,0.19109222187543856,0.2571428571428572,0.8333333333333334,0.74,0.10124526258798051,145922010.0
105,Russia,2020-05-15,10598.0,113.0,8.823,39.6,14.178,9.393,0.10146104527921787,0.010416666666666668,0.004578471292846623,0.00034172456999658277,1.0,0.19109222187543856,0.2571428571428572,0.8333333333333334,0.74,0.10124526258798051,145922010.0
106,Russia,2020-05-16,9200.0,119.0,8.823,39.6,14.178,9.393,0.10146104527921787,0.010416666666666668,0.004578471292846623,0.00034172456999658277,1.0,0.19109222187543856,0.2571428571428572,0.8333333333333334,0.74,0.10124526258798051,145922010.0
107,Russia,2020-05-17,9709.0,94.0,8.823,39.6,14.178,9.393,0.10146104527921787,0.010416666666666668,0.004578471292846623,0.00034172456999658277,1.0,0.19109222187543856,0.2571428571428572,0.8333333333333334,0.74,0.10124526258798051,145922010.0
108,Russia,2020-05-18,8926.0,91.0,8.823,39.6,14.178,9.393,0.10146104527921787,0.010416666666666668,0.004578471292846623,0.00034172456999658277,1.0,0.19109222187543856,0.2571428571428572,0.8333333333333334,0.74,0.10124526258798051,145922010.0
109,Russia,2020-05-19,9263.0,115.0,8.823,39.6,14.178,9.393,0.10146104527921787,0.010416666666666668,0.004578471292846623,0.00034172456999658277,1.0,0.19109222187543856,0.2571428571428572,0.8333333333333334,0.74,0.10124526258798051,145922010.0
110,Russia,2020-05-20,8764.0,135.0,8.823,39.6,14.178,9.393,0.10146104527921787,0.010416666666666668,0.004578471292846623,0.00034172456999658277,1.0,0.19109222187543856,0.2571428571428572,0.8333333333333334,0.74,0.10124526258798051,145922010.0
111,Russia,2020-05-21,8849.0,127.0,8.823,39.6,14.178,9.393,0.10146104527921787,0.010416666666666668,0.004578471292846623,0.00034172456999658277,1.0,0.19109222187543856,0.2571428571428572,0.8333333333333334,0.74,0.10124526258798051,145922010.0
112,Russia,2020-05-22,8894.0,150.0,8.823,39.6,14.178,9.393,0.10146104527921787,0.010416666666666668,0.004578471292846623,0.00034172456999658277,1.0,0.19109222187543856,0.2571428571428572,0.8333333333333334,0.74,0.10124526258798051,145922010.0
113,Russia,2020-05-23,9434.0,139.0,8.823,39.6,14.178,9.393,0.10146104527921787,0.010416666666666668,0.004578471292846623,0.00034172456999658277,1.0,0.19109222187543856,0.2571428571428572,0.8333333333333334,0.74,0.10124526258798051,145922010.0
114,Russia,2020-05-24,8599.0,153.0,8.823,39.6,14.178,9.393,0.10146104527921787,0.010416666666666668,0.004578471292846623,0.00034172456999658277,1.0,0.19109222187543856,0.2571428571428572,0.8333333333333334,0.74,0.10124526258798051,145922010.0
115,Russia,2020-05-25,8946.0,92.0,8.823,39.6,14.178,9.393,0.10146104527921787,0.010416666666666668,0.004578471292846623,0.00034172456999658277,1.0,0.19109222187543856,0.2571428571428572,0.8333333333333334,0.74,0.10124526258798051,145922010.0
116,Russia,2020-05-26,8915.0,174.0,8.823,39.6,14.178,9.393,0.10146104527921787,0.010416666666666668,0.004578471292846623,0.00034172456999658277,1.0,0.19109222187543856,0.2571428571428572,0.8333333333333334,0.74,0.10124526258798051,145922010.0
117,Russia,2020-05-27,8338.0,161.0,8.823,39.6,14.178,9.393,0.10146104527921787,0.010416666666666668,0.004578471292846623,0.00034172456999658277,1.0,0.19109222187543856,0.2571428571428572,0.8333333333333334,0.74,0.10124526258798051,145922010.0
118,Russia,2020-05-28,8371.0,174.0,8.823,39.6,14.178,9.393,0.10146104527921787,0.010416666666666668,0.004578471292846623,0.00034172456999658277,1.0,0.19109222187543856,0.2571428571428572,0.8333333333333334,0.74,0.10124526258798051,145922010.0
119,Russia,2020-05-29,8572.0,232.0,8.823,39.6,14.178,9.393,0.10146104527921787,0.010416666666666668,0.004578471292846623,0.00034172456999658277,1.0,0.19109222187543856,0.2571428571428572,0.8333333333333334,0.74,0.10124526258798051,145922010.0
120,Russia,2020-05-30,8952.0,181.0,8.823,39.6,14.178,9.393,0.10146104527921787,0.010416666666666668,0.004578471292846623,0.00034172456999658277,1.0,0.19109222187543856,0.2571428571428572,0.8333333333333334,0.74,0.10124526258798051,145922010.0
121,Russia,2020-05-31,9268.0,138.0,8.823,39.6,14.178,9.393,0.10146104527921787,0.010416666666666668,0.004578471292846623,0.00034172456999658277,1.0,0.19109222187543856,0.2571428571428572,0.8333333333333334,0.74,0.10124526258798051,145922010.0
122,Russia,2020-06-01,8485.0,156.0,8.823,39.6,14.178,9.393,0.10146104527921787,0.010416666666666668,0.004578471292846623,0.00034172456999658277,1.0,0.19109222187543856,0.2571428571428572,0.8333333333333334,0.74,0.10124526258798051,145922010.0
123,Russia,2020-06-02,8858.0,182.0,8.823,39.6,14.178,9.393,0.10146104527921787,0.010416666666666668,0.004578471292846623,0.00034172456999658277,1.0,0.19109222187543856,0.2571428571428572,0.8333333333333334,0.74,0.10124526258798051,145922010.0
124,Russia,2020-06-03,8529.0,177.0,8.823,39.6,14.178,9.393,0.10146104527921787,0.010416666666666668,0.004578471292846623,0.00034172456999658277,1.0,0.19109222187543856,0.2571428571428572,0.8333333333333334,0.74,0.10124526258798051,145922010.0
125,Russia,2020-06-04,8823.0,168.0,8.823,39.6,14.178,9.393,0.10146104527921787,0.010416666666666668,0.004578471292846623,0.00034172456999658277,1.0,0.19109222187543856,0.2571428571428572,0.8333333333333334,0.74,0.10124526258798051,145922010.0
126,Russia,2020-06-05,8718.0,144.0,8.823,39.6,14.178,9.393,0.10146104527921787,0.010416666666666668,0.004578471292846623,0.00034172456999658277,1.0,0.19109222187543856,0.2571428571428572,0.8333333333333334,0.74,0.10124526258798051,145922010.0
127,Russia,2020-06-06,8846.0,197.0,8.823,39.6,14.178,9.393,0.10146104527921787,0.010416666666666668,0.004578471292846623,0.00034172456999658277,1.0,0.19109222187543856,0.2571428571428572,0.8333333333333334,0.74,0.10124526258798051,145922010.0
128,Russia,2020-06-07,8971.0,134.0,8.823,39.6,14.178,9.393,0.10146104527921787,0.010416666666666668,0.004578471292846623,0.00034172456999658277,1.0,0.19109222187543856,0.2571428571428572,0.8333333333333334,0.74,0.10124526258798051,145922010.0
129,Russia,2020-06-08,8970.0,112.0,8.823,39.6,14.178,9.393,0.10146104527921787,0.010416666666666668,0.004578471292846623,0.00034172456999658277,1.0,0.19109222187543856,0.2571428571428572,0.8333333333333334,0.74,0.10124526258798051,145922010.0
130,Russia,2020-06-09,8587.0,171.0,8.823,39.6,14.178,9.393,0.10146104527921787,0.010416666666666668,0.004578471292846623,0.00034172456999658277,1.0,0.19109222187543856,0.2571428571428572,0.8333333333333334,0.74,0.10124526258798051,145922010.0
131,Russia,2020-06-10,8393.0,216.0,8.823,39.6,14.178,9.393,0.10146104527921787,0.010416666666666668,0.004578471292846623,0.00034172456999658277,1.0,0.19109222187543856,0.2571428571428572,0.8333333333333334,0.74,0.10124526258798051,145922010.0
132,Russia,2020-06-11,8777.0,172.0,8.823,39.6,14.178,9.393,0.10146104527921787,0.010416666666666668,0.004578471292846623,0.00034172456999658277,1.0,0.19109222187543856,0.2571428571428572,0.8333333333333334,0.74,0.10124526258798051,145922010.0
133,Russia,2020-06-12,8961.0,183.0,8.823,39.6,14.178,9.393,0.10146104527921787,0.010416666666666668,0.004578471292846623,0.00034172456999658277,1.0,0.19109222187543856,0.2571428571428572,0.8333333333333334,0.74,0.10124526258798051,145922010.0
134,Russia,2020-06-13,8697.0,114.0,8.823,39.6,14.178,9.393,0.10146104527921787,0.010416666666666668,0.004578471292846623,0.00034172456999658277,1.0,0.19109222187543856,0.2571428571428572,0.8333333333333334,0.74,0.10124526258798051,145922010.0
135,Russia,2020-06-14,8809.0,119.0,8.823,39.6,14.178,9.393,0.10146104527921787,0.010416666666666668,0.004578471292846623,0.00034172456999658277,1.0,0.19109222187543856,0.2571428571428572,0.8333333333333334,0.74,0.10124526258798051,145922010.0
136,Russia,2020-06-15,8217.0,143.0,8.823,39.6,14.178,9.393,0.10146104527921787,0.010416666666666668,0.004578471292846623,0.00034172456999658277,1.0,0.19109222187543856,0.2571428571428572,0.8333333333333334,0.74,0.10124526258798051,145922010.0
137,Russia,2020-06-16,8241.0,193.0,8.823,39.6,14.178,9.393,0.10146104527921787,0.010416666666666668,0.004578471292846623,0.00034172456999658277,1.0,0.19109222187543856,0.2571428571428572,0.8333333333333334,0.74,0.10124526258798051,145922010.0
138,Russia,2020-06-17,7824.0,194.0,8.823,39.6,14.178,9.393,0.10146104527921787,0.010416666666666668,0.004578471292846623,0.00034172456999658277,1.0,0.19109222187543856,0.2571428571428572,0.8333333333333334,0.74,0.10124526258798051,145922010.0
139,Russia,2020-06-18,7772.0,182.0,8.823,39.6,14.178,9.393,0.10146104527921787,0.010416666666666668,0.004578471292846623,0.00034172456999658277,1.0,0.19109222187543856,0.2571428571428572,0.8333333333333334,0.74,0.10124526258798051,145922010.0
140,Russia,2020-06-19,7971.0,181.0,8.823,39.6,14.178,9.393,0.10146104527921787,0.010416666666666668,0.004578471292846623,0.00034172456999658277,1.0,0.19109222187543856,0.2571428571428572,0.8333333333333334,0.74,0.10124526258798051,145922010.0
141,Russia,2020-06-20,7870.0,161.0,8.823,39.6,14.178,9.393,0.10146104527921787,0.010416666666666668,0.004578471292846623,0.00034172456999658277,1.0,0.19109222187543856,0.2571428571428572,0.8333333333333334,0.74,0.10124526258798051,145922010.0
142,Russia,2020-06-21,7717.0,109.0,8.823,39.6,14.178,9.393,0.10146104527921787,0.010416666666666668,0.004578471292846623,0.00034172456999658277,1.0,0.19109222187543856,0.2571428571428572,0.8333333333333334,0.74,0.10124526258798051,145922010.0
143,Russia,2020-06-22,7586.0,95.0,8.823,39.6,14.178,9.393,0.10146104527921787,0.010416666666666668,0.004578471292846623,0.00034172456999658277,1.0,0.19109222187543856,0.2571428571428572,0.8333333333333334,0.74,0.10124526258798051,145922010.0
144,Russia,2020-06-23,7413.0,153.0,8.823,39.6,14.178,9.393,0.10146104527921787,0.010416666666666668,0.004578471292846623,0.00034172456999658277,1.0,0.19109222187543856,0.2571428571428572,0.8333333333333334,0.74,0.10124526258798051,145922010.0
145,Russia,2020-06-24,7165.0,154.0,8.823,39.6,14.178,9.393,0.10146104527921787,0.010416666666666668,0.004578471292846623,0.00034172456999658277,1.0,0.19109222187543856,0.2571428571428572,0.8333333333333334,0.74,0.10124526258798051,145922010.0
146,Russia,2020-06-25,7105.0,91.0,8.823,39.6,14.178,9.393,0.10146104527921787,0.010416666666666668,0.004578471292846623,0.00034172456999658277,1.0,0.19109222187543856,0.2571428571428572,0.8333333333333334,0.74,0.10124526258798051,145922010.0
147,Russia,2020-06-26,6788.0,176.0,8.823,39.6,14.178,9.393,0.10146104527921787,0.010416666666666668,0.004578471292846623,0.00034172456999658277,1.0,0.19109222187543856,0.2571428571428572,0.8333333333333334,0.74,0.10124526258798051,145922010.0
148,Russia,2020-06-27,6843.0,188.0,8.823,39.6,14.178,9.393,0.10146104527921787,0.010416666666666668,0.004578471292846623,0.00034172456999658277,1.0,0.19109222187543856,0.2571428571428572,0.8333333333333334,0.74,0.10124526258798051,145922010.0
149,Russia,2020-06-28,6784.0,102.0,8.823,39.6,14.178,9.393,0.10146104527921787,0.010416666666666668,0.004578471292846623,0.00034172456999658277,1.0,0.19109222187543856,0.2571428571428572,0.8333333333333334,0.74,0.10124526258798051,145922010.0
150,Russia,2020-06-29,6683.0,92.0,8.823,39.6,14.178,9.393,0.10146104527921787,0.010416666666666668,0.004578471292846623,0.00034172456999658277,1.0,0.19109222187543856,0.2571428571428572,0.8333333333333334,0.74,0.10124526258798051,145922010.0
151,Russia,2020-06-30,6683.0,154.0,8.823,39.6,14.178,9.393,0.10146104527921787,0.010416666666666668,0.004578471292846623,0.00034172456999658277,1.0,0.19109222187543856,0.2571428571428572,0.8333333333333334,0.74,0.10124526258798051,145922010.0
152,Russia,2020-07-01,6550.0,215.0,8.823,39.6,14.178,9.393,0.10146104527921787,0.010416666666666668,0.004578471292846623,0.00034172456999658277,1.0,0.19109222187543856,0.2571428571428572,0.8333333333333334,0.74,0.10124526258798051,145922010.0
153,Russia,2020-07-02,6752.0,147.0,8.823,39.6,14.178,9.393,0.10146104527921787,0.010416666666666668,0.004578471292846623,0.00034172456999658277,1.0,0.19109222187543856,0.2571428571428572,0.8333333333333334,0.74,0.10124526258798051,145922010.0
154,Russia,2020-07-03,6710.0,176.0,8.823,39.6,14.178,9.393,0.10146104527921787,0.010416666666666668,0.004578471292846623,0.00034172456999658277,1.0,0.19109222187543856,0.2571428571428572,0.8333333333333334,0.74,0.10124526258798051,145922010.0
155,Russia,2020-07-04,6623.0,167.0,8.823,39.6,14.178,9.393,0.10146104527921787,0.010416666666666668,0.004578471292846623,0.00034172456999658277,1.0,0.19109222187543856,0.2571428571428572,0.8333333333333334,0.74,0.10124526258798051,145922010.0
156,Russia,2020-07-05,6719.0,134.0,8.823,39.6,14.178,9.393,0.10146104527921787,0.010416666666666668,0.004578471292846623,0.00034172456999658277,1.0,0.19109222187543856,0.2571428571428572,0.8333333333333334,0.74,0.10124526258798051,145922010.0
157,Russia,2020-07-06,6569.0,135.0,8.823,39.6,14.178,9.393,0.10146104527921787,0.010416666666666668,0.004578471292846623,0.00034172456999658277,1.0,0.19109222187543856,0.2571428571428572,0.8333333333333334,0.74,0.10124526258798051,145922010.0
158,Russia,2020-07-07,6363.0,198.0,8.823,39.6,14.178,9.393,0.10146104527921787,0.010416666666666668,0.004578471292846623,0.00034172456999658277,1.0,0.19109222187543856,0.2571428571428572,0.8333333333333334,0.74,0.10124526258798051,145922010.0
159,Russia,2020-07-08,6534.0,172.0,8.823,39.6,14.178,9.393,0.10146104527921787,0.010416666666666668,0.004578471292846623,0.00034172456999658277,1.0,0.19109222187543856,0.2571428571428572,0.8333333333333334,0.74,0.10124526258798051,145922010.0
160,Russia,2020-07-09,6491.0,176.0,8.823,39.6,14.178,9.393,0.10146104527921787,0.010416666666666668,0.004578471292846623,0.00034172456999658277,1.0,0.19109222187543856,0.2571428571428572,0.8333333333333334,0.74,0.10124526258798051,145922010.0
161,Russia,2020-07-10,6623.0,174.0,8.823,39.6,14.178,9.393,0.10146104527921787,0.010416666666666668,0.004578471292846623,0.00034172456999658277,1.0,0.19109222187543856,0.2571428571428572,0.8333333333333334,0.74,0.10124526258798051,145922010.0
162,Russia,2020-07-11,6586.0,188.0,8.823,39.6,14.178,9.393,0.10146104527921787,0.010416666666666668,0.004578471292846623,0.00034172456999658277,1.0,0.19109222187543856,0.2571428571428572,0.8333333333333334,0.74,0.10124526258798051,145922010.0
163,Russia,2020-07-12,6587.0,130.0,8.823,39.6,14.178,9.393,0.10146104527921787,0.010416666666666668,0.004578471292846623,0.00034172456999658277,1.0,0.19109222187543856,0.2571428571428572,0.8333333333333334,0.74,0.10124526258798051,145922010.0
164,Russia,2020-07-13,6511.0,104.0,8.823,39.6,14.178,9.393,0.10146104527921787,0.010416666666666668,0.004578471292846623,0.00034172456999658277,1.0,0.19109222187543856,0.2571428571428572,0.8333333333333334,0.74,0.10124526258798051,145922010.0
165,Russia,2020-07-14,6240.0,175.0,8.823,39.6,14.178,9.393,0.10146104527921787,0.010416666666666668,0.004578471292846623,0.00034172456999658277,1.0,0.19109222187543856,0.2571428571428572,0.8333333333333334,0.74,0.10124526258798051,145922010.0
166,Russia,2020-07-15,6410.0,156.0,8.823,39.6,14.178,9.393,0.10146104527921787,0.010416666666666668,0.004578471292846623,0.00034172456999658277,1.0,0.19109222187543856,0.2571428571428572,0.8333333333333334,0.74,0.10124526258798051,145922010.0
167,Russia,2020-07-16,6415.0,167.0,8.823,39.6,14.178,9.393,0.10146104527921787,0.010416666666666668,0.004578471292846623,0.00034172456999658277,1.0,0.19109222187543856,0.2571428571428572,0.8333333333333334,0.74,0.10124526258798051,145922010.0
168,Russia,2020-07-17,6389.0,186.0,8.823,39.6,14.178,9.393,0.10146104527921787,0.010416666666666668,0.004578471292846623,0.00034172456999658277,1.0,0.19109222187543856,0.2571428571428572,0.8333333333333334,0.74,0.10124526258798051,145922010.0
169,Russia,2020-07-18,6214.0,122.0,8.823,39.6,14.178,9.393,0.10146104527921787,0.010416666666666668,0.004578471292846623,0.00034172456999658277,1.0,0.19109222187543856,0.2571428571428572,0.8333333333333334,0.74,0.10124526258798051,145922010.0
170,Russia,2020-07-19,6096.0,95.0,8.823,39.6,14.178,9.393,0.10146104527921787,0.010416666666666668,0.004578471292846623,0.00034172456999658277,1.0,0.19109222187543856,0.2571428571428572,0.8333333333333334,0.74,0.10124526258798051,145922010.0
171,Russia,2020-07-20,5901.0,85.0,8.823,39.6,14.178,9.393,0.10146104527921787,0.010416666666666668,0.004578471292846623,0.00034172456999658277,1.0,0.19109222187543856,0.2571428571428572,0.8333333333333334,0.74,0.10124526258798051,145922010.0
172,Russia,2020-07-21,5828.0,153.0,8.823,39.6,14.178,9.393,0.10146104527921787,0.010416666666666668,0.004578471292846623,0.00034172456999658277,1.0,0.19109222187543856,0.2571428571428572,0.8333333333333334,0.74,0.10124526258798051,145922010.0
173,Russia,2020-07-22,5850.0,165.0,8.823,39.6,14.178,9.393,0.10146104527921787,0.010416666666666668,0.004578471292846623,0.00034172456999658277,1.0,0.19109222187543856,0.2571428571428572,0.8333333333333334,0.74,0.10124526258798051,145922010.0
174,Russia,2020-07-23,5830.0,147.0,8.823,39.6,14.178,9.393,0.10146104527921787,0.010416666666666668,0.004578471292846623,0.00034172456999658277,1.0,0.19109222187543856,0.2571428571428572,0.8333333333333334,0.74,0.10124526258798051,145922010.0
175,Russia,2020-07-24,5779.0,153.0,8.823,39.6,14.178,9.393,0.10146104527921787,0.010416666666666668,0.004578471292846623,0.00034172456999658277,1.0,0.19109222187543856,0.2571428571428572,0.8333333333333334,0.74,0.10124526258798051,145922010.0
176,Russia,2020-07-25,5833.0,146.0,8.823,39.6,14.178,9.393,0.10146104527921787,0.010416666666666668,0.004578471292846623,0.00034172456999658277,1.0,0.19109222187543856,0.2571428571428572,0.8333333333333334,0.74,0.10124526258798051,145922010.0
177,Russia,2020-07-26,5741.0,77.0,8.823,39.6,14.178,9.393,0.10146104527921787,0.010416666666666668,0.004578471292846623,0.00034172456999658277,1.0,0.19109222187543856,0.2571428571428572,0.8333333333333334,0.74,0.10124526258798051,145922010.0
178,Russia,2020-07-27,5607.0,85.0,8.823,39.6,14.178,9.393,0.10146104527921787,0.010416666666666668,0.004578471292846623,0.00034172456999658277,1.0,0.19109222187543856,0.2571428571428572,0.8333333333333334,0.74,0.10124526258798051,145922010.0
179,Russia,2020-07-28,5380.0,149.0,8.823,39.6,14.178,9.393,0.10146104527921787,0.010416666666666668,0.004578471292846623,0.00034172456999658277,1.0,0.19109222187543856,0.2571428571428572,0.8333333333333334,0.74,0.10124526258798051,145922010.0
180,Russia,2020-07-29,5449.0,167.0,8.823,39.6,14.178,9.393,0.10146104527921787,0.010416666666666668,0.004578471292846623,0.00034172456999658277,1.0,0.19109222187543856,0.2571428571428572,0.8333333333333334,0.74,0.10124526258798051,145922010.0
181,Russia,2020-07-30,5484.0,128.0,8.823,39.6,14.178,9.393,0.10146104527921787,0.010416666666666668,0.004578471292846623,0.00034172456999658277,1.0,0.19109222187543856,0.2571428571428572,0.8333333333333334,0.74,0.10124526258798051,145922010.0
182,Russia,2020-07-31,5468.0,161.0,8.823,39.6,14.178,9.393,0.10146104527921787,0.010416666666666668,0.004578471292846623,0.00034172456999658277,1.0,0.19109222187543856,0.2571428571428572,0.8333333333333334,0.74,0.10124526258798051,145922010.0
183,Russia,2020-08-01,5429.0,95.0,8.823,39.6,14.178,9.393,0.10146104527921787,0.010416666666666668,0.004578471292846623,0.00034172456999658277,1.0,0.19109222187543856,0.2571428571428572,0.8333333333333334,0.74,0.10124526258798051,145922010.0
184,Russia,2020-08-02,5387.0,70.0,8.823,39.6,14.178,9.393,0.10146104527921787,0.010416666666666668,0.004578471292846623,0.00034172456999658277,1.0,0.19109222187543856,0.2571428571428572,0.8333333333333334,0.74,0.10124526258798051,145922010.0
185,Russia,2020-08-03,5364.0,79.0,8.823,39.6,14.178,9.393,0.10146104527921787,0.010416666666666668,0.004578471292846623,0.00034172456999658277,1.0,0.19109222187543856,0.2571428571428572,0.8333333333333334,0.74,0.10124526258798051,145922010.0
186,Russia,2020-08-04,5121.0,144.0,8.823,39.6,14.178,9.393,0.10146104527921787,0.010416666666666668,0.004578471292846623,0.00034172456999658277,1.0,0.19109222187543856,0.2571428571428572,0.8333333333333334,0.74,0.10124526258798051,145922010.0
187,Russia,2020-08-05,5186.0,138.0,8.823,39.6,14.178,9.393,0.10146104527921787,0.010416666666666668,0.004578471292846623,0.00034172456999658277,1.0,0.19109222187543856,0.2571428571428572,0.8333333333333334,0.74,0.10124526258798051,145922010.0
188,Russia,2020-08-06,5239.0,114.0,8.823,39.6,14.178,9.393,0.10146104527921787,0.010416666666666668,0.004578471292846623,0.00034172456999658277,1.0,0.19109222187543856,0.2571428571428572,0.8333333333333334,0.74,0.10124526258798051,145922010.0
189,Russia,2020-08-07,5191.0,119.0,8.823,39.6,14.178,9.393,0.10146104527921787,0.010416666666666668,0.004578471292846623,0.00034172456999658277,1.0,0.19109222187543856,0.2571428571428572,0.8333333333333334,0.74,0.10124526258798051,145922010.0
190,Russia,2020-08-08,5185.0,129.0,8.823,39.6,14.178,9.393,0.10146104527921787,0.010416666666666668,0.004578471292846623,0.00034172456999658277,1.0,0.19109222187543856,0.2571428571428572,0.8333333333333334,0.74,0.10124526258798051,145922010.0
191,Russia,2020-08-09,5155.0,76.0,8.823,39.6,14.178,9.393,0.10146104527921787,0.010416666666666668,0.004578471292846623,0.00034172456999658277,1.0,0.19109222187543856,0.2571428571428572,0.8333333333333334,0.74,0.10124526258798051,145922010.0
192,Russia,2020-08-10,5081.0,70.0,8.823,39.6,14.178,9.393,0.10146104527921787,0.010416666666666668,0.004578471292846623,0.00034172456999658277,1.0,0.19109222187543856,0.2571428571428572,0.8333333333333334,0.74,0.10124526258798051,145922010.0
193,Russia,2020-08-11,4892.0,130.0,8.823,39.6,14.178,9.393,0.10146104527921787,0.010416666666666668,0.004578471292846623,0.00034172456999658277,1.0,0.19109222187543856,0.2571428571428572,0.8333333333333334,0.74,0.10124526258798051,145922010.0
194,Russia,2020-08-12,5054.0,128.0,8.823,39.6,14.178,9.393,0.10146104527921787,0.010416666666666668,0.004578471292846623,0.00034172456999658277,1.0,0.19109222187543856,0.2571428571428572,0.8333333333333334,0.74,0.10124526258798051,145922010.0
195,Russia,2020-08-13,5017.0,122.0,8.823,39.6,14.178,9.393,0.10146104527921787,0.010416666666666668,0.004578471292846623,0.00034172456999658277,1.0,0.19109222187543856,0.2571428571428572,0.8333333333333334,0.74,0.10124526258798051,145922010.0
196,Russia,2020-08-14,5016.0,114.0,8.823,39.6,14.178,9.393,0.10146104527921787,0.010416666666666668,0.004578471292846623,0.00034172456999658277,1.0,0.19109222187543856,0.2571428571428572,0.8333333333333334,0.74,0.10124526258798051,145922010.0
197,Russia,2020-08-15,5030.0,118.0,8.823,39.6,14.178,9.393,0.10146104527921787,0.010416666666666668,0.004578471292846623,0.00034172456999658277,1.0,0.19109222187543856,0.2571428571428572,0.8333333333333334,0.74,0.10124526258798051,145922010.0
198,Russia,2020-08-16,4911.0,68.0,8.823,39.6,14.178,9.393,0.10146104527921787,0.010416666666666668,0.004578471292846623,0.00034172456999658277,1.0,0.19109222187543856,0.2571428571428572,0.8333333333333334,0.74,0.10124526258798051,145922010.0
199,Russia,2020-08-17,4839.0,54.0,8.823,39.6,14.178,9.393,0.10146104527921787,0.010416666666666668,0.004578471292846623,0.00034172456999658277,1.0,0.19109222187543856,0.2571428571428572,0.8333333333333334,0.74,0.10124526258798051,145922010.0
200,Russia,2020-08-18,4718.0,129.0,8.823,39.6,14.178,9.393,0.10146104527921787,0.010416666666666668,0.004578471292846623,0.00034172456999658277,1.0,0.19109222187543856,0.2571428571428572,0.8333333333333334,0.74,0.10124526258798051,145922010.0
201,Russia,2020-08-19,4790.0,115.0,8.823,39.6,14.178,9.393,0.10146104527921787,0.010416666666666668,0.004578471292846623,0.00034172456999658277,1.0,0.19109222187543856,0.2571428571428572,0.8333333333333334,0.74,0.10124526258798051,145922010.0
202,Russia,2020-08-20,4767.0,107.0,8.823,39.6,14.178,9.393,0.10146104527921787,0.010416666666666668,0.004578471292846623,0.00034172456999658277,1.0,0.19109222187543856,0.2571428571428572,0.8333333333333334,0.74,0.10124526258798051,145922010.0
203,Russia,2020-08-21,4838.0,90.0,8.823,39.6,14.178,9.393,0.10146104527921787,0.010416666666666668,0.004578471292846623,0.00034172456999658277,1.0,0.19109222187543856,0.2571428571428572,0.8333333333333334,0.74,0.10124526258798051,145922010.0
204,Russia,2020-08-22,4860.0,120.0,8.823,39.6,14.178,9.393,0.10146104527921787,0.010416666666666668,0.004578471292846623,0.00034172456999658277,1.0,0.19109222187543856,0.2571428571428572,0.8333333333333334,0.74,0.10124526258798051,145922010.0
205,Russia,2020-08-23,4797.0,73.0,8.823,39.6,14.178,9.393,0.10146104527921787,0.010416666666666668,0.004578471292846623,0.00034172456999658277,1.0,0.19109222187543856,0.2571428571428572,0.8333333333333334,0.74,0.10124526258798051,145922010.0
206,Russia,2020-08-24,4688.0,65.0,8.823,39.6,14.178,9.393,0.10146104527921787,0.010416666666666668,0.004578471292846623,0.00034172456999658277,1.0,0.19109222187543856,0.2571428571428572,0.8333333333333334,0.74,0.10124526258798051,145922010.0
207,Russia,2020-08-25,4639.0,118.0,8.823,39.6,14.178,9.393,0.10146104527921787,0.010416666666666668,0.004578471292846623,0.00034172456999658277,1.0,0.19109222187543856,0.2571428571428572,0.8333333333333334,0.74,0.10124526258798051,145922010.0
208,Russia,2020-08-26,4642.0,114.0,8.823,39.6,14.178,9.393,0.10146104527921787,0.010416666666666668,0.004578471292846623,0.00034172456999658277,1.0,0.19109222187543856,0.2571428571428572,0.8333333333333334,0.74,0.10124526258798051,145922010.0
209,Russia,2020-08-27,4675.0,120.0,8.823,39.6,14.178,9.393,0.10146104527921787,0.010416666666666668,0.004578471292846623,0.00034172456999658277,1.0,0.19109222187543856,0.2571428571428572,0.8333333333333334,0.74,0.10124526258798051,145922010.0
210,Russia,2020-08-28,4758.0,108.0,8.823,39.6,14.178,9.393,0.10146104527921787,0.010416666666666668,0.004578471292846623,0.00034172456999658277,1.0,0.19109222187543856,0.2571428571428572,0.8333333333333334,0.74,0.10124526258798051,145922010.0
211,Russia,2020-08-29,4843.0,111.0,8.823,39.6,14.178,9.393,0.10146104527921787,0.010416666666666668,0.004578471292846623,0.00034172456999658277,1.0,0.19109222187543856,0.2571428571428572,0.8333333333333334,0.74,0.10124526258798051,145922010.0
212,Russia,2020-08-30,4897.0,68.0,8.823,39.6,14.178,9.393,0.10146104527921787,0.010416666666666668,0.004578471292846623,0.00034172456999658277,1.0,0.19109222187543856,0.2571428571428572,0.8333333333333334,0.74,0.10124526258798051,145922010.0
213,Russia,2020-08-31,4932.0,83.0,8.823,39.6,14.178,9.393,0.10146104527921787,0.010416666666666668,0.004578471292846623,0.00034172456999658277,1.0,0.19109222187543856,0.2571428571428572,0.8333333333333334,0.74,0.10124526258798051,145922010.0
214,Russia,2020-09-01,4670.0,122.0,8.823,39.6,14.178,9.393,0.10146104527921787,0.010416666666666668,0.004578471292846623,0.00034172456999658277,1.0,0.19109222187543856,0.2571428571428572,0.8333333333333334,0.74,0.10124526258798051,145922010.0
215,Russia,2020-09-02,4893.0,115.0,8.823,39.6,14.178,9.393,0.10146104527921787,0.010416666666666668,0.004578471292846623,0.00034172456999658277,1.0,0.19109222187543856,0.2571428571428572,0.8333333333333334,0.74,0.10124526258798051,145922010.0
216,Russia,2020-09-03,4958.0,114.0,8.823,39.6,14.178,9.393,0.10146104527921787,0.010416666666666668,0.004578471292846623,0.00034172456999658277,1.0,0.19109222187543856,0.2571428571428572,0.8333333333333334,0.74,0.10124526258798051,145922010.0
217,Russia,2020-09-04,5064.0,119.0,8.823,39.6,14.178,9.393,0.10146104527921787,0.010416666666666668,0.004578471292846623,0.00034172456999658277,1.0,0.19109222187543856,0.2571428571428572,0.8333333333333334,0.74,0.10124526258798051,145922010.0
218,Russia,2020-09-05,5144.0,109.0,8.823,39.6,14.178,9.393,0.10146104527921787,0.010416666666666668,0.004578471292846623,0.00034172456999658277,1.0,0.19109222187543856,0.2571428571428572,0.8333333333333334,0.74,0.10124526258798051,145922010.0
219,Russia,2020-09-06,5097.0,61.0,8.823,39.6,14.178,9.393,0.10146104527921787,0.010416666666666668,0.004578471292846623,0.00034172456999658277,1.0,0.19109222187543856,0.2571428571428572,0.8333333333333334,0.74,0.10124526258798051,145922010.0
220,Russia,2020-09-07,5106.0,50.0,8.823,39.6,14.178,9.393,0.10146104527921787,0.010416666666666668,0.004578471292846623,0.00034172456999658277,1.0,0.19109222187543856,0.2571428571428572,0.8333333333333334,0.74,0.10124526258798051,145922010.0
221,Russia,2020-09-08,5020.0,121.0,8.823,39.6,14.178,9.393,0.10146104527921787,0.010416666666666668,0.004578471292846623,0.00034172456999658277,1.0,0.19109222187543856,0.2571428571428572,0.8333333333333334,0.74,0.10124526258798051,145922010.0
222,Russia,2020-09-09,5172.0,141.0,8.823,39.6,14.178,9.393,0.10146104527921787,0.010416666666666668,0.004578471292846623,0.00034172456999658277,1.0,0.19109222187543856,0.2571428571428572,0.8333333333333334,0.74,0.10124526258798051,145922010.0
223,Russia,2020-09-10,5310.0,127.0,8.823,39.6,14.178,9.393,0.10146104527921787,0.010416666666666668,0.004578471292846623,0.00034172456999658277,1.0,0.19109222187543856,0.2571428571428572,0.8333333333333334,0.74,0.10124526258798051,145922010.0
224,Russia,2020-09-11,5421.0,102.0,8.823,39.6,14.178,9.393,0.10146104527921787,0.010416666666666668,0.004578471292846623,0.00034172456999658277,1.0,0.19109222187543856,0.2571428571428572,0.8333333333333334,0.74,0.10124526258798051,145922010.0
225,Russia,2020-09-12,5406.0,117.0,8.823,39.6,14.178,9.393,0.10146104527921787,0.010416666666666668,0.004578471292846623,0.00034172456999658277,1.0,0.19109222187543856,0.2571428571428572,0.8333333333333334,0.74,0.10124526258798051,145922010.0
226,Russia,2020-09-13,5361.0,91.0,8.823,39.6,14.178,9.393,0.10146104527921787,0.010416666666666668,0.004578471292846623,0.00034172456999658277,1.0,0.19109222187543856,0.2571428571428572,0.8333333333333334,0.74,0.10124526258798051,145922010.0
227,Russia,2020-09-14,5414.0,56.0,8.823,39.6,14.178,9.393,0.10146104527921787,0.010416666666666668,0.004578471292846623,0.00034172456999658277,1.0,0.19109222187543856,0.2571428571428572,0.8333333333333334,0.74,0.10124526258798051,145922010.0
228,Russia,2020-09-15,5435.0,150.0,8.823,39.6,14.178,9.393,0.10146104527921787,0.010416666666666668,0.004578471292846623,0.00034172456999658277,1.0,0.19109222187543856,0.2571428571428572,0.8333333333333334,0.74,0.10124526258798051,145922010.0
229,Russia,2020-09-16,5612.0,130.0,8.823,39.6,14.178,9.393,0.10146104527921787,0.010416666666666668,0.004578471292846623,0.00034172456999658277,1.0,0.19109222187543856,0.2571428571428572,0.8333333333333334,0.74,0.10124526258798051,145922010.0
230,Russia,2020-09-17,5667.0,143.0,8.823,39.6,14.178,9.393,0.10146104527921787,0.010416666666666668,0.004578471292846623,0.00034172456999658277,1.0,0.19109222187543856,0.2571428571428572,0.8333333333333334,0.74,0.10124526258798051,145922010.0
231,Russia,2020-09-18,5803.0,132.0,8.823,39.6,14.178,9.393,0.10146104527921787,0.010416666666666668,0.004578471292846623,0.00034172456999658277,1.0,0.19109222187543856,0.2571428571428572,0.8333333333333334,0.74,0.10124526258798051,145922010.0
232,Russia,2020-09-19,5960.0,142.0,8.823,39.6,14.178,9.393,0.10146104527921787,0.010416666666666668,0.004578471292846623,0.00034172456999658277,1.0,0.19109222187543856,0.2571428571428572,0.8333333333333334,0.74,0.10124526258798051,145922010.0
233,Russia,2020-09-20,6043.0,79.0,8.823,39.6,14.178,9.393,0.10146104527921787,0.010416666666666668,0.004578471292846623,0.00034172456999658277,1.0,0.19109222187543856,0.2571428571428572,0.8333333333333334,0.74,0.10124526258798051,145922010.0
234,Russia,2020-09-21,6090.0,71.0,8.823,39.6,14.178,9.393,0.10146104527921787,0.010416666666666668,0.004578471292846623,0.00034172456999658277,1.0,0.19109222187543856,0.2571428571428572,0.8333333333333334,0.74,0.10124526258798051,145922010.0
235,Russia,2020-09-22,6109.0,155.0,8.823,39.6,14.178,9.393,0.10146104527921787,0.010416666666666668,0.004578471292846623,0.00034172456999658277,1.0,0.19109222187543856,0.2571428571428572,0.8333333333333334,0.74,0.10124526258798051,145922010.0
236,Russia,2020-09-23,6330.0,145.0,8.823,39.6,14.178,9.393,0.10146104527921787,0.010416666666666668,0.004578471292846623,0.00034172456999658277,1.0,0.19109222187543856,0.2571428571428572,0.8333333333333334,0.74,0.10124526258798051,145922010.0
237,Russia,2020-09-24,6489.0,147.0,8.823,39.6,14.178,9.393,0.10146104527921787,0.010416666666666668,0.004578471292846623,0.00034172456999658277,1.0,0.19109222187543856,0.2571428571428572,0.8333333333333334,0.74,0.10124526258798051,145922010.0
238,Russia,2020-09-25,7112.0,106.0,8.823,39.6,14.178,9.393,0.10146104527921787,0.010416666666666668,0.004578471292846623,0.00034172456999658277,1.0,0.19109222187543856,0.2571428571428572,0.8333333333333334,0.74,0.10124526258798051,145922010.0
239,Russia,2020-09-26,7421.0,167.0,8.823,39.6,14.178,9.393,0.10146104527921787,0.010416666666666668,0.004578471292846623,0.00034172456999658277,1.0,0.19109222187543856,0.2571428571428572,0.8333333333333334,0.74,0.10124526258798051,145922010.0
240,Russia,2020-09-27,7764.0,99.0,8.823,39.6,14.178,9.393,0.10146104527921787,0.010416666666666668,0.004578471292846623,0.00034172456999658277,1.0,0.19109222187543856,0.2571428571428572,0.8333333333333334,0.74,0.10124526258798051,145922010.0
241,Russia,2020-09-28,8026.0,60.0,8.823,39.6,14.178,9.393,0.10146104527921787,0.010416666666666668,0.004578471292846623,0.00034172456999658277,1.0,0.19109222187543856,0.2571428571428572,0.8333333333333334,0.74,0.10124526258798051,145922010.0
242,Russia,2020-09-29,8129.0,157.0,8.823,39.6,14.178,9.393,0.10146104527921787,0.010416666666666668,0.004578471292846623,0.00034172456999658277,1.0,0.19109222187543856,0.2571428571428572,0.8333333333333334,0.74,0.10124526258798051,145922010.0
243,Russia,2020-09-30,8371.0,174.0,8.823,39.6,14.178,9.393,0.10146104527921787,0.010416666666666668,0.004578471292846623,0.00034172456999658277,1.0,0.19109222187543856,0.2571428571428572,0.8333333333333334,0.74,0.10124526258798051,145922010.0
244,Russia,2020-10-01,8835.0,166.0,8.823,39.6,14.178,9.393,0.10146104527921787,0.010416666666666668,0.004578471292846623,0.00034172456999658277,1.0,0.19109222187543856,0.2571428571428572,0.8333333333333334,0.74,0.10124526258798051,145922010.0
245,Russia,2020-10-02,9294.0,185.0,8.823,39.6,14.178,9.393,0.10146104527921787,0.010416666666666668,0.004578471292846623,0.00034172456999658277,1.0,0.19109222187543856,0.2571428571428572,0.8333333333333334,0.74,0.10124526258798051,145922010.0
246,Russia,2020-10-03,9735.0,172.0,8.823,39.6,14.178,9.393,0.10146104527921787,0.010416666666666668,0.004578471292846623,0.00034172456999658277,1.0,0.19109222187543856,0.2571428571428572,0.8333333333333334,0.74,0.10124526258798051,145922010.0
247,Russia,2020-10-04,10376.0,107.0,8.823,39.6,14.178,9.393,0.10146104527921787,0.010416666666666668,0.004578471292846623,0.00034172456999658277,1.0,0.19109222187543856,0.2571428571428572,0.8333333333333334,0.74,0.10124526258798051,145922010.0
248,Russia,2020-10-05,10757.0,115.0,8.823,39.6,14.178,9.393,0.10146104527921787,0.010416666666666668,0.004578471292846623,0.00034172456999658277,1.0,0.19109222187543856,0.2571428571428572,0.8333333333333334,0.74,0.10124526258798051,145922010.0
249,Russia,2020-10-06,11481.0,184.0,8.823,39.6,14.178,9.393,0.10146104527921787,0.010416666666666668,0.004578471292846623,0.00034172456999658277,1.0,0.19109222187543856,0.2571428571428572,0.8333333333333334,0.74,0.10124526258798051,145922010.0
250,Russia,2020-10-07,10981.0,196.0,8.823,39.6,14.178,9.393,0.10146104527921787,0.010416666666666668,0.004578471292846623,0.00034172456999658277,1.0,0.19109222187543856,0.2571428571428572,0.8333333333333334,0.74,0.10124526258798051,145922010.0
251,Russia,2020-10-08,11345.0,184.0,8.823,39.6,14.178,9.393,0.10146104527921787,0.010416666666666668,0.004578471292846623,0.00034172456999658277,1.0,0.19109222187543856,0.2571428571428572,0.8333333333333334,0.74,0.10124526258798051,145922010.0
252,Russia,2020-10-09,11969.0,198.0,8.823,39.6,14.178,9.393,0.10146104527921787,0.010416666666666668,0.004578471292846623,0.00034172456999658277,1.0,0.19109222187543856,0.2571428571428572,0.8333333333333334,0.74,0.10124526258798051,145922010.0
253,Russia,2020-10-10,12673.0,194.0,8.823,39.6,14.178,9.393,0.10146104527921787,0.010416666666666668,0.004578471292846623,0.00034172456999658277,1.0,0.19109222187543856,0.2571428571428572,0.8333333333333334,0.74,0.10124526258798051,145922010.0
254,Russia,2020-10-11,13442.0,140.0,8.823,39.6,14.178,9.393,0.10146104527921787,0.010416666666666668,0.004578471292846623,0.00034172456999658277,1.0,0.19109222187543856,0.2571428571428572,0.8333333333333334,0.74,0.10124526258798051,145922010.0
255,Russia,2020-10-12,13406.0,123.0,8.823,39.6,14.178,9.393,0.10146104527921787,0.010416666666666668,0.004578471292846623,0.00034172456999658277,1.0,0.19109222187543856,0.2571428571428572,0.8333333333333334,0.74,0.10124526258798051,145922010.0
256,Russia,2020-10-13,13690.0,240.0,8.823,39.6,14.178,9.393,0.10146104527921787,0.010416666666666668,0.004578471292846623,0.00034172456999658277,1.0,0.19109222187543856,0.2571428571428572,0.8333333333333334,0.74,0.10124526258798051,145922010.0
257,Russia,2020-10-14,14041.0,235.0,8.823,39.6,14.178,9.393,0.10146104527921787,0.010416666666666668,0.004578471292846623,0.00034172456999658277,1.0,0.19109222187543856,0.2571428571428572,0.8333333333333334,0.74,0.10124526258798051,145922010.0
258,Russia,2020-10-15,13556.0,281.0,8.823,39.6,14.178,9.393,0.10146104527921787,0.010416666666666668,0.004578471292846623,0.00034172456999658277,1.0,0.19109222187543856,0.2571428571428572,0.8333333333333334,0.74,0.10124526258798051,145922010.0
259,Russia,2020-10-16,14937.0,230.0,8.823,39.6,14.178,9.393,0.10146104527921787,0.010416666666666668,0.004578471292846623,0.00034172456999658277,1.0,0.19109222187543856,0.2571428571428572,0.8333333333333334,0.74,0.10124526258798051,145922010.0
260,Russia,2020-10-17,14703.0,277.0,8.823,39.6,14.178,9.393,0.10146104527921787,0.010416666666666668,0.004578471292846623,0.00034172456999658277,1.0,0.19109222187543856,0.2571428571428572,0.8333333333333334,0.74,0.10124526258798051,145922010.0
261,Russia,2020-10-18,14804.0,182.0,8.823,39.6,14.178,9.393,0.10146104527921787,0.010416666666666668,0.004578471292846623,0.00034172456999658277,1.0,0.19109222187543856,0.2571428571428572,0.8333333333333334,0.74,0.10124526258798051,145922010.0
262,Russia,2020-10-19,15843.0,166.0,8.823,39.6,14.178,9.393,0.10146104527921787,0.010416666666666668,0.004578471292846623,0.00034172456999658277,1.0,0.19109222187543856,0.2571428571428572,0.8333333333333334,0.74,0.10124526258798051,145922010.0
263,Russia,2020-10-20,16108.0,268.0,8.823,39.6,14.178,9.393,0.10146104527921787,0.010416666666666668,0.004578471292846623,0.00034172456999658277,1.0,0.19109222187543856,0.2571428571428572,0.8333333333333334,0.74,0.10124526258798051,145922010.0
264,Russia,2020-10-21,15444.0,313.0,8.823,39.6,14.178,9.393,0.10146104527921787,0.010416666666666668,0.004578471292846623,0.00034172456999658277,1.0,0.19109222187543856,0.2571428571428572,0.8333333333333334,0.74,0.10124526258798051,145922010.0
265,Russia,2020-10-22,15704.0,286.0,8.823,39.6,14.178,9.393,0.10146104527921787,0.010416666666666668,0.004578471292846623,0.00034172456999658277,1.0,0.19109222187543856,0.2571428571428572,0.8333333333333334,0.74,0.10124526258798051,145922010.0
266,Russia,2020-10-23,17077.0,281.0,8.823,39.6,14.178,9.393,0.10146104527921787,0.010416666666666668,0.004578471292846623,0.00034172456999658277,1.0,0.19109222187543856,0.2571428571428572,0.8333333333333334,0.74,0.10124526258798051,145922010.0
267,Russia,2020-10-24,16260.0,294.0,8.823,39.6,14.178,9.393,0.10146104527921787,0.010416666666666668,0.004578471292846623,0.00034172456999658277,1.0,0.19109222187543856,0.2571428571428572,0.8333333333333334,0.74,0.10124526258798051,145922010.0
268,Russia,2020-10-25,16392.0,228.0,8.823,39.6,14.178,9.393,0.10146104527921787,0.010416666666666668,0.004578471292846623,0.00034172456999658277,1.0,0.19109222187543856,0.2571428571428572,0.8333333333333334,0.74,0.10124526258798051,145922010.0
269,Russia,2020-10-26,17148.0,217.0,8.823,39.6,14.178,9.393,0.10146104527921787,0.010416666666666668,0.004578471292846623,0.00034172456999658277,1.0,0.19109222187543856,0.2571428571428572,0.8333333333333334,0.74,0.10124526258798051,145922010.0
270,Russia,2020-10-27,16342.0,317.0,8.823,39.6,14.178,9.393,0.10146104527921787,0.010416666666666668,0.004578471292846623,0.00034172456999658277,1.0,0.19109222187543856,0.2571428571428572,0.8333333333333334,0.74,0.10124526258798051,145922010.0
271,Russia,2020-10-28,15886.0,343.0,8.823,39.6,14.178,9.393,0.10146104527921787,0.010416666666666668,0.004578471292846623,0.00034172456999658277,1.0,0.19109222187543856,0.2571428571428572,0.8333333333333334,0.74,0.10124526258798051,145922010.0
272,Russia,2020-10-29,17418.0,359.0,8.823,39.6,14.178,9.393,0.10146104527921787,0.010416666666666668,0.004578471292846623,0.00034172456999658277,1.0,0.19109222187543856,0.2571428571428572,0.8333333333333334,0.74,0.10124526258798051,145922010.0
273,Russia,2020-10-30,17987.0,351.0,8.823,39.6,14.178,9.393,0.10146104527921787,0.010416666666666668,0.004578471292846623,0.00034172456999658277,1.0,0.19109222187543856,0.2571428571428572,0.8333333333333334,0.74,0.10124526258798051,145922010.0
274,Russia,2020-10-31,17834.0,325.0,8.823,39.6,14.178,9.393,0.10146104527921787,0.010416666666666668,0.004578471292846623,0.00034172456999658277,1.0,0.19109222187543856,0.2571428571428572,0.8333333333333334,0.74,0.10124526258798051,145922010.0
275,Russia,2020-11-01,18381.0,239.0,8.823,39.6,14.178,9.393,0.10146104527921787,0.010416666666666668,0.004578471292846623,0.00034172456999658277,1.0,0.19109222187543856,0.2571428571428572,0.8333333333333334,0.74,0.10124526258798051,145922010.0
276,Russia,2020-11-02,18017.0,238.0,8.823,39.6,14.178,9.393,0.10146104527921787,0.010416666666666668,0.004578471292846623,0.00034172456999658277,1.0,0.19109222187543856,0.2571428571428572,0.8333333333333334,0.74,0.10124526258798051,145922010.0
277,Russia,2020-11-03,18431.0,347.0,8.823,39.6,14.178,9.393,0.10146104527921787,0.010416666666666668,0.004578471292846623,0.00034172456999658277,1.0,0.19109222187543856,0.2571428571428572,0.8333333333333334,0.74,0.10124526258798051,145922010.0
278,Russia,2020-11-04,19483.0,385.0,8.823,39.6,14.178,9.393,0.10146104527921787,0.010416666666666668,0.004578471292846623,0.00034172456999658277,1.0,0.19109222187543856,0.2571428571428572,0.8333333333333334,0.74,0.10124526258798051,145922010.0
279,Russia,2020-11-05,19116.0,289.0,8.823,39.6,14.178,9.393,0.10146104527921787,0.010416666666666668,0.004578471292846623,0.00034172456999658277,1.0,0.19109222187543856,0.2571428571428572,0.8333333333333334,0.74,0.10124526258798051,145922010.0
280,Russia,2020-11-06,20368.0,369.0,8.823,39.6,14.178,9.393,0.10146104527921787,0.010416666666666668,0.004578471292846623,0.00034172456999658277,1.0,0.19109222187543856,0.2571428571428572,0.8333333333333334,0.74,0.10124526258798051,145922010.0
281,Russia,2020-11-07,20109.0,356.0,8.823,39.6,14.178,9.393,0.10146104527921787,0.010416666666666668,0.004578471292846623,0.00034172456999658277,1.0,0.19109222187543856,0.2571428571428572,0.8333333333333334,0.74,0.10124526258798051,145922010.0
282,Russia,2020-11-08,20248.0,282.0,8.823,39.6,14.178,9.393,0.10146104527921787,0.010416666666666668,0.004578471292846623,0.00034172456999658277,1.0,0.19109222187543856,0.2571428571428572,0.8333333333333334,0.74,0.10124526258798051,145922010.0
283,Russia,2020-11-09,21577.0,254.0,8.823,39.6,14.178,9.393,0.10146104527921787,0.010416666666666668,0.004578471292846623,0.00034172456999658277,1.0,0.19109222187543856,0.2571428571428572,0.8333333333333334,0.74,0.10124526258798051,145922010.0
284,Russia,2020-11-10,20765.0,353.0,8.823,39.6,14.178,9.393,0.10146104527921787,0.010416666666666668,0.004578471292846623,0.00034172456999658277,1.0,0.19109222187543856,0.2571428571428572,0.8333333333333334,0.74,0.10124526258798051,145922010.0
285,Russia,2020-11-11,19583.0,427.0,8.823,39.6,14.178,9.393,0.10146104527921787,0.010416666666666668,0.004578471292846623,0.00034172456999658277,1.0,0.19109222187543856,0.2571428571428572,0.8333333333333334,0.74,0.10124526258798051,145922010.0
286,Russia,2020-11-12,21333.0,429.0,8.823,39.6,14.178,9.393,0.10146104527921787,0.010416666666666668,0.004578471292846623,0.00034172456999658277,1.0,0.19109222187543856,0.2571428571428572,0.8333333333333334,0.74,0.10124526258798051,145922010.0
287,Russia,2020-11-13,21717.0,401.0,8.823,39.6,14.178,9.393,0.10146104527921787,0.010416666666666668,0.004578471292846623,0.00034172456999658277,1.0,0.19109222187543856,0.2571428571428572,0.8333333333333334,0.74,0.10124526258798051,145922010.0
288,Russia,2020-11-14,22441.0,380.0,8.823,39.6,14.178,9.393,0.10146104527921787,0.010416666666666668,0.004578471292846623,0.00034172456999658277,1.0,0.19109222187543856,0.2571428571428572,0.8333333333333334,0.74,0.10124526258798051,145922010.0
289,Russia,2020-11-15,22313.0,349.0,8.823,39.6,14.178,9.393,0.10146104527921787,0.010416666666666668,0.004578471292846623,0.00034172456999658277,1.0,0.19109222187543856,0.2571428571428572,0.8333333333333334,0.74,0.10124526258798051,145922010.0
290,Russia,2020-11-16,22562.0,299.0,8.823,39.6,14.178,9.393,0.10146104527921787,0.010416666666666668,0.004578471292846623,0.00034172456999658277,1.0,0.19109222187543856,0.2571428571428572,0.8333333333333334,0.74,0.10124526258798051,145922010.0
291,Russia,2020-11-17,22201.0,435.0,8.823,39.6,14.178,9.393,0.10146104527921787,0.010416666666666668,0.004578471292846623,0.00034172456999658277,1.0,0.19109222187543856,0.2571428571428572,0.8333333333333334,0.74,0.10124526258798051,145922010.0
292,Russia,2020-11-18,20717.0,449.0,8.823,39.6,14.178,9.393,0.10146104527921787,0.010416666666666668,0.004578471292846623,0.00034172456999658277,1.0,0.19109222187543856,0.2571428571428572,0.8333333333333334,0.74,0.10124526258798051,145922010.0
293,Russia,2020-11-19,23337.0,457.0,8.823,39.6,14.178,9.393,0.10146104527921787,0.010416666666666668,0.004578471292846623,0.00034172456999658277,1.0,0.19109222187543856,0.2571428571428572,0.8333333333333334,0.74,0.10124526258798051,145922010.0
294,Russia,2020-11-20,24059.0,455.0,8.823,39.6,14.178,9.393,0.10146104527921787,0.010416666666666668,0.004578471292846623,0.00034172456999658277,1.0,0.19109222187543856,0.2571428571428572,0.8333333333333334,0.74,0.10124526258798051,145922010.0
295,Russia,2020-11-21,24538.0,462.0,8.823,39.6,14.178,9.393,0.10146104527921787,0.010416666666666668,0.004578471292846623,0.00034172456999658277,1.0,0.19109222187543856,0.2571428571428572,0.8333333333333334,0.74,0.10124526258798051,145922010.0
296,Russia,2020-11-22,24295.0,396.0,8.823,39.6,14.178,9.393,0.10146104527921787,0.010416666666666668,0.004578471292846623,0.00034172456999658277,1.0,0.19109222187543856,0.2571428571428572,0.8333333333333334,0.74,0.10124526258798051,145922010.0
297,Russia,2020-11-23,24891.0,354.0,8.823,39.6,14.178,9.393,0.10146104527921787,0.010416666666666668,0.004578471292846623,0.00034172456999658277,1.0,0.19109222187543856,0.2571428571428572,0.8333333333333334,0.74,0.10124526258798051,145922010.0
298,Russia,2020-11-24,24087.0,483.0,8.823,39.6,14.178,9.393,0.10146104527921787,0.010416666666666668,0.004578471292846623,0.00034172456999658277,1.0,0.19109222187543856,0.2571428571428572,0.8333333333333334,0.74,0.10124526258798051,145922010.0
299,Russia,2020-11-25,23393.0,498.0,8.823,39.6,14.178,9.393,0.10146104527921787,0.010416666666666668,0.004578471292846623,0.00034172456999658277,1.0,0.19109222187543856,0.2571428571428572,0.8333333333333334,0.74,0.10124526258798051,145922010.0
300,Russia,2020-11-26,25195.0,515.0,8.823,39.6,14.178,9.393,0.10146104527921787,0.010416666666666668,0.004578471292846623,0.00034172456999658277,1.0,0.19109222187543856,0.2571428571428572,0.8333333333333334,0.74,0.10124526258798051,145922010.0
301,Russia,2020-11-27,27267.0,487.0,8.823,39.6,14.178,9.393,0.10146104527921787,0.010416666666666668,0.004578471292846623,0.00034172456999658277,1.0,0.19109222187543856,0.2571428571428572,0.8333333333333334,0.74,0.10124526258798051,145922010.0
302,Russia,2020-11-28,26809.0,501.0,8.823,39.6,14.178,9.393,0.10146104527921787,0.010416666666666668,0.004578471292846623,0.00034172456999658277,1.0,0.19109222187543856,0.2571428571428572,0.8333333333333334,0.74,0.10124526258798051,145922010.0
303,Russia,2020-11-29,26390.0,451.0,8.823,39.6,14.178,9.393,0.10146104527921787,0.010416666666666668,0.004578471292846623,0.00034172456999658277,1.0,0.19109222187543856,0.2571428571428572,0.8333333333333334,0.74,0.10124526258798051,145922010.0
304,Russia,2020-11-30,26046.0,364.0,8.823,39.6,14.178,9.393,0.10146104527921787,0.010416666666666668,0.004578471292846623,0.00034172456999658277,1.0,0.19109222187543856,0.2571428571428572,0.8333333333333334,0.74,0.10124526258798051,145922010.0
305,Russia,2020-12-01,26126.0,559.0,8.823,39.6,14.178,9.393,0.10146104527921787,0.010416666666666668,0.004578471292846623,0.00034172456999658277,1.0,0.19109222187543856,0.2571428571428572,0.8333333333333334,0.74,0.10124526258798051,145922010.0
306,Russia,2020-12-02,25043.0,580.0,8.823,39.6,14.178,9.393,0.10146104527921787,0.010416666666666668,0.004578471292846623,0.00034172456999658277,1.0,0.19109222187543856,0.2571428571428572,0.8333333333333334,0.74,0.10124526258798051,145922010.0
307,Russia,2020-12-03,27829.0,543.0,8.823,39.6,14.178,9.393,0.10146104527921787,0.010416666666666668,0.004578471292846623,0.00034172456999658277,1.0,0.19109222187543856,0.2571428571428572,0.8333333333333334,0.74,0.10124526258798051,145922010.0
308,Russia,2020-12-04,27078.0,557.0,8.823,39.6,14.178,9.393,0.10146104527921787,0.010416666666666668,0.004578471292846623,0.00034172456999658277,1.0,0.19109222187543856,0.2571428571428572,0.8333333333333334,0.74,0.10124526258798051,145922010.0
309,Russia,2020-12-05,28450.0,498.0,8.823,39.6,14.178,9.393,0.10146104527921787,0.010416666666666668,0.004578471292846623,0.00034172456999658277,1.0,0.19109222187543856,0.2571428571428572,0.8333333333333334,0.74,0.10124526258798051,145922010.0
310,Russia,2020-12-06,28701.0,447.0,8.823,39.6,14.178,9.393,0.10146104527921787,0.010416666666666668,0.004578471292846623,0.00034172456999658277,1.0,0.19109222187543856,0.2571428571428572,0.8333333333333334,0.74,0.10124526258798051,145922010.0
311,Russia,2020-12-07,27798.0,447.0,8.823,39.6,14.178,9.393,0.10146104527921787,0.010416666666666668,0.004578471292846623,0.00034172456999658277,1.0,0.19109222187543856,0.2571428571428572,0.8333333333333334,0.74,0.10124526258798051,145922010.0
312,Russia,2020-12-08,25752.0,552.0,8.823,39.6,14.178,9.393,0.10146104527921787,0.010416666666666668,0.004578471292846623,0.00034172456999658277,1.0,0.19109222187543856,0.2571428571428572,0.8333333333333334,0.74,0.10124526258798051,145922010.0
313,Russia,2020-12-09,25838.0,546.0,8.823,39.6,14.178,9.393,0.10146104527921787,0.010416666666666668,0.004578471292846623,0.00034172456999658277,1.0,0.19109222187543856,0.2571428571428572,0.8333333333333334,0.74,0.10124526258798051,145922010.0
314,Russia,2020-12-10,27562.0,549.0,8.823,39.6,14.178,9.393,0.10146104527921787,0.010416666666666668,0.004578471292846623,0.00034172456999658277,1.0,0.19109222187543856,0.2571428571428572,0.8333333333333334,0.74,0.10124526258798051,145922010.0
315,Russia,2020-12-11,28206.0,601.0,8.823,39.6,14.178,9.393,0.10146104527921787,0.010416666666666668,0.004578471292846623,0.00034172456999658277,1.0,0.19109222187543856,0.2571428571428572,0.8333333333333334,0.74,0.10124526258798051,145922010.0
316,Russia,2020-12-12,27729.0,553.0,8.823,39.6,14.178,9.393,0.10146104527921787,0.010416666666666668,0.004578471292846623,0.00034172456999658277,1.0,0.19109222187543856,0.2571428571428572,0.8333333333333334,0.74,0.10124526258798051,145922010.0
317,Russia,2020-12-13,27651.0,481.0,8.823,39.6,14.178,9.393,0.10146104527921787,0.010416666666666668,0.004578471292846623,0.00034172456999658277,1.0,0.19109222187543856,0.2571428571428572,0.8333333333333334,0.74,0.10124526258798051,145922010.0
318,Russia,2020-12-14,26902.0,442.0,8.823,39.6,14.178,9.393,0.10146104527921787,0.010416666666666668,0.004578471292846623,0.00034172456999658277,1.0,0.19109222187543856,0.2571428571428572,0.8333333333333334,0.74,0.10124526258798051,145922010.0
319,Russia,2020-12-15,26265.0,564.0,8.823,39.6,14.178,9.393,0.10146104527921787,0.010416666666666668,0.004578471292846623,0.00034172456999658277,1.0,0.19109222187543856,0.2571428571428572,0.8333333333333334,0.74,0.10124526258798051,145922010.0
320,Russia,2020-12-16,26074.0,584.0,8.823,39.6,14.178,9.393,0.10146104527921787,0.010416666666666668,0.004578471292846623,0.00034172456999658277,1.0,0.19109222187543856,0.2571428571428572,0.8333333333333334,0.74,0.10124526258798051,145922010.0
321,Russia,2020-12-17,27787.0,574.0,8.823,39.6,14.178,9.393,0.10146104527921787,0.010416666666666668,0.004578471292846623,0.00034172456999658277,1.0,0.19109222187543856,0.2571428571428572,0.8333333333333334,0.74,0.10124526258798051,145922010.0
322,Russia,2020-12-18,28116.0,602.0,8.823,39.6,14.178,9.393,0.10146104527921787,0.010416666666666668,0.004578471292846623,0.00034172456999658277,1.0,0.19109222187543856,0.2571428571428572,0.8333333333333334,0.74,0.10124526258798051,145922010.0
323,Russia,2020-12-19,27772.0,574.0,8.823,39.6,14.178,9.393,0.10146104527921787,0.010416666666666668,0.004578471292846623,0.00034172456999658277,1.0,0.19109222187543856,0.2571428571428572,0.8333333333333334,0.74,0.10124526258798051,145922010.0
324,Russia,2020-12-20,28510.0,498.0,8.823,39.6,14.178,9.393,0.10146104527921787,0.010416666666666668,0.004578471292846623,0.00034172456999658277,1.0,0.19109222187543856,0.2571428571428572,0.8333333333333334,0.74,0.10124526258798051,145922010.0
325,Russia,2020-12-21,28917.0,481.0,8.823,39.6,14.178,9.393,0.10146104527921787,0.010416666666666668,0.004578471292846623,0.00034172456999658277,1.0,0.19109222187543856,0.2571428571428572,0.8333333333333334,0.74,0.10124526258798051,145922010.0
326,Russia,2020-12-22,28340.0,551.0,8.823,39.6,14.178,9.393,0.10146104527921787,0.010416666666666668,0.004578471292846623,0.00034172456999658277,1.0,0.19109222187543856,0.2571428571428572,0.8333333333333334,0.74,0.10124526258798051,145922010.0
327,Russia,2020-12-23,26814.0,536.0,8.823,39.6,14.178,9.393,0.10146104527921787,0.010416666666666668,0.004578471292846623,0.00034172456999658277,1.0,0.19109222187543856,0.2571428571428572,0.8333333333333334,0.74,0.10124526258798051,145922010.0
328,Russia,2020-12-24,29499.0,624.0,8.823,39.6,14.178,9.393,0.10146104527921787,0.010416666666666668,0.004578471292846623,0.00034172456999658277,1.0,0.19109222187543856,0.2571428571428572,0.8333333333333334,0.74,0.10124526258798051,145922010.0
329,Russia,2020-12-25,28595.0,551.0,8.823,39.6,14.178,9.393,0.10146104527921787,0.010416666666666668,0.004578471292846623,0.00034172456999658277,1.0,0.19109222187543856,0.2571428571428572,0.8333333333333334,0.74,0.10124526258798051,145922010.0
330,Russia,2020-12-26,28833.0,554.0,8.823,39.6,14.178,9.393,0.10146104527921787,0.010416666666666668,0.004578471292846623,0.00034172456999658277,1.0,0.19109222187543856,0.2571428571428572,0.8333333333333334,0.74,0.10124526258798051,145922010.0
331,Russia,2020-12-27,27849.0,541.0,8.823,39.6,14.178,9.393,0.10146104527921787,0.010416666666666668,0.004578471292846623,0.00034172456999658277,1.0,0.19109222187543856,0.2571428571428572,0.8333333333333334,0.74,0.10124526258798051,145922010.0
332,Russia,2020-12-28,27363.0,479.0,8.823,39.6,14.178,9.393,0.10146104527921787,0.010416666666666668,0.004578471292846623,0.00034172456999658277,1.0,0.19109222187543856,0.2571428571428572,0.8333333333333334,0.74,0.10124526258798051,145922010.0
333,Russia,2020-12-29,26588.0,548.0,8.823,39.6,14.178,9.393,0.10146104527921787,0.010416666666666668,0.004578471292846623,0.00034172456999658277,1.0,0.19109222187543856,0.2571428571428572,0.8333333333333334,0.74,0.10124526258798051,145922010.0
334,Russia,2020-12-30,26095.0,585.0,8.823,39.6,14.178,9.393,0.10146104527921787,0.010416666666666668,0.004578471292846623,0.00034172456999658277,1.0,0.19109222187543856,0.2571428571428572,0.8333333333333334,0.74,0.10124526258798051,145922010.0
335,Russia,2020-12-31,27329.0,579.0,8.823,39.6,14.178,9.393,0.10146104527921787,0.010416666666666668,0.004578471292846623,0.00034172456999658277,1.0,0.19109222187543856,0.2571428571428572,0.8333333333333334,0.74,0.10124526258798051,145922010.0
336,Russia,2021-01-01,26613.0,527.0,8.823,39.6,14.178,9.393,0.10146104527921787,0.010416666666666668,0.004578471292846623,0.00034172456999658277,1.0,0.19109222187543856,0.2571428571428572,0.8333333333333334,0.74,0.10124526258798051,145922010.0
337,Russia,2021-01-02,25938.0,437.0,8.823,39.6,14.178,9.393,0.10146104527921787,0.010416666666666668,0.004578471292846623,0.00034172456999658277,1.0,0.19109222187543856,0.2571428571428572,0.8333333333333334,0.74,0.10124526258798051,145922010.0
338,Russia,2021-01-03,23845.0,495.0,8.823,39.6,14.178,9.393,0.10146104527921787,0.010416666666666668,0.004578471292846623,0.00034172456999658277,1.0,0.19109222187543856,0.2571428571428572,0.8333333333333334,0.74,0.10124526258798051,145922010.0
339,Russia,2021-01-04,23015.0,473.0,8.823,39.6,14.178,9.393,0.10146104527921787,0.010416666666666668,0.004578471292846623,0.00034172456999658277,1.0,0.19109222187543856,0.2571428571428572,0.8333333333333334,0.74,0.10124526258798051,145922010.0
340,Russia,2021-01-05,23955.0,503.0,8.823,39.6,14.178,9.393,0.10146104527921787,0.010416666666666668,0.004578471292846623,0.00034172456999658277,1.0,0.19109222187543856,0.2571428571428572,0.8333333333333334,0.74,0.10124526258798051,145922010.0
341,Russia,2021-01-06,23902.0,431.0,8.823,39.6,14.178,9.393,0.10146104527921787,0.010416666666666668,0.004578471292846623,0.00034172456999658277,1.0,0.19109222187543856,0.2571428571428572,0.8333333333333334,0.74,0.10124526258798051,145922010.0
342,Russia,2021-01-07,23218.0,491.0,8.823,39.6,14.178,9.393,0.10146104527921787,0.010416666666666668,0.004578471292846623,0.00034172456999658277,1.0,0.19109222187543856,0.2571428571428572,0.8333333333333334,0.74,0.10124526258798051,145922010.0
343,Russia,2021-01-08,23330.0,439.0,8.823,39.6,14.178,9.393,0.10146104527921787,0.010416666666666668,0.004578471292846623,0.00034172456999658277,1.0,0.19109222187543856,0.2571428571428572,0.8333333333333334,0.74,0.10124526258798051,145922010.0
344,Russia,2021-01-09,23012.0,456.0,8.823,39.6,14.178,9.393,0.10146104527921787,0.010416666666666668,0.004578471292846623,0.00034172456999658277,1.0,0.19109222187543856,0.2571428571428572,0.8333333333333334,0.74,0.10124526258798051,145922010.0
345,Russia,2021-01-10,22540.0,440.0,8.823,39.6,14.178,9.393,0.10146104527921787,0.010416666666666668,0.004578471292846623,0.00034172456999658277,1.0,0.19109222187543856,0.2571428571428572,0.8333333333333334,0.74,0.10124526258798051,145922010.0
346,Russia,2021-01-11,23018.0,426.0,8.823,39.6,14.178,9.393,0.10146104527921787,0.010416666666666668,0.004578471292846623,0.00034172456999658277,1.0,0.19109222187543856,0.2571428571428572,0.8333333333333334,0.74,0.10124526258798051,145922010.0
347,Russia,2021-01-12,22657.0,519.0,8.823,39.6,14.178,9.393,0.10146104527921787,0.010416666666666668,0.004578471292846623,0.00034172456999658277,1.0,0.19109222187543856,0.2571428571428572,0.8333333333333334,0.74,0.10124526258798051,145922010.0
348,Russia,2021-01-13,22544.0,555.0,8.823,39.6,14.178,9.393,0.10146104527921787,0.010416666666666668,0.004578471292846623,0.00034172456999658277,1.0,0.19109222187543856,0.2571428571428572,0.8333333333333334,0.74,0.10124526258798051,145922010.0
349,Russia,2021-01-14,24303.0,553.0,8.823,39.6,14.178,9.393,0.10146104527921787,0.010416666666666668,0.004578471292846623,0.00034172456999658277,1.0,0.19109222187543856,0.2571428571428572,0.8333333333333334,0.74,0.10124526258798051,145922010.0
350,Russia,2021-01-15,24294.0,542.0,8.823,39.6,14.178,9.393,0.10146104527921787,0.010416666666666668,0.004578471292846623,0.00034172456999658277,1.0,0.19109222187543856,0.2571428571428572,0.8333333333333334,0.74,0.10124526258798051,145922010.0
351,Russia,2021-01-16,23670.0,576.0,8.823,39.6,14.178,9.393,0.10146104527921787,0.010416666666666668,0.004578471292846623,0.00034172456999658277,1.0,0.19109222187543856,0.2571428571428572,0.8333333333333334,0.74,0.10124526258798051,145922010.0
352,Russia,2021-01-17,23178.0,467.0,8.823,39.6,14.178,9.393,0.10146104527921787,0.010416666666666668,0.004578471292846623,0.00034172456999658277,1.0,0.19109222187543856,0.2571428571428572,0.8333333333333334,0.74,0.10124526258798051,145922010.0
353,Russia,2021-01-18,22509.0,458.0,8.823,39.6,14.178,9.393,0.10146104527921787,0.010416666666666668,0.004578471292846623,0.00034172456999658277,1.0,0.19109222187543856,0.2571428571428572,0.8333333333333334,0.74,0.10124526258798051,145922010.0
354,Russia,2021-01-19,21442.0,573.0,8.823,39.6,14.178,9.393,0.10146104527921787,0.010416666666666668,0.004578471292846623,0.00034172456999658277,1.0,0.19109222187543856,0.2571428571428572,0.8333333333333334,0.74,0.10124526258798051,145922010.0
355,Russia,2021-01-20,20806.0,582.0,8.823,39.6,14.178,9.393,0.10146104527921787,0.010416666666666668,0.004578471292846623,0.00034172456999658277,1.0,0.19109222187543856,0.2571428571428572,0.8333333333333334,0.74,0.10124526258798051,145922010.0
356,Russia,2021-01-21,21544.0,596.0,8.823,39.6,14.178,9.393,0.10146104527921787,0.010416666666666668,0.004578471292846623,0.00034172456999658277,1.0,0.19109222187543856,0.2571428571428572,0.8333333333333334,0.74,0.10124526258798051,145922010.0
357,Russia,2021-01-22,21182.0,566.0,8.823,39.6,14.178,9.393,0.10146104527921787,0.010416666666666668,0.004578471292846623,0.00034172456999658277,1.0,0.19109222187543856,0.2571428571428572,0.8333333333333334,0.74,0.10124526258798051,145922010.0
358,Russia,2021-01-23,20585.0,543.0,8.823,39.6,14.178,9.393,0.10146104527921787,0.010416666666666668,0.004578471292846623,0.00034172456999658277,1.0,0.19109222187543856,0.2571428571428572,0.8333333333333334,0.74,0.10124526258798051,145922010.0
359,Russia,2021-01-24,20800.0,478.0,8.823,39.6,14.178,9.393,0.10146104527921787,0.010416666666666668,0.004578471292846623,0.00034172456999658277,1.0,0.19109222187543856,0.2571428571428572,0.8333333333333334,0.74,0.10124526258798051,145922010.0
360,Russia,2021-01-25,18999.0,444.0,8.823,39.6,14.178,9.393,0.10146104527921787,0.010416666666666668,0.004578471292846623,0.00034172456999658277,1.0,0.19109222187543856,0.2571428571428572,0.8333333333333334,0.74,0.10124526258798051,145922010.0
361,Russia,2021-01-26,17982.0,550.0,8.823,39.6,14.178,9.393,0.10146104527921787,0.010416666666666668,0.004578471292846623,0.00034172456999658277,1.0,0.19109222187543856,0.2571428571428572,0.8333333333333334,0.74,0.10124526258798051,145922010.0
362,Russia,2021-01-27,17464.0,580.0,8.823,39.6,14.178,9.393,0.10146104527921787,0.010416666666666668,0.004578471292846623,0.00034172456999658277,1.0,0.19109222187543856,0.2571428571428572,0.8333333333333334,0.74,0.10124526258798051,145922010.0
363,Russia,2021-01-28,18856.0,562.0,8.823,39.6,14.178,9.393,0.10146104527921787,0.010416666666666668,0.004578471292846623,0.00034172456999658277,1.0,0.19109222187543856,0.2571428571428572,0.8333333333333334,0.74,0.10124526258798051,145922010.0
364,Russia,2021-01-29,18966.0,521.0,8.823,39.6,14.178,9.393,0.10146104527921787,0.010416666666666668,0.004578471292846623,0.00034172456999658277,1.0,0.19109222187543856,0.2571428571428572,0.8333333333333334,0.74,0.10124526258798051,145922010.0
365,Russia,2021-01-30,18751.0,502.0,8.823,39.6,14.178,9.393,0.10146104527921787,0.010416666666666668,0.004578471292846623,0.00034172456999658277,1.0,0.19109222187543856,0.2571428571428572,0.8333333333333334,0.74,0.10124526258798051,145922010.0
366,Russia,2021-01-31,18083.0,473.0,8.823,39.6,14.178,9.393,0.10146104527921787,0.010416666666666668,0.004578471292846623,0.00034172456999658277,1.0,0.19109222187543856,0.2571428571428572,0.8333333333333334,0.74,0.10124526258798051,145922010.0
367,Russia,2021-02-01,17391.0,427.0,8.823,39.6,14.178,9.393,0.10146104527921787,0.010416666666666668,0.004578471292846623,0.00034172456999658277,1.0,0.19109222187543856,0.2571428571428572,0.8333333333333334,0.74,0.10124526258798051,145922010.0
368,Russia,2021-02-02,16406.0,526.0,8.823,39.6,14.178,9.393,0.10146104527921787,0.010416666666666668,0.004578471292846623,0.00034172456999658277,1.0,0.19109222187543856,0.2571428571428572,0.8333333333333334,0.74,0.10124526258798051,145922010.0
369,Russia,2021-02-03,16222.0,515.0,8.823,39.6,14.178,9.393,0.10146104527921787,0.010416666666666668,0.004578471292846623,0.00034172456999658277,1.0,0.19109222187543856,0.2571428571428572,0.8333333333333334,0.74,0.10124526258798051,145922010.0
370,Russia,2021-02-04,16463.0,508.0,8.823,39.6,14.178,9.393,0.10146104527921787,0.010416666666666668,0.004578471292846623,0.00034172456999658277,1.0,0.19109222187543856,0.2571428571428572,0.8333333333333334,0.74,0.10124526258798051,145922010.0
371,Russia,2021-02-05,16444.0,515.0,8.823,39.6,14.178,9.393,0.10146104527921787,0.010416666666666668,0.004578471292846623,0.00034172456999658277,1.0,0.19109222187543856,0.2571428571428572,0.8333333333333334,0.74,0.10124526258798051,145922010.0
372,Russia,2021-02-06,16379.0,490.0,8.823,39.6,14.178,9.393,0.10146104527921787,0.010416666666666668,0.004578471292846623,0.00034172456999658277,1.0,0.19109222187543856,0.2571428571428572,0.8333333333333334,0.74,0.10124526258798051,145922010.0
373,Russia,2021-02-07,15808.0,420.0,8.823,39.6,14.178,9.393,0.10146104527921787,0.010416666666666668,0.004578471292846623,0.00034172456999658277,1.0,0.19109222187543856,0.2571428571428572,0.8333333333333334,0.74,0.10124526258798051,145922010.0
374,Russia,2021-02-08,15701.0,398.0,8.823,39.6,14.178,9.393,0.10146104527921787,0.010416666666666668,0.004578471292846623,0.00034172456999658277,1.0,0.19109222187543856,0.2571428571428572,0.8333333333333334,0.74,0.10124526258798051,145922010.0
375,Russia,2021-02-09,14808.0,519.0,8.823,39.6,14.178,9.393,0.10146104527921787,0.010416666666666668,0.004578471292846623,0.00034172456999658277,1.0,0.19109222187543856,0.2571428571428572,0.8333333333333334,0.74,0.10124526258798051,145922010.0
376,Russia,2021-02-10,14258.0,526.0,8.823,39.6,14.178,9.393,0.10146104527921787,0.010416666666666668,0.004578471292846623,0.00034172456999658277,1.0,0.19109222187543856,0.2571428571428572,0.8333333333333334,0.74,0.10124526258798051,145922010.0
377,Russia,2021-02-11,14803.0,542.0,8.823,39.6,14.178,9.393,0.10146104527921787,0.010416666666666668,0.004578471292846623,0.00034172456999658277,1.0,0.19109222187543856,0.2571428571428572,0.8333333333333334,0.74,0.10124526258798051,145922010.0
378,Russia,2021-02-12,14867.0,496.0,8.823,39.6,14.178,9.393,0.10146104527921787,0.010416666666666668,0.004578471292846623,0.00034172456999658277,1.0,0.19109222187543856,0.2571428571428572,0.8333333333333334,0.74,0.10124526258798051,145922010.0
379,Russia,2021-02-13,14640.0,492.0,8.823,39.6,14.178,9.393,0.10146104527921787,0.010416666666666668,0.004578471292846623,0.00034172456999658277,1.0,0.19109222187543856,0.2571428571428572,0.8333333333333334,0.74,0.10124526258798051,145922010.0
380,Russia,2021-02-14,13968.0,422.0,8.823,39.6,14.178,9.393,0.10146104527921787,0.010416666666666668,0.004578471292846623,0.00034172456999658277,1.0,0.19109222187543856,0.2571428571428572,0.8333333333333334,0.74,0.10124526258798051,145922010.0
381,Russia,2021-02-15,13999.0,385.0,8.823,39.6,14.178,9.393,0.10146104527921787,0.010416666666666668,0.004578471292846623,0.00034172456999658277,1.0,0.19109222187543856,0.2571428571428572,0.8333333333333334,0.74,0.10124526258798051,145922010.0
382,Russia,2021-02-16,13030.0,449.0,8.823,39.6,14.178,9.393,0.10146104527921787,0.010416666666666668,0.004578471292846623,0.00034172456999658277,1.0,0.19109222187543856,0.2571428571428572,0.8333333333333334,0.74,0.10124526258798051,145922010.0
383,Russia,2021-02-17,12629.0,459.0,8.823,39.6,14.178,9.393,0.10146104527921787,0.010416666666666668,0.004578471292846623,0.00034172456999658277,1.0,0.19109222187543856,0.2571428571428572,0.8333333333333334,0.74,0.10124526258798051,145922010.0
384,Russia,2021-02-18,13243.0,469.0,8.823,39.6,14.178,9.393,0.10146104527921787,0.010416666666666668,0.004578471292846623,0.00034172456999658277,1.0,0.19109222187543856,0.2571428571428572,0.8333333333333334,0.74,0.10124526258798051,145922010.0
385,Russia,2021-02-19,13242.0,461.0,8.823,39.6,14.178,9.393,0.10146104527921787,0.010416666666666668,0.004578471292846623,0.00034172456999658277,1.0,0.19109222187543856,0.2571428571428572,0.8333333333333334,0.74,0.10124526258798051,145922010.0
386,Russia,2021-02-20,12775.0,469.0,8.823,39.6,14.178,9.393,0.10146104527921787,0.010416666666666668,0.004578471292846623,0.00034172456999658277,1.0,0.19109222187543856,0.2571428571428572,0.8333333333333334,0.74,0.10124526258798051,145922010.0
387,Russia,2021-02-21,12568.0,409.0,8.823,39.6,14.178,9.393,0.10146104527921787,0.010416666666666668,0.004578471292846623,0.00034172456999658277,1.0,0.19109222187543856,0.2571428571428572,0.8333333333333334,0.74,0.10124526258798051,145922010.0
388,Russia,2021-02-22,12455.0,329.0,8.823,39.6,14.178,9.393,0.10146104527921787,0.010416666666666668,0.004578471292846623,0.00034172456999658277,1.0,0.19109222187543856,0.2571428571428572,0.8333333333333334,0.74,0.10124526258798051,145922010.0
389,Russia,2021-02-23,11679.0,411.0,8.823,39.6,14.178,9.393,0.10146104527921787,0.010416666666666668,0.004578471292846623,0.00034172456999658277,1.0,0.19109222187543856,0.2571428571428572,0.8333333333333334,0.74,0.10124526258798051,145922010.0
390,Russia,2021-02-24,11609.0,378.0,8.823,39.6,14.178,9.393,0.10146104527921787,0.010416666666666668,0.004578471292846623,0.00034172456999658277,1.0,0.19109222187543856,0.2571428571428572,0.8333333333333334,0.74,0.10124526258798051,145922010.0
391,Russia,2021-02-25,11067.0,437.0,8.823,39.6,14.178,9.393,0.10146104527921787,0.010416666666666668,0.004578471292846623,0.00034172456999658277,1.0,0.19109222187543856,0.2571428571428572,0.8333333333333334,0.74,0.10124526258798051,145922010.0
392,Russia,2021-02-26,10955.0,419.0,8.823,39.6,14.178,9.393,0.10146104527921787,0.010416666666666668,0.004578471292846623,0.00034172456999658277,1.0,0.19109222187543856,0.2571428571428572,0.8333333333333334,0.74,0.10124526258798051,145922010.0
393,Russia,2021-02-27,11409.0,430.0,8.823,39.6,14.178,9.393,0.10146104527921787,0.010416666666666668,0.004578471292846623,0.00034172456999658277,1.0,0.19109222187543856,0.2571428571428572,0.8333333333333334,0.74,0.10124526258798051,145922010.0
394,Russia,2021-02-28,11234.0,370.0,8.823,39.6,14.178,9.393,0.10146104527921787,0.010416666666666668,0.004578471292846623,0.00034172456999658277,1.0,0.19109222187543856,0.2571428571428572,0.8333333333333334,0.74,0.10124526258798051,145922010.0
395,Russia,2021-03-01,11450.0,325.0,8.823,39.6,14.178,9.393,0.10146104527921787,0.010416666666666668,0.004578471292846623,0.00034172456999658277,1.0,0.19109222187543856,0.2571428571428572,0.8333333333333334,0.74,0.10124526258798051,145922010.0
396,Russia,2021-03-02,10441.0,433.0,8.823,39.6,14.178,9.393,0.10146104527921787,0.010416666666666668,0.004578471292846623,0.00034172456999658277,1.0,0.19109222187543856,0.2571428571428572,0.8333333333333334,0.74,0.10124526258798051,145922010.0
397,Russia,2021-03-03,10416.0,443.0,8.823,39.6,14.178,9.393,0.10146104527921787,0.010416666666666668,0.004578471292846623,0.00034172456999658277,1.0,0.19109222187543856,0.2571428571428572,0.8333333333333334,0.74,0.10124526258798051,145922010.0
398,Russia,2021-03-04,11263.0,467.0,8.823,39.6,14.178,9.393,0.10146104527921787,0.010416666666666668,0.004578471292846623,0.00034172456999658277,1.0,0.19109222187543856,0.2571428571428572,0.8333333333333334,0.74,0.10124526258798051,145922010.0
399,Russia,2021-03-05,10906.0,453.0,8.823,39.6,14.178,9.393,0.10146104527921787,0.010416666666666668,0.004578471292846623,0.00034172456999658277,1.0,0.19109222187543856,0.2571428571428572,0.8333333333333334,0.74,0.10124526258798051,145922010.0
400,Russia,2021-03-06,10909.0,432.0,8.823,39.6,14.178,9.393,0.10146104527921787,0.010416666666666668,0.004578471292846623,0.00034172456999658277,1.0,0.19109222187543856,0.2571428571428572,0.8333333333333334,0.74,0.10124526258798051,145922010.0
401,Russia,2021-03-07,10478.0,361.0,8.823,39.6,14.178,9.393,0.10146104527921787,0.010416666666666668,0.004578471292846623,0.00034172456999658277,1.0,0.19109222187543856,0.2571428571428572,0.8333333333333334,0.74,0.10124526258798051,145922010.0
402,Russia,2021-03-08,10145.0,371.0,8.823,39.6,14.178,9.393,0.10146104527921787,0.010416666666666668,0.004578471292846623,0.00034172456999658277,1.0,0.19109222187543856,0.2571428571428572,0.8333333333333334,0.74,0.10124526258798051,145922010.0
403,Russia,2021-03-09,9342.0,330.0,8.823,39.6,14.178,9.393,0.10146104527921787,0.010416666666666668,0.004578471292846623,0.00034172456999658277,1.0,0.19109222187543856,0.2571428571428572,0.8333333333333334,0.74,0.10124526258798051,145922010.0
404,Russia,2021-03-10,8976.0,458.0,8.823,39.6,14.178,9.393,0.10146104527921787,0.010416666666666668,0.004578471292846623,0.00034172456999658277,1.0,0.19109222187543856,0.2571428571428572,0.8333333333333334,0.74,0.10124526258798051,145922010.0
405,Russia,2021-03-11,9167.0,451.0,8.823,39.6,14.178,9.393,0.10146104527921787,0.010416666666666668,0.004578471292846623,0.00034172456999658277,1.0,0.19109222187543856,0.2571428571428572,0.8333333333333334,0.74,0.10124526258798051,145922010.0
406,Russia,2021-03-12,9695.0,477.0,8.823,39.6,14.178,9.393,0.10146104527921787,0.010416666666666668,0.004578471292846623,0.00034172456999658277,1.0,0.19109222187543856,0.2571428571428572,0.8333333333333334,0.74,0.10124526258798051,145922010.0
407,Russia,2021-03-13,9808.0,468.0,8.823,39.6,14.178,9.393,0.10146104527921787,0.010416666666666668,0.004578471292846623,0.00034172456999658277,1.0,0.19109222187543856,0.2571428571428572,0.8333333333333334,0.74,0.10124526258798051,145922010.0
408,Russia,2021-03-14,9985.0,389.0,8.823,39.6,14.178,9.393,0.10146104527921787,0.010416666666666668,0.004578471292846623,0.00034172456999658277,1.0,0.19109222187543856,0.2571428571428572,0.8333333333333334,0.74,0.10124526258798051,145922010.0
409,Russia,2021-03-15,9347.0,400.0,8.823,39.6,14.178,9.393,0.10146104527921787,0.010416666666666668,0.004578471292846623,0.00034172456999658277,1.0,0.19109222187543856,0.2571428571428572,0.8333333333333334,0.74,0.10124526258798051,145922010.0
410,Russia,2021-03-16,9305.0,437.0,8.823,39.6,14.178,9.393,0.10146104527921787,0.010416666666666668,0.004578471292846623,0.00034172456999658277,1.0,0.19109222187543856,0.2571428571428572,0.8333333333333334,0.74,0.10124526258798051,145922010.0
411,Russia,2021-03-17,8910.0,420.0,8.823,39.6,14.178,9.393,0.10146104527921787,0.010416666666666668,0.004578471292846623,0.00034172456999658277,1.0,0.19109222187543856,0.2571428571428572,0.8333333333333334,0.74,0.10124526258798051,145922010.0
412,Russia,2021-03-18,9713.0,451.0,8.823,39.6,14.178,9.393,0.10146104527921787,0.010416666666666668,0.004578471292846623,0.00034172456999658277,1.0,0.19109222187543856,0.2571428571428572,0.8333333333333334,0.74,0.10124526258798051,145922010.0
413,Russia,2021-03-19,9612.0,438.0,8.823,39.6,14.178,9.393,0.10146104527921787,0.010416666666666668,0.004578471292846623,0.00034172456999658277,1.0,0.19109222187543856,0.2571428571428572,0.8333333333333334,0.74,0.10124526258798051,145922010.0
414,Russia,2021-03-20,9548.0,386.0,8.823,39.6,14.178,9.393,0.10146104527921787,0.010416666666666668,0.004578471292846623,0.00034172456999658277,1.0,0.19109222187543856,0.2571428571428572,0.8333333333333334,0.74,0.10124526258798051,145922010.0
415,Russia,2021-03-21,9215.0,367.0,8.823,39.6,14.178,9.393,0.10146104527921787,0.010416666666666668,0.004578471292846623,0.00034172456999658277,1.0,0.19109222187543856,0.2571428571428572,0.8333333333333334,0.74,0.10124526258798051,145922010.0
416,Russia,2021-03-22,9195.0,355.0,8.823,39.6,14.178,9.393,0.10146104527921787,0.010416666666666668,0.004578471292846623,0.00034172456999658277,1.0,0.19109222187543856,0.2571428571428572,0.8333333333333334,0.74,0.10124526258798051,145922010.0
417,Russia,2021-03-23,8369.0,419.0,8.823,39.6,14.178,9.393,0.10146104527921787,0.010416666666666668,0.004578471292846623,0.00034172456999658277,1.0,0.19109222187543856,0.2571428571428572,0.8333333333333334,0.74,0.10124526258798051,145922010.0
418,Russia,2021-03-24,8769.0,393.0,8.823,39.6,14.178,9.393,0.10146104527921787,0.010416666666666668,0.004578471292846623,0.00034172456999658277,1.0,0.19109222187543856,0.2571428571428572,0.8333333333333334,0.74,0.10124526258798051,145922010.0
419,Russia,2021-03-25,9128.0,386.0,8.823,39.6,14.178,9.393,0.10146104527921787,0.010416666666666668,0.004578471292846623,0.00034172456999658277,1.0,0.19109222187543856,0.2571428571428572,0.8333333333333334,0.74,0.10124526258798051,145922010.0
420,Russia,2021-03-26,9073.0,400.0,8.823,39.6,14.178,9.393,0.10146104527921787,0.010416666666666668,0.004578471292846623,0.00034172456999658277,1.0,0.19109222187543856,0.2571428571428572,0.8333333333333334,0.74,0.10124526258798051,145922010.0
421,Russia,2021-03-27,8783.0,382.0,8.823,39.6,14.178,9.393,0.10146104527921787,0.010416666666666668,0.004578471292846623,0.00034172456999658277,1.0,0.19109222187543856,0.2571428571428572,0.8333333333333334,0.74,0.10124526258798051,145922010.0
422,Russia,2021-03-28,8979.0,331.0,8.823,39.6,14.178,9.393,0.10146104527921787,0.010416666666666668,0.004578471292846623,0.00034172456999658277,1.0,0.19109222187543856,0.2571428571428572,0.8333333333333334,0.74,0.10124526258798051,145922010.0
423,Russia,2021-03-29,8589.0,290.0,8.823,39.6,14.178,9.393,0.10146104527921787,0.010416666666666668,0.004578471292846623,0.00034172456999658277,1.0,0.19109222187543856,0.2571428571428572,0.8333333333333334,0.74,0.10124526258798051,145922010.0
424,Russia,2021-03-30,8162.0,404.0,8.823,39.6,14.178,9.393,0.10146104527921787,0.010416666666666668,0.004578471292846623,0.00034172456999658277,1.0,0.19109222187543856,0.2571428571428572,0.8333333333333334,0.74,0.10124526258798051,145922010.0
425,Russia,2021-03-31,8156.0,402.0,8.823,39.6,14.178,9.393,0.10146104527921787,0.010416666666666668,0.004578471292846623,0.00034172456999658277,1.0,0.19109222187543856,0.2571428571428572,0.8333333333333334,0.74,0.10124526258798051,145922010.0
426,Russia,2021-04-01,9057.0,375.0,8.823,39.6,14.178,9.393,0.10146104527921787,0.010416666666666668,0.004578471292846623,0.00034172456999658277,1.0,0.19109222187543856,0.2571428571428572,0.8333333333333334,0.74,0.10124526258798051,145922010.0
427,Russia,2021-04-02,8682.0,392.0,8.823,39.6,14.178,9.393,0.10146104527921787,0.010416666666666668,0.004578471292846623,0.00034172456999658277,1.0,0.19109222187543856,0.2571428571428572,0.8333333333333334,0.74,0.10124526258798051,145922010.0
428,Russia,2021-04-03,8906.0,377.0,8.823,39.6,14.178,9.393,0.10146104527921787,0.010416666666666668,0.004578471292846623,0.00034172456999658277,1.0,0.19109222187543856,0.2571428571428572,0.8333333333333334,0.74,0.10124526258798051,145922010.0
429,Russia,2021-04-04,8697.0,350.0,8.823,39.6,14.178,9.393,0.10146104527921787,0.010416666666666668,0.004578471292846623,0.00034172456999658277,1.0,0.19109222187543856,0.2571428571428572,0.8333333333333334,0.74,0.10124526258798051,145922010.0
430,Russia,2021-04-05,8525.0,336.0,8.823,39.6,14.178,9.393,0.10146104527921787,0.010416666666666668,0.004578471292846623,0.00034172456999658277,1.0,0.19109222187543856,0.2571428571428572,0.8333333333333334,0.74,0.10124526258798051,145922010.0
431,Russia,2021-04-06,8206.0,382.0,8.823,39.6,14.178,9.393,0.10146104527921787,0.010416666666666668,0.004578471292846623,0.00034172456999658277,1.0,0.19109222187543856,0.2571428571428572,0.8333333333333334,0.74,0.10124526258798051,145922010.0
432,Russia,2021-04-07,8174.0,369.0,8.823,39.6,14.178,9.393,0.10146104527921787,0.010416666666666668,0.004578471292846623,0.00034172456999658277,1.0,0.19109222187543856,0.2571428571428572,0.8333333333333334,0.74,0.10124526258798051,145922010.0
433,Russia,2021-04-08,8545.0,358.0,8.823,39.6,14.178,9.393,0.10146104527921787,0.010416666666666668,0.004578471292846623,0.00034172456999658277,1.0,0.19109222187543856,0.2571428571428572,0.8333333333333334,0.74,0.10124526258798051,145922010.0
434,Russia,2021-04-09,9027.0,396.0,8.823,39.6,14.178,9.393,0.10146104527921787,0.010416666666666668,0.004578471292846623,0.00034172456999658277,1.0,0.19109222187543856,0.2571428571428572,0.8333333333333334,0.74,0.10124526258798051,145922010.0
435,Russia,2021-04-10,8580.0,395.0,8.823,39.6,14.178,9.393,0.10146104527921787,0.010416666666666668,0.004578471292846623,0.00034172456999658277,1.0,0.19109222187543856,0.2571428571428572,0.8333333333333334,0.74,0.10124526258798051,145922010.0
436,Russia,2021-04-11,8576.0,333.0,8.823,39.6,14.178,9.393,0.10146104527921787,0.010416666666666668,0.004578471292846623,0.00034172456999658277,1.0,0.19109222187543856,0.2571428571428572,0.8333333333333334,0.74,0.10124526258798051,145922010.0
437,Russia,2021-04-12,8191.0,270.0,8.823,39.6,14.178,9.393,0.10146104527921787,0.010416666666666668,0.004578471292846623,0.00034172456999658277,1.0,0.19109222187543856,0.2571428571428572,0.8333333333333334,0.74,0.10124526258798051,145922010.0
438,Russia,2021-04-13,8044.0,330.0,8.823,39.6,14.178,9.393,0.10146104527921787,0.010416666666666668,0.004578471292846623,0.00034172456999658277,1.0,0.19109222187543856,0.2571428571428572,0.8333333333333334,0.74,0.10124526258798051,145922010.0
439,Russia,2021-04-14,8202.0,393.0,8.823,39.6,14.178,9.393,0.10146104527921787,0.010416666666666668,0.004578471292846623,0.00034172456999658277,1.0,0.19109222187543856,0.2571428571428572,0.8333333333333334,0.74,0.10124526258798051,145922010.0
440,Russia,2021-04-15,8818.0,392.0,8.823,39.6,14.178,9.393,0.10146104527921787,0.010416666666666668,0.004578471292846623,0.00034172456999658277,1.0,0.19109222187543856,0.2571428571428572,0.8333333333333334,0.74,0.10124526258798051,145922010.0
441,Russia,2021-04-16,8872.0,392.0,8.823,39.6,14.178,9.393,0.10146104527921787,0.010416666666666668,0.004578471292846623,0.00034172456999658277,1.0,0.19109222187543856,0.2571428571428572,0.8333333333333334,0.74,0.10124526258798051,145922010.0
442,Russia,2021-04-17,9201.0,392.0,8.823,39.6,14.178,9.393,0.10146104527921787,0.010416666666666668,0.004578471292846623,0.00034172456999658277,1.0,0.19109222187543856,0.2571428571428572,0.8333333333333334,0.74,0.10124526258798051,145922010.0
443,Russia,2021-04-18,8507.0,383.0,8.823,39.6,14.178,9.393,0.10146104527921787,0.010416666666666668,0.004578471292846623,0.00034172456999658277,1.0,0.19109222187543856,0.2571428571428572,0.8333333333333334,0.74,0.10124526258798051,145922010.0
444,Russia,2021-04-19,8465.0,339.0,8.823,39.6,14.178,9.393,0.10146104527921787,0.010416666666666668,0.004578471292846623,0.00034172456999658277,1.0,0.19109222187543856,0.2571428571428572,0.8333333333333334,0.74,0.10124526258798051,145922010.0
445,Russia,2021-04-20,8044.0,372.0,8.823,39.6,14.178,9.393,0.10146104527921787,0.010416666666666668,0.004578471292846623,0.00034172456999658277,1.0,0.19109222187543856,0.2571428571428572,0.8333333333333334,0.74,0.10124526258798051,145922010.0
446,Russia,2021-04-21,8146.0,392.0,8.823,39.6,14.178,9.393,0.10146104527921787,0.010416666666666668,0.004578471292846623,0.00034172456999658277,1.0,0.19109222187543856,0.2571428571428572,0.8333333333333334,0.74,0.10124526258798051,145922010.0
447,Russia,2021-04-22,8874.0,391.0,8.823,39.6,14.178,9.393,0.10146104527921787,0.010416666666666668,0.004578471292846623,0.00034172456999658277,1.0,0.19109222187543856,0.2571428571428572,0.8333333333333334,0.74,0.10124526258798051,145922010.0
448,Russia,2021-04-23,8717.0,390.0,8.823,39.6,14.178,9.393,0.10146104527921787,0.010416666666666668,0.004578471292846623,0.00034172456999658277,1.0,0.19109222187543856,0.2571428571428572,0.8333333333333334,0.74,0.10124526258798051,145922010.0
449,Russia,2021-04-24,8698.0,390.0,8.823,39.6,14.178,9.393,0.10146104527921787,0.010416666666666668,0.004578471292846623,0.00034172456999658277,1.0,0.19109222187543856,0.2571428571428572,0.8333333333333334,0.74,0.10124526258798051,145922010.0
450,Russia,2021-04-25,8652.0,326.0,8.823,39.6,14.178,9.393,0.10146104527921787,0.010416666666666668,0.004578471292846623,0.00034172456999658277,1.0,0.19109222187543856,0.2571428571428572,0.8333333333333334,0.74,0.10124526258798051,145922010.0
451,Russia,2021-04-26,8681.0,349.0,8.823,39.6,14.178,9.393,0.10146104527921787,0.010416666666666668,0.004578471292846623,0.00034172456999658277,1.0,0.19109222187543856,0.2571428571428572,0.8333333333333334,0.74,0.10124526258798051,145922010.0
452,Russia,2021-04-27,7931.0,384.0,8.823,39.6,14.178,9.393,0.10146104527921787,0.010416666666666668,0.004578471292846623,0.00034172456999658277,1.0,0.19109222187543856,0.2571428571428572,0.8333333333333334,0.74,0.10124526258798051,145922010.0
453,Russia,2021-04-28,7729.0,380.0,8.823,39.6,14.178,9.393,0.10146104527921787,0.010416666666666668,0.004578471292846623,0.00034172456999658277,1.0,0.19109222187543856,0.2571428571428572,0.8333333333333334,0.74,0.10124526258798051,145922010.0
454,Russia,2021-04-29,9161.0,355.0,8.823,39.6,14.178,9.393,0.10146104527921787,0.010416666666666668,0.004578471292846623,0.00034172456999658277,1.0,0.19109222187543856,0.2571428571428572,0.8333333333333334,0.74,0.10124526258798051,145922010.0
455,Russia,2021-04-30,8613.0,388.0,8.823,39.6,14.178,9.393,0.10146104527921787,0.010416666666666668,0.004578471292846623,0.00034172456999658277,1.0,0.19109222187543856,0.2571428571428572,0.8333333333333334,0.74,0.10124526258798051,145922010.0
456,Russia,2021-05-01,9147.0,385.0,8.823,39.6,14.178,9.393,0.10146104527921787,0.010416666666666668,0.004578471292846623,0.00034172456999658277,1.0,0.19109222187543856,0.2571428571428572,0.8333333333333334,0.74,0.10124526258798051,145922010.0
457,Russia,2021-05-02,8574.0,336.0,8.823,39.6,14.178,9.393,0.10146104527921787,0.010416666666666668,0.004578471292846623,0.00034172456999658277,1.0,0.19109222187543856,0.2571428571428572,0.8333333333333334,0.74,0.10124526258798051,145922010.0
458,Russia,2021-05-03,8368.0,330.0,8.823,39.6,14.178,9.393,0.10146104527921787,0.010416666666666668,0.004578471292846623,0.00034172456999658277,1.0,0.19109222187543856,0.2571428571428572,0.8333333333333334,0.74,0.10124526258798051,145922010.0
459,Russia,2021-05-04,7653.0,329.0,8.823,39.6,14.178,9.393,0.10146104527921787,0.010416666666666668,0.004578471292846623,0.00034172456999658277,1.0,0.19109222187543856,0.2571428571428572,0.8333333333333334,0.74,0.10124526258798051,145922010.0
460,Russia,2021-05-05,7857.0,352.0,8.823,39.6,14.178,9.393,0.10146104527921787,0.010416666666666668,0.004578471292846623,0.00034172456999658277,1.0,0.19109222187543856,0.2571428571428572,0.8333333333333334,0.74,0.10124526258798051,145922010.0
461,Russia,2021-05-06,7518.0,344.0,8.823,39.6,14.178,9.393,0.10146104527921787,0.010416666666666668,0.004578471292846623,0.00034172456999658277,1.0,0.19109222187543856,0.2571428571428572,0.8333333333333334,0.74,0.10124526258798051,145922010.0
462,Russia,2021-05-07,8261.0,369.0,8.823,39.6,14.178,9.393,0.10146104527921787,0.010416666666666668,0.004578471292846623,0.00034172456999658277,1.0,0.19109222187543856,0.2571428571428572,0.8333333333333334,0.74,0.10124526258798051,145922010.0
463,Russia,2021-05-08,8198.0,362.0,8.823,39.6,14.178,9.393,0.10146104527921787,0.010416666666666668,0.004578471292846623,0.00034172456999658277,1.0,0.19109222187543856,0.2571428571428572,0.8333333333333334,0.74,0.10124526258798051,145922010.0
464,Russia,2021-05-09,8290.0,328.0,8.823,39.6,14.178,9.393,0.10146104527921787,0.010416666666666668,0.004578471292846623,0.00034172456999658277,1.0,0.19109222187543856,0.2571428571428572,0.8333333333333334,0.74,0.10124526258798051,145922010.0
465,Russia,2021-05-10,8338.0,315.0,8.823,39.6,14.178,9.393,0.10146104527921787,0.010416666666666668,0.004578471292846623,0.00034172456999658277,1.0,0.19109222187543856,0.2571428571428572,0.8333333333333334,0.74,0.10124526258798051,145922010.0
466,Russia,2021-05-11,7989.0,323.0,8.823,39.6,14.178,9.393,0.10146104527921787,0.010416666666666668,0.004578471292846623,0.00034172456999658277,1.0,0.19109222187543856,0.2571428571428572,0.8333333333333334,0.74,0.10124526258798051,145922010.0
467,Russia,2021-05-12,8096.0,347.0,8.823,39.6,14.178,9.393,0.10146104527921787,0.010416666666666668,0.004578471292846623,0.00034172456999658277,1.0,0.19109222187543856,0.2571428571428572,0.8333333333333334,0.74,0.10124526258798051,145922010.0
468,Russia,2021-05-13,8259.0,385.0,8.823,39.6,14.178,9.393,0.10146104527921787,0.010416666666666668,0.004578471292846623,0.00034172456999658277,1.0,0.19109222187543856,0.2571428571428572,0.8333333333333334,0.74,0.10124526258798051,145922010.0
469,Russia,2021-05-14,9338.0,387.0,8.823,39.6,14.178,9.393,0.10146104527921787,0.010416666666666668,0.004578471292846623,0.00034172456999658277,1.0,0.19109222187543856,0.2571428571428572,0.8333333333333334,0.74,0.10124526258798051,145922010.0
470,Russia,2021-05-15,8667.0,359.0,8.823,39.6,14.178,9.393,0.10146104527921787,0.010416666666666668,0.004578471292846623,0.00034172456999658277,1.0,0.19109222187543856,0.2571428571428572,0.8333333333333334,0.74,0.10124526258798051,145922010.0
471,Russia,2021-05-16,8426.0,386.0,8.823,39.6,14.178,9.393,0.10146104527921787,0.010416666666666668,0.004578471292846623,0.00034172456999658277,1.0,0.19109222187543856,0.2571428571428572,0.8333333333333334,0.74,0.10124526258798051,145922010.0
472,Russia,2021-05-17,9204.0,336.0,8.823,39.6,14.178,9.393,0.10146104527921787,0.010416666666666668,0.004578471292846623,0.00034172456999658277,1.0,0.19109222187543856,0.2571428571428572,0.8333333333333334,0.74,0.10124526258798051,145922010.0
473,Russia,2021-05-18,8057.0,356.0,8.823,39.6,14.178,9.393,0.10146104527921787,0.010416666666666668,0.004578471292846623,0.00034172456999658277,1.0,0.19109222187543856,0.2571428571428572,0.8333333333333334,0.74,0.10124526258798051,145922010.0
474,Russia,2021-05-19,7799.0,384.0,8.823,39.6,14.178,9.393,0.10146104527921787,0.010416666666666668,0.004578471292846623,0.00034172456999658277,1.0,0.19109222187543856,0.2571428571428572,0.8333333333333334,0.74,0.10124526258798051,145922010.0
475,Russia,2021-05-20,9112.0,390.0,8.823,39.6,14.178,9.393,0.10146104527921787,0.010416666666666668,0.004578471292846623,0.00034172456999658277,1.0,0.19109222187543856,0.2571428571428572,0.8333333333333334,0.74,0.10124526258798051,145922010.0
476,Russia,2021-05-21,8811.0,371.0,8.823,39.6,14.178,9.393,0.10146104527921787,0.010416666666666668,0.004578471292846623,0.00034172456999658277,1.0,0.19109222187543856,0.2571428571428572,0.8333333333333334,0.74,0.10124526258798051,145922010.0
477,Russia,2021-05-22,8585.0,380.0,8.823,39.6,14.178,9.393,0.10146104527921787,0.010416666666666668,0.004578471292846623,0.00034172456999658277,1.0,0.19109222187543856,0.2571428571428572,0.8333333333333334,0.74,0.10124526258798051,145922010.0
478,Russia,2021-05-23,8827.0,353.0,8.823,39.6,14.178,9.393,0.10146104527921787,0.010416666666666668,0.004578471292846623,0.00034172456999658277,1.0,0.19109222187543856,0.2571428571428572,0.8333333333333334,0.74,0.10124526258798051,145922010.0
479,Russia,2021-05-24,8283.0,315.0,8.823,39.6,14.178,9.393,0.10146104527921787,0.010416666666666668,0.004578471292846623,0.00034172456999658277,1.0,0.19109222187543856,0.2571428571428572,0.8333333333333334,0.74,0.10124526258798051,145922010.0
480,Russia,2021-05-25,7762.0,385.0,8.823,39.6,14.178,9.393,0.10146104527921787,0.010416666666666668,0.004578471292846623,0.00034172456999658277,1.0,0.19109222187543856,0.2571428571428572,0.8333333333333334,0.74,0.10124526258798051,145922010.0
481,Russia,2021-05-26,8247.0,398.0,8.823,39.6,14.178,9.393,0.10146104527921787,0.010416666666666668,0.004578471292846623,0.00034172456999658277,1.0,0.19109222187543856,0.2571428571428572,0.8333333333333334,0.74,0.10124526258798051,145922010.0
482,Russia,2021-05-27,8911.0,395.0,8.823,39.6,14.178,9.393,0.10146104527921787,0.010416666666666668,0.004578471292846623,0.00034172456999658277,1.0,0.19109222187543856,0.2571428571428572,0.8333333333333334,0.74,0.10124526258798051,145922010.0
483,Russia,2021-05-28,9126.0,396.0,8.823,39.6,14.178,9.393,0.10146104527921787,0.010416666666666668,0.004578471292846623,0.00034172456999658277,1.0,0.19109222187543856,0.2571428571428572,0.8333333333333334,0.74,0.10124526258798051,145922010.0
484,Russia,2021-05-29,9155.0,395.0,8.823,39.6,14.178,9.393,0.10146104527921787,0.010416666666666668,0.004578471292846623,0.00034172456999658277,1.0,0.19109222187543856,0.2571428571428572,0.8333333333333334,0.74,0.10124526258798051,145922010.0
485,Russia,2021-05-30,9558.0,349.0,8.823,39.6,14.178,9.393,0.10146104527921787,0.010416666666666668,0.004578471292846623,0.00034172456999658277,1.0,0.19109222187543856,0.2571428571428572,0.8333333333333334,0.74,0.10124526258798051,145922010.0
486,Russia,2021-05-31,8341.0,334.0,8.823,39.6,14.178,9.393,0.10146104527921787,0.010416666666666668,0.004578471292846623,0.00034172456999658277,1.0,0.19109222187543856,0.2571428571428572,0.8333333333333334,0.74,0.10124526258798051,145922010.0
487,Russia,2021-06-01,9369.0,366.0,8.823,39.6,14.178,9.393,0.10146104527921787,0.010416666666666668,0.004578471292846623,0.00034172456999658277,1.0,0.19109222187543856,0.2571428571428572,0.8333333333333334,0.74,0.10124526258798051,145922010.0
488,Russia,2021-06-02,8702.0,387.0,8.823,39.6,14.178,9.393,0.10146104527921787,0.010416666666666668,0.004578471292846623,0.00034172456999658277,1.0,0.19109222187543856,0.2571428571428572,0.8333333333333334,0.74,0.10124526258798051,145922010.0
489,Russia,2021-06-03,8807.0,387.0,8.823,39.6,14.178,9.393,0.10146104527921787,0.010416666666666668,0.004578471292846623,0.00034172456999658277,1.0,0.19109222187543856,0.2571428571428572,0.8333333333333334,0.74,0.10124526258798051,145922010.0
490,Russia,2021-06-04,8820.0,370.0,8.823,39.6,14.178,9.393,0.10146104527921787,0.010416666666666668,0.004578471292846623,0.00034172456999658277,1.0,0.19109222187543856,0.2571428571428572,0.8333333333333334,0.74,0.10124526258798051,145922010.0
491,Russia,2021-06-05,9011.0,391.0,8.823,39.6,14.178,9.393,0.10146104527921787,0.010416666666666668,0.004578471292846623,0.00034172456999658277,1.0,0.19109222187543856,0.2571428571428572,0.8333333333333334,0.74,0.10124526258798051,145922010.0
492,Russia,2021-06-06,9025.0,346.0,8.823,39.6,14.178,9.393,0.10146104527921787,0.010416666666666668,0.004578471292846623,0.00034172456999658277,1.0,0.19109222187543856,0.2571428571428572,0.8333333333333334,0.74,0.10124526258798051,145922010.0
493,Russia,2021-06-07,9297.0,326.0,8.823,39.6,14.178,9.393,0.10146104527921787,0.010416666666666668,0.004578471292846623,0.00034172456999658277,1.0,0.19109222187543856,0.2571428571428572,0.8333333333333334,0.74,0.10124526258798051,145922010.0
494,Russia,2021-06-08,9843.0,372.0,8.823,39.6,14.178,9.393,0.10146104527921787,0.010416666666666668,0.004578471292846623,0.00034172456999658277,1.0,0.19109222187543856,0.2571428571428572,0.8333333333333334,0.74,0.10124526258798051,145922010.0
495,Russia,2021-06-09,10271.0,393.0,8.823,39.6,14.178,9.393,0.10146104527921787,0.010416666666666668,0.004578471292846623,0.00034172456999658277,1.0,0.19109222187543856,0.2571428571428572,0.8333333333333334,0.74,0.10124526258798051,145922010.0
496,Russia,2021-06-10,11560.0,376.0,8.823,39.6,14.178,9.393,0.10146104527921787,0.010416666666666668,0.004578471292846623,0.00034172456999658277,1.0,0.19109222187543856,0.2571428571428572,0.8333333333333334,0.74,0.10124526258798051,145922010.0
497,Russia,2021-06-11,12361.0,390.0,8.823,39.6,14.178,9.393,0.10146104527921787,0.010416666666666668,0.004578471292846623,0.00034172456999658277,1.0,0.19109222187543856,0.2571428571428572,0.8333333333333334,0.74,0.10124526258798051,145922010.0
498,Russia,2021-06-12,13360.0,393.0,8.823,39.6,14.178,9.393,0.10146104527921787,0.010416666666666668,0.004578471292846623,0.00034172456999658277,1.0,0.19109222187543856,0.2571428571428572,0.8333333333333334,0.74,0.10124526258798051,145922010.0
499,Russia,2021-06-13,14561.0,353.0,8.823,39.6,14.178,9.393,0.10146104527921787,0.010416666666666668,0.004578471292846623,0.00034172456999658277,1.0,0.19109222187543856,0.2571428571428572,0.8333333333333334,0.74,0.10124526258798051,145922010.0
500,Russia,2021-06-14,13550.0,367.0,8.823,39.6,14.178,9.393,0.10146104527921787,0.010416666666666668,0.004578471292846623,0.00034172456999658277,1.0,0.19109222187543856,0.2571428571428572,0.8333333333333334,0.74,0.10124526258798051,145922010.0
501,Russia,2021-06-15,14002.0,374.0,8.823,39.6,14.178,9.393,0.10146104527921787,0.010416666666666668,0.004578471292846623,0.00034172456999658277,1.0,0.19109222187543856,0.2571428571428572,0.8333333333333334,0.74,0.10124526258798051,145922010.0
502,Russia,2021-06-16,13209.0,388.0,8.823,39.6,14.178,9.393,0.10146104527921787,0.010416666666666668,0.004578471292846623,0.00034172456999658277,1.0,0.19109222187543856,0.2571428571428572,0.8333333333333334,0.74,0.10124526258798051,145922010.0
503,Russia,2021-06-17,13857.0,410.0,8.823,39.6,14.178,9.393,0.10146104527921787,0.010416666666666668,0.004578471292846623,0.00034172456999658277,1.0,0.19109222187543856,0.2571428571428572,0.8333333333333334,0.74,0.10124526258798051,145922010.0
504,Russia,2021-06-18,17051.0,447.0,8.823,39.6,14.178,9.393,0.10146104527921787,0.010416666666666668,0.004578471292846623,0.00034172456999658277,1.0,0.19109222187543856,0.2571428571428572,0.8333333333333334,0.74,0.10124526258798051,145922010.0
505,Russia,2021-06-19,17679.0,461.0,8.823,39.6,14.178,9.393,0.10146104527921787,0.010416666666666668,0.004578471292846623,0.00034172456999658277,1.0,0.19109222187543856,0.2571428571428572,0.8333333333333334,0.74,0.10124526258798051,145922010.0
506,Russia,2021-06-20,17367.0,445.0,8.823,39.6,14.178,9.393,0.10146104527921787,0.010416666666666668,0.004578471292846623,0.00034172456999658277,1.0,0.19109222187543856,0.2571428571428572,0.8333333333333334,0.74,0.10124526258798051,145922010.0
507,Russia,2021-06-21,17114.0,435.0,8.823,39.6,14.178,9.393,0.10146104527921787,0.010416666666666668,0.004578471292846623,0.00034172456999658277,1.0,0.19109222187543856,0.2571428571428572,0.8333333333333334,0.74,0.10124526258798051,145922010.0
508,Russia,2021-06-22,16438.0,539.0,8.823,39.6,14.178,9.393,0.10146104527921787,0.010416666666666668,0.004578471292846623,0.00034172456999658277,1.0,0.19109222187543856,0.2571428571428572,0.8333333333333334,0.74,0.10124526258798051,145922010.0
509,Russia,2021-06-23,17303.0,539.0,8.823,39.6,14.178,9.393,0.10146104527921787,0.010416666666666668,0.004578471292846623,0.00034172456999658277,1.0,0.19109222187543856,0.2571428571428572,0.8333333333333334,0.74,0.10124526258798051,145922010.0
510,Russia,2021-06-24,19871.0,559.0,8.823,39.6,14.178,9.393,0.10146104527921787,0.010416666666666668,0.004578471292846623,0.00034172456999658277,1.0,0.19109222187543856,0.2571428571428572,0.8333333333333334,0.74,0.10124526258798051,145922010.0
511,Russia,2021-06-25,20065.0,591.0,8.823,39.6,14.178,9.393,0.10146104527921787,0.010416666666666668,0.004578471292846623,0.00034172456999658277,1.0,0.19109222187543856,0.2571428571428572,0.8333333333333334,0.74,0.10124526258798051,145922010.0
512,Russia,2021-06-26,21312.0,610.0,8.823,39.6,14.178,9.393,0.10146104527921787,0.010416666666666668,0.004578471292846623,0.00034172456999658277,1.0,0.19109222187543856,0.2571428571428572,0.8333333333333334,0.74,0.10124526258798051,145922010.0
513,Russia,2021-06-27,20169.0,591.0,8.823,39.6,14.178,9.393,0.10146104527921787,0.010416666666666668,0.004578471292846623,0.00034172456999658277,1.0,0.19109222187543856,0.2571428571428572,0.8333333333333334,0.74,0.10124526258798051,145922010.0
514,Russia,2021-06-28,21258.0,601.0,8.823,39.6,14.178,9.393,0.10146104527921787,0.010416666666666668,0.004578471292846623,0.00034172456999658277,1.0,0.19109222187543856,0.2571428571428572,0.8333333333333334,0.74,0.10124526258798051,145922010.0
515,Russia,2021-06-29,20217.0,643.0,8.823,39.6,14.178,9.393,0.10146104527921787,0.010416666666666668,0.004578471292846623,0.00034172456999658277,1.0,0.19109222187543856,0.2571428571428572,0.8333333333333334,0.74,0.10124526258798051,145922010.0
516,Russia,2021-06-30,20633.0,659.0,8.823,39.6,14.178,9.393,0.10146104527921787,0.010416666666666668,0.004578471292846623,0.00034172456999658277,1.0,0.19109222187543856,0.2571428571428572,0.8333333333333334,0.74,0.10124526258798051,145922010.0
517,Russia,2021-07-01,23128.0,660.0,8.823,39.6,14.178,9.393,0.10146104527921787,0.010416666666666668,0.004578471292846623,0.00034172456999658277,1.0,0.19109222187543856,0.2571428571428572,0.8333333333333334,0.74,0.10124526258798051,145922010.0
518,Russia,2021-07-02,22791.0,669.0,8.823,39.6,14.178,9.393,0.10146104527921787,0.010416666666666668,0.004578471292846623,0.00034172456999658277,1.0,0.19109222187543856,0.2571428571428572,0.8333333333333334,0.74,0.10124526258798051,145922010.0
519,Russia,2021-07-03,24003.0,685.0,8.823,39.6,14.178,9.393,0.10146104527921787,0.010416666666666668,0.004578471292846623,0.00034172456999658277,1.0,0.19109222187543856,0.2571428571428572,0.8333333333333334,0.74,0.10124526258798051,145922010.0
520,Russia,2021-07-04,24693.0,650.0,8.823,39.6,14.178,9.393,0.10146104527921787,0.010416666666666668,0.004578471292846623,0.00034172456999658277,1.0,0.19109222187543856,0.2571428571428572,0.8333333333333334,0.74,0.10124526258798051,145922010.0
521,Russia,2021-07-05,23895.0,642.0,8.823,39.6,14.178,9.393,0.10146104527921787,0.010416666666666668,0.004578471292846623,0.00034172456999658277,1.0,0.19109222187543856,0.2571428571428572,0.8333333333333334,0.74,0.10124526258798051,145922010.0
522,Russia,2021-07-06,22926.0,726.0,8.823,39.6,14.178,9.393,0.10146104527921787,0.010416666666666668,0.004578471292846623,0.00034172456999658277,1.0,0.19109222187543856,0.2571428571428572,0.8333333333333334,0.74,0.10124526258798051,145922010.0
523,Russia,2021-07-07,23510.0,713.0,8.823,39.6,14.178,9.393,0.10146104527921787,0.010416666666666668,0.004578471292846623,0.00034172456999658277,1.0,0.19109222187543856,0.2571428571428572,0.8333333333333334,0.74,0.10124526258798051,145922010.0
524,Russia,2021-07-08,24361.0,723.0,8.823,39.6,14.178,9.393,0.10146104527921787,0.010416666666666668,0.004578471292846623,0.00034172456999658277,1.0,0.19109222187543856,0.2571428571428572,0.8333333333333334,0.74,0.10124526258798051,145922010.0
525,Russia,2021-07-09,25299.0,715.0,8.823,39.6,14.178,9.393,0.10146104527921787,0.010416666666666668,0.004578471292846623,0.00034172456999658277,1.0,0.19109222187543856,0.2571428571428572,0.8333333333333334,0.74,0.10124526258798051,145922010.0
526,Russia,2021-07-10,24607.0,740.0,8.823,39.6,14.178,9.393,0.10146104527921787,0.010416666666666668,0.004578471292846623,0.00034172456999658277,1.0,0.19109222187543856,0.2571428571428572,0.8333333333333334,0.74,0.10124526258798051,145922010.0
527,Russia,2021-07-11,24544.0,739.0,8.823,39.6,14.178,9.393,0.10146104527921787,0.010416666666666668,0.004578471292846623,0.00034172456999658277,1.0,0.19109222187543856,0.2571428571428572,0.8333333333333334,0.74,0.10124526258798051,145922010.0
528,Russia,2021-07-12,24649.0,700.0,8.823,39.6,14.178,9.393,0.10146104527921787,0.010416666666666668,0.004578471292846623,0.00034172456999658277,1.0,0.19109222187543856,0.2571428571428572,0.8333333333333334,0.74,0.10124526258798051,145922010.0
529,Russia,2021-07-13,24211.0,767.0,8.823,39.6,14.178,9.393,0.10146104527921787,0.010416666666666668,0.004578471292846623,0.00034172456999658277,1.0,0.19109222187543856,0.2571428571428572,0.8333333333333334,0.74,0.10124526258798051,145922010.0
530,Russia,2021-07-14,23331.0,775.0,8.823,39.6,14.178,9.393,0.10146104527921787,0.010416666666666668,0.004578471292846623,0.00034172456999658277,1.0,0.19109222187543856,0.2571428571428572,0.8333333333333334,0.74,0.10124526258798051,145922010.0
531,Russia,2021-07-15,24793.0,780.0,8.823,39.6,14.178,9.393,0.10146104527921787,0.010416666666666668,0.004578471292846623,0.00034172456999658277,1.0,0.19109222187543856,0.2571428571428572,0.8333333333333334,0.74,0.10124526258798051,145922010.0
532,Russia,2021-07-16,25188.0,789.0,8.823,39.6,14.178,9.393,0.10146104527921787,0.010416666666666668,0.004578471292846623,0.00034172456999658277,1.0,0.19109222187543856,0.2571428571428572,0.8333333333333334,0.74,0.10124526258798051,145922010.0
533,Russia,2021-07-17,24590.0,776.0,8.823,39.6,14.178,9.393,0.10146104527921787,0.010416666666666668,0.004578471292846623,0.00034172456999658277,1.0,0.19109222187543856,0.2571428571428572,0.8333333333333334,0.74,0.10124526258798051,145922010.0
534,Russia,2021-07-18,24480.0,753.0,8.823,39.6,14.178,9.393,0.10146104527921787,0.010416666666666668,0.004578471292846623,0.00034172456999658277,1.0,0.19109222187543856,0.2571428571428572,0.8333333333333334,0.74,0.10124526258798051,145922010.0
535,Russia,2021-07-19,24098.0,711.0,8.823,39.6,14.178,9.393,0.10146104527921787,0.010416666666666668,0.004578471292846623,0.00034172456999658277,1.0,0.19109222187543856,0.2571428571428572,0.8333333333333334,0.74,0.10124526258798051,145922010.0
536,Russia,2021-07-20,23234.0,771.0,8.823,39.6,14.178,9.393,0.10146104527921787,0.010416666666666668,0.004578471292846623,0.00034172456999658277,1.0,0.19109222187543856,0.2571428571428572,0.8333333333333334,0.74,0.10124526258798051,145922010.0
537,Russia,2021-07-21,23164.0,772.0,8.823,39.6,14.178,9.393,0.10146104527921787,0.010416666666666668,0.004578471292846623,0.00034172456999658277,1.0,0.19109222187543856,0.2571428571428572,0.8333333333333334,0.74,0.10124526258798051,145922010.0
538,Russia,2021-07-22,23938.0,783.0,8.823,39.6,14.178,9.393,0.10146104527921787,0.010416666666666668,0.004578471292846623,0.00034172456999658277,1.0,0.19109222187543856,0.2571428571428572,0.8333333333333334,0.74,0.10124526258798051,145922010.0
539,Russia,2021-07-23,23276.0,784.0,8.823,39.6,14.178,9.393,0.10146104527921787,0.010416666666666668,0.004578471292846623,0.00034172456999658277,1.0,0.19109222187543856,0.2571428571428572,0.8333333333333334,0.74,0.10124526258798051,145922010.0
540,Russia,2021-07-24,23395.0,787.0,8.823,39.6,14.178,9.393,0.10146104527921787,0.010416666666666668,0.004578471292846623,0.00034172456999658277,1.0,0.19109222187543856,0.2571428571428572,0.8333333333333334,0.74,0.10124526258798051,145922010.0
541,Russia,2021-07-25,23517.0,769.0,8.823,39.6,14.178,9.393,0.10146104527921787,0.010416666666666668,0.004578471292846623,0.00034172456999658277,1.0,0.19109222187543856,0.2571428571428572,0.8333333333333334,0.74,0.10124526258798051,145922010.0
542,Russia,2021-07-26,22678.0,717.0,8.823,39.6,14.178,9.393,0.10146104527921787,0.010416666666666668,0.004578471292846623,0.00034172456999658277,1.0,0.19109222187543856,0.2571428571428572,0.8333333333333334,0.74,0.10124526258798051,145922010.0
543,Russia,2021-07-27,22486.0,767.0,8.823,39.6,14.178,9.393,0.10146104527921787,0.010416666666666668,0.004578471292846623,0.00034172456999658277,1.0,0.19109222187543856,0.2571428571428572,0.8333333333333334,0.74,0.10124526258798051,145922010.0
544,Russia,2021-07-28,21870.0,784.0,8.823,39.6,14.178,9.393,0.10146104527921787,0.010416666666666668,0.004578471292846623,0.00034172456999658277,1.0,0.19109222187543856,0.2571428571428572,0.8333333333333334,0.74,0.10124526258798051,145922010.0
545,Russia,2021-07-29,22720.0,784.0,8.823,39.6,14.178,9.393,0.10146104527921787,0.010416666666666668,0.004578471292846623,0.00034172456999658277,1.0,0.19109222187543856,0.2571428571428572,0.8333333333333334,0.74,0.10124526258798051,145922010.0
546,Russia,2021-07-30,23016.0,776.0,8.823,39.6,14.178,9.393,0.10146104527921787,0.010416666666666668,0.004578471292846623,0.00034172456999658277,1.0,0.19109222187543856,0.2571428571428572,0.8333333333333334,0.74,0.10124526258798051,145922010.0
547,Russia,2021-07-31,23264.0,772.0,8.823,39.6,14.178,9.393,0.10146104527921787,0.010416666666666668,0.004578471292846623,0.00034172456999658277,1.0,0.19109222187543856,0.2571428571428572,0.8333333333333334,0.74,0.10124526258798051,145922010.0
548,Russia,2021-08-01,22264.0,774.0,8.823,39.6,14.178,9.393,0.10146104527921787,0.010416666666666668,0.004578471292846623,0.00034172456999658277,1.0,0.19109222187543856,0.2571428571428572,0.8333333333333334,0.74,0.10124526258798051,145922010.0
549,Russia,2021-08-02,22969.0,770.0,8.823,39.6,14.178,9.393,0.10146104527921787,0.010416666666666668,0.004578471292846623,0.00034172456999658277,1.0,0.19109222187543856,0.2571428571428572,0.8333333333333334,0.74,0.10124526258798051,145922010.0
550,Russia,2021-08-03,21471.0,767.0,8.823,39.6,14.178,9.393,0.10146104527921787,0.010416666666666668,0.004578471292846623,0.00034172456999658277,1.0,0.19109222187543856,0.2571428571428572,0.8333333333333334,0.74,0.10124526258798051,145922010.0
551,Russia,2021-08-04,22053.0,769.0,8.823,39.6,14.178,9.393,0.10146104527921787,0.010416666666666668,0.004578471292846623,0.00034172456999658277,1.0,0.19109222187543856,0.2571428571428572,0.8333333333333334,0.74,0.10124526258798051,145922010.0
552,Russia,2021-08-05,22564.0,771.0,8.823,39.6,14.178,9.393,0.10146104527921787,0.010416666666666668,0.004578471292846623,0.00034172456999658277,1.0,0.19109222187543856,0.2571428571428572,0.8333333333333334,0.74,0.10124526258798051,145922010.0
553,Russia,2021-08-06,22073.0,771.0,8.823,39.6,14.178,9.393,0.10146104527921787,0.010416666666666668,0.004578471292846623,0.00034172456999658277,1.0,0.19109222187543856,0.2571428571428572,0.8333333333333334,0.74,0.10124526258798051,145922010.0
554,Russia,2021-08-07,21727.0,769.0,8.823,39.6,14.178,9.393,0.10146104527921787,0.010416666666666668,0.004578471292846623,0.00034172456999658277,1.0,0.19109222187543856,0.2571428571428572,0.8333333333333334,0.74,0.10124526258798051,145922010.0
555,Russia,2021-08-08,22271.0,766.0,8.823,39.6,14.178,9.393,0.10146104527921787,0.010416666666666668,0.004578471292846623,0.00034172456999658277,1.0,0.19109222187543856,0.2571428571428572,0.8333333333333334,0.74,0.10124526258798051,145922010.0
556,Russia,2021-08-09,21554.0,751.0,8.823,39.6,14.178,9.393,0.10146104527921787,0.010416666666666668,0.004578471292846623,0.00034172456999658277,1.0,0.19109222187543856,0.2571428571428572,0.8333333333333334,0.74,0.10124526258798051,145922010.0
557,Russia,2021-08-10,20765.0,769.0,8.823,39.6,14.178,9.393,0.10146104527921787,0.010416666666666668,0.004578471292846623,0.00034172456999658277,1.0,0.19109222187543856,0.2571428571428572,0.8333333333333334,0.74,0.10124526258798051,145922010.0
558,Russia,2021-08-11,20958.0,784.0,8.823,39.6,14.178,9.393,0.10146104527921787,0.010416666666666668,0.004578471292846623,0.00034172456999658277,1.0,0.19109222187543856,0.2571428571428572,0.8333333333333334,0.74,0.10124526258798051,145922010.0
559,Russia,2021-08-12,21311.0,788.0,8.823,39.6,14.178,9.393,0.10146104527921787,0.010416666666666668,0.004578471292846623,0.00034172456999658277,1.0,0.19109222187543856,0.2571428571428572,0.8333333333333334,0.74,0.10124526258798051,145922010.0
560,Russia,2021-08-13,21661.0,795.0,8.823,39.6,14.178,9.393,0.10146104527921787,0.010416666666666668,0.004578471292846623,0.00034172456999658277,1.0,0.19109222187543856,0.2571428571428572,0.8333333333333334,0.74,0.10124526258798051,145922010.0
561,Russia,2021-08-14,21531.0,799.0,8.823,39.6,14.178,9.393,0.10146104527921787,0.010416666666666668,0.004578471292846623,0.00034172456999658277,1.0,0.19109222187543856,0.2571428571428572,0.8333333333333334,0.74,0.10124526258798051,145922010.0
562,Russia,2021-08-15,21010.0,800.0,8.823,39.6,14.178,9.393,0.10146104527921787,0.010416666666666668,0.004578471292846623,0.00034172456999658277,1.0,0.19109222187543856,0.2571428571428572,0.8333333333333334,0.74,0.10124526258798051,145922010.0
563,Russia,2021-08-16,20154.0,789.0,8.823,39.6,14.178,9.393,0.10146104527921787,0.010416666666666668,0.004578471292846623,0.00034172456999658277,1.0,0.19109222187543856,0.2571428571428572,0.8333333333333334,0.74,0.10124526258798051,145922010.0
564,Russia,2021-08-17,20349.0,785.0,8.823,39.6,14.178,9.393,0.10146104527921787,0.010416666666666668,0.004578471292846623,0.00034172456999658277,1.0,0.19109222187543856,0.2571428571428572,0.8333333333333334,0.74,0.10124526258798051,145922010.0
565,Russia,2021-08-18,20312.0,779.0,8.823,39.6,14.178,9.393,0.10146104527921787,0.010416666666666668,0.004578471292846623,0.00034172456999658277,1.0,0.19109222187543856,0.2571428571428572,0.8333333333333334,0.74,0.10124526258798051,145922010.0
566,Russia,2021-08-19,20459.0,768.0,8.823,39.6,14.178,9.393,0.10146104527921787,0.010416666666666668,0.004578471292846623,0.00034172456999658277,1.0,0.19109222187543856,0.2571428571428572,0.8333333333333334,0.74,0.10124526258798051,145922010.0
567,Russia,2021-08-20,20402.0,764.0,8.823,39.6,14.178,9.393,0.10146104527921787,0.010416666666666668,0.004578471292846623,0.00034172456999658277,1.0,0.19109222187543856,0.2571428571428572,0.8333333333333334,0.74,0.10124526258798051,145922010.0
568,Russia,2021-08-21,20414.0,777.0,8.823,39.6,14.178,9.393,0.10146104527921787,0.010416666666666668,0.004578471292846623,0.00034172456999658277,1.0,0.19109222187543856,0.2571428571428572,0.8333333333333334,0.74,0.10124526258798051,145922010.0
569,Russia,2021-08-22,19977.0,746.0,8.823,39.6,14.178,9.393,0.10146104527921787,0.010416666666666668,0.004578471292846623,0.00034172456999658277,1.0,0.19109222187543856,0.2571428571428572,0.8333333333333334,0.74,0.10124526258798051,145922010.0
570,Russia,2021-08-23,18875.0,765.0,8.823,39.6,14.178,9.393,0.10146104527921787,0.010416666666666668,0.004578471292846623,0.00034172456999658277,1.0,0.19109222187543856,0.2571428571428572,0.8333333333333334,0.74,0.10124526258798051,145922010.0
571,Russia,2021-08-24,18260.0,774.0,8.823,39.6,14.178,9.393,0.10146104527921787,0.010416666666666668,0.004578471292846623,0.00034172456999658277,1.0,0.19109222187543856,0.2571428571428572,0.8333333333333334,0.74,0.10124526258798051,145922010.0
572,Russia,2021-08-25,18972.0,786.0,8.823,39.6,14.178,9.393,0.10146104527921787,0.010416666666666668,0.004578471292846623,0.00034172456999658277,1.0,0.19109222187543856,0.2571428571428572,0.8333333333333334,0.74,0.10124526258798051,145922010.0
573,Russia,2021-08-26,19094.0,799.0,8.823,39.6,14.178,9.393,0.10146104527921787,0.010416666666666668,0.004578471292846623,0.00034172456999658277,1.0,0.19109222187543856,0.2571428571428572,0.8333333333333334,0.74,0.10124526258798051,145922010.0
574,Russia,2021-08-27,18982.0,777.0,8.823,39.6,14.178,9.393,0.10146104527921787,0.010416666666666668,0.004578471292846623,0.00034172456999658277,1.0,0.19109222187543856,0.2571428571428572,0.8333333333333334,0.74,0.10124526258798051,145922010.0
575,Russia,2021-08-28,18986.0,775.0,8.823,39.6,14.178,9.393,0.10146104527921787,0.010416666666666668,0.004578471292846623,0.00034172456999658277,1.0,0.19109222187543856,0.2571428571428572,0.8333333333333334,0.74,0.10124526258798051,145922010.0
576,Russia,2021-08-29,18798.0,778.0,8.823,39.6,14.178,9.393,0.10146104527921787,0.010416666666666668,0.004578471292846623,0.00034172456999658277,1.0,0.19109222187543856,0.2571428571428572,0.8333333333333334,0.74,0.10124526258798051,145922010.0
577,Russia,2021-08-30,17858.0,776.0,8.823,39.6,14.178,9.393,0.10146104527921787,0.010416666666666668,0.004578471292846623,0.00034172456999658277,1.0,0.19109222187543856,0.2571428571428572,0.8333333333333334,0.74,0.10124526258798051,145922010.0
578,Russia,2021-08-31,17374.0,776.0,8.823,39.6,14.178,9.393,0.10146104527921787,0.010416666666666668,0.004578471292846623,0.00034172456999658277,1.0,0.19109222187543856,0.2571428571428572,0.8333333333333334,0.74,0.10124526258798051,145922010.0
579,Russia,2021-09-01,17955.0,772.0,8.823,39.6,14.178,9.393,0.10146104527921787,0.010416666666666668,0.004578471292846623,0.00034172456999658277,1.0,0.19109222187543856,0.2571428571428572,0.8333333333333334,0.74,0.10124526258798051,145922010.0
580,Russia,2021-09-02,18591.0,779.0,8.823,39.6,14.178,9.393,0.10146104527921787,0.010416666666666668,0.004578471292846623,0.00034172456999658277,1.0,0.19109222187543856,0.2571428571428572,0.8333333333333334,0.74,0.10124526258798051,145922010.0
581,Russia,2021-09-03,18470.0,781.0,8.823,39.6,14.178,9.393,0.10146104527921787,0.010416666666666668,0.004578471292846623,0.00034172456999658277,1.0,0.19109222187543856,0.2571428571428572,0.8333333333333334,0.74,0.10124526258798051,145922010.0
582,Russia,2021-09-04,18400.0,776.0,8.823,39.6,14.178,9.393,0.10146104527921787,0.010416666666666668,0.004578471292846623,0.00034172456999658277,1.0,0.19109222187543856,0.2571428571428572,0.8333333333333334,0.74,0.10124526258798051,145922010.0
583,Russia,2021-09-05,18262.0,779.0,8.823,39.6,14.178,9.393,0.10146104527921787,0.010416666666666668,0.004578471292846623,0.00034172456999658277,1.0,0.19109222187543856,0.2571428571428572,0.8333333333333334,0.74,0.10124526258798051,145922010.0
584,Russia,2021-09-06,17487.0,776.0,8.823,39.6,14.178,9.393,0.10146104527921787,0.010416666666666668,0.004578471292846623,0.00034172456999658277,1.0,0.19109222187543856,0.2571428571428572,0.8333333333333334,0.74,0.10124526258798051,145922010.0
585,Russia,2021-09-07,17060.0,775.0,8.823,39.6,14.178,9.393,0.10146104527921787,0.010416666666666668,0.004578471292846623,0.00034172456999658277,1.0,0.19109222187543856,0.2571428571428572,0.8333333333333334,0.74,0.10124526258798051,145922010.0
586,Russia,2021-09-08,17673.0,777.0,8.823,39.6,14.178,9.393,0.10146104527921787,0.010416666666666668,0.004578471292846623,0.00034172456999658277,1.0,0.19109222187543856,0.2571428571428572,0.8333333333333334,0.74,0.10124526258798051,145922010.0
587,Russia,2021-09-09,18033.0,775.0,8.823,39.6,14.178,9.393,0.10146104527921787,0.010416666666666668,0.004578471292846623,0.00034172456999658277,1.0,0.19109222187543856,0.2571428571428572,0.8333333333333334,0.74,0.10124526258798051,145922010.0
588,Russia,2021-09-10,18008.0,769.0,8.823,39.6,14.178,9.393,0.10146104527921787,0.010416666666666668,0.004578471292846623,0.00034172456999658277,1.0,0.19109222187543856,0.2571428571428572,0.8333333333333334,0.74,0.10124526258798051,145922010.0
589,Russia,2021-09-11,18564.0,778.0,8.823,39.6,14.178,9.393,0.10146104527921787,0.010416666666666668,0.004578471292846623,0.00034172456999658277,1.0,0.19109222187543856,0.2571428571428572,0.8333333333333334,0.74,0.10124526258798051,145922010.0
590,Russia,2021-09-12,18235.0,773.0,8.823,39.6,14.178,9.393,0.10146104527921787,0.010416666666666668,0.004578471292846623,0.00034172456999658277,1.0,0.19109222187543856,0.2571428571428572,0.8333333333333334,0.74,0.10124526258798051,145922010.0
591,Russia,2021-09-13,17861.0,712.0,8.823,39.6,14.178,9.393,0.10146104527921787,0.010416666666666668,0.004578471292846623,0.00034172456999658277,1.0,0.19109222187543856,0.2571428571428572,0.8333333333333334,0.74,0.10124526258798051,145922010.0
592,Russia,2021-09-14,17529.0,762.0,8.823,39.6,14.178,9.393,0.10146104527921787,0.010416666666666668,0.004578471292846623,0.00034172456999658277,1.0,0.19109222187543856,0.2571428571428572,0.8333333333333334,0.74,0.10124526258798051,145922010.0
593,Russia,2021-09-15,18543.0,773.0,8.823,39.6,14.178,9.393,0.10146104527921787,0.010416666666666668,0.004578471292846623,0.00034172456999658277,1.0,0.19109222187543856,0.2571428571428572,0.8333333333333334,0.74,0.10124526258798051,145922010.0
594,Russia,2021-09-16,19288.0,774.0,8.823,39.6,14.178,9.393,0.10146104527921787,0.010416666666666668,0.004578471292846623,0.00034172456999658277,1.0,0.19109222187543856,0.2571428571428572,0.8333333333333334,0.74,0.10124526258798051,145922010.0
595,Russia,2021-09-17,19589.0,771.0,8.823,39.6,14.178,9.393,0.10146104527921787,0.010416666666666668,0.004578471292846623,0.00034172456999658277,1.0,0.19109222187543856,0.2571428571428572,0.8333333333333334,0.74,0.10124526258798051,145922010.0
596,Russia,2021-09-18,19999.0,780.0,8.823,39.6,14.178,9.393,0.10146104527921787,0.010416666666666668,0.004578471292846623,0.00034172456999658277,1.0,0.19109222187543856,0.2571428571428572,0.8333333333333334,0.74,0.10124526258798051,145922010.0
597,Russia,2021-09-19,19825.0,780.0,8.823,39.6,14.178,9.393,0.10146104527921787,0.010416666666666668,0.004578471292846623,0.00034172456999658277,1.0,0.19109222187543856,0.2571428571428572,0.8333333333333334,0.74,0.10124526258798051,145922010.0
598,Russia,2021-09-20,19376.0,767.0,8.823,39.6,14.178,9.393,0.10146104527921787,0.010416666666666668,0.004578471292846623,0.00034172456999658277,1.0,0.19109222187543856,0.2571428571428572,0.8333333333333334,0.74,0.10124526258798051,145922010.0
599,Russia,2021-09-21,18796.0,797.0,8.823,39.6,14.178,9.393,0.10146104527921787,0.010416666666666668,0.004578471292846623,0.00034172456999658277,1.0,0.19109222187543856,0.2571428571428572,0.8333333333333334,0.74,0.10124526258798051,145922010.0
600,Russia,2021-09-22,19308.0,797.0,8.823,39.6,14.178,9.393,0.10146104527921787,0.010416666666666668,0.004578471292846623,0.00034172456999658277,1.0,0.19109222187543856,0.2571428571428572,0.8333333333333334,0.74,0.10124526258798051,145922010.0
601,Russia,2021-09-23,21023.0,802.0,8.823,39.6,14.178,9.393,0.10146104527921787,0.010416666666666668,0.004578471292846623,0.00034172456999658277,1.0,0.19109222187543856,0.2571428571428572,0.8333333333333334,0.74,0.10124526258798051,145922010.0
602,Russia,2021-09-24,20942.0,810.0,8.823,39.6,14.178,9.393,0.10146104527921787,0.010416666666666668,0.004578471292846623,0.00034172456999658277,1.0,0.19109222187543856,0.2571428571428572,0.8333333333333334,0.74,0.10124526258798051,145922010.0
603,Russia,2021-09-25,21583.0,806.0,8.823,39.6,14.178,9.393,0.10146104527921787,0.010416666666666668,0.004578471292846623,0.00034172456999658277,1.0,0.19109222187543856,0.2571428571428572,0.8333333333333334,0.74,0.10124526258798051,145922010.0
604,Russia,2021-09-26,22015.0,795.0,8.823,39.6,14.178,9.393,0.10146104527921787,0.010416666666666668,0.004578471292846623,0.00034172456999658277,1.0,0.19109222187543856,0.2571428571428572,0.8333333333333334,0.74,0.10124526258798051,145922010.0
605,Russia,2021-09-27,21731.0,770.0,8.823,39.6,14.178,9.393,0.10146104527921787,0.010416666666666668,0.004578471292846623,0.00034172456999658277,1.0,0.19109222187543856,0.2571428571428572,0.8333333333333334,0.74,0.10124526258798051,145922010.0
606,Russia,2021-09-28,21040.0,839.0,8.823,39.6,14.178,9.393,0.10146104527921787,0.010416666666666668,0.004578471292846623,0.00034172456999658277,1.0,0.19109222187543856,0.2571428571428572,0.8333333333333334,0.74,0.10124526258798051,145922010.0
607,Russia,2021-09-29,21891.0,846.0,8.823,39.6,14.178,9.393,0.10146104527921787,0.010416666666666668,0.004578471292846623,0.00034172456999658277,1.0,0.19109222187543856,0.2571428571428572,0.8333333333333334,0.74,0.10124526258798051,145922010.0
608,Russia,2021-09-30,23330.0,849.0,8.823,39.6,14.178,9.393,0.10146104527921787,0.010416666666666668,0.004578471292846623,0.00034172456999658277,1.0,0.19109222187543856,0.2571428571428572,0.8333333333333334,0.74,0.10124526258798051,145922010.0
609,Russia,2021-10-01,23953.0,875.0,8.823,39.6,14.178,9.393,0.10146104527921787,0.010416666666666668,0.004578471292846623,0.00034172456999658277,1.0,0.19109222187543856,0.2571428571428572,0.8333333333333334,0.74,0.10124526258798051,145922010.0
610,Russia,2021-10-02,24632.0,873.0,8.823,39.6,14.178,9.393,0.10146104527921787,0.010416666666666668,0.004578471292846623,0.00034172456999658277,1.0,0.19109222187543856,0.2571428571428572,0.8333333333333334,0.74,0.10124526258798051,145922010.0
611,Russia,2021-10-03,25161.0,882.0,8.823,39.6,14.178,9.393,0.10146104527921787,0.010416666666666668,0.004578471292846623,0.00034172456999658277,1.0,0.19109222187543856,0.2571428571428572,0.8333333333333334,0.74,0.10124526258798051,145922010.0
612,Russia,2021-10-04,25150.0,877.0,8.823,39.6,14.178,9.393,0.10146104527921787,0.010416666666666668,0.004578471292846623,0.00034172456999658277,1.0,0.19109222187543856,0.2571428571428572,0.8333333333333334,0.74,0.10124526258798051,145922010.0
613,Russia,2021-10-05,24465.0,876.0,8.823,39.6,14.178,9.393,0.10146104527921787,0.010416666666666668,0.004578471292846623,0.00034172456999658277,1.0,0.19109222187543856,0.2571428571428572,0.8333333333333334,0.74,0.10124526258798051,145922010.0
614,Russia,2021-10-06,24479.0,910.0,8.823,39.6,14.178,9.393,0.10146104527921787,0.010416666666666668,0.004578471292846623,0.00034172456999658277,1.0,0.19109222187543856,0.2571428571428572,0.8333333333333334,0.74,0.10124526258798051,145922010.0
615,Russia,2021-10-07,26881.0,910.0,8.823,39.6,14.178,9.393,0.10146104527921787,0.010416666666666668,0.004578471292846623,0.00034172456999658277,1.0,0.19109222187543856,0.2571428571428572,0.8333333333333334,0.74,0.10124526258798051,145922010.0
616,Russia,2021-10-08,26561.0,921.0,8.823,39.6,14.178,9.393,0.10146104527921787,0.010416666666666668,0.004578471292846623,0.00034172456999658277,1.0,0.19109222187543856,0.2571428571428572,0.8333333333333334,0.74,0.10124526258798051,145922010.0
617,Russia,2021-10-09,28648.0,954.0,8.823,39.6,14.178,9.393,0.10146104527921787,0.010416666666666668,0.004578471292846623,0.00034172456999658277,1.0,0.19109222187543856,0.2571428571428572,0.8333333333333334,0.74,0.10124526258798051,145922010.0
618,Russia,2021-10-10,27889.0,949.0,8.823,39.6,14.178,9.393,0.10146104527921787,0.010416666666666668,0.004578471292846623,0.00034172456999658277,1.0,0.19109222187543856,0.2571428571428572,0.8333333333333334,0.74,0.10124526258798051,145922010.0
619,Russia,2021-10-11,28636.0,946.0,8.823,39.6,14.178,9.393,0.10146104527921787,0.010416666666666668,0.004578471292846623,0.00034172456999658277,1.0,0.19109222187543856,0.2571428571428572,0.8333333333333334,0.74,0.10124526258798051,145922010.0
620,Russia,2021-10-12,27414.0,954.0,8.823,39.6,14.178,9.393,0.10146104527921787,0.010416666666666668,0.004578471292846623,0.00034172456999658277,1.0,0.19109222187543856,0.2571428571428572,0.8333333333333334,0.74,0.10124526258798051,145922010.0
621,Russia,2021-10-13,27926.0,962.0,8.823,39.6,14.178,9.393,0.10146104527921787,0.010416666666666668,0.004578471292846623,0.00034172456999658277,1.0,0.19109222187543856,0.2571428571428572,0.8333333333333334,0.74,0.10124526258798051,145922010.0
622,Russia,2021-10-14,30489.0,965.0,8.823,39.6,14.178,9.393,0.10146104527921787,0.010416666666666668,0.004578471292846623,0.00034172456999658277,1.0,0.19109222187543856,0.2571428571428572,0.8333333333333334,0.74,0.10124526258798051,145922010.0
623,Russia,2021-10-15,31362.0,979.0,8.823,39.6,14.178,9.393,0.10146104527921787,0.010416666666666668,0.004578471292846623,0.00034172456999658277,1.0,0.19109222187543856,0.2571428571428572,0.8333333333333334,0.74,0.10124526258798051,145922010.0
624,Russia,2021-10-16,32351.0,980.0,8.823,39.6,14.178,9.393,0.10146104527921787,0.010416666666666668,0.004578471292846623,0.00034172456999658277,1.0,0.19109222187543856,0.2571428571428572,0.8333333333333334,0.74,0.10124526258798051,145922010.0
625,Russia,2021-10-17,33428.0,980.0,8.823,39.6,14.178,9.393,0.10146104527921787,0.010416666666666668,0.004578471292846623,0.00034172456999658277,1.0,0.19109222187543856,0.2571428571428572,0.8333333333333334,0.74,0.10124526258798051,145922010.0
626,Russia,2021-10-18,33434.0,981.0,8.823,39.6,14.178,9.393,0.10146104527921787,0.010416666666666668,0.004578471292846623,0.00034172456999658277,1.0,0.19109222187543856,0.2571428571428572,0.8333333333333334,0.74,0.10124526258798051,145922010.0
627,Russia,2021-10-19,32835.0,991.0,8.823,39.6,14.178,9.393,0.10146104527921787,0.010416666666666668,0.004578471292846623,0.00034172456999658277,1.0,0.19109222187543856,0.2571428571428572,0.8333333333333334,0.74,0.10124526258798051,145922010.0
628,Russia,2021-10-20,33162.0,1006.0,8.823,39.6,14.178,9.393,0.10146104527921787,0.010416666666666668,0.004578471292846623,0.00034172456999658277,1.0,0.19109222187543856,0.2571428571428572,0.8333333333333334,0.74,0.10124526258798051,145922010.0
629,Russia,2021-10-21,35416.0,1011.0,8.823,39.6,14.178,9.393,0.10146104527921787,0.010416666666666668,0.004578471292846623,0.00034172456999658277,1.0,0.19109222187543856,0.2571428571428572,0.8333333333333334,0.74,0.10124526258798051,145922010.0
630,Russia,2021-10-22,36205.0,1038.0,8.823,39.6,14.178,9.393,0.10146104527921787,0.010416666666666668,0.004578471292846623,0.00034172456999658277,1.0,0.19109222187543856,0.2571428571428572,0.8333333333333334,0.74,0.10124526258798051,145922010.0
631,Russia,2021-10-23,36728.0,1048.0,8.823,39.6,14.178,9.393,0.10146104527921787,0.010416666666666668,0.004578471292846623,0.00034172456999658277,1.0,0.19109222187543856,0.2571428571428572,0.8333333333333334,0.74,0.10124526258798051,145922010.0
632,Russia,2021-10-24,34690.0,1047.0,8.823,39.6,14.178,9.393,0.10146104527921787,0.010416666666666668,0.004578471292846623,0.00034172456999658277,1.0,0.19109222187543856,0.2571428571428572,0.8333333333333334,0.74,0.10124526258798051,145922010.0
633,Russia,2021-10-25,36947.0,1042.0,8.823,39.6,14.178,9.393,0.10146104527921787,0.010416666666666668,0.004578471292846623,0.00034172456999658277,1.0,0.19109222187543856,0.2571428571428572,0.8333333333333334,0.74,0.10124526258798051,145922010.0
634,Russia,2021-10-26,35454.0,1075.0,8.823,39.6,14.178,9.393,0.10146104527921787,0.010416666666666668,0.004578471292846623,0.00034172456999658277,1.0,0.19109222187543856,0.2571428571428572,0.8333333333333334,0.74,0.10124526258798051,145922010.0
635,Russia,2021-10-27,35575.0,1091.0,8.823,39.6,14.178,9.393,0.10146104527921787,0.010416666666666668,0.004578471292846623,0.00034172456999658277,1.0,0.19109222187543856,0.2571428571428572,0.8333333333333334,0.74,0.10124526258798051,145922010.0
636,Russia,2021-10-28,39070.0,1114.0,8.823,39.6,14.178,9.393,0.10146104527921787,0.010416666666666668,0.004578471292846623,0.00034172456999658277,1.0,0.19109222187543856,0.2571428571428572,0.8333333333333334,0.74,0.10124526258798051,145922010.0
637,Russia,2021-10-29,38805.0,1145.0,8.823,39.6,14.178,9.393,0.10146104527921787,0.010416666666666668,0.004578471292846623,0.00034172456999658277,1.0,0.19109222187543856,0.2571428571428572,0.8333333333333334,0.74,0.10124526258798051,145922010.0
638,Russia,2021-10-30,39203.0,1132.0,8.823,39.6,14.178,9.393,0.10146104527921787,0.010416666666666668,0.004578471292846623,0.00034172456999658277,1.0,0.19109222187543856,0.2571428571428572,0.8333333333333334,0.74,0.10124526258798051,145922010.0
639,Russia,2021-10-31,39931.0,1131.0,8.823,39.6,14.178,9.393,0.10146104527921787,0.010416666666666668,0.004578471292846623,0.00034172456999658277,1.0,0.19109222187543856,0.2571428571428572,0.8333333333333334,0.74,0.10124526258798051,145922010.0
640,Russia,2021-11-01,39321.0,1124.0,8.823,39.6,14.178,9.393,0.10146104527921787,0.010416666666666668,0.004578471292846623,0.00034172456999658277,1.0,0.19109222187543856,0.2571428571428572,0.8333333333333334,0.74,0.10124526258798051,145922010.0
641,Russia,2021-11-02,37927.0,1144.0,8.823,39.6,14.178,9.393,0.10146104527921787,0.010416666666666668,0.004578471292846623,0.00034172456999658277,1.0,0.19109222187543856,0.2571428571428572,0.8333333333333334,0.74,0.10124526258798051,145922010.0
642,Russia,2021-11-03,39357.0,1157.0,8.823,39.6,14.178,9.393,0.10146104527921787,0.010416666666666668,0.004578471292846623,0.00034172456999658277,1.0,0.19109222187543856,0.2571428571428572,0.8333333333333334,0.74,0.10124526258798051,145922010.0
643,Russia,2021-11-04,39117.0,1165.0,8.823,39.6,14.178,9.393,0.10146104527921787,0.010416666666666668,0.004578471292846623,0.00034172456999658277,1.0,0.19109222187543856,0.2571428571428572,0.8333333333333334,0.74,0.10124526258798051,145922010.0
644,Russia,2021-11-05,39617.0,1159.0,8.823,39.6,14.178,9.393,0.10146104527921787,0.010416666666666668,0.004578471292846623,0.00034172456999658277,1.0,0.19109222187543856,0.2571428571428572,0.8333333333333334,0.74,0.10124526258798051,145922010.0
645,Russia,2021-11-06,40210.0,1152.0,8.823,39.6,14.178,9.393,0.10146104527921787,0.010416666666666668,0.004578471292846623,0.00034172456999658277,1.0,0.19109222187543856,0.2571428571428572,0.8333333333333334,0.74,0.10124526258798051,145922010.0
646,Russia,2021-11-07,38028.0,1146.0,8.823,39.6,14.178,9.393,0.10146104527921787,0.010416666666666668,0.004578471292846623,0.00034172456999658277,1.0,0.19109222187543856,0.2571428571428572,0.8333333333333334,0.74,0.10124526258798051,145922010.0
647,Russia,2021-11-08,38257.0,1164.0,8.823,39.6,14.178,9.393,0.10146104527921787,0.010416666666666668,0.004578471292846623,0.00034172456999658277,1.0,0.19109222187543856,0.2571428571428572,0.8333333333333334,0.74,0.10124526258798051,145922010.0
648,Russia,2021-11-09,37999.0,1183.0,8.823,39.6,14.178,9.393,0.10146104527921787,0.010416666666666668,0.004578471292846623,0.00034172456999658277,1.0,0.19109222187543856,0.2571428571428572,0.8333333333333334,0.74,0.10124526258798051,145922010.0
649,Russia,2021-11-10,36896.0,1206.0,8.823,39.6,14.178,9.393,0.10146104527921787,0.010416666666666668,0.004578471292846623,0.00034172456999658277,1.0,0.19109222187543856,0.2571428571428572,0.8333333333333334,0.74,0.10124526258798051,145922010.0
650,Russia,2021-11-11,39584.0,1206.0,8.823,39.6,14.178,9.393,0.10146104527921787,0.010416666666666668,0.004578471292846623,0.00034172456999658277,1.0,0.19109222187543856,0.2571428571428572,0.8333333333333334,0.74,0.10124526258798051,145922010.0
651,Russia,2021-11-12,38941.0,1203.0,8.823,39.6,14.178,9.393,0.10146104527921787,0.010416666666666668,0.004578471292846623,0.00034172456999658277,1.0,0.19109222187543856,0.2571428571428572,0.8333333333333334,0.74,0.10124526258798051,145922010.0
652,Russia,2021-11-13,38068.0,1212.0,8.823,39.6,14.178,9.393,0.10146104527921787,0.010416666666666668,0.004578471292846623,0.00034172456999658277,1.0,0.19109222187543856,0.2571428571428572,0.8333333333333334,0.74,0.10124526258798051,145922010.0
653,Russia,2021-11-14,37620.0,1194.0,8.823,39.6,14.178,9.393,0.10146104527921787,0.010416666666666668,0.004578471292846623,0.00034172456999658277,1.0,0.19109222187543856,0.2571428571428572,0.8333333333333334,0.74,0.10124526258798051,145922010.0
654,Russia,2021-11-15,37210.0,1187.0,8.823,39.6,14.178,9.393,0.10146104527921787,0.010416666666666668,0.004578471292846623,0.00034172456999658277,1.0,0.19109222187543856,0.2571428571428572,0.8333333333333334,0.74,0.10124526258798051,145922010.0
655,Russia,2021-11-16,35612.0,1213.0,8.823,39.6,14.178,9.393,0.10146104527921787,0.010416666666666668,0.004578471292846623,0.00034172456999658277,1.0,0.19109222187543856,0.2571428571428572,0.8333333333333334,0.74,0.10124526258798051,145922010.0
656,Russia,2021-11-17,35415.0,1220.0,8.823,39.6,14.178,9.393,0.10146104527921787,0.010416666666666668,0.004578471292846623,0.00034172456999658277,1.0,0.19109222187543856,0.2571428571428572,0.8333333333333334,0.74,0.10124526258798051,145922010.0
657,Russia,2021-11-18,36155.0,1219.0,8.823,39.6,14.178,9.393,0.10146104527921787,0.010416666666666668,0.004578471292846623,0.00034172456999658277,1.0,0.19109222187543856,0.2571428571428572,0.8333333333333334,0.74,0.10124526258798051,145922010.0
658,Russia,2021-11-19,35935.0,1221.0,8.823,39.6,14.178,9.393,0.10146104527921787,0.010416666666666668,0.004578471292846623,0.00034172456999658277,1.0,0.19109222187543856,0.2571428571428572,0.8333333333333334,0.74,0.10124526258798051,145922010.0
659,Russia,2021-11-20,35896.0,1222.0,8.823,39.6,14.178,9.393,0.10146104527921787,0.010416666666666668,0.004578471292846623,0.00034172456999658277,1.0,0.19109222187543856,0.2571428571428572,0.8333333333333334,0.74,0.10124526258798051,145922010.0
660,Russia,2021-11-21,35749.0,1216.0,8.823,39.6,14.178,9.393,0.10146104527921787,0.010416666666666668,0.004578471292846623,0.00034172456999658277,1.0,0.19109222187543856,0.2571428571428572,0.8333333333333334,0.74,0.10124526258798051,145922010.0
661,Russia,2021-11-22,34533.0,1212.0,8.823,39.6,14.178,9.393,0.10146104527921787,0.010416666666666668,0.004578471292846623,0.00034172456999658277,1.0,0.19109222187543856,0.2571428571428572,0.8333333333333334,0.74,0.10124526258798051,145922010.0
662,Russia,2021-11-23,32899.0,1207.0,8.823,39.6,14.178,9.393,0.10146104527921787,0.010416666666666668,0.004578471292846623,0.00034172456999658277,1.0,0.19109222187543856,0.2571428571428572,0.8333333333333334,0.74,0.10124526258798051,145922010.0
663,Russia,2021-11-24,32555.0,1207.0,8.823,39.6,14.178,9.393,0.10146104527921787,0.010416666666666668,0.004578471292846623,0.00034172456999658277,1.0,0.19109222187543856,0.2571428571428572,0.8333333333333334,0.74,0.10124526258798051,145922010.0
664,Russia,2021-11-25,32866.0,1201.0,8.823,39.6,14.178,9.393,0.10146104527921787,0.010416666666666668,0.004578471292846623,0.00034172456999658277,1.0,0.19109222187543856,0.2571428571428572,0.8333333333333334,0.74,0.10124526258798051,145922010.0
665,Russia,2021-11-26,33824.0,1200.0,8.823,39.6,14.178,9.393,0.10146104527921787,0.010416666666666668,0.004578471292846623,0.00034172456999658277,1.0,0.19109222187543856,0.2571428571428572,0.8333333333333334,0.74,0.10124526258798051,145922010.0
666,Russia,2021-11-27,33119.0,1203.0,8.823,39.6,14.178,9.393,0.10146104527921787,0.010416666666666668,0.004578471292846623,0.00034172456999658277,1.0,0.19109222187543856,0.2571428571428572,0.8333333333333334,0.74,0.10124526258798051,145922010.0
667,Russia,2021-11-28,32786.0,1190.0,8.823,39.6,14.178,9.393,0.10146104527921787,0.010416666666666668,0.004578471292846623,0.00034172456999658277,1.0,0.19109222187543856,0.2571428571428572,0.8333333333333334,0.74,0.10124526258798051,145922010.0
668,Russia,2021-11-29,33170.0,1178.0,8.823,39.6,14.178,9.393,0.10146104527921787,0.010416666666666668,0.004578471292846623,0.00034172456999658277,1.0,0.19109222187543856,0.2571428571428572,0.8333333333333334,0.74,0.10124526258798051,145922010.0
669,Russia,2021-11-30,31990.0,1195.0,8.823,39.6,14.178,9.393,0.10146104527921787,0.010416666666666668,0.004578471292846623,0.00034172456999658277,1.0,0.19109222187543856,0.2571428571428572,0.8333333333333334,0.74,0.10124526258798051,145922010.0
670,Russia,2021-12-01,32196.0,1191.0,8.823,39.6,14.178,9.393,0.10146104527921787,0.010416666666666668,0.004578471292846623,0.00034172456999658277,1.0,0.19109222187543856,0.2571428571428572,0.8333333333333334,0.74,0.10124526258798051,145922010.0
671,Russia,2021-12-02,32757.0,1188.0,8.823,39.6,14.178,9.393,0.10146104527921787,0.010416666666666668,0.004578471292846623,0.00034172456999658277,1.0,0.19109222187543856,0.2571428571428572,0.8333333333333334,0.74,0.10124526258798051,145922010.0
672,Russia,2021-12-03,32316.0,1184.0,8.823,39.6,14.178,9.393,0.10146104527921787,0.010416666666666668,0.004578471292846623,0.00034172456999658277,1.0,0.19109222187543856,0.2571428571428572,0.8333333333333334,0.74,0.10124526258798051,145922010.0
673,Russia,2021-12-04,32374.0,1185.0,8.823,39.6,14.178,9.393,0.10146104527921787,0.010416666666666668,0.004578471292846623,0.00034172456999658277,1.0,0.19109222187543856,0.2571428571428572,0.8333333333333334,0.74,0.10124526258798051,145922010.0
674,Russia,2021-12-05,32013.0,1176.0,8.823,39.6,14.178,9.393,0.10146104527921787,0.010416666666666668,0.004578471292846623,0.00034172456999658277,1.0,0.19109222187543856,0.2571428571428572,0.8333333333333334,0.74,0.10124526258798051,145922010.0
675,Russia,2021-12-06,31569.0,1155.0,8.823,39.6,14.178,9.393,0.10146104527921787,0.010416666666666668,0.004578471292846623,0.00034172456999658277,1.0,0.19109222187543856,0.2571428571428572,0.8333333333333334,0.74,0.10124526258798051,145922010.0
676,Russia,2021-12-07,30546.0,1152.0,8.823,39.6,14.178,9.393,0.10146104527921787,0.010416666666666668,0.004578471292846623,0.00034172456999658277,1.0,0.19109222187543856,0.2571428571428572,0.8333333333333334,0.74,0.10124526258798051,145922010.0
677,Russia,2021-12-08,30228.0,1149.0,8.823,39.6,14.178,9.393,0.10146104527921787,0.010416666666666668,0.004578471292846623,0.00034172456999658277,1.0,0.19109222187543856,0.2571428571428572,0.8333333333333334,0.74,0.10124526258798051,145922010.0
678,Russia,2021-12-09,29701.0,1147.0,8.823,39.6,14.178,9.393,0.10146104527921787,0.010416666666666668,0.004578471292846623,0.00034172456999658277,1.0,0.19109222187543856,0.2571428571428572,0.8333333333333334,0.74,0.10124526258798051,145922010.0
679,Russia,2021-12-10,30383.0,1144.0,8.823,39.6,14.178,9.393,0.10146104527921787,0.010416666666666668,0.004578471292846623,0.00034172456999658277,1.0,0.19109222187543856,0.2571428571428572,0.8333333333333334,0.74,0.10124526258798051,145922010.0
680,Russia,2021-12-11,29815.0,1142.0,8.823,39.6,14.178,9.393,0.10146104527921787,0.010416666666666668,0.004578471292846623,0.00034172456999658277,1.0,0.19109222187543856,0.2571428571428572,0.8333333333333334,0.74,0.10124526258798051,145922010.0
681,Russia,2021-12-12,29483.0,1102.0,8.823,39.6,14.178,9.393,0.10146104527921787,0.010416666666666668,0.004578471292846623,0.00034172456999658277,1.0,0.19109222187543856,0.2571428571428572,0.8333333333333334,0.74,0.10124526258798051,145922010.0
682,Russia,2021-12-13,29208.0,1094.0,8.823,39.6,14.178,9.393,0.10146104527921787,0.010416666666666668,0.004578471292846623,0.00034172456999658277,1.0,0.19109222187543856,0.2571428571428572,0.8333333333333334,0.74,0.10124526258798051,145922010.0
683,Russia,2021-12-14,27910.0,1114.0,8.823,39.6,14.178,9.393,0.10146104527921787,0.010416666666666668,0.004578471292846623,0.00034172456999658277,1.0,0.19109222187543856,0.2571428571428572,0.8333333333333334,0.74,0.10124526258798051,145922010.0
684,Russia,2021-12-15,28011.0,1112.0,8.823,39.6,14.178,9.393,0.10146104527921787,0.010416666666666668,0.004578471292846623,0.00034172456999658277,1.0,0.19109222187543856,0.2571428571428572,0.8333333333333334,0.74,0.10124526258798051,145922010.0
685,Russia,2021-12-16,28158.0,1105.0,8.823,39.6,14.178,9.393,0.10146104527921787,0.010416666666666668,0.004578471292846623,0.00034172456999658277,1.0,0.19109222187543856,0.2571428571428572,0.8333333333333334,0.74,0.10124526258798051,145922010.0
686,Russia,2021-12-17,27427.0,1052.0,8.823,39.6,14.178,9.393,0.10146104527921787,0.010416666666666668,0.004578471292846623,0.00034172456999658277,1.0,0.19109222187543856,0.2571428571428572,0.8333333333333334,0.74,0.10124526258798051,145922010.0
687,Russia,2021-12-18,27131.0,1048.0,8.823,39.6,14.178,9.393,0.10146104527921787,0.010416666666666668,0.004578471292846623,0.00034172456999658277,1.0,0.19109222187543856,0.2571428571428572,0.8333333333333334,0.74,0.10124526258798051,145922010.0
688,Russia,2021-12-19,27680.0,996.0,8.823,39.6,14.178,9.393,0.10146104527921787,0.010416666666666668,0.004578471292846623,0.00034172456999658277,1.0,0.19109222187543856,0.2571428571428572,0.8333333333333334,0.74,0.10124526258798051,145922010.0
689,Russia,2021-12-20,26744.0,995.0,8.823,39.6,14.178,9.393,0.10146104527921787,0.010416666666666668,0.004578471292846623,0.00034172456999658277,1.0,0.19109222187543856,0.2571428571428572,0.8333333333333334,0.74,0.10124526258798051,145922010.0
690,Russia,2021-12-21,25655.0,998.0,8.823,39.6,14.178,9.393,0.10146104527921787,0.010416666666666668,0.004578471292846623,0.00034172456999658277,1.0,0.19109222187543856,0.2571428571428572,0.8333333333333334,0.74,0.10124526258798051,145922010.0
691,Russia,2021-12-22,25038.0,993.0,8.823,39.6,14.178,9.393,0.10146104527921787,0.010416666666666668,0.004578471292846623,0.00034172456999658277,1.0,0.19109222187543856,0.2571428571428572,0.8333333333333334,0.74,0.10124526258798051,145922010.0
692,Russia,2021-12-23,25446.0,974.0,8.823,39.6,14.178,9.393,0.10146104527921787,0.010416666666666668,0.004578471292846623,0.00034172456999658277,1.0,0.19109222187543856,0.2571428571428572,0.8333333333333334,0.74,0.10124526258798051,145922010.0
693,Russia,2021-12-24,24522.0,972.0,8.823,39.6,14.178,9.393,0.10146104527921787,0.010416666666666668,0.004578471292846623,0.00034172456999658277,1.0,0.19109222187543856,0.2571428571428572,0.8333333333333334,0.74,0.10124526258798051,145922010.0
694,Russia,2021-12-25,24771.0,955.0,8.823,39.6,14.178,9.393,0.10146104527921787,0.010416666666666668,0.004578471292846623,0.00034172456999658277,1.0,0.19109222187543856,0.2571428571428572,0.8333333333333334,0.74,0.10124526258798051,145922010.0
695,Russia,2021-12-26,23543.0,942.0,8.823,39.6,14.178,9.393,0.10146104527921787,0.010416666666666668,0.004578471292846623,0.00034172456999658277,1.0,0.19109222187543856,0.2571428571428572,0.8333333333333334,0.74,0.10124526258798051,145922010.0
696,Russia,2021-12-27,23036.0,912.0,8.823,39.6,14.178,9.393,0.10146104527921787,0.010416666666666668,0.004578471292846623,0.00034172456999658277,1.0,0.19109222187543856,0.2571428571428572,0.8333333333333334,0.74,0.10124526258798051,145922010.0
697,Russia,2021-12-28,21751.0,906.0,8.823,39.6,14.178,9.393,0.10146104527921787,0.010416666666666668,0.004578471292846623,0.00034172456999658277,1.0,0.19109222187543856,0.2571428571428572,0.8333333333333334,0.74,0.10124526258798051,145922010.0
698,Russia,2021-12-29,20957.0,903.0,8.823,39.6,14.178,9.393,0.10146104527921787,0.010416666666666668,0.004578471292846623,0.00034172456999658277,1.0,0.19109222187543856,0.2571428571428572,0.8333333333333334,0.74,0.10124526258798051,145922010.0
699,Russia,2021-12-30,20914.0,905.0,8.823,39.6,14.178,9.393,0.10146104527921787,0.010416666666666668,0.004578471292846623,0.00034172456999658277,1.0,0.19109222187543856,0.2571428571428572,0.8333333333333334,0.74,0.10124526258798051,145922010.0
700,Russia,2021-12-31,20482.0,880.0,8.823,39.6,14.178,9.393,0.10146104527921787,0.010416666666666668,0.004578471292846623,0.00034172456999658277,1.0,0.19109222187543856,0.2571428571428572,0.8333333333333334,0.74,0.10124526258798051,145922010.0
701,Russia,2022-01-01,19606.0,825.0,8.823,39.6,14.178,9.393,0.10146104527921787,0.010416666666666668,0.004578471292846623,0.00034172456999658277,1.0,0.19109222187543856,0.2571428571428572,0.8333333333333334,0.74,0.10124526258798051,145922010.0
702,Russia,2022-01-02,18088.0,788.0,8.823,39.6,14.178,9.393,0.10146104527921787,0.010416666666666668,0.004578471292846623,0.00034172456999658277,1.0,0.19109222187543856,0.2571428571428572,0.8333333333333334,0.74,0.10124526258798051,145922010.0
703,Russia,2022-01-03,16193.0,812.0,8.823,39.6,14.178,9.393,0.10146104527921787,0.010416666666666668,0.004578471292846623,0.00034172456999658277,1.0,0.19109222187543856,0.2571428571428572,0.8333333333333334,0.74,0.10124526258798051,145922010.0
704,Russia,2022-01-04,15760.0,810.0,8.823,39.6,14.178,9.393,0.10146104527921787,0.010416666666666668,0.004578471292846623,0.00034172456999658277,1.0,0.19109222187543856,0.2571428571428572,0.8333333333333334,0.74,0.10124526258798051,145922010.0
705,Russia,2022-01-05,15632.0,804.0,8.823,39.6,14.178,9.393,0.10146104527921787,0.010416666666666668,0.004578471292846623,0.00034172456999658277,1.0,0.19109222187543856,0.2571428571428572,0.8333333333333334,0.74,0.10124526258798051,145922010.0
706,Russia,2022-01-06,15179.0,778.0,8.823,39.6,14.178,9.393,0.10146104527921787,0.010416666666666668,0.004578471292846623,0.00034172456999658277,1.0,0.19109222187543856,0.2571428571428572,0.8333333333333334,0.74,0.10124526258798051,145922010.0
707,Russia,2022-01-07,16608.0,770.0,8.823,39.6,14.178,9.393,0.10146104527921787,0.010416666666666668,0.004578471292846623,0.00034172456999658277,1.0,0.19109222187543856,0.2571428571428572,0.8333333333333334,0.74,0.10124526258798051,145922010.0
708,Russia,2022-01-08,16424.0,783.0,8.823,39.6,14.178,9.393,0.10146104527921787,0.010416666666666668,0.004578471292846623,0.00034172456999658277,1.0,0.19109222187543856,0.2571428571428572,0.8333333333333334,0.74,0.10124526258798051,145922010.0
709,Russia,2022-01-09,16111.0,746.0,8.823,39.6,14.178,9.393,0.10146104527921787,0.010416666666666668,0.004578471292846623,0.00034172456999658277,1.0,0.19109222187543856,0.2571428571428572,0.8333333333333334,0.74,0.10124526258798051,145922010.0
710,Russia,2022-01-10,15699.0,726.0,8.823,39.6,14.178,9.393,0.10146104527921787,0.010416666666666668,0.004578471292846623,0.00034172456999658277,1.0,0.19109222187543856,0.2571428571428572,0.8333333333333334,0.74,0.10124526258798051,145922010.0
711,Russia,2022-01-11,17396.0,768.0,8.823,39.6,14.178,9.393,0.10146104527921787,0.010416666666666668,0.004578471292846623,0.00034172456999658277,1.0,0.19109222187543856,0.2571428571428572,0.8333333333333334,0.74,0.10124526258798051,145922010.0
712,Russia,2022-01-12,17797.0,729.0,8.823,39.6,14.178,9.393,0.10146104527921787,0.010416666666666668,0.004578471292846623,0.00034172456999658277,1.0,0.19109222187543856,0.2571428571428572,0.8333333333333334,0.74,0.10124526258798051,145922010.0
713,Russia,2022-01-13,20972.0,723.0,8.823,39.6,14.178,9.393,0.10146104527921787,0.010416666666666668,0.004578471292846623,0.00034172456999658277,1.0,0.19109222187543856,0.2571428571428572,0.8333333333333334,0.74,0.10124526258798051,145922010.0
714,Russia,2022-01-14,23614.0,725.0,8.823,39.6,14.178,9.393,0.10146104527921787,0.010416666666666668,0.004578471292846623,0.00034172456999658277,1.0,0.19109222187543856,0.2571428571428572,0.8333333333333334,0.74,0.10124526258798051,145922010.0
715,Russia,2022-01-15,26949.0,708.0,8.823,39.6,14.178,9.393,0.10146104527921787,0.010416666666666668,0.004578471292846623,0.00034172456999658277,1.0,0.19109222187543856,0.2571428571428572,0.8333333333333334,0.74,0.10124526258798051,145922010.0
716,Russia,2022-01-16,28977.0,672.0,8.823,39.6,14.178,9.393,0.10146104527921787,0.010416666666666668,0.004578471292846623,0.00034172456999658277,1.0,0.19109222187543856,0.2571428571428572,0.8333333333333334,0.74,0.10124526258798051,145922010.0
717,Russia,2022-01-17,30457.0,657.0,8.823,39.6,14.178,9.393,0.10146104527921787,0.010416666666666668,0.004578471292846623,0.00034172456999658277,1.0,0.19109222187543856,0.2571428571428572,0.8333333333333334,0.74,0.10124526258798051,145922010.0
718,Russia,2022-01-18,30959.0,673.0,8.823,39.6,14.178,9.393,0.10146104527921787,0.010416666666666668,0.004578471292846623,0.00034172456999658277,1.0,0.19109222187543856,0.2571428571428572,0.8333333333333334,0.74,0.10124526258798051,145922010.0
719,Russia,2022-01-19,33571.0,684.0,8.823,39.6,14.178,9.393,0.10146104527921787,0.010416666666666668,0.004578471292846623,0.00034172456999658277,1.0,0.19109222187543856,0.2571428571428572,0.8333333333333334,0.74,0.10124526258798051,145922010.0
720,Russia,2022-01-20,38508.0,671.0,8.823,39.6,14.178,9.393,0.10146104527921787,0.010416666666666668,0.004578471292846623,0.00034172456999658277,1.0,0.19109222187543856,0.2571428571428572,0.8333333333333334,0.74,0.10124526258798051,145922010.0
721,Russia,2022-01-21,49127.0,677.0,8.823,39.6,14.178,9.393,0.10146104527921787,0.010416666666666668,0.004578471292846623,0.00034172456999658277,1.0,0.19109222187543856,0.2571428571428572,0.8333333333333334,0.74,0.10124526258798051,145922010.0
722,Russia,2022-01-22,56767.0,669.0,8.823,39.6,14.178,9.393,0.10146104527921787,0.010416666666666668,0.004578471292846623,0.00034172456999658277,1.0,0.19109222187543856,0.2571428571428572,0.8333333333333334,0.74,0.10124526258798051,145922010.0
723,Russia,2022-01-23,62695.0,667.0,8.823,39.6,14.178,9.393,0.10146104527921787,0.010416666666666668,0.004578471292846623,0.00034172456999658277,1.0,0.19109222187543856,0.2571428571428572,0.8333333333333334,0.74,0.10124526258798051,145922010.0
724,Russia,2022-01-24,64533.0,642.0,8.823,39.6,14.178,9.393,0.10146104527921787,0.010416666666666668,0.004578471292846623,0.00034172456999658277,1.0,0.19109222187543856,0.2571428571428572,0.8333333333333334,0.74,0.10124526258798051,145922010.0
725,Russia,2022-01-25,67219.0,666.0,8.823,39.6,14.178,9.393,0.10146104527921787,0.010416666666666668,0.004578471292846623,0.00034172456999658277,1.0,0.19109222187543856,0.2571428571428572,0.8333333333333334,0.74,0.10124526258798051,145922010.0
726,Russia,2022-01-26,74072.0,640.0,8.823,39.6,14.178,9.393,0.10146104527921787,0.010416666666666668,0.004578471292846623,0.00034172456999658277,1.0,0.19109222187543856,0.2571428571428572,0.8333333333333334,0.74,0.10124526258798051,145922010.0
727,Russia,2022-01-27,88105.0,651.0,8.823,39.6,14.178,9.393,0.10146104527921787,0.010416666666666668,0.004578471292846623,0.00034172456999658277,1.0,0.19109222187543856,0.2571428571428572,0.8333333333333334,0.74,0.10124526258798051,145922010.0
728,Russia,2022-01-28,97284.0,661.0,8.823,39.6,14.178,9.393,0.10146104527921787,0.010416666666666668,0.004578471292846623,0.00034172456999658277,1.0,0.19109222187543856,0.2571428571428572,0.8333333333333334,0.74,0.10124526258798051,145922010.0
729,Russia,2022-01-29,112302.0,656.0,8.823,39.6,14.178,9.393,0.10146104527921787,0.010416666666666668,0.004578471292846623,0.00034172456999658277,1.0,0.19109222187543856,0.2571428571428572,0.8333333333333334,0.74,0.10124526258798051,145922010.0
730,Russia,2022-01-30,120324.0,608.0,8.823,39.6,14.178,9.393,0.10146104527921787,0.010416666666666668,0.004578471292846623,0.00034172456999658277,1.0,0.19109222187543856,0.2571428571428572,0.8333333333333334,0.74,0.10124526258798051,145922010.0
731,Russia,2022-01-31,123033.0,612.0,8.823,39.6,14.178,9.393,0.10146104527921787,0.010416666666666668,0.004578471292846623,0.00034172456999658277,1.0,0.19109222187543856,0.2571428571428572,0.8333333333333334,0.74,0.10124526258798051,145922010.0
732,Russia,2022-02-01,124693.0,649.0,8.823,39.6,14.178,9.393,0.10146104527921787,0.010416666666666668,0.004578471292846623,0.00034172456999658277,1.0,0.19109222187543856,0.2571428571428572,0.8333333333333334,0.74,0.10124526258798051,145922010.0
733,Russia,2022-02-02,141005.0,665.0,8.823,39.6,14.178,9.393,0.10146104527921787,0.010416666666666668,0.004578471292846623,0.00034172456999658277,1.0,0.19109222187543856,0.2571428571428572,0.8333333333333334,0.74,0.10124526258798051,145922010.0
734,Russia,2022-02-03,154643.0,656.0,8.823,39.6,14.178,9.393,0.10146104527921787,0.010416666666666668,0.004578471292846623,0.00034172456999658277,1.0,0.19109222187543856,0.2571428571428572,0.8333333333333334,0.74,0.10124526258798051,145922010.0
735,Russia,2022-02-04,166957.0,668.0,8.823,39.6,14.178,9.393,0.10146104527921787,0.010416666666666668,0.004578471292846623,0.00034172456999658277,1.0,0.19109222187543856,0.2571428571428572,0.8333333333333334,0.74,0.10124526258798051,145922010.0
736,Russia,2022-02-05,175979.0,704.0,8.823,39.6,14.178,9.393,0.10146104527921787,0.010416666666666668,0.004578471292846623,0.00034172456999658277,1.0,0.19109222187543856,0.2571428571428572,0.8333333333333334,0.74,0.10124526258798051,145922010.0
737,Russia,2022-02-06,178616.0,650.0,8.823,39.6,14.178,9.393,0.10146104527921787,0.010416666666666668,0.004578471292846623,0.00034172456999658277,1.0,0.19109222187543856,0.2571428571428572,0.8333333333333334,0.74,0.10124526258798051,145922010.0
738,Russia,2022-02-07,170532.0,600.0,8.823,39.6,14.178,9.393,0.10146104527921787,0.010416666666666668,0.004578471292846623,0.00034172456999658277,1.0,0.19109222187543856,0.2571428571428572,0.8333333333333334,0.74,0.10124526258798051,145922010.0
739,Russia,2022-02-08,164097.0,687.0,8.823,39.6,14.178,9.393,0.10146104527921787,0.010416666666666668,0.004578471292846623,0.00034172456999658277,1.0,0.19109222187543856,0.2571428571428572,0.8333333333333334,0.74,0.10124526258798051,145922010.0
740,Russia,2022-02-09,181791.0,658.0,8.823,39.6,14.178,9.393,0.10146104527921787,0.010416666666666668,0.004578471292846623,0.00034172456999658277,1.0,0.19109222187543856,0.2571428571428572,0.8333333333333334,0.74,0.10124526258798051,145922010.0
741,Russia,2022-02-10,195293.0,691.0,8.823,39.6,14.178,9.393,0.10146104527921787,0.010416666666666668,0.004578471292846623,0.00034172456999658277,1.0,0.19109222187543856,0.2571428571428572,0.8333333333333334,0.74,0.10124526258798051,145922010.0
742,Russia,2022-02-11,202211.0,710.0,8.823,39.6,14.178,9.393,0.10146104527921787,0.010416666666666668,0.004578471292846623,0.00034172456999658277,1.0,0.19109222187543856,0.2571428571428572,0.8333333333333334,0.74,0.10124526258798051,145922010.0
743,Russia,2022-02-12,201955.0,717.0,8.823,39.6,14.178,9.393,0.10146104527921787,0.010416666666666668,0.004578471292846623,0.00034172456999658277,1.0,0.19109222187543856,0.2571428571428572,0.8333333333333334,0.74,0.10124526258798051,145922010.0
744,Russia,2022-02-13,195813.0,694.0,8.823,39.6,14.178,9.393,0.10146104527921787,0.010416666666666668,0.004578471292846623,0.00034172456999658277,1.0,0.19109222187543856,0.2571428571428572,0.8333333333333334,0.74,0.10124526258798051,145922010.0
745,Russia,2022-02-14,178785.0,672.0,8.823,39.6,14.178,9.393,0.10146104527921787,0.010416666666666668,0.004578471292846623,0.00034172456999658277,1.0,0.19109222187543856,0.2571428571428572,0.8333333333333334,0.74,0.10124526258798051,145922010.0
746,Russia,2022-02-15,165139.0,692.0,8.823,39.6,14.178,9.393,0.10146104527921787,0.010416666666666668,0.004578471292846623,0.00034172456999658277,1.0,0.19109222187543856,0.2571428571428572,0.8333333333333334,0.74,0.10124526258798051,145922010.0
747,Russia,2022-02-16,177823.0,736.0,8.823,39.6,14.178,9.393,0.10146104527921787,0.010416666666666668,0.004578471292846623,0.00034172456999658277,1.0,0.19109222187543856,0.2571428571428572,0.8333333333333334,0.74,0.10124526258798051,145922010.0
748,Russia,2022-02-17,178725.0,778.0,8.823,39.6,14.178,9.393,0.10146104527921787,0.010416666666666668,0.004578471292846623,0.00034172456999658277,1.0,0.19109222187543856,0.2571428571428572,0.8333333333333334,0.74,0.10124526258798051,145922010.0
749,Russia,2022-02-18,178016.0,775.0,8.823,39.6,14.178,9.393,0.10146104527921787,0.010416666666666668,0.004578471292846623,0.00034172456999658277,1.0,0.19109222187543856,0.2571428571428572,0.8333333333333334,0.74,0.10124526258798051,145922010.0
750,Russia,2022-02-19,176924.0,786.0,8.823,39.6,14.178,9.393,0.10146104527921787,0.010416666666666668,0.004578471292846623,0.00034172456999658277,1.0,0.19109222187543856,0.2571428571428572,0.8333333333333334,0.74,0.10124526258798051,145922010.0
751,Russia,2022-02-20,168399.0,735.0,8.823,39.6,14.178,9.393,0.10146104527921787,0.010416666666666668,0.004578471292846623,0.00034172456999658277,1.0,0.19109222187543856,0.2571428571428572,0.8333333333333334,0.74,0.10124526258798051,145922010.0
752,Russia,2022-02-21,149866.0,724.0,8.823,39.6,14.178,9.393,0.10146104527921787,0.010416666666666668,0.004578471292846623,0.00034172456999658277,1.0,0.19109222187543856,0.2571428571428572,0.8333333333333334,0.74,0.10124526258798051,145922010.0
753,Russia,2022-02-22,132912.0,782.0,8.823,39.6,14.178,9.393,0.10146104527921787,0.010416666666666668,0.004578471292846623,0.00034172456999658277,1.0,0.19109222187543856,0.2571428571428572,0.8333333333333334,0.74,0.10124526258798051,145922010.0
754,Russia,2022-02-23,135885.0,771.0,8.823,39.6,14.178,9.393,0.10146104527921787,0.010416666666666668,0.004578471292846623,0.00034172456999658277,1.0,0.19109222187543856,0.2571428571428572,0.8333333333333334,0.74,0.10124526258798051,145922010.0
755,Russia,2022-02-24,131249.0,752.0,8.823,39.6,14.178,9.393,0.10146104527921787,0.010416666666666668,0.004578471292846623,0.00034172456999658277,1.0,0.19109222187543856,0.2571428571428572,0.8333333333333334,0.74,0.10124526258798051,145922010.0
756,Russia,2022-02-25,121920.0,773.0,8.823,39.6,14.178,9.393,0.10146104527921787,0.010416666666666668,0.004578471292846623,0.00034172456999658277,1.0,0.19109222187543856,0.2571428571428572,0.8333333333333334,0.74,0.10124526258798051,145922010.0
757,Russia,2022-02-26,121647.0,781.0,8.823,39.6,14.178,9.393,0.10146104527921787,0.010416666666666668,0.004578471292846623,0.00034172456999658277,1.0,0.19109222187543856,0.2571428571428572,0.8333333333333334,0.74,0.10124526258798051,145922010.0
758,Russia,2022-02-27,114610.0,756.0,8.823,39.6,14.178,9.393,0.10146104527921787,0.010416666666666668,0.004578471292846623,0.00034172456999658277,1.0,0.19109222187543856,0.2571428571428572,0.8333333333333334,0.74,0.10124526258798051,145922010.0
759,Russia,2022-02-28,105745.0,721.0,8.823,39.6,14.178,9.393,0.10146104527921787,0.010416666666666668,0.004578471292846623,0.00034172456999658277,1.0,0.19109222187543856,0.2571428571428572,0.8333333333333334,0.74,0.10124526258798051,145922010.0
760,Russia,2022-03-01,96092.0,772.0,8.823,39.6,14.178,9.393,0.10146104527921787,0.010416666666666668,0.004578471292846623,0.00034172456999658277,1.0,0.19109222187543856,0.2571428571428572,0.8333333333333334,0.74,0.10124526258798051,145922010.0
761,Russia,2022-03-02,96180.0,770.0,8.823,39.6,14.178,9.393,0.10146104527921787,0.010416666666666668,0.004578471292846623,0.00034172456999658277,1.0,0.19109222187543856,0.2571428571428572,0.8333333333333334,0.74,0.10124526258798051,145922010.0
762,Russia,2022-03-03,91934.0,770.0,8.823,39.6,14.178,9.393,0.10146104527921787,0.010416666666666668,0.004578471292846623,0.00034172456999658277,1.0,0.19109222187543856,0.2571428571428572,0.8333333333333334,0.74,0.10124526258798051,145922010.0
763,Russia,2022-03-04,88130.0,763.0,8.823,39.6,14.178,9.393,0.10146104527921787,0.010416666666666668,0.004578471292846623,0.00034172456999658277,1.0,0.19109222187543856,0.2571428571428572,0.8333333333333334,0.74,0.10124526258798051,145922010.0
764,Russia,2022-03-05,85575.0,737.0,8.823,39.6,14.178,9.393,0.10146104527921787,0.010416666666666668,0.004578471292846623,0.00034172456999658277,1.0,0.19109222187543856,0.2571428571428572,0.8333333333333334,0.74,0.10124526258798051,145922010.0
765,Russia,2022-03-06,78632.0,729.0,8.823,39.6,14.178,9.393,0.10146104527921787,0.010416666666666668,0.004578471292846623,0.00034172456999658277,1.0,0.19109222187543856,0.2571428571428572,0.8333333333333334,0.74,0.10124526258798051,145922010.0
766,Russia,2022-03-07,72136.0,657.0,8.823,39.6,14.178,9.393,0.10146104527921787,0.010416666666666668,0.004578471292846623,0.00034172456999658277,1.0,0.19109222187543856,0.2571428571428572,0.8333333333333334,0.74,0.10124526258798051,145922010.0
767,Russia,2022-03-08,65569.0,637.0,8.823,39.6,14.178,9.393,0.10146104527921787,0.010416666666666668,0.004578471292846623,0.00034172456999658277,1.0,0.19109222187543856,0.2571428571428572,0.8333333333333334,0.74,0.10124526258798051,145922010.0
768,Russia,2022-03-09,57787.0,634.0,8.823,39.6,14.178,9.393,0.10146104527921787,0.010416666666666668,0.004578471292846623,0.00034172456999658277,1.0,0.19109222187543856,0.2571428571428572,0.8333333333333334,0.74,0.10124526258798051,145922010.0
769,Russia,2022-03-10,50284.0,652.0,8.823,39.6,14.178,9.393,0.10146104527921787,0.010416666666666668,0.004578471292846623,0.00034172456999658277,1.0,0.19109222187543856,0.2571428571428572,0.8333333333333334,0.74,0.10124526258798051,145922010.0
770,Russia,2022-03-11,49710.0,661.0,8.823,39.6,14.178,9.393,0.10146104527921787,0.010416666666666668,0.004578471292846623,0.00034172456999658277,1.0,0.19109222187543856,0.2571428571428572,0.8333333333333334,0.74,0.10124526258798051,145922010.0
771,Russia,2022-03-12,47096.0,617.0,8.823,39.6,14.178,9.393,0.10146104527921787,0.010416666666666668,0.004578471292846623,0.00034172456999658277,1.0,0.19109222187543856,0.2571428571428572,0.8333333333333334,0.74,0.10124526258798051,145922010.0
772,Russia,2022-03-13,43951.0,581.0,8.823,39.6,14.178,9.393,0.10146104527921787,0.010416666666666668,0.004578471292846623,0.00034172456999658277,1.0,0.19109222187543856,0.2571428571428572,0.8333333333333334,0.74,0.10124526258798051,145922010.0
773,Russia,2022-03-14,40120.0,522.0,8.823,39.6,14.178,9.393,0.10146104527921787,0.010416666666666668,0.004578471292846623,0.00034172456999658277,1.0,0.19109222187543856,0.2571428571428572,0.8333333333333334,0.74,0.10124526258798051,145922010.0
774,Russia,2022-03-15,36080.0,545.0,8.823,39.6,14.178,9.393,0.10146104527921787,0.010416666666666668,0.004578471292846623,0.00034172456999658277,1.0,0.19109222187543856,0.2571428571428572,0.8333333333333334,0.74,0.10124526258798051,145922010.0
775,Russia,2022-03-16,35969.0,565.0,8.823,39.6,14.178,9.393,0.10146104527921787,0.010416666666666668,0.004578471292846623,0.00034172456999658277,1.0,0.19109222187543856,0.2571428571428572,0.8333333333333334,0.74,0.10124526258798051,145922010.0
776,Russia,2022-03-17,34172.0,549.0,8.823,39.6,14.178,9.393,0.10146104527921787,0.010416666666666668,0.004578471292846623,0.00034172456999658277,1.0,0.19109222187543856,0.2571428571428572,0.8333333333333334,0.74,0.10124526258798051,145922010.0
777,Russia,2022-03-18,33815.0,511.0,8.823,39.6,14.178,9.393,0.10146104527921787,0.010416666666666668,0.004578471292846623,0.00034172456999658277,1.0,0.19109222187543856,0.2571428571428572,0.8333333333333334,0.74,0.10124526258798051,145922010.0
778,Russia,2022-03-19,32353.0,485.0,8.823,39.6,14.178,9.393,0.10146104527921787,0.010416666666666668,0.004578471292846623,0.00034172456999658277,1.0,0.19109222187543856,0.2571428571428572,0.8333333333333334,0.74,0.10124526258798051,145922010.0
779,Russia,2022-03-20,30513.0,422.0,8.823,39.6,14.178,9.393,0.10146104527921787,0.010416666666666668,0.004578471292846623,0.00034172456999658277,1.0,0.19109222187543856,0.2571428571428572,0.8333333333333334,0.74,0.10124526258798051,145922010.0
780,Russia,2022-03-21,28342.0,400.0,8.823,39.6,14.178,9.393,0.10146104527921787,0.010416666666666668,0.004578471292846623,0.00034172456999658277,1.0,0.19109222187543856,0.2571428571428572,0.8333333333333334,0.74,0.10124526258798051,145922010.0
781,Russia,2022-03-22,26015.0,459.0,8.823,39.6,14.178,9.393,0.10146104527921787,0.010416666666666668,0.004578471292846623,0.00034172456999658277,1.0,0.19109222187543856,0.2571428571428572,0.8333333333333334,0.74,0.10124526258798051,145922010.0
782,Russia,2022-03-23,26424.0,417.0,8.823,39.6,14.178,9.393,0.10146104527921787,0.010416666666666668,0.004578471292846623,0.00034172456999658277,1.0,0.19109222187543856,0.2571428571428572,0.8333333333333334,0.74,0.10124526258798051,145922010.0
783,Russia,2022-03-24,24918.0,409.0,8.823,39.6,14.178,9.393,0.10146104527921787,0.010416666666666668,0.004578471292846623,0.00034172456999658277,1.0,0.19109222187543856,0.2571428571428572,0.8333333333333334,0.74,0.10124526258798051,145922010.0
784,Russia,2022-03-25,24882.0,388.0,8.823,39.6,14.178,9.393,0.10146104527921787,0.010416666666666668,0.004578471292846623,0.00034172456999658277,1.0,0.19109222187543856,0.2571428571428572,0.8333333333333334,0.74,0.10124526258798051,145922010.0
785,Russia,2022-03-26,23524.0,386.0,8.823,39.6,14.178,9.393,0.10146104527921787,0.010416666666666668,0.004578471292846623,0.00034172456999658277,1.0,0.19109222187543856,0.2571428571428572,0.8333333333333334,0.74,0.10124526258798051,145922010.0
786,Russia,2022-03-27,22738.0,328.0,8.823,39.6,14.178,9.393,0.10146104527921787,0.010416666666666668,0.004578471292846623,0.00034172456999658277,1.0,0.19109222187543856,0.2571428571428572,0.8333333333333334,0.74,0.10124526258798051,145922010.0
787,Russia,2022-03-28,20647.0,326.0,8.823,39.6,14.178,9.393,0.10146104527921787,0.010416666666666668,0.004578471292846623,0.00034172456999658277,1.0,0.19109222187543856,0.2571428571428572,0.8333333333333334,0.74,0.10124526258798051,145922010.0
788,Russia,2022-03-29,19235.0,327.0,8.823,39.6,14.178,9.393,0.10146104527921787,0.010416666666666668,0.004578471292846623,0.00034172456999658277,1.0,0.19109222187543856,0.2571428571428572,0.8333333333333334,0.74,0.10124526258798051,145922010.0
789,Russia,2022-03-30,19767.0,340.0,8.823,39.6,14.178,9.393,0.10146104527921787,0.010416666666666668,0.004578471292846623,0.00034172456999658277,1.0,0.19109222187543856,0.2571428571428572,0.8333333333333334,0.74,0.10124526258798051,145922010.0
790,Russia,2022-03-31,18925.0,334.0,8.823,39.6,14.178,9.393,0.10146104527921787,0.010416666666666668,0.004578471292846623,0.00034172456999658277,1.0,0.19109222187543856,0.2571428571428572,0.8333333333333334,0.74,0.10124526258798051,145922010.0
791,Russia,2022-04-01,18796.0,331.0,8.823,39.6,14.178,9.393,0.10146104527921787,0.010416666666666668,0.004578471292846623,0.00034172456999658277,1.0,0.19109222187543856,0.2571428571428572,0.8333333333333334,0.74,0.10124526258798051,145922010.0
792,Russia,2022-04-02,17614.0,329.0,8.823,39.6,14.178,9.393,0.10146104527921787,0.010416666666666668,0.004578471292846623,0.00034172456999658277,1.0,0.19109222187543856,0.2571428571428572,0.8333333333333334,0.74,0.10124526258798051,145922010.0
793,Russia,2022-04-03,16498.0,296.0,8.823,39.6,14.178,9.393,0.10146104527921787,0.010416666666666668,0.004578471292846623,0.00034172456999658277,1.0,0.19109222187543856,0.2571428571428572,0.8333333333333334,0.74,0.10124526258798051,145922010.0
794,Russia,2022-04-04,15029.0,277.0,8.823,39.6,14.178,9.393,0.10146104527921787,0.010416666666666668,0.004578471292846623,0.00034172456999658277,1.0,0.19109222187543856,0.2571428571428572,0.8333333333333334,0.74,0.10124526258798051,145922010.0
795,Russia,2022-04-05,13742.0,309.0,8.823,39.6,14.178,9.393,0.10146104527921787,0.010416666666666668,0.004578471292846623,0.00034172456999658277,1.0,0.19109222187543856,0.2571428571428572,0.8333333333333334,0.74,0.10124526258798051,145922010.0
796,Russia,2022-04-06,14510.0,285.0,8.823,39.6,14.178,9.393,0.10146104527921787,0.010416666666666668,0.004578471292846623,0.00034172456999658277,1.0,0.19109222187543856,0.2571428571428572,0.8333333333333334,0.74,0.10124526258798051,145922010.0
797,Russia,2022-04-07,14168.0,280.0,8.823,39.6,14.178,9.393,0.10146104527921787,0.010416666666666668,0.004578471292846623,0.00034172456999658277,1.0,0.19109222187543856,0.2571428571428572,0.8333333333333334,0.74,0.10124526258798051,145922010.0
798,Russia,2022-04-08,14123.0,276.0,8.823,39.6,14.178,9.393,0.10146104527921787,0.010416666666666668,0.004578471292846623,0.00034172456999658277,1.0,0.19109222187543856,0.2571428571428572,0.8333333333333334,0.74,0.10124526258798051,145922010.0
799,Russia,2022-04-09,13386.0,280.0,8.823,39.6,14.178,9.393,0.10146104527921787,0.010416666666666668,0.004578471292846623,0.00034172456999658277,1.0,0.19109222187543856,0.2571428571428572,0.8333333333333334,0.74,0.10124526258798051,145922010.0
800,Russia,2022-04-10,12832.0,254.0,8.823,39.6,14.178,9.393,0.10146104527921787,0.010416666666666668,0.004578471292846623,0.00034172456999658277,1.0,0.19109222187543856,0.2571428571428572,0.8333333333333334,0.74,0.10124526258798051,145922010.0
801,Russia,2022-04-11,11644.0,241.0,8.823,39.6,14.178,9.393,0.10146104527921787,0.010416666666666668,0.004578471292846623,0.00034172456999658277,1.0,0.19109222187543856,0.2571428571428572,0.8333333333333334,0.74,0.10124526258798051,145922010.0
802,Russia,2022-04-12,10730.0,273.0,8.823,39.6,14.178,9.393,0.10146104527921787,0.010416666666666668,0.004578471292846623,0.00034172456999658277,1.0,0.19109222187543856,0.2571428571428572,0.8333333333333334,0.74,0.10124526258798051,145922010.0
803,Russia,2022-04-13,11577.0,259.0,8.823,39.6,14.178,9.393,0.10146104527921787,0.010416666666666668,0.004578471292846623,0.00034172456999658277,1.0,0.19109222187543856,0.2571428571428572,0.8333333333333334,0.74,0.10124526258798051,145922010.0
804,Russia,2022-04-14,11168.0,247.0,8.823,39.6,14.178,9.393,0.10146104527921787,0.010416666666666668,0.004578471292846623,0.00034172456999658277,1.0,0.19109222187543856,0.2571428571428572,0.8333333333333334,0.74,0.10124526258798051,145922010.0
805,Russia,2022-04-15,11283.0,255.0,8.823,39.6,14.178,9.393,0.10146104527921787,0.010416666666666668,0.004578471292846623,0.00034172456999658277,1.0,0.19109222187543856,0.2571428571428572,0.8333333333333334,0.74,0.10124526258798051,145922010.0
806,Russia,2022-04-16,10892.0,234.0,8.823,39.6,14.178,9.393,0.10146104527921787,0.010416666666666668,0.004578471292846623,0.00034172456999658277,1.0,0.19109222187543856,0.2571428571428572,0.8333333333333334,0.74,0.10124526258798051,145922010.0
807,Russia,2022-04-17,10096.0,227.0,8.823,39.6,14.178,9.393,0.10146104527921787,0.010416666666666668,0.004578471292846623,0.00034172456999658277,1.0,0.19109222187543856,0.2571428571428572,0.8333333333333334,0.74,0.10124526258798051,145922010.0
808,Russia,2022-04-18,9287.0,208.0,8.823,39.6,14.178,9.393,0.10146104527921787,0.010416666666666668,0.004578471292846623,0.00034172456999658277,1.0,0.19109222187543856,0.2571428571428572,0.8333333333333334,0.74,0.10124526258798051,145922010.0
809,Russia,2022-04-19,8523.0,227.0,8.823,39.6,14.178,9.393,0.10146104527921787,0.010416666666666668,0.004578471292846623,0.00034172456999658277,1.0,0.19109222187543856,0.2571428571428572,0.8333333333333334,0.74,0.10124526258798051,145922010.0
810,Russia,2022-04-20,9078.0,218.0,8.823,39.6,14.178,9.393,0.10146104527921787,0.010416666666666668,0.004578471292846623,0.00034172456999658277,1.0,0.19109222187543856,0.2571428571428572,0.8333333333333334,0.74,0.10124526258798051,145922010.0
811,Russia,2022-04-21,8731.0,191.0,8.823,39.6,14.178,9.393,0.10146104527921787,0.010416666666666668,0.004578471292846623,0.00034172456999658277,1.0,0.19109222187543856,0.2571428571428572,0.8333333333333334,0.74,0.10124526258798051,145922010.0
812,Russia,2022-04-22,8843.0,191.0,8.823,39.6,14.178,9.393,0.10146104527921787,0.010416666666666668,0.004578471292846623,0.00034172456999658277,1.0,0.19109222187543856,0.2571428571428572,0.8333333333333334,0.74,0.10124526258798051,145922010.0
813,Russia,2022-04-23,8671.0,167.0,8.823,39.6,14.178,9.393,0.10146104527921787,0.010416666666666668,0.004578471292846623,0.00034172456999658277,1.0,0.19109222187543856,0.2571428571428572,0.8333333333333334,0.74,0.10124526258798051,145922010.0
814,Russia,2022-04-24,8293.0,163.0,8.823,39.6,14.178,9.393,0.10146104527921787,0.010416666666666668,0.004578471292846623,0.00034172456999658277,1.0,0.19109222187543856,0.2571428571428572,0.8333333333333334,0.74,0.10124526258798051,145922010.0
815,Russia,2022-04-25,7529.0,155.0,8.823,39.6,14.178,9.393,0.10146104527921787,0.010416666666666668,0.004578471292846623,0.00034172456999658277,1.0,0.19109222187543856,0.2571428571428572,0.8333333333333334,0.74,0.10124526258798051,145922010.0
816,Russia,2022-04-26,6998.0,171.0,8.823,39.6,14.178,9.393,0.10146104527921787,0.010416666666666668,0.004578471292846623,0.00034172456999658277,1.0,0.19109222187543856,0.2571428571428572,0.8333333333333334,0.74,0.10124526258798051,145922010.0
817,Russia,2022-04-27,7635.0,158.0,8.823,39.6,14.178,9.393,0.10146104527921787,0.010416666666666668,0.004578471292846623,0.00034172456999658277,1.0,0.19109222187543856,0.2571428571428572,0.8333333333333334,0.74,0.10124526258798051,145922010.0
818,Russia,2022-04-28,7547.0,161.0,8.823,39.6,14.178,9.393,0.10146104527921787,0.010416666666666668,0.004578471292846623,0.00034172456999658277,1.0,0.19109222187543856,0.2571428571428572,0.8333333333333334,0.74,0.10124526258798051,145922010.0
819,Russia,2022-04-29,7590.0,155.0,8.823,39.6,14.178,9.393,0.10146104527921787,0.010416666666666668,0.004578471292846623,0.00034172456999658277,1.0,0.19109222187543856,0.2571428571428572,0.8333333333333334,0.74,0.10124526258798051,145922010.0
820,Russia,2022-04-30,7267.0,153.0,8.823,39.6,14.178,9.393,0.10146104527921787,0.010416666666666668,0.004578471292846623,0.00034172456999658277,1.0,0.19109222187543856,0.2571428571428572,0.8333333333333334,0.74,0.10124526258798051,145922010.0
821,Russia,2022-05-01,6954.0,144.0,8.823,39.6,14.178,9.393,0.10146104527921787,0.010416666666666668,0.004578471292846623,0.00034172456999658277,1.0,0.19109222187543856,0.2571428571428572,0.8333333333333334,0.74,0.10124526258798051,145922010.0
822,Russia,2022-05-02,6122.0,132.0,8.823,39.6,14.178,9.393,0.10146104527921787,0.010416666666666668,0.004578471292846623,0.00034172456999658277,1.0,0.19109222187543856,0.2571428571428572,0.8333333333333334,0.74,0.10124526258798051,145922010.0
823,Russia,2022-05-03,5374.0,121.0,8.823,39.6,14.178,9.393,0.10146104527921787,0.010416666666666668,0.004578471292846623,0.00034172456999658277,1.0,0.19109222187543856,0.2571428571428572,0.8333333333333334,0.74,0.10124526258798051,145922010.0
824,Russia,2022-05-04,5024.0,124.0,8.823,39.6,14.178,9.393,0.10146104527921787,0.010416666666666668,0.004578471292846623,0.00034172456999658277,1.0,0.19109222187543856,0.2571428571428572,0.8333333333333334,0.74,0.10124526258798051,145922010.0
825,Russia,2022-05-05,4952.0,134.0,8.823,39.6,14.178,9.393,0.10146104527921787,0.010416666666666668,0.004578471292846623,0.00034172456999658277,1.0,0.19109222187543856,0.2571428571428572,0.8333333333333334,0.74,0.10124526258798051,145922010.0
826,Russia,2022-05-06,5448.0,132.0,8.823,39.6,14.178,9.393,0.10146104527921787,0.010416666666666668,0.004578471292846623,0.00034172456999658277,1.0,0.19109222187543856,0.2571428571428572,0.8333333333333334,0.74,0.10124526258798051,145922010.0
827,Russia,2022-05-07,5407.0,130.0,8.823,39.6,14.178,9.393,0.10146104527921787,0.010416666666666668,0.004578471292846623,0.00034172456999658277,1.0,0.19109222187543856,0.2571428571428572,0.8333333333333334,0.74,0.10124526258798051,145922010.0
828,Russia,2022-05-08,5365.0,114.0,8.823,39.6,14.178,9.393,0.10146104527921787,0.010416666666666668,0.004578471292846623,0.00034172456999658277,1.0,0.19109222187543856,0.2571428571428572,0.8333333333333334,0.74,0.10124526258798051,145922010.0
829,Russia,2022-05-09,4936.0,101.0,8.823,39.6,14.178,9.393,0.10146104527921787,0.010416666666666668,0.004578471292846623,0.00034172456999658277,1.0,0.19109222187543856,0.2571428571428572,0.8333333333333334,0.74,0.10124526258798051,145922010.0
830,Russia,2022-05-10,4434.0,97.0,8.823,39.6,14.178,9.393,0.10146104527921787,0.010416666666666668,0.004578471292846623,0.00034172456999658277,1.0,0.19109222187543856,0.2571428571428572,0.8333333333333334,0.74,0.10124526258798051,145922010.0
831,Russia,2022-05-11,4036.0,96.0,8.823,39.6,14.178,9.393,0.10146104527921787,0.010416666666666668,0.004578471292846623,0.00034172456999658277,1.0,0.19109222187543856,0.2571428571428572,0.8333333333333334,0.74,0.10124526258798051,145922010.0
832,Russia,2022-05-12,4029.0,108.0,8.823,39.6,14.178,9.393,0.10146104527921787,0.010416666666666668,0.004578471292846623,0.00034172456999658277,1.0,0.19109222187543856,0.2571428571428572,0.8333333333333334,0.74,0.10124526258798051,145922010.0
833,Russia,2022-05-13,4832.0,103.0,8.823,39.6,14.178,9.393,0.10146104527921787,0.010416666666666668,0.004578471292846623,0.00034172456999658277,1.0,0.19109222187543856,0.2571428571428572,0.8333333333333334,0.74,0.10124526258798051,145922010.0
834,Russia,2022-05-14,4961.0,106.0,8.823,39.6,14.178,9.393,0.10146104527921787,0.010416666666666668,0.004578471292846623,0.00034172456999658277,1.0,0.19109222187543856,0.2571428571428572,0.8333333333333334,0.74,0.10124526258798051,145922010.0
835,Russia,2022-05-15,4887.0,96.0,8.823,39.6,14.178,9.393,0.10146104527921787,0.010416666666666668,0.004578471292846623,0.00034172456999658277,1.0,0.19109222187543856,0.2571428571428572,0.8333333333333334,0.74,0.10124526258798051,145922010.0
836,Russia,2022-05-16,4486.0,88.0,8.823,39.6,14.178,9.393,0.10146104527921787,0.010416666666666668,0.004578471292846623,0.00034172456999658277,1.0,0.19109222187543856,0.2571428571428572,0.8333333333333334,0.74,0.10124526258798051,145922010.0
837,Russia,2022-05-17,4055.0,107.0,8.823,39.6,14.178,9.393,0.10146104527921787,0.010416666666666668,0.004578471292846623,0.00034172456999658277,1.0,0.19109222187543856,0.2571428571428572,0.8333333333333334,0.74,0.10124526258798051,145922010.0
838,Russia,2022-05-18,4676.0,102.0,8.823,39.6,14.178,9.393,0.10146104527921787,0.010416666666666668,0.004578471292846623,0.00034172456999658277,1.0,0.19109222187543856,0.2571428571428572,0.8333333333333334,0.74,0.10124526258798051,145922010.0
839,Russia,2022-05-19,4850.0,95.0,8.823,39.6,14.178,9.393,0.10146104527921787,0.010416666666666668,0.004578471292846623,0.00034172456999658277,1.0,0.19109222187543856,0.2571428571428572,0.8333333333333334,0.74,0.10124526258798051,145922010.0
840,Russia,2022-05-20,5020.0,93.0,8.823,39.6,14.178,9.393,0.10146104527921787,0.010416666666666668,0.004578471292846623,0.00034172456999658277,1.0,0.19109222187543856,0.2571428571428572,0.8333333333333334,0.74,0.10124526258798051,145922010.0
841,Russia,2022-05-21,4962.0,100.0,8.823,39.6,14.178,9.393,0.10146104527921787,0.010416666666666668,0.004578471292846623,0.00034172456999658277,1.0,0.19109222187543856,0.2571428571428572,0.8333333333333334,0.74,0.10124526258798051,145922010.0
842,Russia,2022-05-22,4627.0,79.0,8.823,39.6,14.178,9.393,0.10146104527921787,0.010416666666666668,0.004578471292846623,0.00034172456999658277,1.0,0.19109222187543856,0.2571428571428572,0.8333333333333334,0.74,0.10124526258798051,145922010.0
843,Russia,2022-05-23,4091.0,74.0,8.823,39.6,14.178,9.393,0.10146104527921787,0.010416666666666668,0.004578471292846623,0.00034172456999658277,1.0,0.19109222187543856,0.2571428571428572,0.8333333333333334,0.74,0.10124526258798051,145922010.0
844,Russia,2022-05-24,3704.0,87.0,8.823,39.6,14.178,9.393,0.10146104527921787,0.010416666666666668,0.004578471292846623,0.00034172456999658277,1.0,0.19109222187543856,0.2571428571428572,0.8333333333333334,0.74,0.10124526258798051,145922010.0
845,Russia,2022-05-25,4497.0,90.0,8.823,39.6,14.178,9.393,0.10146104527921787,0.010416666666666668,0.004578471292846623,0.00034172456999658277,1.0,0.19109222187543856,0.2571428571428572,0.8333333333333334,0.74,0.10124526258798051,145922010.0
846,Russia,2022-05-26,4619.0,89.0,8.823,39.6,14.178,9.393,0.10146104527921787,0.010416666666666668,0.004578471292846623,0.00034172456999658277,1.0,0.19109222187543856,0.2571428571428572,0.8333333333333334,0.74,0.10124526258798051,145922010.0
847,Russia,2022-05-27,4546.0,80.0,8.823,39.6,14.178,9.393,0.10146104527921787,0.010416666666666668,0.004578471292846623,0.00034172456999658277,1.0,0.19109222187543856,0.2571428571428572,0.8333333333333334,0.74,0.10124526258798051,145922010.0
848,Russia,2022-05-28,4459.0,82.0,8.823,39.6,14.178,9.393,0.10146104527921787,0.010416666666666668,0.004578471292846623,0.00034172456999658277,1.0,0.19109222187543856,0.2571428571428572,0.8333333333333334,0.74,0.10124526258798051,145922010.0
849,Russia,2022-05-29,4118.0,83.0,8.823,39.6,14.178,9.393,0.10146104527921787,0.010416666666666668,0.004578471292846623,0.00034172456999658277,1.0,0.19109222187543856,0.2571428571428572,0.8333333333333334,0.74,0.10124526258798051,145922010.0
850,Russia,2022-05-30,3743.0,72.0,8.823,39.6,14.178,9.393,0.10146104527921787,0.010416666666666668,0.004578471292846623,0.00034172456999658277,1.0,0.19109222187543856,0.2571428571428572,0.8333333333333334,0.74,0.10124526258798051,145922010.0
851,Russia,2022-05-31,3475.0,86.0,8.823,39.6,14.178,9.393,0.10146104527921787,0.010416666666666668,0.004578471292846623,0.00034172456999658277,1.0,0.19109222187543856,0.2571428571428572,0.8333333333333334,0.74,0.10124526258798051,145922010.0
852,Russia,2022-06-01,4097.0,82.0,8.823,39.6,14.178,9.393,0.10146104527921787,0.010416666666666668,0.004578471292846623,0.00034172456999658277,1.0,0.19109222187543856,0.2571428571428572,0.8333333333333334,0.74,0.10124526258798051,145922010.0
853,Russia,2022-06-02,4196.0,82.0,8.823,39.6,14.178,9.393,0.10146104527921787,0.010416666666666668,0.004578471292846623,0.00034172456999658277,1.0,0.19109222187543856,0.2571428571428572,0.8333333333333334,0.74,0.10124526258798051,145922010.0
854,Russia,2022-06-03,4113.0,75.0,8.823,39.6,14.178,9.393,0.10146104527921787,0.010416666666666668,0.004578471292846623,0.00034172456999658277,1.0,0.19109222187543856,0.2571428571428572,0.8333333333333334,0.74,0.10124526258798051,145922010.0
855,Russia,2022-06-04,3991.0,78.0,8.823,39.6,14.178,9.393,0.10146104527921787,0.010416666666666668,0.004578471292846623,0.00034172456999658277,1.0,0.19109222187543856,0.2571428571428572,0.8333333333333334,0.74,0.10124526258798051,145922010.0
856,Russia,2022-06-05,3707.0,73.0,8.823,39.6,14.178,9.393,0.10146104527921787,0.010416666666666668,0.004578471292846623,0.00034172456999658277,1.0,0.19109222187543856,0.2571428571428572,0.8333333333333334,0.74,0.10124526258798051,145922010.0
857,Russia,2022-06-06,3281.0,61.0,8.823,39.6,14.178,9.393,0.10146104527921787,0.010416666666666668,0.004578471292846623,0.00034172456999658277,1.0,0.19109222187543856,0.2571428571428572,0.8333333333333334,0.74,0.10124526258798051,145922010.0
858,Russia,2022-06-07,3194.0,71.0,8.823,39.6,14.178,9.393,0.10146104527921787,0.010416666666666668,0.004578471292846623,0.00034172456999658277,1.0,0.19109222187543856,0.2571428571428572,0.8333333333333334,0.74,0.10124526258798051,145922010.0
859,Russia,2022-06-08,3595.0,76.0,8.823,39.6,14.178,9.393,0.10146104527921787,0.010416666666666668,0.004578471292846623,0.00034172456999658277,1.0,0.19109222187543856,0.2571428571428572,0.8333333333333334,0.74,0.10124526258798051,145922010.0
860,Russia,2022-06-09,3713.0,74.0,8.823,39.6,14.178,9.393,0.10146104527921787,0.010416666666666668,0.004578471292846623,0.00034172456999658277,1.0,0.19109222187543856,0.2571428571428572,0.8333333333333334,0.74,0.10124526258798051,145922010.0
861,Russia,2022-06-10,3605.0,69.0,8.823,39.6,14.178,9.393,0.10146104527921787,0.010416666666666668,0.004578471292846623,0.00034172456999658277,1.0,0.19109222187543856,0.2571428571428572,0.8333333333333334,0.74,0.10124526258798051,145922010.0
862,Russia,2022-06-11,3572.0,71.0,8.823,39.6,14.178,9.393,0.10146104527921787,0.010416666666666668,0.004578471292846623,0.00034172456999658277,1.0,0.19109222187543856,0.2571428571428572,0.8333333333333334,0.74,0.10124526258798051,145922010.0
863,Russia,2022-06-12,3341.0,62.0,8.823,39.6,14.178,9.393,0.10146104527921787,0.010416666666666668,0.004578471292846623,0.00034172456999658277,1.0,0.19109222187543856,0.2571428571428572,0.8333333333333334,0.74,0.10124526258798051,145922010.0
864,Russia,2022-06-13,2955.0,54.0,8.823,39.6,14.178,9.393,0.10146104527921787,0.010416666666666668,0.004578471292846623,0.00034172456999658277,1.0,0.19109222187543856,0.2571428571428572,0.8333333333333334,0.74,0.10124526258798051,145922010.0
865,Russia,2022-06-14,2749.0,60.0,8.823,39.6,14.178,9.393,0.10146104527921787,0.010416666666666668,0.004578471292846623,0.00034172456999658277,1.0,0.19109222187543856,0.2571428571428572,0.8333333333333334,0.74,0.10124526258798051,145922010.0
866,Russia,2022-06-15,2683.0,63.0,8.823,39.6,14.178,9.393,0.10146104527921787,0.010416666666666668,0.004578471292846623,0.00034172456999658277,1.0,0.19109222187543856,0.2571428571428572,0.8333333333333334,0.74,0.10124526258798051,145922010.0
867,Russia,2022-06-16,3262.0,64.0,8.823,39.6,14.178,9.393,0.10146104527921787,0.010416666666666668,0.004578471292846623,0.00034172456999658277,1.0,0.19109222187543856,0.2571428571428572,0.8333333333333334,0.74,0.10124526258798051,145922010.0
868,Russia,2022-06-17,3323.0,63.0,8.823,39.6,14.178,9.393,0.10146104527921787,0.010416666666666668,0.004578471292846623,0.00034172456999658277,1.0,0.19109222187543856,0.2571428571428572,0.8333333333333334,0.74,0.10124526258798051,145922010.0
869,Russia,2022-06-18,3319.0,65.0,8.823,39.6,14.178,9.393,0.10146104527921787,0.010416666666666668,0.004578471292846623,0.00034172456999658277,1.0,0.19109222187543856,0.2571428571428572,0.8333333333333334,0.74,0.10124526258798051,145922010.0
870,Russia,2022-06-19,3049.0,62.0,8.823,39.6,14.178,9.393,0.10146104527921787,0.010416666666666668,0.004578471292846623,0.00034172456999658277,1.0,0.19109222187543856,0.2571428571428572,0.8333333333333334,0.74,0.10124526258798051,145922010.0
871,Russia,2022-06-20,2636.0,52.0,8.823,39.6,14.178,9.393,0.10146104527921787,0.010416666666666668,0.004578471292846623,0.00034172456999658277,1.0,0.19109222187543856,0.2571428571428572,0.8333333333333334,0.74,0.10124526258798051,145922010.0
872,Russia,2022-06-21,2474.0,59.0,8.823,39.6,14.178,9.393,0.10146104527921787,0.010416666666666668,0.004578471292846623,0.00034172456999658277,1.0,0.19109222187543856,0.2571428571428572,0.8333333333333334,0.74,0.10124526258798051,145922010.0
873,Russia,2022-06-22,3024.0,63.0,8.823,39.6,14.178,9.393,0.10146104527921787,0.010416666666666668,0.004578471292846623,0.00034172456999658277,1.0,0.19109222187543856,0.2571428571428572,0.8333333333333334,0.74,0.10124526258798051,145922010.0
874,Russia,2022-06-23,3134.0,67.0,8.823,39.6,14.178,9.393,0.10146104527921787,0.010416666666666668,0.004578471292846623,0.00034172456999658277,1.0,0.19109222187543856,0.2571428571428572,0.8333333333333334,0.74,0.10124526258798051,145922010.0
875,Russia,2022-06-24,3114.0,65.0,8.823,39.6,14.178,9.393,0.10146104527921787,0.010416666666666668,0.004578471292846623,0.00034172456999658277,1.0,0.19109222187543856,0.2571428571428572,0.8333333333333334,0.74,0.10124526258798051,145922010.0
876,Russia,2022-06-25,3037.0,59.0,8.823,39.6,14.178,9.393,0.10146104527921787,0.010416666666666668,0.004578471292846623,0.00034172456999658277,1.0,0.19109222187543856,0.2571428571428572,0.8333333333333334,0.74,0.10124526258798051,145922010.0
877,Russia,2022-06-26,2966.0,55.0,8.823,39.6,14.178,9.393,0.10146104527921787,0.010416666666666668,0.004578471292846623,0.00034172456999658277,1.0,0.19109222187543856,0.2571428571428572,0.8333333333333334,0.74,0.10124526258798051,145922010.0
878,Russia,2022-06-27,2642.0,51.0,8.823,39.6,14.178,9.393,0.10146104527921787,0.010416666666666668,0.004578471292846623,0.00034172456999658277,1.0,0.19109222187543856,0.2571428571428572,0.8333333333333334,0.74,0.10124526258798051,145922010.0
879,Russia,2022-06-28,2513.0,57.0,8.823,39.6,14.178,9.393,0.10146104527921787,0.010416666666666668,0.004578471292846623,0.00034172456999658277,1.0,0.19109222187543856,0.2571428571428572,0.8333333333333334,0.74,0.10124526258798051,145922010.0
880,Russia,2022-06-29,2998.0,52.0,8.823,39.6,14.178,9.393,0.10146104527921787,0.010416666666666668,0.004578471292846623,0.00034172456999658277,1.0,0.19109222187543856,0.2571428571428572,0.8333333333333334,0.74,0.10124526258798051,145922010.0
881,Russia,2022-06-30,3075.0,55.0,8.823,39.6,14.178,9.393,0.10146104527921787,0.010416666666666668,0.004578471292846623,0.00034172456999658277,1.0,0.19109222187543856,0.2571428571428572,0.8333333333333334,0.74,0.10124526258798051,145922010.0
882,Russia,2022-07-01,3110.0,52.0,8.823,39.6,14.178,9.393,0.10146104527921787,0.010416666666666668,0.004578471292846623,0.00034172456999658277,1.0,0.19109222187543856,0.2571428571428572,0.8333333333333334,0.74,0.10124526258798051,145922010.0
883,Russia,2022-07-02,3255.0,49.0,8.823,39.6,14.178,9.393,0.10146104527921787,0.010416666666666668,0.004578471292846623,0.00034172456999658277,1.0,0.19109222187543856,0.2571428571428572,0.8333333333333334,0.74,0.10124526258798051,145922010.0
884,Russia,2022-07-03,3053.0,47.0,8.823,39.6,14.178,9.393,0.10146104527921787,0.010416666666666668,0.004578471292846623,0.00034172456999658277,1.0,0.19109222187543856,0.2571428571428572,0.8333333333333334,0.74,0.10124526258798051,145922010.0
885,Russia,2022-07-04,2824.0,43.0,8.823,39.6,14.178,9.393,0.10146104527921787,0.010416666666666668,0.004578471292846623,0.00034172456999658277,1.0,0.19109222187543856,0.2571428571428572,0.8333333333333334,0.74,0.10124526258798051,145922010.0
886,Russia,2022-07-05,2652.0,45.0,8.823,39.6,14.178,9.393,0.10146104527921787,0.010416666666666668,0.004578471292846623,0.00034172456999658277,1.0,0.19109222187543856,0.2571428571428572,0.8333333333333334,0.74,0.10124526258798051,145922010.0
887,Russia,2022-07-06,3122.0,43.0,8.823,39.6,14.178,9.393,0.10146104527921787,0.010416666666666668,0.004578471292846623,0.00034172456999658277,1.0,0.19109222187543856,0.2571428571428572,0.8333333333333334,0.74,0.10124526258798051,145922010.0
888,Russia,2022-07-07,3324.0,49.0,8.823,39.6,14.178,9.393,0.10146104527921787,0.010416666666666668,0.004578471292846623,0.00034172456999658277,1.0,0.19109222187543856,0.2571428571428572,0.8333333333333334,0.74,0.10124526258798051,145922010.0
889,Russia,2022-07-08,3417.0,47.0,8.823,39.6,14.178,9.393,0.10146104527921787,0.010416666666666668,0.004578471292846623,0.00034172456999658277,1.0,0.19109222187543856,0.2571428571428572,0.8333333333333334,0.74,0.10124526258798051,145922010.0
890,Russia,2022-07-09,3504.0,42.0,8.823,39.6,14.178,9.393,0.10146104527921787,0.010416666666666668,0.004578471292846623,0.00034172456999658277,1.0,0.19109222187543856,0.2571428571428572,0.8333333333333334,0.74,0.10124526258798051,145922010.0
891,Russia,2022-07-10,3364.0,38.0,8.823,39.6,14.178,9.393,0.10146104527921787,0.010416666666666668,0.004578471292846623,0.00034172456999658277,1.0,0.19109222187543856,0.2571428571428572,0.8333333333333334,0.74,0.10124526258798051,145922010.0
892,Russia,2022-07-11,3061.0,37.0,8.823,39.6,14.178,9.393,0.10146104527921787,0.010416666666666668,0.004578471292846623,0.00034172456999658277,1.0,0.19109222187543856,0.2571428571428572,0.8333333333333334,0.74,0.10124526258798051,145922010.0
893,Russia,2022-07-12,2966.0,46.0,8.823,39.6,14.178,9.393,0.10146104527921787,0.010416666666666668,0.004578471292846623,0.00034172456999658277,1.0,0.19109222187543856,0.2571428571428572,0.8333333333333334,0.74,0.10124526258798051,145922010.0
894,Russia,2022-07-13,3895.0,41.0,8.823,39.6,14.178,9.393,0.10146104527921787,0.010416666666666668,0.004578471292846623,0.00034172456999658277,1.0,0.19109222187543856,0.2571428571428572,0.8333333333333334,0.74,0.10124526258798051,145922010.0
895,Russia,2022-07-14,4197.0,41.0,8.823,39.6,14.178,9.393,0.10146104527921787,0.010416666666666668,0.004578471292846623,0.00034172456999658277,1.0,0.19109222187543856,0.2571428571428572,0.8333333333333334,0.74,0.10124526258798051,145922010.0
896,Russia,2022-07-15,4401.0,38.0,8.823,39.6,14.178,9.393,0.10146104527921787,0.010416666666666668,0.004578471292846623,0.00034172456999658277,1.0,0.19109222187543856,0.2571428571428572,0.8333333333333334,0.74,0.10124526258798051,145922010.0
897,Russia,2022-07-16,4643.0,40.0,8.823,39.6,14.178,9.393,0.10146104527921787,0.010416666666666668,0.004578471292846623,0.00034172456999658277,1.0,0.19109222187543856,0.2571428571428572,0.8333333333333334,0.74,0.10124526258798051,145922010.0
898,Russia,2022-07-17,4607.0,45.0,8.823,39.6,14.178,9.393,0.10146104527921787,0.010416666666666668,0.004578471292846623,0.00034172456999658277,1.0,0.19109222187543856,0.2571428571428572,0.8333333333333334,0.74,0.10124526258798051,145922010.0
899,Russia,2022-07-18,4469.0,35.0,8.823,39.6,14.178,9.393,0.10146104527921787,0.010416666666666668,0.004578471292846623,0.00034172456999658277,1.0,0.19109222187543856,0.2571428571428572,0.8333333333333334,0.74,0.10124526258798051,145922010.0
900,Russia,2022-07-19,4137.0,41.0,8.823,39.6,14.178,9.393,0.10146104527921787,0.010416666666666668,0.004578471292846623,0.00034172456999658277,1.0,0.19109222187543856,0.2571428571428572,0.8333333333333334,0.74,0.10124526258798051,145922010.0
901,Russia,2022-07-20,5631.0,36.0,8.823,39.6,14.178,9.393,0.10146104527921787,0.010416666666666668,0.004578471292846623,0.00034172456999658277,1.0,0.19109222187543856,0.2571428571428572,0.8333333333333334,0.74,0.10124526258798051,145922010.0
902,Russia,2022-07-21,6314.0,39.0,8.823,39.6,14.178,9.393,0.10146104527921787,0.010416666666666668,0.004578471292846623,0.00034172456999658277,1.0,0.19109222187543856,0.2571428571428572,0.8333333333333334,0.74,0.10124526258798051,145922010.0
903,Russia,2022-07-22,6586.0,40.0,8.823,39.6,14.178,9.393,0.10146104527921787,0.010416666666666668,0.004578471292846623,0.00034172456999658277,1.0,0.19109222187543856,0.2571428571428572,0.8333333333333334,0.74,0.10124526258798051,145922010.0
904,Russia,2022-07-23,6874.0,36.0,8.823,39.6,14.178,9.393,0.10146104527921787,0.010416666666666668,0.004578471292846623,0.00034172456999658277,1.0,0.19109222187543856,0.2571428571428572,0.8333333333333334,0.74,0.10124526258798051,145922010.0
905,Russia,2022-07-24,7444.0,37.0,8.823,39.6,14.178,9.393,0.10146104527921787,0.010416666666666668,0.004578471292846623,0.00034172456999658277,1.0,0.19109222187543856,0.2571428571428572,0.8333333333333334,0.74,0.10124526258798051,145922010.0
906,Russia,2022-07-25,6482.0,33.0,8.823,39.6,14.178,9.393,0.10146104527921787,0.010416666666666668,0.004578471292846623,0.00034172456999658277,1.0,0.19109222187543856,0.2571428571428572,0.8333333333333334,0.74,0.10124526258798051,145922010.0
907,Russia,2022-07-26,6104.0,46.0,8.823,39.6,14.178,9.393,0.10146104527921787,0.010416666666666668,0.004578471292846623,0.00034172456999658277,1.0,0.19109222187543856,0.2571428571428572,0.8333333333333334,0.74,0.10124526258798051,145922010.0
908,Russia,2022-07-27,8954.0,33.0,8.823,39.6,14.178,9.393,0.10146104527921787,0.010416666666666668,0.004578471292846623,0.00034172456999658277,1.0,0.19109222187543856,0.2571428571428572,0.8333333333333334,0.74,0.10124526258798051,145922010.0
909,Russia,2022-07-28,11407.0,40.0,8.823,39.6,14.178,9.393,0.10146104527921787,0.010416666666666668,0.004578471292846623,0.00034172456999658277,1.0,0.19109222187543856,0.2571428571428572,0.8333333333333334,0.74,0.10124526258798051,145922010.0
910,Russia,2022-07-29,11291.0,39.0,8.823,39.6,14.178,9.393,0.10146104527921787,0.010416666666666668,0.004578471292846623,0.00034172456999658277,1.0,0.19109222187543856,0.2571428571428572,0.8333333333333334,0.74,0.10124526258798051,145922010.0
911,Russia,2022-07-30,12119.0,43.0,8.823,39.6,14.178,9.393,0.10146104527921787,0.010416666666666668,0.004578471292846623,0.00034172456999658277,1.0,0.19109222187543856,0.2571428571428572,0.8333333333333334,0.74,0.10124526258798051,145922010.0
912,Russia,2022-07-31,12341.0,38.0,8.823,39.6,14.178,9.393,0.10146104527921787,0.010416666666666668,0.004578471292846623,0.00034172456999658277,1.0,0.19109222187543856,0.2571428571428572,0.8333333333333334,0.74,0.10124526258798051,145922010.0
913,Russia,2022-08-01,10673.0,36.0,8.823,39.6,14.178,9.393,0.10146104527921787,0.010416666666666668,0.004578471292846623,0.00034172456999658277,1.0,0.19109222187543856,0.2571428571428572,0.8333333333333334,0.74,0.10124526258798051,145922010.0
914,Russia,2022-08-02,9405.0,46.0,8.823,39.6,14.178,9.393,0.10146104527921787,0.010416666666666668,0.004578471292846623,0.00034172456999658277,1.0,0.19109222187543856,0.2571428571428572,0.8333333333333334,0.74,0.10124526258798051,145922010.0
915,Russia,2022-08-03,14484.0,42.0,8.823,39.6,14.178,9.393,0.10146104527921787,0.010416666666666668,0.004578471292846623,0.00034172456999658277,1.0,0.19109222187543856,0.2571428571428572,0.8333333333333334,0.74,0.10124526258798051,145922010.0
916,Russia,2022-08-04,16930.0,42.0,8.823,39.6,14.178,9.393,0.10146104527921787,0.010416666666666668,0.004578471292846623,0.00034172456999658277,1.0,0.19109222187543856,0.2571428571428572,0.8333333333333334,0.74,0.10124526258798051,145922010.0
917,Russia,2022-08-05,18315.0,46.0,8.823,39.6,14.178,9.393,0.10146104527921787,0.010416666666666668,0.004578471292846623,0.00034172456999658277,1.0,0.19109222187543856,0.2571428571428572,0.8333333333333334,0.74,0.10124526258798051,145922010.0
918,Russia,2022-08-06,19695.0,45.0,8.823,39.6,14.178,9.393,0.10146104527921787,0.010416666666666668,0.004578471292846623,0.00034172456999658277,1.0,0.19109222187543856,0.2571428571428572,0.8333333333333334,0.74,0.10124526258798051,145922010.0
919,Russia,2022-08-07,20026.0,43.0,8.823,39.6,14.178,9.393,0.10146104527921787,0.010416666666666668,0.004578471292846623,0.00034172456999658277,1.0,0.19109222187543856,0.2571428571428572,0.8333333333333334,0.74,0.10124526258798051,145922010.0
920,Russia,2022-08-08,17578.0,44.0,8.823,39.6,14.178,9.393,0.10146104527921787,0.010416666666666668,0.004578471292846623,0.00034172456999658277,1.0,0.19109222187543856,0.2571428571428572,0.8333333333333334,0.74,0.10124526258798051,145922010.0
921,Russia,2022-08-09,16048.0,58.0,8.823,39.6,14.178,9.393,0.10146104527921787,0.010416666666666668,0.004578471292846623,0.00034172456999658277,1.0,0.19109222187543856,0.2571428571428572,0.8333333333333334,0.74,0.10124526258798051,145922010.0
922,Russia,2022-08-10,23549.0,55.0,8.823,39.6,14.178,9.393,0.10146104527921787,0.010416666666666668,0.004578471292846623,0.00034172456999658277,1.0,0.19109222187543856,0.2571428571428572,0.8333333333333334,0.74,0.10124526258798051,145922010.0
923,Russia,2022-08-11,25539.0,52.0,8.823,39.6,14.178,9.393,0.10146104527921787,0.010416666666666668,0.004578471292846623,0.00034172456999658277,1.0,0.19109222187543856,0.2571428571428572,0.8333333333333334,0.74,0.10124526258798051,145922010.0
924,Russia,2022-08-12,27494.0,56.0,8.823,39.6,14.178,9.393,0.10146104527921787,0.010416666666666668,0.004578471292846623,0.00034172456999658277,1.0,0.19109222187543856,0.2571428571428572,0.8333333333333334,0.74,0.10124526258798051,145922010.0
925,Russia,2022-08-13,28209.0,58.0,8.823,39.6,14.178,9.393,0.10146104527921787,0.010416666666666668,0.004578471292846623,0.00034172456999658277,1.0,0.19109222187543856,0.2571428571428572,0.8333333333333334,0.74,0.10124526258798051,145922010.0
926,Russia,2022-08-14,28553.0,54.0,8.823,39.6,14.178,9.393,0.10146104527921787,0.010416666666666668,0.004578471292846623,0.00034172456999658277,1.0,0.19109222187543856,0.2571428571428572,0.8333333333333334,0.74,0.10124526258798051,145922010.0
927,Russia,2022-08-15,24881.0,53.0,8.823,39.6,14.178,9.393,0.10146104527921787,0.010416666666666668,0.004578471292846623,0.00034172456999658277,1.0,0.19109222187543856,0.2571428571428572,0.8333333333333334,0.74,0.10124526258798051,145922010.0
928,Russia,2022-08-16,23489.0,57.0,8.823,39.6,14.178,9.393,0.10146104527921787,0.010416666666666668,0.004578471292846623,0.00034172456999658277,1.0,0.19109222187543856,0.2571428571428572,0.8333333333333334,0.74,0.10124526258798051,145922010.0
929,Russia,2022-08-17,32762.0,62.0,8.823,39.6,14.178,9.393,0.10146104527921787,0.010416666666666668,0.004578471292846623,0.00034172456999658277,1.0,0.19109222187543856,0.2571428571428572,0.8333333333333334,0.74,0.10124526258798051,145922010.0
930,Russia,2022-08-18,35315.0,62.0,8.823,39.6,14.178,9.393,0.10146104527921787,0.010416666666666668,0.004578471292846623,0.00034172456999658277,1.0,0.19109222187543856,0.2571428571428572,0.8333333333333334,0.74,0.10124526258798051,145922010.0
931,Russia,2022-08-19,37031.0,64.0,8.823,39.6,14.178,9.393,0.10146104527921787,0.010416666666666668,0.004578471292846623,0.00034172456999658277,1.0,0.19109222187543856,0.2571428571428572,0.8333333333333334,0.74,0.10124526258798051,145922010.0
932,Russia,2022-08-20,39418.0,67.0,8.823,39.6,14.178,9.393,0.10146104527921787,0.010416666666666668,0.004578471292846623,0.00034172456999658277,1.0,0.19109222187543856,0.2571428571428572,0.8333333333333334,0.74,0.10124526258798051,145922010.0
933,Russia,2022-08-21,39052.0,63.0,8.823,39.6,14.178,9.393,0.10146104527921787,0.010416666666666668,0.004578471292846623,0.00034172456999658277,1.0,0.19109222187543856,0.2571428571428572,0.8333333333333334,0.74,0.10124526258798051,145922010.0
934,Russia,2022-08-22,32469.0,57.0,8.823,39.6,14.178,9.393,0.10146104527921787,0.010416666666666668,0.004578471292846623,0.00034172456999658277,1.0,0.19109222187543856,0.2571428571428572,0.8333333333333334,0.74,0.10124526258798051,145922010.0
935,Russia,2022-08-23,30427.0,67.0,8.823,39.6,14.178,9.393,0.10146104527921787,0.010416666666666668,0.004578471292846623,0.00034172456999658277,1.0,0.19109222187543856,0.2571428571428572,0.8333333333333334,0.74,0.10124526258798051,145922010.0
936,Russia,2022-08-24,39689.0,71.0,8.823,39.6,14.178,9.393,0.10146104527921787,0.010416666666666668,0.004578471292846623,0.00034172456999658277,1.0,0.19109222187543856,0.2571428571428572,0.8333333333333334,0.74,0.10124526258798051,145922010.0
937,Russia,2022-08-25,43357.0,69.0,8.823,39.6,14.178,9.393,0.10146104527921787,0.010416666666666668,0.004578471292846623,0.00034172456999658277,1.0,0.19109222187543856,0.2571428571428572,0.8333333333333334,0.74,0.10124526258798051,145922010.0
938,Russia,2022-08-26,45792.0,79.0,8.823,39.6,14.178,9.393,0.10146104527921787,0.010416666666666668,0.004578471292846623,0.00034172456999658277,1.0,0.19109222187543856,0.2571428571428572,0.8333333333333334,0.74,0.10124526258798051,145922010.0
939,Russia,2022-08-27,46402.0,88.0,8.823,39.6,14.178,9.393,0.10146104527921787,0.010416666666666668,0.004578471292846623,0.00034172456999658277,1.0,0.19109222187543856,0.2571428571428572,0.8333333333333334,0.74,0.10124526258798051,145922010.0
940,Russia,2022-08-28,46133.0,82.0,8.823,39.6,14.178,9.393,0.10146104527921787,0.010416666666666668,0.004578471292846623,0.00034172456999658277,1.0,0.19109222187543856,0.2571428571428572,0.8333333333333334,0.74,0.10124526258798051,145922010.0
941,Russia,2022-08-29,38883.0,76.0,8.823,39.6,14.178,9.393,0.10146104527921787,0.010416666666666668,0.004578471292846623,0.00034172456999658277,1.0,0.19109222187543856,0.2571428571428572,0.8333333333333334,0.74,0.10124526258798051,145922010.0
942,Russia,2022-08-30,36479.0,92.0,8.823,39.6,14.178,9.393,0.10146104527921787,0.010416666666666668,0.004578471292846623,0.00034172456999658277,1.0,0.19109222187543856,0.2571428571428572,0.8333333333333334,0.74,0.10124526258798051,145922010.0
943,Russia,2022-08-31,45784.0,89.0,8.823,39.6,14.178,9.393,0.10146104527921787,0.010416666666666668,0.004578471292846623,0.00034172456999658277,1.0,0.19109222187543856,0.2571428571428572,0.8333333333333334,0.74,0.10124526258798051,145922010.0
944,Russia,2022-09-01,49016.0,95.0,8.823,39.6,14.178,9.393,0.10146104527921787,0.010416666666666668,0.004578471292846623,0.00034172456999658277,1.0,0.19109222187543856,0.2571428571428572,0.8333333333333334,0.74,0.10124526258798051,145922010.0
945,Russia,2022-09-02,50279.0,90.0,8.823,39.6,14.178,9.393,0.10146104527921787,0.010416666666666668,0.004578471292846623,0.00034172456999658277,1.0,0.19109222187543856,0.2571428571428572,0.8333333333333334,0.74,0.10124526258798051,145922010.0
946,Russia,2022-09-03,50922.0,89.0,8.823,39.6,14.178,9.393,0.10146104527921787,0.010416666666666668,0.004578471292846623,0.00034172456999658277,1.0,0.19109222187543856,0.2571428571428572,0.8333333333333334,0.74,0.10124526258798051,145922010.0
947,Russia,2022-09-04,47263.0,86.0,8.823,39.6,14.178,9.393,0.10146104527921787,0.010416666666666668,0.004578471292846623,0.00034172456999658277,1.0,0.19109222187543856,0.2571428571428572,0.8333333333333334,0.74,0.10124526258798051,145922010.0
948,Russia,2022-09-05,41040.0,76.0,8.823,39.6,14.178,9.393,0.10146104527921787,0.010416666666666668,0.004578471292846623,0.00034172456999658277,1.0,0.19109222187543856,0.2571428571428572,0.8333333333333334,0.74,0.10124526258798051,145922010.0
949,Russia,2022-09-06,38023.0,94.0,8.823,39.6,14.178,9.393,0.10146104527921787,0.010416666666666668,0.004578471292846623,0.00034172456999658277,1.0,0.19109222187543856,0.2571428571428572,0.8333333333333334,0.74,0.10124526258798051,145922010.0
950,Russia,2022-09-07,47354.0,92.0,8.823,39.6,14.178,9.393,0.10146104527921787,0.010416666666666668,0.004578471292846623,0.00034172456999658277,1.0,0.19109222187543856,0.2571428571428572,0.8333333333333334,0.74,0.10124526258798051,145922010.0
951,Russia,2022-09-08,49884.0,93.0,8.823,39.6,14.178,9.393,0.10146104527921787,0.010416666666666668,0.004578471292846623,0.00034172456999658277,1.0,0.19109222187543856,0.2571428571428572,0.8333333333333334,0.74,0.10124526258798051,145922010.0
952,Russia,2022-09-09,51420.0,95.0,8.823,39.6,14.178,9.393,0.10146104527921787,0.010416666666666668,0.004578471292846623,0.00034172456999658277,1.0,0.19109222187543856,0.2571428571428572,0.8333333333333334,0.74,0.10124526258798051,145922010.0
953,Russia,2022-09-10,52708.0,94.0,8.823,39.6,14.178,9.393,0.10146104527921787,0.010416666666666668,0.004578471292846623,0.00034172456999658277,1.0,0.19109222187543856,0.2571428571428572,0.8333333333333334,0.74,0.10124526258798051,145922010.0
954,Russia,2022-09-11,52155.0,86.0,8.823,39.6,14.178,9.393,0.10146104527921787,0.010416666666666668,0.004578471292846623,0.00034172456999658277,1.0,0.19109222187543856,0.2571428571428572,0.8333333333333334,0.74,0.10124526258798051,145922010.0
955,Russia,2022-09-12,45911.0,81.0,8.823,39.6,14.178,9.393,0.10146104527921787,0.010416666666666668,0.004578471292846623,0.00034172456999658277,1.0,0.19109222187543856,0.2571428571428572,0.8333333333333334,0.74,0.10124526258798051,145922010.0
956,Russia,2022-09-13,43542.0,99.0,8.823,39.6,14.178,9.393,0.10146104527921787,0.010416666666666668,0.004578471292846623,0.00034172456999658277,1.0,0.19109222187543856,0.2571428571428572,0.8333333333333334,0.74,0.10124526258798051,145922010.0
957,Russia,2022-09-14,51236.0,95.0,8.823,39.6,14.178,9.393,0.10146104527921787,0.010416666666666668,0.004578471292846623,0.00034172456999658277,1.0,0.19109222187543856,0.2571428571428572,0.8333333333333334,0.74,0.10124526258798051,145922010.0
958,Russia,2022-09-15,55427.0,98.0,8.823,39.6,14.178,9.393,0.10146104527921787,0.010416666666666668,0.004578471292846623,0.00034172456999658277,1.0,0.19109222187543856,0.2571428571428572,0.8333333333333334,0.74,0.10124526258798051,145922010.0
959,Russia,2022-09-16,58393.0,108.0,8.823,39.6,14.178,9.393,0.10146104527921787,0.010416666666666668,0.004578471292846623,0.00034172456999658277,1.0,0.19109222187543856,0.2571428571428572,0.8333333333333334,0.74,0.10124526258798051,145922010.0
960,Russia,2022-09-17,57759.0,105.0,8.823,39.6,14.178,9.393,0.10146104527921787,0.010416666666666668,0.004578471292846623,0.00034172456999658277,1.0,0.19109222187543856,0.2571428571428572,0.8333333333333334,0.74,0.10124526258798051,145922010.0
961,Russia,2022-09-18,56148.0,100.0,8.823,39.6,14.178,9.393,0.10146104527921787,0.010416666666666668,0.004578471292846623,0.00034172456999658277,1.0,0.19109222187543856,0.2571428571428572,0.8333333333333334,0.74,0.10124526258798051,145922010.0
962,Russia,2022-09-19,49037.0,90.0,8.823,39.6,14.178,9.393,0.10146104527921787,0.010416666666666668,0.004578471292846623,0.00034172456999658277,1.0,0.19109222187543856,0.2571428571428572,0.8333333333333334,0.74,0.10124526258798051,145922010.0
963,Russia,2022-09-20,46072.0,95.0,8.823,39.6,14.178,9.393,0.10146104527921787,0.010416666666666668,0.004578471292846623,0.00034172456999658277,1.0,0.19109222187543856,0.2571428571428572,0.8333333333333334,0.74,0.10124526258798051,145922010.0
964,Russia,2022-09-21,52633.0,105.0,8.823,39.6,14.178,9.393,0.10146104527921787,0.010416666666666668,0.004578471292846623,0.00034172456999658277,1.0,0.19109222187543856,0.2571428571428572,0.8333333333333334,0.74,0.10124526258798051,145922010.0
965,Russia,2022-09-22,52959.0,104.0,8.823,39.6,14.178,9.393,0.10146104527921787,0.010416666666666668,0.004578471292846623,0.00034172456999658277,1.0,0.19109222187543856,0.2571428571428572,0.8333333333333334,0.74,0.10124526258798051,145922010.0
966,Russia,2022-09-23,52938.0,102.0,8.823,39.6,14.178,9.393,0.10146104527921787,0.010416666666666668,0.004578471292846623,0.00034172456999658277,1.0,0.19109222187543856,0.2571428571428572,0.8333333333333334,0.74,0.10124526258798051,145922010.0
967,Russia,2022-09-24,50741.0,110.0,8.823,39.6,14.178,9.393,0.10146104527921787,0.010416666666666668,0.004578471292846623,0.00034172456999658277,1.0,0.19109222187543856,0.2571428571428572,0.8333333333333334,0.74,0.10124526258798051,145922010.0
968,Russia,2022-09-25,46223.0,95.0,8.823,39.6,14.178,9.393,0.10146104527921787,0.010416666666666668,0.004578471292846623,0.00034172456999658277,1.0,0.19109222187543856,0.2571428571428572,0.8333333333333334,0.74,0.10124526258798051,145922010.0
969,Russia,2022-09-26,39868.0,84.0,8.823,39.6,14.178,9.393,0.10146104527921787,0.010416666666666668,0.004578471292846623,0.00034172456999658277,1.0,0.19109222187543856,0.2571428571428572,0.8333333333333334,0.74,0.10124526258798051,145922010.0
970,Russia,2022-09-27,36356.0,101.0,8.823,39.6,14.178,9.393,0.10146104527921787,0.010416666666666668,0.004578471292846623,0.00034172456999658277,1.0,0.19109222187543856,0.2571428571428572,0.8333333333333334,0.74,0.10124526258798051,145922010.0
971,Russia,2022-09-28,39730.0,107.0,8.823,39.6,14.178,9.393,0.10146104527921787,0.010416666666666668,0.004578471292846623,0.00034172456999658277,1.0,0.19109222187543856,0.2571428571428572,0.8333333333333334,0.74,0.10124526258798051,145922010.0
972,Russia,2022-09-29,38389.0,107.0,8.823,39.6,14.178,9.393,0.10146104527921787,0.010416666666666668,0.004578471292846623,0.00034172456999658277,1.0,0.19109222187543856,0.2571428571428572,0.8333333333333334,0.74,0.10124526258798051,145922010.0
973,Russia,2022-09-30,36875.0,104.0,8.823,39.6,14.178,9.393,0.10146104527921787,0.010416666666666668,0.004578471292846623,0.00034172456999658277,1.0,0.19109222187543856,0.2571428571428572,0.8333333333333334,0.74,0.10124526258798051,145922010.0
974,Russia,2022-10-01,32875.0,101.0,8.823,39.6,14.178,9.393,0.10146104527921787,0.010416666666666668,0.004578471292846623,0.00034172456999658277,1.0,0.19109222187543856,0.2571428571428572,0.8333333333333334,0.74,0.10124526258798051,145922010.0
975,Russia,2022-10-02,29776.0,96.0,8.823,39.6,14.178,9.393,0.10146104527921787,0.010416666666666668,0.004578471292846623,0.00034172456999658277,1.0,0.19109222187543856,0.2571428571428572,0.8333333333333334,0.74,0.10124526258798051,145922010.0
976,Russia,2022-10-03,23939.0,90.0,8.823,39.6,14.178,9.393,0.10146104527921787,0.010416666666666668,0.004578471292846623,0.00034172456999658277,1.0,0.19109222187543856,0.2571428571428572,0.8333333333333334,0.74,0.10124526258798051,145922010.0
977,Russia,2022-10-04,21503.0,104.0,8.823,39.6,14.178,9.393,0.10146104527921787,0.010416666666666668,0.004578471292846623,0.00034172456999658277,1.0,0.19109222187543856,0.2571428571428572,0.8333333333333334,0.74,0.10124526258798051,145922010.0
978,Russia,2022-10-05,23599.0,112.0,8.823,39.6,14.178,9.393,0.10146104527921787,0.010416666666666668,0.004578471292846623,0.00034172456999658277,1.0,0.19109222187543856,0.2571428571428572,0.8333333333333334,0.74,0.10124526258798051,145922010.0
979,Russia,2022-10-06,22864.0,107.0,8.823,39.6,14.178,9.393,0.10146104527921787,0.010416666666666668,0.004578471292846623,0.00034172456999658277,1.0,0.19109222187543856,0.2571428571428572,0.8333333333333334,0.74,0.10124526258798051,145922010.0
980,Russia,2022-10-07,22057.0,103.0,8.823,39.6,14.178,9.393,0.10146104527921787,0.010416666666666668,0.004578471292846623,0.00034172456999658277,1.0,0.19109222187543856,0.2571428571428572,0.8333333333333334,0.74,0.10124526258798051,145922010.0
981,Russia,2022-10-08,20376.0,104.0,8.823,39.6,14.178,9.393,0.10146104527921787,0.010416666666666668,0.004578471292846623,0.00034172456999658277,1.0,0.19109222187543856,0.2571428571428572,0.8333333333333334,0.74,0.10124526258798051,145922010.0
982,Russia,2022-10-09,18674.0,101.0,8.823,39.6,14.178,9.393,0.10146104527921787,0.010416666666666668,0.004578471292846623,0.00034172456999658277,1.0,0.19109222187543856,0.2571428571428572,0.8333333333333334,0.74,0.10124526258798051,145922010.0
983,Russia,2022-10-10,15501.0,95.0,8.823,39.6,14.178,9.393,0.10146104527921787,0.010416666666666668,0.004578471292846623,0.00034172456999658277,1.0,0.19109222187543856,0.2571428571428572,0.8333333333333334,0.74,0.10124526258798051,145922010.0
984,Russia,2022-10-11,13817.0,105.0,8.823,39.6,14.178,9.393,0.10146104527921787,0.010416666666666668,0.004578471292846623,0.00034172456999658277,1.0,0.19109222187543856,0.2571428571428572,0.8333333333333334,0.74,0.10124526258798051,145922010.0
985,Russia,2022-10-12,15499.0,102.0,8.823,39.6,14.178,9.393,0.10146104527921787,0.010416666666666668,0.004578471292846623,0.00034172456999658277,1.0,0.19109222187543856,0.2571428571428572,0.8333333333333334,0.74,0.10124526258798051,145922010.0
986,Russia,2022-10-13,15374.0,99.0,8.823,39.6,14.178,9.393,0.10146104527921787,0.010416666666666668,0.004578471292846623,0.00034172456999658277,1.0,0.19109222187543856,0.2571428571428572,0.8333333333333334,0.74,0.10124526258798051,145922010.0
987,Russia,2022-10-14,14579.0,97.0,8.823,39.6,14.178,9.393,0.10146104527921787,0.010416666666666668,0.004578471292846623,0.00034172456999658277,1.0,0.19109222187543856,0.2571428571428572,0.8333333333333334,0.74,0.10124526258798051,145922010.0
988,Russia,2022-10-15,13257.0,96.0,8.823,39.6,14.178,9.393,0.10146104527921787,0.010416666666666668,0.004578471292846623,0.00034172456999658277,1.0,0.19109222187543856,0.2571428571428572,0.8333333333333334,0.74,0.10124526258798051,145922010.0
989,Russia,2022-10-16,12270.0,93.0,8.823,39.6,14.178,9.393,0.10146104527921787,0.010416666666666668,0.004578471292846623,0.00034172456999658277,1.0,0.19109222187543856,0.2571428571428572,0.8333333333333334,0.74,0.10124526258798051,145922010.0
990,Russia,2022-10-17,10293.0,91.0,8.823,39.6,14.178,9.393,0.10146104527921787,0.010416666666666668,0.004578471292846623,0.00034172456999658277,1.0,0.19109222187543856,0.2571428571428572,0.8333333333333334,0.74,0.10124526258798051,145922010.0
991,Russia,2022-10-18,9406.0,90.0,8.823,39.6,14.178,9.393,0.10146104527921787,0.010416666666666668,0.004578471292846623,0.00034172456999658277,1.0,0.19109222187543856,0.2571428571428572,0.8333333333333334,0.74,0.10124526258798051,145922010.0
992,Russia,2022-10-19,10595.0,90.0,8.823,39.6,14.178,9.393,0.10146104527921787,0.010416666666666668,0.004578471292846623,0.00034172456999658277,1.0,0.19109222187543856,0.2571428571428572,0.8333333333333334,0.74,0.10124526258798051,145922010.0
993,Russia,2022-10-20,9982.0,88.0,8.823,39.6,14.178,9.393,0.10146104527921787,0.010416666666666668,0.004578471292846623,0.00034172456999658277,1.0,0.19109222187543856,0.2571428571428572,0.8333333333333334,0.74,0.10124526258798051,145922010.0
994,Russia,2022-10-21,9666.0,92.0,8.823,39.6,14.178,9.393,0.10146104527921787,0.010416666666666668,0.004578471292846623,0.00034172456999658277,1.0,0.19109222187543856,0.2571428571428572,0.8333333333333334,0.74,0.10124526258798051,145922010.0
995,Russia,2022-10-22,9241.0,88.0,8.823,39.6,14.178,9.393,0.10146104527921787,0.010416666666666668,0.004578471292846623,0.00034172456999658277,1.0,0.19109222187543856,0.2571428571428572,0.8333333333333334,0.74,0.10124526258798051,145922010.0
996,Russia,2022-10-23,8587.0,88.0,8.823,39.6,14.178,9.393,0.10146104527921787,0.010416666666666668,0.004578471292846623,0.00034172456999658277,1.0,0.19109222187543856,0.2571428571428572,0.8333333333333334,0.74,0.10124526258798051,145922010.0
997,Russia,2022-10-24,7223.0,88.0,8.823,39.6,14.178,9.393,0.10146104527921787,0.010416666666666668,0.004578471292846623,0.00034172456999658277,1.0,0.19109222187543856,0.2571428571428572,0.8333333333333334,0.74,0.10124526258798051,145922010.0
998,Russia,2022-10-25,6511.0,83.0,8.823,39.6,14.178,9.393,0.10146104527921787,0.010416666666666668,0.004578471292846623,0.00034172456999658277,1.0,0.19109222187543856,0.2571428571428572,0.8333333333333334,0.74,0.10124526258798051,145922010.0
999,Russia,2022-10-26,7461.0,79.0,8.823,39.6,14.178,9.393,0.10146104527921787,0.010416666666666668,0.004578471292846623,0.00034172456999658277,1.0,0.19109222187543856,0.2571428571428572,0.8333333333333334,0.74,0.10124526258798051,145922010.0
1000,Russia,2022-10-27,7789.0,82.0,8.823,39.6,14.178,9.393,0.10146104527921787,0.010416666666666668,0.004578471292846623,0.00034172456999658277,1.0,0.19109222187543856,0.2571428571428572,0.8333333333333334,0.74,0.10124526258798051,145922010.0
1001,Russia,2022-10-28,7517.0,77.0,8.823,39.6,14.178,9.393,0.10146104527921787,0.010416666666666668,0.004578471292846623,0.00034172456999658277,1.0,0.19109222187543856,0.2571428571428572,0.8333333333333334,0.74,0.10124526258798051,145922010.0
1002,Russia,2022-10-29,7037.0,78.0,8.823,39.6,14.178,9.393,0.10146104527921787,0.010416666666666668,0.004578471292846623,0.00034172456999658277,1.0,0.19109222187543856,0.2571428571428572,0.8333333333333334,0.74,0.10124526258798051,145922010.0
1003,Russia,2022-10-30,6721.0,74.0,8.823,39.6,14.178,9.393,0.10146104527921787,0.010416666666666668,0.004578471292846623,0.00034172456999658277,1.0,0.19109222187543856,0.2571428571428572,0.8333333333333334,0.74,0.10124526258798051,145922010.0
1004,Russia,2022-10-31,5721.0,71.0,8.823,39.6,14.178,9.393,0.10146104527921787,0.010416666666666668,0.004578471292846623,0.00034172456999658277,1.0,0.19109222187543856,0.2571428571428572,0.8333333333333334,0.74,0.10124526258798051,145922010.0
1005,Russia,2022-11-01,5191.0,70.0,8.823,39.6,14.178,9.393,0.10146104527921787,0.010416666666666668,0.004578471292846623,0.00034172456999658277,1.0,0.19109222187543856,0.2571428571428572,0.8333333333333334,0.74,0.10124526258798051,145922010.0
1006,Russia,2022-11-02,6337.0,66.0,8.823,39.6,14.178,9.393,0.10146104527921787,0.010416666666666668,0.004578471292846623,0.00034172456999658277,1.0,0.19109222187543856,0.2571428571428572,0.8333333333333334,0.74,0.10124526258798051,145922010.0
1007,Russia,2022-11-03,6321.0,72.0,8.823,39.6,14.178,9.393,0.10146104527921787,0.010416666666666668,0.004578471292846623,0.00034172456999658277,1.0,0.19109222187543856,0.2571428571428572,0.8333333333333334,0.74,0.10124526258798051,145922010.0
1008,Russia,2022-11-04,6091.0,68.0,8.823,39.6,14.178,9.393,0.10146104527921787,0.010416666666666668,0.004578471292846623,0.00034172456999658277,1.0,0.19109222187543856,0.2571428571428572,0.8333333333333334,0.74,0.10124526258798051,145922010.0
1009,Russia,2022-11-05,5551.0,66.0,8.823,39.6,14.178,9.393,0.10146104527921787,0.010416666666666668,0.004578471292846623,0.00034172456999658277,1.0,0.19109222187543856,0.2571428571428572,0.8333333333333334,0.74,0.10124526258798051,145922010.0
1010,Russia,2022-11-06,4523.0,61.0,8.823,39.6,14.178,9.393,0.10146104527921787,0.010416666666666668,0.004578471292846623,0.00034172456999658277,1.0,0.19109222187543856,0.2571428571428572,0.8333333333333334,0.74,0.10124526258798051,145922010.0
1011,Russia,2022-11-07,4389.0,60.0,8.823,39.6,14.178,9.393,0.10146104527921787,0.010416666666666668,0.004578471292846623,0.00034172456999658277,1.0,0.19109222187543856,0.2571428571428572,0.8333333333333334,0.74,0.10124526258798051,145922010.0
1012,Russia,2022-11-08,4292.0,63.0,8.823,39.6,14.178,9.393,0.10146104527921787,0.010416666666666668,0.004578471292846623,0.00034172456999658277,1.0,0.19109222187543856,0.2571428571428572,0.8333333333333334,0.74,0.10124526258798051,145922010.0
1013,Russia,2022-11-09,5299.0,62.0,8.823,39.6,14.178,9.393,0.10146104527921787,0.010416666666666668,0.004578471292846623,0.00034172456999658277,1.0,0.19109222187543856,0.2571428571428572,0.8333333333333334,0.74,0.10124526258798051,145922010.0
1014,Russia,2022-11-10,5550.0,59.0,8.823,39.6,14.178,9.393,0.10146104527921787,0.010416666666666668,0.004578471292846623,0.00034172456999658277,1.0,0.19109222187543856,0.2571428571428572,0.8333333333333334,0.74,0.10124526258798051,145922010.0
1015,Russia,2022-11-11,5489.0,65.0,8.823,39.6,14.178,9.393,0.10146104527921787,0.010416666666666668,0.004578471292846623,0.00034172456999658277,1.0,0.19109222187543856,0.2571428571428572,0.8333333333333334,0.74,0.10124526258798051,145922010.0
1016,Russia,2022-11-12,5448.0,61.0,8.823,39.6,14.178,9.393,0.10146104527921787,0.010416666666666668,0.004578471292846623,0.00034172456999658277,1.0,0.19109222187543856,0.2571428571428572,0.8333333333333334,0.74,0.10124526258798051,145922010.0
1017,Russia,2022-11-13,5303.0,59.0,8.823,39.6,14.178,9.393,0.10146104527921787,0.010416666666666668,0.004578471292846623,0.00034172456999658277,1.0,0.19109222187543856,0.2571428571428572,0.8333333333333334,0.74,0.10124526258798051,145922010.0
1018,Russia,2022-11-14,4519.0,61.0,8.823,39.6,14.178,9.393,0.10146104527921787,0.010416666666666668,0.004578471292846623,0.00034172456999658277,1.0,0.19109222187543856,0.2571428571428572,0.8333333333333334,0.74,0.10124526258798051,145922010.0
1019,Russia,2022-11-15,4400.0,63.0,8.823,39.6,14.178,9.393,0.10146104527921787,0.010416666666666668,0.004578471292846623,0.00034172456999658277,1.0,0.19109222187543856,0.2571428571428572,0.8333333333333334,0.74,0.10124526258798051,145922010.0
1020,Russia,2022-11-16,5334.0,62.0,8.823,39.6,14.178,9.393,0.10146104527921787,0.010416666666666668,0.004578471292846623,0.00034172456999658277,1.0,0.19109222187543856,0.2571428571428572,0.8333333333333334,0.74,0.10124526258798051,145922010.0
1021,Russia,2022-11-17,5644.0,61.0,8.823,39.6,14.178,9.393,0.10146104527921787,0.010416666666666668,0.004578471292846623,0.00034172456999658277,1.0,0.19109222187543856,0.2571428571428572,0.8333333333333334,0.74,0.10124526258798051,145922010.0
1022,Russia,2022-11-18,5488.0,60.0,8.823,39.6,14.178,9.393,0.10146104527921787,0.010416666666666668,0.004578471292846623,0.00034172456999658277,1.0,0.19109222187543856,0.2571428571428572,0.8333333333333334,0.74,0.10124526258798051,145922010.0
1023,Russia,2022-11-19,5387.0,62.0,8.823,39.6,14.178,9.393,0.10146104527921787,0.010416666666666668,0.004578471292846623,0.00034172456999658277,1.0,0.19109222187543856,0.2571428571428572,0.8333333333333334,0.74,0.10124526258798051,145922010.0
1024,Russia,2022-11-20,5153.0,59.0,8.823,39.6,14.178,9.393,0.10146104527921787,0.010416666666666668,0.004578471292846623,0.00034172456999658277,1.0,0.19109222187543856,0.2571428571428572,0.8333333333333334,0.74,0.10124526258798051,145922010.0
1025,Russia,2022-11-21,4621.0,55.0,8.823,39.6,14.178,9.393,0.10146104527921787,0.010416666666666668,0.004578471292846623,0.00034172456999658277,1.0,0.19109222187543856,0.2571428571428572,0.8333333333333334,0.74,0.10124526258798051,145922010.0
1026,Russia,2022-11-22,4412.0,59.0,8.823,39.6,14.178,9.393,0.10146104527921787,0.010416666666666668,0.004578471292846623,0.00034172456999658277,1.0,0.19109222187543856,0.2571428571428572,0.8333333333333334,0.74,0.10124526258798051,145922010.0
1027,Russia,2022-11-23,5591.0,52.0,8.823,39.6,14.178,9.393,0.10146104527921787,0.010416666666666668,0.004578471292846623,0.00034172456999658277,1.0,0.19109222187543856,0.2571428571428572,0.8333333333333334,0.74,0.10124526258798051,145922010.0
1028,Russia,2022-11-24,5742.0,57.0,8.823,39.6,14.178,9.393,0.10146104527921787,0.010416666666666668,0.004578471292846623,0.00034172456999658277,1.0,0.19109222187543856,0.2571428571428572,0.8333333333333334,0.74,0.10124526258798051,145922010.0
1029,Russia,2022-11-25,5936.0,56.0,8.823,39.6,14.178,9.393,0.10146104527921787,0.010416666666666668,0.004578471292846623,0.00034172456999658277,1.0,0.19109222187543856,0.2571428571428572,0.8333333333333334,0.74,0.10124526258798051,145922010.0
1030,Russia,2022-11-26,6026.0,51.0,8.823,39.6,14.178,9.393,0.10146104527921787,0.010416666666666668,0.004578471292846623,0.00034172456999658277,1.0,0.19109222187543856,0.2571428571428572,0.8333333333333334,0.74,0.10124526258798051,145922010.0
1031,Russia,2022-11-27,5866.0,51.0,8.823,39.6,14.178,9.393,0.10146104527921787,0.010416666666666668,0.004578471292846623,0.00034172456999658277,1.0,0.19109222187543856,0.2571428571428572,0.8333333333333334,0.74,0.10124526258798051,145922010.0
1032,Russia,2022-11-28,4980.0,50.0,8.823,39.6,14.178,9.393,0.10146104527921787,0.010416666666666668,0.004578471292846623,0.00034172456999658277,1.0,0.19109222187543856,0.2571428571428572,0.8333333333333334,0.74,0.10124526258798051,145922010.0
1033,Russia,2022-11-29,4892.0,51.0,8.823,39.6,14.178,9.393,0.10146104527921787,0.010416666666666668,0.004578471292846623,0.00034172456999658277,1.0,0.19109222187543856,0.2571428571428572,0.8333333333333334,0.74,0.10124526258798051,145922010.0
1034,Russia,2022-11-30,6043.0,59.0,8.823,39.6,14.178,9.393,0.10146104527921787,0.010416666666666668,0.004578471292846623,0.00034172456999658277,1.0,0.19109222187543856,0.2571428571428572,0.8333333333333334,0.74,0.10124526258798051,145922010.0
1035,Russia,2022-12-01,6738.0,56.0,8.823,39.6,14.178,9.393,0.10146104527921787,0.010416666666666668,0.004578471292846623,0.00034172456999658277,1.0,0.19109222187543856,0.2571428571428572,0.8333333333333334,0.74,0.10124526258798051,145922010.0
1036,Russia,2022-12-02,6669.0,56.0,8.823,39.6,14.178,9.393,0.10146104527921787,0.010416666666666668,0.004578471292846623,0.00034172456999658277,1.0,0.19109222187543856,0.2571428571428572,0.8333333333333334,0.74,0.10124526258798051,145922010.0
1037,Russia,2022-12-03,6614.0,57.0,8.823,39.6,14.178,9.393,0.10146104527921787,0.010416666666666668,0.004578471292846623,0.00034172456999658277,1.0,0.19109222187543856,0.2571428571428572,0.8333333333333334,0.74,0.10124526258798051,145922010.0
1038,Russia,2022-12-04,6550.0,55.0,8.823,39.6,14.178,9.393,0.10146104527921787,0.010416666666666668,0.004578471292846623,0.00034172456999658277,1.0,0.19109222187543856,0.2571428571428572,0.8333333333333334,0.74,0.10124526258798051,145922010.0
1039,Russia,2022-12-05,5616.0,52.0,8.823,39.6,14.178,9.393,0.10146104527921787,0.010416666666666668,0.004578471292846623,0.00034172456999658277,1.0,0.19109222187543856,0.2571428571428572,0.8333333333333334,0.74,0.10124526258798051,145922010.0
1040,Russia,2022-12-06,5505.0,58.0,8.823,39.6,14.178,9.393,0.10146104527921787,0.010416666666666668,0.004578471292846623,0.00034172456999658277,1.0,0.19109222187543856,0.2571428571428572,0.8333333333333334,0.74,0.10124526258798051,145922010.0
1041,Russia,2022-12-07,6900.0,57.0,8.823,39.6,14.178,9.393,0.10146104527921787,0.010416666666666668,0.004578471292846623,0.00034172456999658277,1.0,0.19109222187543856,0.2571428571428572,0.8333333333333334,0.74,0.10124526258798051,145922010.0
1042,Russia,2022-12-08,7380.0,52.0,8.823,39.6,14.178,9.393,0.10146104527921787,0.010416666666666668,0.004578471292846623,0.00034172456999658277,1.0,0.19109222187543856,0.2571428571428572,0.8333333333333334,0.74,0.10124526258798051,145922010.0
1043,Russia,2022-12-09,7394.0,51.0,8.823,39.6,14.178,9.393,0.10146104527921787,0.010416666666666668,0.004578471292846623,0.00034172456999658277,1.0,0.19109222187543856,0.2571428571428572,0.8333333333333334,0.74,0.10124526258798051,145922010.0
1044,Russia,2022-12-10,7354.0,53.0,8.823,39.6,14.178,9.393,0.10146104527921787,0.010416666666666668,0.004578471292846623,0.00034172456999658277,1.0,0.19109222187543856,0.2571428571428572,0.8333333333333334,0.74,0.10124526258798051,145922010.0
1045,Russia,2022-12-11,7039.0,50.0,8.823,39.6,14.178,9.393,0.10146104527921787,0.010416666666666668,0.004578471292846623,0.00034172456999658277,1.0,0.19109222187543856,0.2571428571428572,0.8333333333333334,0.74,0.10124526258798051,145922010.0
1046,Russia,2022-12-12,6336.0,49.0,8.823,39.6,14.178,9.393,0.10146104527921787,0.010416666666666668,0.004578471292846623,0.00034172456999658277,1.0,0.19109222187543856,0.2571428571428572,0.8333333333333334,0.74,0.10124526258798051,145922010.0
1047,Russia,2022-12-13,5918.0,58.0,8.823,39.6,14.178,9.393,0.10146104527921787,0.010416666666666668,0.004578471292846623,0.00034172456999658277,1.0,0.19109222187543856,0.2571428571428572,0.8333333333333334,0.74,0.10124526258798051,145922010.0
1048,Russia,2022-12-14,7485.0,54.0,8.823,39.6,14.178,9.393,0.10146104527921787,0.010416666666666668,0.004578471292846623,0.00034172456999658277,1.0,0.19109222187543856,0.2571428571428572,0.8333333333333334,0.74,0.10124526258798051,145922010.0
1049,Russia,2022-12-15,7772.0,55.0,8.823,39.6,14.178,9.393,0.10146104527921787,0.010416666666666668,0.004578471292846623,0.00034172456999658277,1.0,0.19109222187543856,0.2571428571428572,0.8333333333333334,0.74,0.10124526258798051,145922010.0
1050,Russia,2022-12-16,8376.0,58.0,8.823,39.6,14.178,9.393,0.10146104527921787,0.010416666666666668,0.004578471292846623,0.00034172456999658277,1.0,0.19109222187543856,0.2571428571428572,0.8333333333333334,0.74,0.10124526258798051,145922010.0
1051,Russia,2022-12-17,7464.0,58.0,8.823,39.6,14.178,9.393,0.10146104527921787,0.010416666666666668,0.004578471292846623,0.00034172456999658277,1.0,0.19109222187543856,0.2571428571428572,0.8333333333333334,0.74,0.10124526258798051,145922010.0
1052,Russia,2022-12-18,7170.0,51.0,8.823,39.6,14.178,9.393,0.10146104527921787,0.010416666666666668,0.004578471292846623,0.00034172456999658277,1.0,0.19109222187543856,0.2571428571428572,0.8333333333333334,0.74,0.10124526258798051,145922010.0
1053,Russia,2022-12-19,6290.0,50.0,8.823,39.6,14.178,9.393,0.10146104527921787,0.010416666666666668,0.004578471292846623,0.00034172456999658277,1.0,0.19109222187543856,0.2571428571428572,0.8333333333333334,0.74,0.10124526258798051,145922010.0
1054,Russia,2022-12-20,5939.0,56.0,8.823,39.6,14.178,9.393,0.10146104527921787,0.010416666666666668,0.004578471292846623,0.00034172456999658277,1.0,0.19109222187543856,0.2571428571428572,0.8333333333333334,0.74,0.10124526258798051,145922010.0
1055,Russia,2022-12-21,7403.0,59.0,8.823,39.6,14.178,9.393,0.10146104527921787,0.010416666666666668,0.004578471292846623,0.00034172456999658277,1.0,0.19109222187543856,0.2571428571428572,0.8333333333333334,0.74,0.10124526258798051,145922010.0
1056,Russia,2022-12-22,7409.0,54.0,8.823,39.6,14.178,9.393,0.10146104527921787,0.010416666666666668,0.004578471292846623,0.00034172456999658277,1.0,0.19109222187543856,0.2571428571428572,0.8333333333333334,0.74,0.10124526258798051,145922010.0
1057,Russia,2022-12-23,7357.0,56.0,8.823,39.6,14.178,9.393,0.10146104527921787,0.010416666666666668,0.004578471292846623,0.00034172456999658277,1.0,0.19109222187543856,0.2571428571428572,0.8333333333333334,0.74,0.10124526258798051,145922010.0
1058,Russia,2022-12-24,6922.0,53.0,8.823,39.6,14.178,9.393,0.10146104527921787,0.010416666666666668,0.004578471292846623,0.00034172456999658277,1.0,0.19109222187543856,0.2571428571428572,0.8333333333333334,0.74,0.10124526258798051,145922010.0
1059,Russia,2022-12-25,6550.0,52.0,8.823,39.6,14.178,9.393,0.10146104527921787,0.010416666666666668,0.004578471292846623,0.00034172456999658277,1.0,0.19109222187543856,0.2571428571428572,0.8333333333333334,0.74,0.10124526258798051,145922010.0
1060,Russia,2022-12-26,5281.0,50.0,8.823,39.6,14.178,9.393,0.10146104527921787,0.010416666666666668,0.004578471292846623,0.00034172456999658277,1.0,0.19109222187543856,0.2571428571428572,0.8333333333333334,0.74,0.10124526258798051,145922010.0
1061,Russia,2022-12-27,5143.0,58.0,8.823,39.6,14.178,9.393,0.10146104527921787,0.010416666666666668,0.004578471292846623,0.00034172456999658277,1.0,0.19109222187543856,0.2571428571428572,0.8333333333333334,0.74,0.10124526258798051,145922010.0
1062,Russia,2022-12-28,6139.0,55.0,8.823,39.6,14.178,9.393,0.10146104527921787,0.010416666666666668,0.004578471292846623,0.00034172456999658277,1.0,0.19109222187543856,0.2571428571428572,0.8333333333333334,0.74,0.10124526258798051,145922010.0
1063,Russia,2022-12-29,6109.0,56.0,8.823,39.6,14.178,9.393,0.10146104527921787,0.010416666666666668,0.004578471292846623,0.00034172456999658277,1.0,0.19109222187543856,0.2571428571428572,0.8333333333333334,0.74,0.10124526258798051,145922010.0
1064,Russia,2022-12-30,5748.0,50.0,8.823,39.6,14.178,9.393,0.10146104527921787,0.010416666666666668,0.004578471292846623,0.00034172456999658277,1.0,0.19109222187543856,0.2571428571428572,0.8333333333333334,0.74,0.10124526258798051,145922010.0
1065,Russia,2022-12-31,5469.0,57.0,8.823,39.6,14.178,9.393,0.10146104527921787,0.010416666666666668,0.004578471292846623,0.00034172456999658277,1.0,0.19109222187543856,0.2571428571428572,0.8333333333333334,0.74,0.10124526258798051,145922010.0
1066,Russia,2023-01-01,4996.0,50.0,8.823,39.6,14.178,9.393,0.10146104527921787,0.010416666666666668,0.004578471292846623,0.00034172456999658277,1.0,0.19109222187543856,0.2571428571428572,0.8333333333333334,0.74,0.10124526258798051,145922010.0
1067,Russia,2023-01-02,3851.0,42.0,8.823,39.6,14.178,9.393,0.10146104527921787,0.010416666666666668,0.004578471292846623,0.00034172456999658277,1.0,0.19109222187543856,0.2571428571428572,0.8333333333333334,0.74,0.10124526258798051,145922010.0
1068,Russia,2023-01-03,3040.0,46.0,8.823,39.6,14.178,9.393,0.10146104527921787,0.010416666666666668,0.004578471292846623,0.00034172456999658277,1.0,0.19109222187543856,0.2571428571428572,0.8333333333333334,0.74,0.10124526258798051,145922010.0
1069,Russia,2023-01-04,3299.0,44.0,8.823,39.6,14.178,9.393,0.10146104527921787,0.010416666666666668,0.004578471292846623,0.00034172456999658277,1.0,0.19109222187543856,0.2571428571428572,0.8333333333333334,0.74,0.10124526258798051,145922010.0
1070,Russia,2023-01-05,3241.0,46.0,8.823,39.6,14.178,9.393,0.10146104527921787,0.010416666666666668,0.004578471292846623,0.00034172456999658277,1.0,0.19109222187543856,0.2571428571428572,0.8333333333333334,0.74,0.10124526258798051,145922010.0
1071,Russia,2023-01-06,3429.0,40.0,8.823,39.6,14.178,9.393,0.10146104527921787,0.010416666666666668,0.004578471292846623,0.00034172456999658277,1.0,0.19109222187543856,0.2571428571428572,0.8333333333333334,0.74,0.10124526258798051,145922010.0
1072,Russia,2023-01-07,3284.0,48.0,8.823,39.6,14.178,9.393,0.10146104527921787,0.010416666666666668,0.004578471292846623,0.00034172456999658277,1.0,0.19109222187543856,0.2571428571428572,0.8333333333333334,0.74,0.10124526258798051,145922010.0
1073,Russia,2023-01-08,3090.0,45.0,8.823,39.6,14.178,9.393,0.10146104527921787,0.010416666666666668,0.004578471292846623,0.00034172456999658277,1.0,0.19109222187543856,0.2571428571428572,0.8333333333333334,0.74,0.10124526258798051,145922010.0
1074,Russia,2023-01-09,2725.0,41.0,8.823,39.6,14.178,9.393,0.10146104527921787,0.010416666666666668,0.004578471292846623,0.00034172456999658277,1.0,0.19109222187543856,0.2571428571428572,0.8333333333333334,0.74,0.10124526258798051,145922010.0
1075,Russia,2023-01-10,3010.0,46.0,8.823,39.6,14.178,9.393,0.10146104527921787,0.010416666666666668,0.004578471292846623,0.00034172456999658277,1.0,0.19109222187543856,0.2571428571428572,0.8333333333333334,0.74,0.10124526258798051,145922010.0
1076,Russia,2023-01-11,4182.0,46.0,8.823,39.6,14.178,9.393,0.10146104527921787,0.010416666666666668,0.004578471292846623,0.00034172456999658277,1.0,0.19109222187543856,0.2571428571428572,0.8333333333333334,0.74,0.10124526258798051,145922010.0
1077,Russia,2023-01-12,4632.0,46.0,8.823,39.6,14.178,9.393,0.10146104527921787,0.010416666666666668,0.004578471292846623,0.00034172456999658277,1.0,0.19109222187543856,0.2571428571428572,0.8333333333333334,0.74,0.10124526258798051,145922010.0
1078,Russia,2023-01-13,5039.0,46.0,8.823,39.6,14.178,9.393,0.10146104527921787,0.010416666666666668,0.004578471292846623,0.00034172456999658277,1.0,0.19109222187543856,0.2571428571428572,0.8333333333333334,0.74,0.10124526258798051,145922010.0
1079,Russia,2023-01-14,5042.0,44.0,8.823,39.6,14.178,9.393,0.10146104527921787,0.010416666666666668,0.004578471292846623,0.00034172456999658277,1.0,0.19109222187543856,0.2571428571428572,0.8333333333333334,0.74,0.10124526258798051,145922010.0
1080,Russia,2023-01-15,4736.0,41.0,8.823,39.6,14.178,9.393,0.10146104527921787,0.010416666666666668,0.004578471292846623,0.00034172456999658277,1.0,0.19109222187543856,0.2571428571428572,0.8333333333333334,0.74,0.10124526258798051,145922010.0
1081,Russia,2023-01-16,4253.0,38.0,8.823,39.6,14.178,9.393,0.10146104527921787,0.010416666666666668,0.004578471292846623,0.00034172456999658277,1.0,0.19109222187543856,0.2571428571428572,0.8333333333333334,0.74,0.10124526258798051,145922010.0
1082,Russia,2023-01-17,3990.0,44.0,8.823,39.6,14.178,9.393,0.10146104527921787,0.010416666666666668,0.004578471292846623,0.00034172456999658277,1.0,0.19109222187543856,0.2571428571428572,0.8333333333333334,0.74,0.10124526258798051,145922010.0
1083,Russia,2023-01-18,5442.0,46.0,8.823,39.6,14.178,9.393,0.10146104527921787,0.010416666666666668,0.004578471292846623,0.00034172456999658277,1.0,0.19109222187543856,0.2571428571428572,0.8333333333333334,0.74,0.10124526258798051,145922010.0
1084,Russia,2023-01-19,5863.0,38.0,8.823,39.6,14.178,9.393,0.10146104527921787,0.010416666666666668,0.004578471292846623,0.00034172456999658277,1.0,0.19109222187543856,0.2571428571428572,0.8333333333333334,0.74,0.10124526258798051,145922010.0
1085,Russia,2023-01-20,6031.0,40.0,8.823,39.6,14.178,9.393,0.10146104527921787,0.010416666666666668,0.004578471292846623,0.00034172456999658277,1.0,0.19109222187543856,0.2571428571428572,0.8333333333333334,0.74,0.10124526258798051,145922010.0
1086,Russia,2023-01-21,5947.0,42.0,8.823,39.6,14.178,9.393,0.10146104527921787,0.010416666666666668,0.004578471292846623,0.00034172456999658277,1.0,0.19109222187543856,0.2571428571428572,0.8333333333333334,0.74,0.10124526258798051,145922010.0
1087,Russia,2023-01-22,5691.0,40.0,8.823,39.6,14.178,9.393,0.10146104527921787,0.010416666666666668,0.004578471292846623,0.00034172456999658277,1.0,0.19109222187543856,0.2571428571428572,0.8333333333333334,0.74,0.10124526258798051,145922010.0
1088,Russia,2023-01-23,4680.0,41.0,8.823,39.6,14.178,9.393,0.10146104527921787,0.010416666666666668,0.004578471292846623,0.00034172456999658277,1.0,0.19109222187543856,0.2571428571428572,0.8333333333333334,0.74,0.10124526258798051,145922010.0
1089,Russia,2023-01-24,4664.0,40.0,8.823,39.6,14.178,9.393,0.10146104527921787,0.010416666666666668,0.004578471292846623,0.00034172456999658277,1.0,0.19109222187543856,0.2571428571428572,0.8333333333333334,0.74,0.10124526258798051,145922010.0
1090,Russia,2023-01-25,6404.0,43.0,8.823,39.6,14.178,9.393,0.10146104527921787,0.010416666666666668,0.004578471292846623,0.00034172456999658277,1.0,0.19109222187543856,0.2571428571428572,0.8333333333333334,0.74,0.10124526258798051,145922010.0
1091,Russia,2023-01-26,7031.0,39.0,8.823,39.6,14.178,9.393,0.10146104527921787,0.010416666666666668,0.004578471292846623,0.00034172456999658277,1.0,0.19109222187543856,0.2571428571428572,0.8333333333333334,0.74,0.10124526258798051,145922010.0
1092,Russia,2023-01-27,7112.0,41.0,8.823,39.6,14.178,9.393,0.10146104527921787,0.010416666666666668,0.004578471292846623,0.00034172456999658277,1.0,0.19109222187543856,0.2571428571428572,0.8333333333333334,0.74,0.10124526258798051,145922010.0
1093,Russia,2023-01-28,7171.0,40.0,8.823,39.6,14.178,9.393,0.10146104527921787,0.010416666666666668,0.004578471292846623,0.00034172456999658277,1.0,0.19109222187543856,0.2571428571428572,0.8333333333333334,0.74,0.10124526258798051,145922010.0
1094,Russia,2023-01-29,6883.0,39.0,8.823,39.6,14.178,9.393,0.10146104527921787,0.010416666666666668,0.004578471292846623,0.00034172456999658277,1.0,0.19109222187543856,0.2571428571428572,0.8333333333333334,0.74,0.10124526258798051,145922010.0
1095,Russia,2023-01-30,5938.0,38.0,8.823,39.6,14.178,9.393,0.10146104527921787,0.010416666666666668,0.004578471292846623,0.00034172456999658277,1.0,0.19109222187543856,0.2571428571428572,0.8333333333333334,0.74,0.10124526258798051,145922010.0
1096,Russia,2023-01-31,5741.0,44.0,8.823,39.6,14.178,9.393,0.10146104527921787,0.010416666666666668,0.004578471292846623,0.00034172456999658277,1.0,0.19109222187543856,0.2571428571428572,0.8333333333333334,0.74,0.10124526258798051,145922010.0
1097,Russia,2023-02-01,8462.0,40.0,8.823,39.6,14.178,9.393,0.10146104527921787,0.010416666666666668,0.004578471292846623,0.00034172456999658277,1.0,0.19109222187543856,0.2571428571428572,0.8333333333333334,0.74,0.10124526258798051,145922010.0
1098,Russia,2023-02-02,9228.0,40.0,8.823,39.6,14.178,9.393,0.10146104527921787,0.010416666666666668,0.004578471292846623,0.00034172456999658277,1.0,0.19109222187543856,0.2571428571428572,0.8333333333333334,0.74,0.10124526258798051,145922010.0
1099,Russia,2023-02-03,9619.0,46.0,8.823,39.6,14.178,9.393,0.10146104527921787,0.010416666666666668,0.004578471292846623,0.00034172456999658277,1.0,0.19109222187543856,0.2571428571428572,0.8333333333333334,0.74,0.10124526258798051,145922010.0
1100,Russia,2023-02-04,9600.0,40.0,8.823,39.6,14.178,9.393,0.10146104527921787,0.010416666666666668,0.004578471292846623,0.00034172456999658277,1.0,0.19109222187543856,0.2571428571428572,0.8333333333333334,0.74,0.10124526258798051,145922010.0
1101,Russia,2023-02-05,9355.0,45.0,8.823,39.6,14.178,9.393,0.10146104527921787,0.010416666666666668,0.004578471292846623,0.00034172456999658277,1.0,0.19109222187543856,0.2571428571428572,0.8333333333333334,0.74,0.10124526258798051,145922010.0
1102,Russia,2023-02-06,8023.0,40.0,8.823,39.6,14.178,9.393,0.10146104527921787,0.010416666666666668,0.004578471292846623,0.00034172456999658277,1.0,0.19109222187543856,0.2571428571428572,0.8333333333333334,0.74,0.10124526258798051,145922010.0
1103,Russia,2023-02-07,7535.0,42.0,8.823,39.6,14.178,9.393,0.10146104527921787,0.010416666666666668,0.004578471292846623,0.00034172456999658277,1.0,0.19109222187543856,0.2571428571428572,0.8333333333333334,0.74,0.10124526258798051,145922010.0
1104,Russia,2023-02-08,10327.0,43.0,8.823,39.6,14.178,9.393,0.10146104527921787,0.010416666666666668,0.004578471292846623,0.00034172456999658277,1.0,0.19109222187543856,0.2571428571428572,0.8333333333333334,0.74,0.10124526258798051,145922010.0
1105,Russia,2023-02-09,12208.0,40.0,8.823,39.6,14.178,9.393,0.10146104527921787,0.010416666666666668,0.004578471292846623,0.00034172456999658277,1.0,0.19109222187543856,0.2571428571428572,0.8333333333333334,0.74,0.10124526258798051,145922010.0
1106,Russia,2023-02-10,12293.0,37.0,8.823,39.6,14.178,9.393,0.10146104527921787,0.010416666666666668,0.004578471292846623,0.00034172456999658277,1.0,0.19109222187543856,0.2571428571428572,0.8333333333333334,0.74,0.10124526258798051,145922010.0
1107,Russia,2023-02-11,12709.0,34.0,8.823,39.6,14.178,9.393,0.10146104527921787,0.010416666666666668,0.004578471292846623,0.00034172456999658277,1.0,0.19109222187543856,0.2571428571428572,0.8333333333333334,0.74,0.10124526258798051,145922010.0
1108,Russia,2023-02-12,12231.0,30.0,8.823,39.6,14.178,9.393,0.10146104527921787,0.010416666666666668,0.004578471292846623,0.00034172456999658277,1.0,0.19109222187543856,0.2571428571428572,0.8333333333333334,0.74,0.10124526258798051,145922010.0
1109,Russia,2023-02-13,10940.0,30.0,8.823,39.6,14.178,9.393,0.10146104527921787,0.010416666666666668,0.004578471292846623,0.00034172456999658277,1.0,0.19109222187543856,0.2571428571428572,0.8333333333333334,0.74,0.10124526258798051,145922010.0
1110,Russia,2023-02-14,9761.0,34.0,8.823,39.6,14.178,9.393,0.10146104527921787,0.010416666666666668,0.004578471292846623,0.00034172456999658277,1.0,0.19109222187543856,0.2571428571428572,0.8333333333333334,0.74,0.10124526258798051,145922010.0
1111,Russia,2023-02-15,13369.0,35.0,8.823,39.6,14.178,9.393,0.10146104527921787,0.010416666666666668,0.004578471292846623,0.00034172456999658277,1.0,0.19109222187543856,0.2571428571428572,0.8333333333333334,0.74,0.10124526258798051,145922010.0
1112,Russia,2023-02-16,14664.0,36.0,8.823,39.6,14.178,9.393,0.10146104527921787,0.010416666666666668,0.004578471292846623,0.00034172456999658277,1.0,0.19109222187543856,0.2571428571428572,0.8333333333333334,0.74,0.10124526258798051,145922010.0
1113,Russia,2023-02-17,15238.0,37.0,8.823,39.6,14.178,9.393,0.10146104527921787,0.010416666666666668,0.004578471292846623,0.00034172456999658277,1.0,0.19109222187543856,0.2571428571428572,0.8333333333333334,0.74,0.10124526258798051,145922010.0
1114,Russia,2023-02-18,15137.0,35.0,8.823,39.6,14.178,9.393,0.10146104527921787,0.010416666666666668,0.004578471292846623,0.00034172456999658277,1.0,0.19109222187543856,0.2571428571428572,0.8333333333333334,0.74,0.10124526258798051,145922010.0
1115,Russia,2023-02-19,14076.0,35.0,8.823,39.6,14.178,9.393,0.10146104527921787,0.010416666666666668,0.004578471292846623,0.00034172456999658277,1.0,0.19109222187543856,0.2571428571428572,0.8333333333333334,0.74,0.10124526258798051,145922010.0
1116,Russia,2023-02-20,11969.0,29.0,8.823,39.6,14.178,9.393,0.10146104527921787,0.010416666666666668,0.004578471292846623,0.00034172456999658277,1.0,0.19109222187543856,0.2571428571428572,0.8333333333333334,0.74,0.10124526258798051,145922010.0
1117,Russia,2023-02-21,11172.0,38.0,8.823,39.6,14.178,9.393,0.10146104527921787,0.010416666666666668,0.004578471292846623,0.00034172456999658277,1.0,0.19109222187543856,0.2571428571428572,0.8333333333333334,0.74,0.10124526258798051,145922010.0
1118,Russia,2023-02-22,13909.0,33.0,8.823,39.6,14.178,9.393,0.10146104527921787,0.010416666666666668,0.004578471292846623,0.00034172456999658277,1.0,0.19109222187543856,0.2571428571428572,0.8333333333333334,0.74,0.10124526258798051,145922010.0
1119,Russia,2023-02-23,14639.0,37.0,8.823,39.6,14.178,9.393,0.10146104527921787,0.010416666666666668,0.004578471292846623,0.00034172456999658277,1.0,0.19109222187543856,0.2571428571428572,0.8333333333333334,0.74,0.10124526258798051,145922010.0
1120,Russia,2023-02-24,13697.0,31.0,8.823,39.6,14.178,9.393,0.10146104527921787,0.010416666666666668,0.004578471292846623,0.00034172456999658277,1.0,0.19109222187543856,0.2571428571428572,0.8333333333333334,0.74,0.10124526258798051,145922010.0
1121,Russia,2023-02-25,10949.0,33.0,8.823,39.6,14.178,9.393,0.10146104527921787,0.010416666666666668,0.004578471292846623,0.00034172456999658277,1.0,0.19109222187543856,0.2571428571428572,0.8333333333333334,0.74,0.10124526258798051,145922010.0
1122,Russia,2023-02-26,9520.0,30.0,8.823,39.6,14.178,9.393,0.10146104527921787,0.010416666666666668,0.004578471292846623,0.00034172456999658277,1.0,0.19109222187543856,0.2571428571428572,0.8333333333333334,0.74,0.10124526258798051,145922010.0
1123,Russia,2023-02-27,9477.0,28.0,8.823,39.6,14.178,9.393,0.10146104527921787,0.010416666666666668,0.004578471292846623,0.00034172456999658277,1.0,0.19109222187543856,0.2571428571428572,0.8333333333333334,0.74,0.10124526258798051,145922010.0
1124,Russia,2023-02-28,9660.0,35.0,8.823,39.6,14.178,9.393,0.10146104527921787,0.010416666666666668,0.004578471292846623,0.00034172456999658277,1.0,0.19109222187543856,0.2571428571428572,0.8333333333333334,0.74,0.10124526258798051,145922010.0
1125,Russia,2023-03-01,13379.0,37.0,8.823,39.6,14.178,9.393,0.10146104527921787,0.010416666666666668,0.004578471292846623,0.00034172456999658277,1.0,0.19109222187543856,0.2571428571428572,0.8333333333333334,0.74,0.10124526258798051,145922010.0
1126,Russia,2023-03-02,14012.0,38.0,8.823,39.6,14.178,9.393,0.10146104527921787,0.010416666666666668,0.004578471292846623,0.00034172456999658277,1.0,0.19109222187543856,0.2571428571428572,0.8333333333333334,0.74,0.10124526258798051,145922010.0
1127,Russia,2023-03-03,14375.0,39.0,8.823,39.6,14.178,9.393,0.10146104527921787,0.010416666666666668,0.004578471292846623,0.00034172456999658277,1.0,0.19109222187543856,0.2571428571428572,0.8333333333333334,0.74,0.10124526258798051,145922010.0
1128,Russia,2023-03-04,13921.0,38.0,8.823,39.6,14.178,9.393,0.10146104527921787,0.010416666666666668,0.004578471292846623,0.00034172456999658277,1.0,0.19109222187543856,0.2571428571428572,0.8333333333333334,0.74,0.10124526258798051,145922010.0
1129,Russia,2023-03-05,13418.0,42.0,8.823,39.6,14.178,9.393,0.10146104527921787,0.010416666666666668,0.004578471292846623,0.00034172456999658277,1.0,0.19109222187543856,0.2571428571428572,0.8333333333333334,0.74,0.10124526258798051,145922010.0
1130,Russia,2023-03-06,11051.0,35.0,8.823,39.6,14.178,9.393,0.10146104527921787,0.010416666666666668,0.004578471292846623,0.00034172456999658277,1.0,0.19109222187543856,0.2571428571428572,0.8333333333333334,0.74,0.10124526258798051,145922010.0
1131,Russia,2023-03-07,10345.0,41.0,8.823,39.6,14.178,9.393,0.10146104527921787,0.010416666666666668,0.004578471292846623,0.00034172456999658277,1.0,0.19109222187543856,0.2571428571428572,0.8333333333333334,0.74,0.10124526258798051,145922010.0
