,country,date,confirmed,fatalities,population_density,median_age,aged_65_older,aged_70_older,population,yearly_change,net_change,density,land_area,migrants,rert_rate,med_age,urban_pop,world_share,r_population
0,Spain,2020-02-01,1.0,0.0,93.105,45.5,19.436,13.799,0.032506563496018444,0.010416666666666668,0.001324978944375541,0.0035691232866309755,0.030457590491956035,0.04189332702140539,0.18571428571428572,0.9375,0.8,0.03248511099079589,46751175.0
1,Spain,2020-02-02,0.0,0.0,93.105,45.5,19.436,13.799,0.032506563496018444,0.010416666666666668,0.001324978944375541,0.0035691232866309755,0.030457590491956035,0.04189332702140539,0.18571428571428572,0.9375,0.8,0.03248511099079589,46751175.0
2,Spain,2020-02-03,0.0,0.0,93.105,45.5,19.436,13.799,0.032506563496018444,0.010416666666666668,0.001324978944375541,0.0035691232866309755,0.030457590491956035,0.04189332702140539,0.18571428571428572,0.9375,0.8,0.03248511099079589,46751175.0
3,Spain,2020-02-04,0.0,0.0,93.105,45.5,19.436,13.799,0.032506563496018444,0.010416666666666668,0.001324978944375541,0.0035691232866309755,0.030457590491956035,0.04189332702140539,0.18571428571428572,0.9375,0.8,0.03248511099079589,46751175.0
4,Spain,2020-02-05,0.0,0.0,93.105,45.5,19.436,13.799,0.032506563496018444,0.010416666666666668,0.001324978944375541,0.0035691232866309755,0.030457590491956035,0.04189332702140539,0.18571428571428572,0.9375,0.8,0.03248511099079589,46751175.0
5,Spain,2020-02-06,0.0,0.0,93.105,45.5,19.436,13.799,0.032506563496018444,0.010416666666666668,0.001324978944375541,0.0035691232866309755,0.030457590491956035,0.04189332702140539,0.18571428571428572,0.9375,0.8,0.03248511099079589,46751175.0
6,Spain,2020-02-07,0.0,0.0,93.105,45.5,19.436,13.799,0.032506563496018444,0.010416666666666668,0.001324978944375541,0.0035691232866309755,0.030457590491956035,0.04189332702140539,0.18571428571428572,0.9375,0.8,0.03248511099079589,46751175.0
7,Spain,2020-02-08,0.0,0.0,93.105,45.5,19.436,13.799,0.032506563496018444,0.010416666666666668,0.001324978944375541,0.0035691232866309755,0.030457590491956035,0.04189332702140539,0.18571428571428572,0.9375,0.8,0.03248511099079589,46751175.0
8,Spain,2020-02-09,1.0,0.0,93.105,45.5,19.436,13.799,0.032506563496018444,0.010416666666666668,0.001324978944375541,0.0035691232866309755,0.030457590491956035,0.04189332702140539,0.18571428571428572,0.9375,0.8,0.03248511099079589,46751175.0
9,Spain,2020-02-10,0.0,0.0,93.105,45.5,19.436,13.799,0.032506563496018444,0.010416666666666668,0.001324978944375541,0.0035691232866309755,0.030457590491956035,0.04189332702140539,0.18571428571428572,0.9375,0.8,0.03248511099079589,46751175.0
10,Spain,2020-02-11,0.0,0.0,93.105,45.5,19.436,13.799,0.032506563496018444,0.010416666666666668,0.001324978944375541,0.0035691232866309755,0.030457590491956035,0.04189332702140539,0.18571428571428572,0.9375,0.8,0.03248511099079589,46751175.0
11,Spain,2020-02-12,0.0,0.0,93.105,45.5,19.436,13.799,0.032506563496018444,0.010416666666666668,0.001324978944375541,0.0035691232866309755,0.030457590491956035,0.04189332702140539,0.18571428571428572,0.9375,0.8,0.03248511099079589,46751175.0
12,Spain,2020-02-13,0.0,0.0,93.105,45.5,19.436,13.799,0.032506563496018444,0.010416666666666668,0.001324978944375541,0.0035691232866309755,0.030457590491956035,0.04189332702140539,0.18571428571428572,0.9375,0.8,0.03248511099079589,46751175.0
13,Spain,2020-02-14,0.0,0.0,93.105,45.5,19.436,13.799,0.032506563496018444,0.010416666666666668,0.001324978944375541,0.0035691232866309755,0.030457590491956035,0.04189332702140539,0.18571428571428572,0.9375,0.8,0.03248511099079589,46751175.0
14,Spain,2020-02-15,0.0,0.0,93.105,45.5,19.436,13.799,0.032506563496018444,0.010416666666666668,0.001324978944375541,0.0035691232866309755,0.030457590491956035,0.04189332702140539,0.18571428571428572,0.9375,0.8,0.03248511099079589,46751175.0
15,Spain,2020-02-16,0.0,0.0,93.105,45.5,19.436,13.799,0.032506563496018444,0.010416666666666668,0.001324978944375541,0.0035691232866309755,0.030457590491956035,0.04189332702140539,0.18571428571428572,0.9375,0.8,0.03248511099079589,46751175.0
16,Spain,2020-02-17,0.0,0.0,93.105,45.5,19.436,13.799,0.032506563496018444,0.010416666666666668,0.001324978944375541,0.0035691232866309755,0.030457590491956035,0.04189332702140539,0.18571428571428572,0.9375,0.8,0.03248511099079589,46751175.0
17,Spain,2020-02-18,0.0,0.0,93.105,45.5,19.436,13.799,0.032506563496018444,0.010416666666666668,0.001324978944375541,0.0035691232866309755,0.030457590491956035,0.04189332702140539,0.18571428571428572,0.9375,0.8,0.03248511099079589,46751175.0
18,Spain,2020-02-19,0.0,0.0,93.105,45.5,19.436,13.799,0.032506563496018444,0.010416666666666668,0.001324978944375541,0.0035691232866309755,0.030457590491956035,0.04189332702140539,0.18571428571428572,0.9375,0.8,0.03248511099079589,46751175.0
19,Spain,2020-02-20,0.0,0.0,93.105,45.5,19.436,13.799,0.032506563496018444,0.010416666666666668,0.001324978944375541,0.0035691232866309755,0.030457590491956035,0.04189332702140539,0.18571428571428572,0.9375,0.8,0.03248511099079589,46751175.0
20,Spain,2020-02-21,0.0,0.0,93.105,45.5,19.436,13.799,0.032506563496018444,0.010416666666666668,0.001324978944375541,0.0035691232866309755,0.030457590491956035,0.04189332702140539,0.18571428571428572,0.9375,0.8,0.03248511099079589,46751175.0
21,Spain,2020-02-22,0.0,0.0,93.105,45.5,19.436,13.799,0.032506563496018444,0.010416666666666668,0.001324978944375541,0.0035691232866309755,0.030457590491956035,0.04189332702140539,0.18571428571428572,0.9375,0.8,0.03248511099079589,46751175.0
22,Spain,2020-02-23,0.0,0.0,93.105,45.5,19.436,13.799,0.032506563496018444,0.010416666666666668,0.001324978944375541,0.0035691232866309755,0.030457590491956035,0.04189332702140539,0.18571428571428572,0.9375,0.8,0.03248511099079589,46751175.0
23,Spain,2020-02-24,0.0,0.0,93.105,45.5,19.436,13.799,0.032506563496018444,0.010416666666666668,0.001324978944375541,0.0035691232866309755,0.030457590491956035,0.04189332702140539,0.18571428571428572,0.9375,0.8,0.03248511099079589,46751175.0
24,Spain,2020-02-25,4.0,0.0,93.105,45.5,19.436,13.799,0.032506563496018444,0.010416666666666668,0.001324978944375541,0.0035691232866309755,0.030457590491956035,0.04189332702140539,0.18571428571428572,0.9375,0.8,0.03248511099079589,46751175.0
25,Spain,2020-02-26,7.0,0.0,93.105,45.5,19.436,13.799,0.032506563496018444,0.010416666666666668,0.001324978944375541,0.0035691232866309755,0.030457590491956035,0.04189332702140539,0.18571428571428572,0.9375,0.8,0.03248511099079589,46751175.0
26,Spain,2020-02-27,2.0,0.0,93.105,45.5,19.436,13.799,0.032506563496018444,0.010416666666666668,0.001324978944375541,0.0035691232866309755,0.030457590491956035,0.04189332702140539,0.18571428571428572,0.9375,0.8,0.03248511099079589,46751175.0
27,Spain,2020-02-28,17.0,0.0,93.105,45.5,19.436,13.799,0.032506563496018444,0.010416666666666668,0.001324978944375541,0.0035691232866309755,0.030457590491956035,0.04189332702140539,0.18571428571428572,0.9375,0.8,0.03248511099079589,46751175.0
28,Spain,2020-02-29,13.0,0.0,93.105,45.5,19.436,13.799,0.032506563496018444,0.010416666666666668,0.001324978944375541,0.0035691232866309755,0.030457590491956035,0.04189332702140539,0.18571428571428572,0.9375,0.8,0.03248511099079589,46751175.0
29,Spain,2020-03-01,39.0,0.0,93.105,45.5,19.436,13.799,0.032506563496018444,0.010416666666666668,0.001324978944375541,0.0035691232866309755,0.030457590491956035,0.04189332702140539,0.18571428571428572,0.9375,0.8,0.03248511099079589,46751175.0
30,Spain,2020-03-02,36.0,0.0,93.105,45.5,19.436,13.799,0.032506563496018444,0.010416666666666668,0.001324978944375541,0.0035691232866309755,0.030457590491956035,0.04189332702140539,0.18571428571428572,0.9375,0.8,0.03248511099079589,46751175.0
31,Spain,2020-03-03,45.0,1.0,93.105,45.5,19.436,13.799,0.032506563496018444,0.010416666666666668,0.001324978944375541,0.0035691232866309755,0.030457590491956035,0.04189332702140539,0.18571428571428572,0.9375,0.8,0.03248511099079589,46751175.0
32,Spain,2020-03-04,57.0,1.0,93.105,45.5,19.436,13.799,0.032506563496018444,0.010416666666666668,0.001324978944375541,0.0035691232866309755,0.030457590491956035,0.04189332702140539,0.18571428571428572,0.9375,0.8,0.03248511099079589,46751175.0
33,Spain,2020-03-05,37.0,1.0,93.105,45.5,19.436,13.799,0.032506563496018444,0.010416666666666668,0.001324978944375541,0.0035691232866309755,0.030457590491956035,0.04189332702140539,0.18571428571428572,0.9375,0.8,0.03248511099079589,46751175.0
34,Spain,2020-03-06,141.0,2.0,93.105,45.5,19.436,13.799,0.032506563496018444,0.010416666666666668,0.001324978944375541,0.0035691232866309755,0.030457590491956035,0.04189332702140539,0.18571428571428572,0.9375,0.8,0.03248511099079589,46751175.0
35,Spain,2020-03-07,100.0,5.0,93.105,45.5,19.436,13.799,0.032506563496018444,0.010416666666666668,0.001324978944375541,0.0035691232866309755,0.030457590491956035,0.04189332702140539,0.18571428571428572,0.9375,0.8,0.03248511099079589,46751175.0
36,Spain,2020-03-08,173.0,7.0,93.105,45.5,19.436,13.799,0.032506563496018444,0.010416666666666668,0.001324978944375541,0.0035691232866309755,0.030457590491956035,0.04189332702140539,0.18571428571428572,0.9375,0.8,0.03248511099079589,46751175.0
37,Spain,2020-03-09,400.0,11.0,93.105,45.5,19.436,13.799,0.032506563496018444,0.010416666666666668,0.001324978944375541,0.0035691232866309755,0.030457590491956035,0.04189332702140539,0.18571428571428572,0.9375,0.8,0.03248511099079589,46751175.0
38,Spain,2020-03-10,622.0,7.0,93.105,45.5,19.436,13.799,0.032506563496018444,0.010416666666666668,0.001324978944375541,0.0035691232866309755,0.030457590491956035,0.04189332702140539,0.18571428571428572,0.9375,0.8,0.03248511099079589,46751175.0
39,Spain,2020-03-11,582.0,19.0,93.105,45.5,19.436,13.799,0.032506563496018444,0.010416666666666668,0.001324978944375541,0.0035691232866309755,0.030457590491956035,0.04189332702140539,0.18571428571428572,0.9375,0.8,0.03248511099079589,46751175.0
40,Spain,2020-03-12,0.0,1.0,93.105,45.5,19.436,13.799,0.032506563496018444,0.010416666666666668,0.001324978944375541,0.0035691232866309755,0.030457590491956035,0.04189332702140539,0.18571428571428572,0.9375,0.8,0.03248511099079589,46751175.0
41,Spain,2020-03-13,2955.0,78.0,93.105,45.5,19.436,13.799,0.032506563496018444,0.010416666666666668,0.001324978944375541,0.0035691232866309755,0.030457590491956035,0.04189332702140539,0.18571428571428572,0.9375,0.8,0.03248511099079589,46751175.0
42,Spain,2020-03-14,1159.0,62.0,93.105,45.5,19.436,13.799,0.032506563496018444,0.010416666666666668,0.001324978944375541,0.0035691232866309755,0.030457590491956035,0.04189332702140539,0.18571428571428572,0.9375,0.8,0.03248511099079589,46751175.0
43,Spain,2020-03-15,1407.0,94.0,93.105,45.5,19.436,13.799,0.032506563496018444,0.010416666666666668,0.001324978944375541,0.0035691232866309755,0.030457590491956035,0.04189332702140539,0.18571428571428572,0.9375,0.8,0.03248511099079589,46751175.0
44,Spain,2020-03-16,2144.0,53.0,93.105,45.5,19.436,13.799,0.032506563496018444,0.010416666666666668,0.001324978944375541,0.0035691232866309755,0.030457590491956035,0.04189332702140539,0.18571428571428572,0.9375,0.8,0.03248511099079589,46751175.0
45,Spain,2020-03-17,1806.0,191.0,93.105,45.5,19.436,13.799,0.032506563496018444,0.010416666666666668,0.001324978944375541,0.0035691232866309755,0.030457590491956035,0.04189332702140539,0.18571428571428572,0.9375,0.8,0.03248511099079589,46751175.0
46,Spain,2020-03-18,2162.0,90.0,93.105,45.5,19.436,13.799,0.032506563496018444,0.010416666666666668,0.001324978944375541,0.0035691232866309755,0.030457590491956035,0.04189332702140539,0.18571428571428572,0.9375,0.8,0.03248511099079589,46751175.0
47,Spain,2020-03-19,4053.0,207.0,93.105,45.5,19.436,13.799,0.032506563496018444,0.010416666666666668,0.001324978944375541,0.0035691232866309755,0.030457590491956035,0.04189332702140539,0.18571428571428572,0.9375,0.8,0.03248511099079589,46751175.0
48,Spain,2020-03-20,2447.0,213.0,93.105,45.5,19.436,13.799,0.032506563496018444,0.010416666666666668,0.001324978944375541,0.0035691232866309755,0.030457590491956035,0.04189332702140539,0.18571428571428572,0.9375,0.8,0.03248511099079589,46751175.0
49,Spain,2020-03-21,4964.0,332.0,93.105,45.5,19.436,13.799,0.032506563496018444,0.010416666666666668,0.001324978944375541,0.0035691232866309755,0.030457590491956035,0.04189332702140539,0.18571428571428572,0.9375,0.8,0.03248511099079589,46751175.0
50,Spain,2020-03-22,3394.0,397.0,93.105,45.5,19.436,13.799,0.032506563496018444,0.010416666666666668,0.001324978944375541,0.0035691232866309755,0.030457590491956035,0.04189332702140539,0.18571428571428572,0.9375,0.8,0.03248511099079589,46751175.0
51,Spain,2020-03-23,6368.0,539.0,93.105,45.5,19.436,13.799,0.032506563496018444,0.010416666666666668,0.001324978944375541,0.0035691232866309755,0.030457590491956035,0.04189332702140539,0.18571428571428572,0.9375,0.8,0.03248511099079589,46751175.0
52,Spain,2020-03-24,4749.0,497.0,93.105,45.5,19.436,13.799,0.032506563496018444,0.010416666666666668,0.001324978944375541,0.0035691232866309755,0.030457590491956035,0.04189332702140539,0.18571428571428572,0.9375,0.8,0.03248511099079589,46751175.0
53,Spain,2020-03-25,9630.0,839.0,93.105,45.5,19.436,13.799,0.032506563496018444,0.010416666666666668,0.001324978944375541,0.0035691232866309755,0.030457590491956035,0.04189332702140539,0.18571428571428572,0.9375,0.8,0.03248511099079589,46751175.0
54,Spain,2020-03-26,8271.0,718.0,93.105,45.5,19.436,13.799,0.032506563496018444,0.010416666666666668,0.001324978944375541,0.0035691232866309755,0.030457590491956035,0.04189332702140539,0.18571428571428572,0.9375,0.8,0.03248511099079589,46751175.0
55,Spain,2020-03-27,7933.0,773.0,93.105,45.5,19.436,13.799,0.032506563496018444,0.010416666666666668,0.001324978944375541,0.0035691232866309755,0.030457590491956035,0.04189332702140539,0.18571428571428572,0.9375,0.8,0.03248511099079589,46751175.0
56,Spain,2020-03-28,7516.0,844.0,93.105,45.5,19.436,13.799,0.032506563496018444,0.010416666666666668,0.001324978944375541,0.0035691232866309755,0.030457590491956035,0.04189332702140539,0.18571428571428572,0.9375,0.8,0.03248511099079589,46751175.0
57,Spain,2020-03-29,6875.0,821.0,93.105,45.5,19.436,13.799,0.032506563496018444,0.010416666666666668,0.001324978944375541,0.0035691232866309755,0.030457590491956035,0.04189332702140539,0.18571428571428572,0.9375,0.8,0.03248511099079589,46751175.0
58,Spain,2020-03-30,7846.0,913.0,93.105,45.5,19.436,13.799,0.032506563496018444,0.010416666666666668,0.001324978944375541,0.0035691232866309755,0.030457590491956035,0.04189332702140539,0.18571428571428572,0.9375,0.8,0.03248511099079589,46751175.0
59,Spain,2020-03-31,7967.0,748.0,93.105,45.5,19.436,13.799,0.032506563496018444,0.010416666666666668,0.001324978944375541,0.0035691232866309755,0.030457590491956035,0.04189332702140539,0.18571428571428572,0.9375,0.8,0.03248511099079589,46751175.0
60,Spain,2020-04-01,8195.0,923.0,93.105,45.5,19.436,13.799,0.032506563496018444,0.010416666666666668,0.001324978944375541,0.0035691232866309755,0.030457590491956035,0.04189332702140539,0.18571428571428572,0.9375,0.8,0.03248511099079589,46751175.0
61,Spain,2020-04-02,7947.0,961.0,93.105,45.5,19.436,13.799,0.032506563496018444,0.010416666666666668,0.001324978944375541,0.0035691232866309755,0.030457590491956035,0.04189332702140539,0.18571428571428572,0.9375,0.8,0.03248511099079589,46751175.0
62,Spain,2020-04-03,7134.0,850.0,93.105,45.5,19.436,13.799,0.032506563496018444,0.010416666666666668,0.001324978944375541,0.0035691232866309755,0.030457590491956035,0.04189332702140539,0.18571428571428572,0.9375,0.8,0.03248511099079589,46751175.0
63,Spain,2020-04-04,6969.0,749.0,93.105,45.5,19.436,13.799,0.032506563496018444,0.010416666666666668,0.001324978944375541,0.0035691232866309755,0.030457590491956035,0.04189332702140539,0.18571428571428572,0.9375,0.8,0.03248511099079589,46751175.0
64,Spain,2020-04-05,5478.0,694.0,93.105,45.5,19.436,13.799,0.032506563496018444,0.010416666666666668,0.001324978944375541,0.0035691232866309755,0.030457590491956035,0.04189332702140539,0.18571428571428572,0.9375,0.8,0.03248511099079589,46751175.0
65,Spain,2020-04-06,5029.0,700.0,93.105,45.5,19.436,13.799,0.032506563496018444,0.010416666666666668,0.001324978944375541,0.0035691232866309755,0.030457590491956035,0.04189332702140539,0.18571428571428572,0.9375,0.8,0.03248511099079589,46751175.0
66,Spain,2020-04-07,5267.0,704.0,93.105,45.5,19.436,13.799,0.032506563496018444,0.010416666666666668,0.001324978944375541,0.0035691232866309755,0.030457590491956035,0.04189332702140539,0.18571428571428572,0.9375,0.8,0.03248511099079589,46751175.0
67,Spain,2020-04-08,6278.0,747.0,93.105,45.5,19.436,13.799,0.032506563496018444,0.010416666666666668,0.001324978944375541,0.0035691232866309755,0.030457590491956035,0.04189332702140539,0.18571428571428572,0.9375,0.8,0.03248511099079589,46751175.0
68,Spain,2020-04-09,5002.0,655.0,93.105,45.5,19.436,13.799,0.032506563496018444,0.010416666666666668,0.001324978944375541,0.0035691232866309755,0.030457590491956035,0.04189332702140539,0.18571428571428572,0.9375,0.8,0.03248511099079589,46751175.0
69,Spain,2020-04-10,5051.0,634.0,93.105,45.5,19.436,13.799,0.032506563496018444,0.010416666666666668,0.001324978944375541,0.0035691232866309755,0.030457590491956035,0.04189332702140539,0.18571428571428572,0.9375,0.8,0.03248511099079589,46751175.0
70,Spain,2020-04-11,4754.0,525.0,93.105,45.5,19.436,13.799,0.032506563496018444,0.010416666666666668,0.001324978944375541,0.0035691232866309755,0.030457590491956035,0.04189332702140539,0.18571428571428572,0.9375,0.8,0.03248511099079589,46751175.0
71,Spain,2020-04-12,3804.0,603.0,93.105,45.5,19.436,13.799,0.032506563496018444,0.010416666666666668,0.001324978944375541,0.0035691232866309755,0.030457590491956035,0.04189332702140539,0.18571428571428572,0.9375,0.8,0.03248511099079589,46751175.0
72,Spain,2020-04-13,3268.0,547.0,93.105,45.5,19.436,13.799,0.032506563496018444,0.010416666666666668,0.001324978944375541,0.0035691232866309755,0.030457590491956035,0.04189332702140539,0.18571428571428572,0.9375,0.8,0.03248511099079589,46751175.0
73,Spain,2020-04-14,2442.0,300.0,93.105,45.5,19.436,13.799,0.032506563496018444,0.010416666666666668,0.001324978944375541,0.0035691232866309755,0.030457590491956035,0.04189332702140539,0.18571428571428572,0.9375,0.8,0.03248511099079589,46751175.0
74,Spain,2020-04-15,5103.0,652.0,93.105,45.5,19.436,13.799,0.032506563496018444,0.010416666666666668,0.001324978944375541,0.0035691232866309755,0.030457590491956035,0.04189332702140539,0.18571428571428572,0.9375,0.8,0.03248511099079589,46751175.0
75,Spain,2020-04-16,7304.0,607.0,93.105,45.5,19.436,13.799,0.032506563496018444,0.010416666666666668,0.001324978944375541,0.0035691232866309755,0.030457590491956035,0.04189332702140539,0.18571428571428572,0.9375,0.8,0.03248511099079589,46751175.0
76,Spain,2020-04-17,5891.0,687.0,93.105,45.5,19.436,13.799,0.032506563496018444,0.010416666666666668,0.001324978944375541,0.0035691232866309755,0.030457590491956035,0.04189332702140539,0.18571428571428572,0.9375,0.8,0.03248511099079589,46751175.0
77,Spain,2020-04-18,887.0,41.0,93.105,45.5,19.436,13.799,0.032506563496018444,0.010416666666666668,0.001324978944375541,0.0035691232866309755,0.030457590491956035,0.04189332702140539,0.18571428571428572,0.9375,0.8,0.03248511099079589,46751175.0
78,Spain,2020-04-19,6948.0,410.0,93.105,45.5,19.436,13.799,0.032506563496018444,0.010416666666666668,0.001324978944375541,0.0035691232866309755,0.030457590491956035,0.04189332702140539,0.18571428571428572,0.9375,0.8,0.03248511099079589,46751175.0
79,Spain,2020-04-20,1536.0,399.0,93.105,45.5,19.436,13.799,0.032506563496018444,0.010416666666666668,0.001324978944375541,0.0035691232866309755,0.030457590491956035,0.04189332702140539,0.18571428571428572,0.9375,0.8,0.03248511099079589,46751175.0
80,Spain,2020-04-21,3968.0,430.0,93.105,45.5,19.436,13.799,0.032506563496018444,0.010416666666666668,0.001324978944375541,0.0035691232866309755,0.030457590491956035,0.04189332702140539,0.18571428571428572,0.9375,0.8,0.03248511099079589,46751175.0
81,Spain,2020-04-22,4211.0,435.0,93.105,45.5,19.436,13.799,0.032506563496018444,0.010416666666666668,0.001324978944375541,0.0035691232866309755,0.030457590491956035,0.04189332702140539,0.18571428571428572,0.9375,0.8,0.03248511099079589,46751175.0
82,Spain,2020-04-23,4635.0,440.0,93.105,45.5,19.436,13.799,0.032506563496018444,0.010416666666666668,0.001324978944375541,0.0035691232866309755,0.030457590491956035,0.04189332702140539,0.18571428571428572,0.9375,0.8,0.03248511099079589,46751175.0
83,Spain,2020-04-24,0.0,367.0,93.105,45.5,19.436,13.799,0.032506563496018444,0.010416666666666668,0.001324978944375541,0.0035691232866309755,0.030457590491956035,0.04189332702140539,0.18571428571428572,0.9375,0.8,0.03248511099079589,46751175.0
84,Spain,2020-04-25,2915.0,378.0,93.105,45.5,19.436,13.799,0.032506563496018444,0.010416666666666668,0.001324978944375541,0.0035691232866309755,0.030457590491956035,0.04189332702140539,0.18571428571428572,0.9375,0.8,0.03248511099079589,46751175.0
85,Spain,2020-04-26,1729.0,288.0,93.105,45.5,19.436,13.799,0.032506563496018444,0.010416666666666668,0.001324978944375541,0.0035691232866309755,0.030457590491956035,0.04189332702140539,0.18571428571428572,0.9375,0.8,0.03248511099079589,46751175.0
86,Spain,2020-04-27,1831.0,331.0,93.105,45.5,19.436,13.799,0.032506563496018444,0.010416666666666668,0.001324978944375541,0.0035691232866309755,0.030457590491956035,0.04189332702140539,0.18571428571428572,0.9375,0.8,0.03248511099079589,46751175.0
87,Spain,2020-04-28,1308.0,301.0,93.105,45.5,19.436,13.799,0.032506563496018444,0.010416666666666668,0.001324978944375541,0.0035691232866309755,0.030457590491956035,0.04189332702140539,0.18571428571428572,0.9375,0.8,0.03248511099079589,46751175.0
88,Spain,2020-04-29,2144.0,453.0,93.105,45.5,19.436,13.799,0.032506563496018444,0.010416666666666668,0.001324978944375541,0.0035691232866309755,0.030457590491956035,0.04189332702140539,0.18571428571428572,0.9375,0.8,0.03248511099079589,46751175.0
89,Spain,2020-04-30,518.0,268.0,93.105,45.5,19.436,13.799,0.032506563496018444,0.010416666666666668,0.001324978944375541,0.0035691232866309755,0.030457590491956035,0.04189332702140539,0.18571428571428572,0.9375,0.8,0.03248511099079589,46751175.0
90,Spain,2020-05-01,1781.0,0.0,93.105,45.5,19.436,13.799,0.032506563496018444,0.010416666666666668,0.001324978944375541,0.0035691232866309755,0.030457590491956035,0.04189332702140539,0.18571428571428572,0.9375,0.8,0.03248511099079589,46751175.0
91,Spain,2020-05-02,1366.0,557.0,93.105,45.5,19.436,13.799,0.032506563496018444,0.010416666666666668,0.001324978944375541,0.0035691232866309755,0.030457590491956035,0.04189332702140539,0.18571428571428572,0.9375,0.8,0.03248511099079589,46751175.0
92,Spain,2020-05-03,884.0,164.0,93.105,45.5,19.436,13.799,0.032506563496018444,0.010416666666666668,0.001324978944375541,0.0035691232866309755,0.030457590491956035,0.04189332702140539,0.18571428571428572,0.9375,0.8,0.03248511099079589,46751175.0
93,Spain,2020-05-04,545.0,164.0,93.105,45.5,19.436,13.799,0.032506563496018444,0.010416666666666668,0.001324978944375541,0.0035691232866309755,0.030457590491956035,0.04189332702140539,0.18571428571428572,0.9375,0.8,0.03248511099079589,46751175.0
94,Spain,2020-05-05,1318.0,185.0,93.105,45.5,19.436,13.799,0.032506563496018444,0.010416666666666668,0.001324978944375541,0.0035691232866309755,0.030457590491956035,0.04189332702140539,0.18571428571428572,0.9375,0.8,0.03248511099079589,46751175.0
95,Spain,2020-05-06,996.0,244.0,93.105,45.5,19.436,13.799,0.032506563496018444,0.010416666666666668,0.001324978944375541,0.0035691232866309755,0.030457590491956035,0.04189332702140539,0.18571428571428572,0.9375,0.8,0.03248511099079589,46751175.0
96,Spain,2020-05-07,1122.0,213.0,93.105,45.5,19.436,13.799,0.032506563496018444,0.010416666666666668,0.001324978944375541,0.0035691232866309755,0.030457590491956035,0.04189332702140539,0.18571428571428572,0.9375,0.8,0.03248511099079589,46751175.0
97,Spain,2020-05-08,1410.0,229.0,93.105,45.5,19.436,13.799,0.032506563496018444,0.010416666666666668,0.001324978944375541,0.0035691232866309755,0.030457590491956035,0.04189332702140539,0.18571428571428572,0.9375,0.8,0.03248511099079589,46751175.0
98,Spain,2020-05-09,721.0,179.0,93.105,45.5,19.436,13.799,0.032506563496018444,0.010416666666666668,0.001324978944375541,0.0035691232866309755,0.030457590491956035,0.04189332702140539,0.18571428571428572,0.9375,0.8,0.03248511099079589,46751175.0
99,Spain,2020-05-10,772.0,143.0,93.105,45.5,19.436,13.799,0.032506563496018444,0.010416666666666668,0.001324978944375541,0.0035691232866309755,0.030457590491956035,0.04189332702140539,0.18571428571428572,0.9375,0.8,0.03248511099079589,46751175.0
100,Spain,2020-05-11,3086.0,123.0,93.105,45.5,19.436,13.799,0.032506563496018444,0.010416666666666668,0.001324978944375541,0.0035691232866309755,0.030457590491956035,0.04189332702140539,0.18571428571428572,0.9375,0.8,0.03248511099079589,46751175.0
101,Spain,2020-05-12,594.0,176.0,93.105,45.5,19.436,13.799,0.032506563496018444,0.010416666666666668,0.001324978944375541,0.0035691232866309755,0.030457590491956035,0.04189332702140539,0.18571428571428572,0.9375,0.8,0.03248511099079589,46751175.0
102,Spain,2020-05-13,661.0,184.0,93.105,45.5,19.436,13.799,0.032506563496018444,0.010416666666666668,0.001324978944375541,0.0035691232866309755,0.030457590491956035,0.04189332702140539,0.18571428571428572,0.9375,0.8,0.03248511099079589,46751175.0
103,Spain,2020-05-14,849.0,217.0,93.105,45.5,19.436,13.799,0.032506563496018444,0.010416666666666668,0.001324978944375541,0.0035691232866309755,0.030457590491956035,0.04189332702140539,0.18571428571428572,0.9375,0.8,0.03248511099079589,46751175.0
104,Spain,2020-05-15,643.0,138.0,93.105,45.5,19.436,13.799,0.032506563496018444,0.010416666666666668,0.001324978944375541,0.0035691232866309755,0.030457590491956035,0.04189332702140539,0.18571428571428572,0.9375,0.8,0.03248511099079589,46751175.0
105,Spain,2020-05-16,515.0,104.0,93.105,45.5,19.436,13.799,0.032506563496018444,0.010416666666666668,0.001324978944375541,0.0035691232866309755,0.030457590491956035,0.04189332702140539,0.18571428571428572,0.9375,0.8,0.03248511099079589,46751175.0
106,Spain,2020-05-17,0.0,0.0,93.105,45.5,19.436,13.799,0.032506563496018444,0.010416666666666668,0.001324978944375541,0.0035691232866309755,0.030457590491956035,0.04189332702140539,0.18571428571428572,0.9375,0.8,0.03248511099079589,46751175.0
107,Spain,2020-05-18,908.0,146.0,93.105,45.5,19.436,13.799,0.032506563496018444,0.010416666666666668,0.001324978944375541,0.0035691232866309755,0.030457590491956035,0.04189332702140539,0.18571428571428572,0.9375,0.8,0.03248511099079589,46751175.0
108,Spain,2020-05-19,431.0,69.0,93.105,45.5,19.436,13.799,0.032506563496018444,0.010416666666666668,0.001324978944375541,0.0035691232866309755,0.030457590491956035,0.04189332702140539,0.18571428571428572,0.9375,0.8,0.03248511099079589,46751175.0
109,Spain,2020-05-20,518.0,110.0,93.105,45.5,19.436,13.799,0.032506563496018444,0.010416666666666668,0.001324978944375541,0.0035691232866309755,0.030457590491956035,0.04189332702140539,0.18571428571428572,0.9375,0.8,0.03248511099079589,46751175.0
110,Spain,2020-05-21,482.0,52.0,93.105,45.5,19.436,13.799,0.032506563496018444,0.010416666666666668,0.001324978944375541,0.0035691232866309755,0.030457590491956035,0.04189332702140539,0.18571428571428572,0.9375,0.8,0.03248511099079589,46751175.0
111,Spain,2020-05-22,1787.0,688.0,93.105,45.5,19.436,13.799,0.032506563496018444,0.010416666666666668,0.001324978944375541,0.0035691232866309755,0.030457590491956035,0.04189332702140539,0.18571428571428572,0.9375,0.8,0.03248511099079589,46751175.0
112,Spain,2020-05-23,466.0,50.0,93.105,45.5,19.436,13.799,0.032506563496018444,0.010416666666666668,0.001324978944375541,0.0035691232866309755,0.030457590491956035,0.04189332702140539,0.18571428571428572,0.9375,0.8,0.03248511099079589,46751175.0
113,Spain,2020-05-24,482.0,74.0,93.105,45.5,19.436,13.799,0.032506563496018444,0.010416666666666668,0.001324978944375541,0.0035691232866309755,0.030457590491956035,0.04189332702140539,0.18571428571428572,0.9375,0.8,0.03248511099079589,46751175.0
114,Spain,2020-05-25,0.0,0.0,93.105,45.5,19.436,13.799,0.032506563496018444,0.010416666666666668,0.001324978944375541,0.0035691232866309755,0.030457590491956035,0.04189332702140539,0.18571428571428572,0.9375,0.8,0.03248511099079589,46751175.0
115,Spain,2020-05-26,859.0,283.0,93.105,45.5,19.436,13.799,0.032506563496018444,0.010416666666666668,0.001324978944375541,0.0035691232866309755,0.030457590491956035,0.04189332702140539,0.18571428571428572,0.9375,0.8,0.03248511099079589,46751175.0
116,Spain,2020-05-27,0.0,0.0,93.105,45.5,19.436,13.799,0.032506563496018444,0.010416666666666668,0.001324978944375541,0.0035691232866309755,0.030457590491956035,0.04189332702140539,0.18571428571428572,0.9375,0.8,0.03248511099079589,46751175.0
117,Spain,2020-05-28,1647.0,2.0,93.105,45.5,19.436,13.799,0.032506563496018444,0.010416666666666668,0.001324978944375541,0.0035691232866309755,0.030457590491956035,0.04189332702140539,0.18571428571428572,0.9375,0.8,0.03248511099079589,46751175.0
118,Spain,2020-05-29,658.0,2.0,93.105,45.5,19.436,13.799,0.032506563496018444,0.010416666666666668,0.001324978944375541,0.0035691232866309755,0.030457590491956035,0.04189332702140539,0.18571428571428572,0.9375,0.8,0.03248511099079589,46751175.0
119,Spain,2020-05-30,664.0,4.0,93.105,45.5,19.436,13.799,0.032506563496018444,0.010416666666666668,0.001324978944375541,0.0035691232866309755,0.030457590491956035,0.04189332702140539,0.18571428571428572,0.9375,0.8,0.03248511099079589,46751175.0
120,Spain,2020-05-31,251.0,2.0,93.105,45.5,19.436,13.799,0.032506563496018444,0.010416666666666668,0.001324978944375541,0.0035691232866309755,0.030457590491956035,0.04189332702140539,0.18571428571428572,0.9375,0.8,0.03248511099079589,46751175.0
121,Spain,2020-06-01,159.0,0.0,93.105,45.5,19.436,13.799,0.032506563496018444,0.010416666666666668,0.001324978944375541,0.0035691232866309755,0.030457590491956035,0.04189332702140539,0.18571428571428572,0.9375,0.8,0.03248511099079589,46751175.0
122,Spain,2020-06-02,294.0,0.0,93.105,45.5,19.436,13.799,0.032506563496018444,0.010416666666666668,0.001324978944375541,0.0035691232866309755,0.030457590491956035,0.04189332702140539,0.18571428571428572,0.9375,0.8,0.03248511099079589,46751175.0
123,Spain,2020-06-03,394.0,1.0,93.105,45.5,19.436,13.799,0.032506563496018444,0.010416666666666668,0.001324978944375541,0.0035691232866309755,0.030457590491956035,0.04189332702140539,0.18571428571428572,0.9375,0.8,0.03248511099079589,46751175.0
124,Spain,2020-06-04,334.0,5.0,93.105,45.5,19.436,13.799,0.032506563496018444,0.010416666666666668,0.001324978944375541,0.0035691232866309755,0.030457590491956035,0.04189332702140539,0.18571428571428572,0.9375,0.8,0.03248511099079589,46751175.0
125,Spain,2020-06-05,318.0,1.0,93.105,45.5,19.436,13.799,0.032506563496018444,0.010416666666666668,0.001324978944375541,0.0035691232866309755,0.030457590491956035,0.04189332702140539,0.18571428571428572,0.9375,0.8,0.03248511099079589,46751175.0
126,Spain,2020-06-06,332.0,1.0,93.105,45.5,19.436,13.799,0.032506563496018444,0.010416666666666668,0.001324978944375541,0.0035691232866309755,0.030457590491956035,0.04189332702140539,0.18571428571428572,0.9375,0.8,0.03248511099079589,46751175.0
127,Spain,2020-06-07,240.0,1.0,93.105,45.5,19.436,13.799,0.032506563496018444,0.010416666666666668,0.001324978944375541,0.0035691232866309755,0.030457590491956035,0.04189332702140539,0.18571428571428572,0.9375,0.8,0.03248511099079589,46751175.0
128,Spain,2020-06-08,167.0,0.0,93.105,45.5,19.436,13.799,0.032506563496018444,0.010416666666666668,0.001324978944375541,0.0035691232866309755,0.030457590491956035,0.04189332702140539,0.18571428571428572,0.9375,0.8,0.03248511099079589,46751175.0
129,Spain,2020-06-09,249.0,0.0,93.105,45.5,19.436,13.799,0.032506563496018444,0.010416666666666668,0.001324978944375541,0.0035691232866309755,0.030457590491956035,0.04189332702140539,0.18571428571428572,0.9375,0.8,0.03248511099079589,46751175.0
130,Spain,2020-06-10,314.0,0.0,93.105,45.5,19.436,13.799,0.032506563496018444,0.010416666666666668,0.001324978944375541,0.0035691232866309755,0.030457590491956035,0.04189332702140539,0.18571428571428572,0.9375,0.8,0.03248511099079589,46751175.0
131,Spain,2020-06-11,427.0,0.0,93.105,45.5,19.436,13.799,0.032506563496018444,0.010416666666666668,0.001324978944375541,0.0035691232866309755,0.030457590491956035,0.04189332702140539,0.18571428571428572,0.9375,0.8,0.03248511099079589,46751175.0
132,Spain,2020-06-12,502.0,0.0,93.105,45.5,19.436,13.799,0.032506563496018444,0.010416666666666668,0.001324978944375541,0.0035691232866309755,0.030457590491956035,0.04189332702140539,0.18571428571428572,0.9375,0.8,0.03248511099079589,46751175.0
133,Spain,2020-06-13,396.0,0.0,93.105,45.5,19.436,13.799,0.032506563496018444,0.010416666666666668,0.001324978944375541,0.0035691232866309755,0.030457590491956035,0.04189332702140539,0.18571428571428572,0.9375,0.8,0.03248511099079589,46751175.0
134,Spain,2020-06-14,323.0,0.0,93.105,45.5,19.436,13.799,0.032506563496018444,0.010416666666666668,0.001324978944375541,0.0035691232866309755,0.030457590491956035,0.04189332702140539,0.18571428571428572,0.9375,0.8,0.03248511099079589,46751175.0
135,Spain,2020-06-15,181.0,0.0,93.105,45.5,19.436,13.799,0.032506563496018444,0.010416666666666668,0.001324978944375541,0.0035691232866309755,0.030457590491956035,0.04189332702140539,0.18571428571428572,0.9375,0.8,0.03248511099079589,46751175.0
136,Spain,2020-06-16,219.0,0.0,93.105,45.5,19.436,13.799,0.032506563496018444,0.010416666666666668,0.001324978944375541,0.0035691232866309755,0.030457590491956035,0.04189332702140539,0.18571428571428572,0.9375,0.8,0.03248511099079589,46751175.0
137,Spain,2020-06-17,355.0,0.0,93.105,45.5,19.436,13.799,0.032506563496018444,0.010416666666666668,0.001324978944375541,0.0035691232866309755,0.030457590491956035,0.04189332702140539,0.18571428571428572,0.9375,0.8,0.03248511099079589,46751175.0
138,Spain,2020-06-18,585.0,0.0,93.105,45.5,19.436,13.799,0.032506563496018444,0.010416666666666668,0.001324978944375541,0.0035691232866309755,0.030457590491956035,0.04189332702140539,0.18571428571428572,0.9375,0.8,0.03248511099079589,46751175.0
139,Spain,2020-06-19,307.0,0.0,93.105,45.5,19.436,13.799,0.032506563496018444,0.010416666666666668,0.001324978944375541,0.0035691232866309755,0.030457590491956035,0.04189332702140539,0.18571428571428572,0.9375,0.8,0.03248511099079589,46751175.0
140,Spain,2020-06-20,363.0,7.0,93.105,45.5,19.436,13.799,0.032506563496018444,0.010416666666666668,0.001324978944375541,0.0035691232866309755,0.030457590491956035,0.04189332702140539,0.18571428571428572,0.9375,0.8,0.03248511099079589,46751175.0
141,Spain,2020-06-21,334.0,1.0,93.105,45.5,19.436,13.799,0.032506563496018444,0.010416666666666668,0.001324978944375541,0.0035691232866309755,0.030457590491956035,0.04189332702140539,0.18571428571428572,0.9375,0.8,0.03248511099079589,46751175.0
142,Spain,2020-06-22,232.0,1.0,93.105,45.5,19.436,13.799,0.032506563496018444,0.010416666666666668,0.001324978944375541,0.0035691232866309755,0.030457590491956035,0.04189332702140539,0.18571428571428572,0.9375,0.8,0.03248511099079589,46751175.0
143,Spain,2020-06-23,248.0,1.0,93.105,45.5,19.436,13.799,0.032506563496018444,0.010416666666666668,0.001324978944375541,0.0035691232866309755,0.030457590491956035,0.04189332702140539,0.18571428571428572,0.9375,0.8,0.03248511099079589,46751175.0
144,Spain,2020-06-24,334.0,2.0,93.105,45.5,19.436,13.799,0.032506563496018444,0.010416666666666668,0.001324978944375541,0.0035691232866309755,0.030457590491956035,0.04189332702140539,0.18571428571428572,0.9375,0.8,0.03248511099079589,46751175.0
145,Spain,2020-06-25,400.0,3.0,93.105,45.5,19.436,13.799,0.032506563496018444,0.010416666666666668,0.001324978944375541,0.0035691232866309755,0.030457590491956035,0.04189332702140539,0.18571428571428572,0.9375,0.8,0.03248511099079589,46751175.0
146,Spain,2020-06-26,419.0,8.0,93.105,45.5,19.436,13.799,0.032506563496018444,0.010416666666666668,0.001324978944375541,0.0035691232866309755,0.030457590491956035,0.04189332702140539,0.18571428571428572,0.9375,0.8,0.03248511099079589,46751175.0
147,Spain,2020-06-27,564.0,3.0,93.105,45.5,19.436,13.799,0.032506563496018444,0.010416666666666668,0.001324978944375541,0.0035691232866309755,0.030457590491956035,0.04189332702140539,0.18571428571428572,0.9375,0.8,0.03248511099079589,46751175.0
148,Spain,2020-06-28,301.0,2.0,93.105,45.5,19.436,13.799,0.032506563496018444,0.010416666666666668,0.001324978944375541,0.0035691232866309755,0.030457590491956035,0.04189332702140539,0.18571428571428572,0.9375,0.8,0.03248511099079589,46751175.0
149,Spain,2020-06-29,200.0,3.0,93.105,45.5,19.436,13.799,0.032506563496018444,0.010416666666666668,0.001324978944375541,0.0035691232866309755,0.030457590491956035,0.04189332702140539,0.18571428571428572,0.9375,0.8,0.03248511099079589,46751175.0
150,Spain,2020-06-30,301.0,9.0,93.105,45.5,19.436,13.799,0.032506563496018444,0.010416666666666668,0.001324978944375541,0.0035691232866309755,0.030457590491956035,0.04189332702140539,0.18571428571428572,0.9375,0.8,0.03248511099079589,46751175.0
151,Spain,2020-07-01,388.0,9.0,93.105,45.5,19.436,13.799,0.032506563496018444,0.010416666666666668,0.001324978944375541,0.0035691232866309755,0.030457590491956035,0.04189332702140539,0.18571428571428572,0.9375,0.8,0.03248511099079589,46751175.0
152,Spain,2020-07-02,444.0,4.0,93.105,45.5,19.436,13.799,0.032506563496018444,0.010416666666666668,0.001324978944375541,0.0035691232866309755,0.030457590491956035,0.04189332702140539,0.18571428571428572,0.9375,0.8,0.03248511099079589,46751175.0
153,Spain,2020-07-03,442.0,17.0,93.105,45.5,19.436,13.799,0.032506563496018444,0.010416666666666668,0.001324978944375541,0.0035691232866309755,0.030457590491956035,0.04189332702140539,0.18571428571428572,0.9375,0.8,0.03248511099079589,46751175.0
154,Spain,2020-07-04,0.0,0.0,93.105,45.5,19.436,13.799,0.032506563496018444,0.010416666666666668,0.001324978944375541,0.0035691232866309755,0.030457590491956035,0.04189332702140539,0.18571428571428572,0.9375,0.8,0.03248511099079589,46751175.0
155,Spain,2020-07-05,0.0,0.0,93.105,45.5,19.436,13.799,0.032506563496018444,0.010416666666666668,0.001324978944375541,0.0035691232866309755,0.030457590491956035,0.04189332702140539,0.18571428571428572,0.9375,0.8,0.03248511099079589,46751175.0
156,Spain,2020-07-06,1244.0,3.0,93.105,45.5,19.436,13.799,0.032506563496018444,0.010416666666666668,0.001324978944375541,0.0035691232866309755,0.030457590491956035,0.04189332702140539,0.18571428571428572,0.9375,0.8,0.03248511099079589,46751175.0
157,Spain,2020-07-07,341.0,4.0,93.105,45.5,19.436,13.799,0.032506563496018444,0.010416666666666668,0.001324978944375541,0.0035691232866309755,0.030457590491956035,0.04189332702140539,0.18571428571428572,0.9375,0.8,0.03248511099079589,46751175.0
158,Spain,2020-07-08,383.0,4.0,93.105,45.5,19.436,13.799,0.032506563496018444,0.010416666666666668,0.001324978944375541,0.0035691232866309755,0.030457590491956035,0.04189332702140539,0.18571428571428572,0.9375,0.8,0.03248511099079589,46751175.0
159,Spain,2020-07-09,543.0,5.0,93.105,45.5,19.436,13.799,0.032506563496018444,0.010416666666666668,0.001324978944375541,0.0035691232866309755,0.030457590491956035,0.04189332702140539,0.18571428571428572,0.9375,0.8,0.03248511099079589,46751175.0
160,Spain,2020-07-10,852.0,2.0,93.105,45.5,19.436,13.799,0.032506563496018444,0.010416666666666668,0.001324978944375541,0.0035691232866309755,0.030457590491956035,0.04189332702140539,0.18571428571428572,0.9375,0.8,0.03248511099079589,46751175.0
161,Spain,2020-07-11,0.0,0.0,93.105,45.5,19.436,13.799,0.032506563496018444,0.010416666666666668,0.001324978944375541,0.0035691232866309755,0.030457590491956035,0.04189332702140539,0.18571428571428572,0.9375,0.8,0.03248511099079589,46751175.0
162,Spain,2020-07-12,0.0,0.0,93.105,45.5,19.436,13.799,0.032506563496018444,0.010416666666666668,0.001324978944375541,0.0035691232866309755,0.030457590491956035,0.04189332702140539,0.18571428571428572,0.9375,0.8,0.03248511099079589,46751175.0
163,Spain,2020-07-13,2045.0,3.0,93.105,45.5,19.436,13.799,0.032506563496018444,0.010416666666666668,0.001324978944375541,0.0035691232866309755,0.030457590491956035,0.04189332702140539,0.18571428571428572,0.9375,0.8,0.03248511099079589,46751175.0
164,Spain,2020-07-14,666.0,3.0,93.105,45.5,19.436,13.799,0.032506563496018444,0.010416666666666668,0.001324978944375541,0.0035691232866309755,0.030457590491956035,0.04189332702140539,0.18571428571428572,0.9375,0.8,0.03248511099079589,46751175.0
165,Spain,2020-07-15,875.0,4.0,93.105,45.5,19.436,13.799,0.032506563496018444,0.010416666666666668,0.001324978944375541,0.0035691232866309755,0.030457590491956035,0.04189332702140539,0.18571428571428572,0.9375,0.8,0.03248511099079589,46751175.0
166,Spain,2020-07-16,1361.0,3.0,93.105,45.5,19.436,13.799,0.032506563496018444,0.010416666666666668,0.001324978944375541,0.0035691232866309755,0.030457590491956035,0.04189332702140539,0.18571428571428572,0.9375,0.8,0.03248511099079589,46751175.0
167,Spain,2020-07-17,1400.0,4.0,93.105,45.5,19.436,13.799,0.032506563496018444,0.010416666666666668,0.001324978944375541,0.0035691232866309755,0.030457590491956035,0.04189332702140539,0.18571428571428572,0.9375,0.8,0.03248511099079589,46751175.0
168,Spain,2020-07-18,0.0,0.0,93.105,45.5,19.436,13.799,0.032506563496018444,0.010416666666666668,0.001324978944375541,0.0035691232866309755,0.030457590491956035,0.04189332702140539,0.18571428571428572,0.9375,0.8,0.03248511099079589,46751175.0
169,Spain,2020-07-19,0.0,0.0,93.105,45.5,19.436,13.799,0.032506563496018444,0.010416666666666668,0.001324978944375541,0.0035691232866309755,0.030457590491956035,0.04189332702140539,0.18571428571428572,0.9375,0.8,0.03248511099079589,46751175.0
170,Spain,2020-07-20,4581.0,2.0,93.105,45.5,19.436,13.799,0.032506563496018444,0.010416666666666668,0.001324978944375541,0.0035691232866309755,0.030457590491956035,0.04189332702140539,0.18571428571428572,0.9375,0.8,0.03248511099079589,46751175.0
171,Spain,2020-07-21,1358.0,2.0,93.105,45.5,19.436,13.799,0.032506563496018444,0.010416666666666668,0.001324978944375541,0.0035691232866309755,0.030457590491956035,0.04189332702140539,0.18571428571428572,0.9375,0.8,0.03248511099079589,46751175.0
172,Spain,2020-07-22,1357.0,2.0,93.105,45.5,19.436,13.799,0.032506563496018444,0.010416666666666668,0.001324978944375541,0.0035691232866309755,0.030457590491956035,0.04189332702140539,0.18571428571428572,0.9375,0.8,0.03248511099079589,46751175.0
173,Spain,2020-07-23,2615.0,3.0,93.105,45.5,19.436,13.799,0.032506563496018444,0.010416666666666668,0.001324978944375541,0.0035691232866309755,0.030457590491956035,0.04189332702140539,0.18571428571428572,0.9375,0.8,0.03248511099079589,46751175.0
174,Spain,2020-07-24,2255.0,3.0,93.105,45.5,19.436,13.799,0.032506563496018444,0.010416666666666668,0.001324978944375541,0.0035691232866309755,0.030457590491956035,0.04189332702140539,0.18571428571428572,0.9375,0.8,0.03248511099079589,46751175.0
175,Spain,2020-07-25,0.0,0.0,93.105,45.5,19.436,13.799,0.032506563496018444,0.010416666666666668,0.001324978944375541,0.0035691232866309755,0.030457590491956035,0.04189332702140539,0.18571428571428572,0.9375,0.8,0.03248511099079589,46751175.0
176,Spain,2020-07-26,0.0,0.0,93.105,45.5,19.436,13.799,0.032506563496018444,0.010416666666666668,0.001324978944375541,0.0035691232866309755,0.030457590491956035,0.04189332702140539,0.18571428571428572,0.9375,0.8,0.03248511099079589,46751175.0
177,Spain,2020-07-27,6361.0,2.0,93.105,45.5,19.436,13.799,0.032506563496018444,0.010416666666666668,0.001324978944375541,0.0035691232866309755,0.030457590491956035,0.04189332702140539,0.18571428571428572,0.9375,0.8,0.03248511099079589,46751175.0
178,Spain,2020-07-28,1828.0,2.0,93.105,45.5,19.436,13.799,0.032506563496018444,0.010416666666666668,0.001324978944375541,0.0035691232866309755,0.030457590491956035,0.04189332702140539,0.18571428571428572,0.9375,0.8,0.03248511099079589,46751175.0
179,Spain,2020-07-29,2031.0,5.0,93.105,45.5,19.436,13.799,0.032506563496018444,0.010416666666666668,0.001324978944375541,0.0035691232866309755,0.030457590491956035,0.04189332702140539,0.18571428571428572,0.9375,0.8,0.03248511099079589,46751175.0
180,Spain,2020-07-30,2789.0,2.0,93.105,45.5,19.436,13.799,0.032506563496018444,0.010416666666666668,0.001324978944375541,0.0035691232866309755,0.030457590491956035,0.04189332702140539,0.18571428571428572,0.9375,0.8,0.03248511099079589,46751175.0
181,Spain,2020-07-31,3092.0,2.0,93.105,45.5,19.436,13.799,0.032506563496018444,0.010416666666666668,0.001324978944375541,0.0035691232866309755,0.030457590491956035,0.04189332702140539,0.18571428571428572,0.9375,0.8,0.03248511099079589,46751175.0
182,Spain,2020-08-01,0.0,0.0,93.105,45.5,19.436,13.799,0.032506563496018444,0.010416666666666668,0.001324978944375541,0.0035691232866309755,0.030457590491956035,0.04189332702140539,0.18571428571428572,0.9375,0.8,0.03248511099079589,46751175.0
183,Spain,2020-08-02,0.0,0.0,93.105,45.5,19.436,13.799,0.032506563496018444,0.010416666666666668,0.001324978944375541,0.0035691232866309755,0.030457590491956035,0.04189332702140539,0.18571428571428572,0.9375,0.8,0.03248511099079589,46751175.0
184,Spain,2020-08-03,8532.0,27.0,93.105,45.5,19.436,13.799,0.032506563496018444,0.010416666666666668,0.001324978944375541,0.0035691232866309755,0.030457590491956035,0.04189332702140539,0.18571428571428572,0.9375,0.8,0.03248511099079589,46751175.0
185,Spain,2020-08-04,5760.0,26.0,93.105,45.5,19.436,13.799,0.032506563496018444,0.010416666666666668,0.001324978944375541,0.0035691232866309755,0.030457590491956035,0.04189332702140539,0.18571428571428572,0.9375,0.8,0.03248511099079589,46751175.0
186,Spain,2020-08-05,2953.0,1.0,93.105,45.5,19.436,13.799,0.032506563496018444,0.010416666666666668,0.001324978944375541,0.0035691232866309755,0.030457590491956035,0.04189332702140539,0.18571428571428572,0.9375,0.8,0.03248511099079589,46751175.0
187,Spain,2020-08-06,4088.0,1.0,93.105,45.5,19.436,13.799,0.032506563496018444,0.010416666666666668,0.001324978944375541,0.0035691232866309755,0.030457590491956035,0.04189332702140539,0.18571428571428572,0.9375,0.8,0.03248511099079589,46751175.0
188,Spain,2020-08-07,4507.0,3.0,93.105,45.5,19.436,13.799,0.032506563496018444,0.010416666666666668,0.001324978944375541,0.0035691232866309755,0.030457590491956035,0.04189332702140539,0.18571428571428572,0.9375,0.8,0.03248511099079589,46751175.0
189,Spain,2020-08-08,0.0,0.0,93.105,45.5,19.436,13.799,0.032506563496018444,0.010416666666666668,0.001324978944375541,0.0035691232866309755,0.030457590491956035,0.04189332702140539,0.18571428571428572,0.9375,0.8,0.03248511099079589,46751175.0
190,Spain,2020-08-09,0.0,0.0,93.105,45.5,19.436,13.799,0.032506563496018444,0.010416666666666668,0.001324978944375541,0.0035691232866309755,0.030457590491956035,0.04189332702140539,0.18571428571428572,0.9375,0.8,0.03248511099079589,46751175.0
191,Spain,2020-08-10,8618.0,73.0,93.105,45.5,19.436,13.799,0.032506563496018444,0.010416666666666668,0.001324978944375541,0.0035691232866309755,0.030457590491956035,0.04189332702140539,0.18571428571428572,0.9375,0.8,0.03248511099079589,46751175.0
192,Spain,2020-08-11,3632.0,5.0,93.105,45.5,19.436,13.799,0.032506563496018444,0.010416666666666668,0.001324978944375541,0.0035691232866309755,0.030457590491956035,0.04189332702140539,0.18571428571428572,0.9375,0.8,0.03248511099079589,46751175.0
193,Spain,2020-08-12,3172.0,0.0,93.105,45.5,19.436,13.799,0.032506563496018444,0.010416666666666668,0.001324978944375541,0.0035691232866309755,0.030457590491956035,0.04189332702140539,0.18571428571428572,0.9375,0.8,0.03248511099079589,46751175.0
194,Spain,2020-08-13,7550.0,26.0,93.105,45.5,19.436,13.799,0.032506563496018444,0.010416666666666668,0.001324978944375541,0.0035691232866309755,0.030457590491956035,0.04189332702140539,0.18571428571428572,0.9375,0.8,0.03248511099079589,46751175.0
195,Spain,2020-08-14,5479.0,12.0,93.105,45.5,19.436,13.799,0.032506563496018444,0.010416666666666668,0.001324978944375541,0.0035691232866309755,0.030457590491956035,0.04189332702140539,0.18571428571428572,0.9375,0.8,0.03248511099079589,46751175.0
196,Spain,2020-08-15,0.0,0.0,93.105,45.5,19.436,13.799,0.032506563496018444,0.010416666666666668,0.001324978944375541,0.0035691232866309755,0.030457590491956035,0.04189332702140539,0.18571428571428572,0.9375,0.8,0.03248511099079589,46751175.0
197,Spain,2020-08-16,0.0,0.0,93.105,45.5,19.436,13.799,0.032506563496018444,0.010416666666666668,0.001324978944375541,0.0035691232866309755,0.030457590491956035,0.04189332702140539,0.18571428571428572,0.9375,0.8,0.03248511099079589,46751175.0
198,Spain,2020-08-17,16269.0,29.0,93.105,45.5,19.436,13.799,0.032506563496018444,0.010416666666666668,0.001324978944375541,0.0035691232866309755,0.030457590491956035,0.04189332702140539,0.18571428571428572,0.9375,0.8,0.03248511099079589,46751175.0
199,Spain,2020-08-18,5114.0,24.0,93.105,45.5,19.436,13.799,0.032506563496018444,0.010416666666666668,0.001324978944375541,0.0035691232866309755,0.030457590491956035,0.04189332702140539,0.18571428571428572,0.9375,0.8,0.03248511099079589,46751175.0
200,Spain,2020-08-19,6671.0,127.0,93.105,45.5,19.436,13.799,0.032506563496018444,0.010416666666666668,0.001324978944375541,0.0035691232866309755,0.030457590491956035,0.04189332702140539,0.18571428571428572,0.9375,0.8,0.03248511099079589,46751175.0
201,Spain,2020-08-20,7039.0,16.0,93.105,45.5,19.436,13.799,0.032506563496018444,0.010416666666666668,0.001324978944375541,0.0035691232866309755,0.030457590491956035,0.04189332702140539,0.18571428571428572,0.9375,0.8,0.03248511099079589,46751175.0
202,Spain,2020-08-21,8148.0,25.0,93.105,45.5,19.436,13.799,0.032506563496018444,0.010416666666666668,0.001324978944375541,0.0035691232866309755,0.030457590491956035,0.04189332702140539,0.18571428571428572,0.9375,0.8,0.03248511099079589,46751175.0
203,Spain,2020-08-22,0.0,0.0,93.105,45.5,19.436,13.799,0.032506563496018444,0.010416666666666668,0.001324978944375541,0.0035691232866309755,0.030457590491956035,0.04189332702140539,0.18571428571428572,0.9375,0.8,0.03248511099079589,46751175.0
204,Spain,2020-08-23,0.0,0.0,93.105,45.5,19.436,13.799,0.032506563496018444,0.010416666666666668,0.001324978944375541,0.0035691232866309755,0.030457590491956035,0.04189332702140539,0.18571428571428572,0.9375,0.8,0.03248511099079589,46751175.0
205,Spain,2020-08-24,19382.0,34.0,93.105,45.5,19.436,13.799,0.032506563496018444,0.010416666666666668,0.001324978944375541,0.0035691232866309755,0.030457590491956035,0.04189332702140539,0.18571428571428572,0.9375,0.8,0.03248511099079589,46751175.0
206,Spain,2020-08-25,7117.0,52.0,93.105,45.5,19.436,13.799,0.032506563496018444,0.010416666666666668,0.001324978944375541,0.0035691232866309755,0.030457590491956035,0.04189332702140539,0.18571428571428572,0.9375,0.8,0.03248511099079589,46751175.0
207,Spain,2020-08-26,7296.0,47.0,93.105,45.5,19.436,13.799,0.032506563496018444,0.010416666666666668,0.001324978944375541,0.0035691232866309755,0.030457590491956035,0.04189332702140539,0.18571428571428572,0.9375,0.8,0.03248511099079589,46751175.0
208,Spain,2020-08-27,9658.0,25.0,93.105,45.5,19.436,13.799,0.032506563496018444,0.010416666666666668,0.001324978944375541,0.0035691232866309755,0.030457590491956035,0.04189332702140539,0.18571428571428572,0.9375,0.8,0.03248511099079589,46751175.0
209,Spain,2020-08-28,9779.0,15.0,93.105,45.5,19.436,13.799,0.032506563496018444,0.010416666666666668,0.001324978944375541,0.0035691232866309755,0.030457590491956035,0.04189332702140539,0.18571428571428572,0.9375,0.8,0.03248511099079589,46751175.0
210,Spain,2020-08-29,0.0,0.0,93.105,45.5,19.436,13.799,0.032506563496018444,0.010416666666666668,0.001324978944375541,0.0035691232866309755,0.030457590491956035,0.04189332702140539,0.18571428571428572,0.9375,0.8,0.03248511099079589,46751175.0
211,Spain,2020-08-30,0.0,0.0,93.105,45.5,19.436,13.799,0.032506563496018444,0.010416666666666668,0.001324978944375541,0.0035691232866309755,0.030457590491956035,0.04189332702140539,0.18571428571428572,0.9375,0.8,0.03248511099079589,46751175.0
212,Spain,2020-08-31,23572.0,83.0,93.105,45.5,19.436,13.799,0.032506563496018444,0.010416666666666668,0.001324978944375541,0.0035691232866309755,0.030457590491956035,0.04189332702140539,0.18571428571428572,0.9375,0.8,0.03248511099079589,46751175.0
213,Spain,2020-09-01,8115.0,58.0,93.105,45.5,19.436,13.799,0.032506563496018444,0.010416666666666668,0.001324978944375541,0.0035691232866309755,0.030457590491956035,0.04189332702140539,0.18571428571428572,0.9375,0.8,0.03248511099079589,46751175.0
214,Spain,2020-09-02,8581.0,42.0,93.105,45.5,19.436,13.799,0.032506563496018444,0.010416666666666668,0.001324978944375541,0.0035691232866309755,0.030457590491956035,0.04189332702140539,0.18571428571428572,0.9375,0.8,0.03248511099079589,46751175.0
215,Spain,2020-09-03,8959.0,40.0,93.105,45.5,19.436,13.799,0.032506563496018444,0.010416666666666668,0.001324978944375541,0.0035691232866309755,0.030457590491956035,0.04189332702140539,0.18571428571428572,0.9375,0.8,0.03248511099079589,46751175.0
216,Spain,2020-09-04,10476.0,184.0,93.105,45.5,19.436,13.799,0.032506563496018444,0.010416666666666668,0.001324978944375541,0.0035691232866309755,0.030457590491956035,0.04189332702140539,0.18571428571428572,0.9375,0.8,0.03248511099079589,46751175.0
217,Spain,2020-09-05,0.0,0.0,93.105,45.5,19.436,13.799,0.032506563496018444,0.010416666666666668,0.001324978944375541,0.0035691232866309755,0.030457590491956035,0.04189332702140539,0.18571428571428572,0.9375,0.8,0.03248511099079589,46751175.0
218,Spain,2020-09-06,0.0,0.0,93.105,45.5,19.436,13.799,0.032506563496018444,0.010416666666666668,0.001324978944375541,0.0035691232866309755,0.030457590491956035,0.04189332702140539,0.18571428571428572,0.9375,0.8,0.03248511099079589,46751175.0
219,Spain,2020-09-07,26560.0,98.0,93.105,45.5,19.436,13.799,0.032506563496018444,0.010416666666666668,0.001324978944375541,0.0035691232866309755,0.030457590491956035,0.04189332702140539,0.18571428571428572,0.9375,0.8,0.03248511099079589,46751175.0
220,Spain,2020-09-08,8964.0,78.0,93.105,45.5,19.436,13.799,0.032506563496018444,0.010416666666666668,0.001324978944375541,0.0035691232866309755,0.030457590491956035,0.04189332702140539,0.18571428571428572,0.9375,0.8,0.03248511099079589,46751175.0
221,Spain,2020-09-09,8866.0,34.0,93.105,45.5,19.436,13.799,0.032506563496018444,0.010416666666666668,0.001324978944375541,0.0035691232866309755,0.030457590491956035,0.04189332702140539,0.18571428571428572,0.9375,0.8,0.03248511099079589,46751175.0
222,Spain,2020-09-10,10764.0,71.0,93.105,45.5,19.436,13.799,0.032506563496018444,0.010416666666666668,0.001324978944375541,0.0035691232866309755,0.030457590491956035,0.04189332702140539,0.18571428571428572,0.9375,0.8,0.03248511099079589,46751175.0
223,Spain,2020-09-11,12183.0,48.0,93.105,45.5,19.436,13.799,0.032506563496018444,0.010416666666666668,0.001324978944375541,0.0035691232866309755,0.030457590491956035,0.04189332702140539,0.18571428571428572,0.9375,0.8,0.03248511099079589,46751175.0
224,Spain,2020-09-12,0.0,0.0,93.105,45.5,19.436,13.799,0.032506563496018444,0.010416666666666668,0.001324978944375541,0.0035691232866309755,0.030457590491956035,0.04189332702140539,0.18571428571428572,0.9375,0.8,0.03248511099079589,46751175.0
225,Spain,2020-09-13,0.0,0.0,93.105,45.5,19.436,13.799,0.032506563496018444,0.010416666666666668,0.001324978944375541,0.0035691232866309755,0.030457590491956035,0.04189332702140539,0.18571428571428572,0.9375,0.8,0.03248511099079589,46751175.0
226,Spain,2020-09-14,27404.0,101.0,93.105,45.5,19.436,13.799,0.032506563496018444,0.010416666666666668,0.001324978944375541,0.0035691232866309755,0.030457590491956035,0.04189332702140539,0.18571428571428572,0.9375,0.8,0.03248511099079589,46751175.0
227,Spain,2020-09-15,9437.0,156.0,93.105,45.5,19.436,13.799,0.032506563496018444,0.010416666666666668,0.001324978944375541,0.0035691232866309755,0.030457590491956035,0.04189332702140539,0.18571428571428572,0.9375,0.8,0.03248511099079589,46751175.0
228,Spain,2020-09-16,11193.0,239.0,93.105,45.5,19.436,13.799,0.032506563496018444,0.010416666666666668,0.001324978944375541,0.0035691232866309755,0.030457590491956035,0.04189332702140539,0.18571428571428572,0.9375,0.8,0.03248511099079589,46751175.0
229,Spain,2020-09-17,11291.0,162.0,93.105,45.5,19.436,13.799,0.032506563496018444,0.010416666666666668,0.001324978944375541,0.0035691232866309755,0.030457590491956035,0.04189332702140539,0.18571428571428572,0.9375,0.8,0.03248511099079589,46751175.0
230,Spain,2020-09-18,14389.0,90.0,93.105,45.5,19.436,13.799,0.032506563496018444,0.010416666666666668,0.001324978944375541,0.0035691232866309755,0.030457590491956035,0.04189332702140539,0.18571428571428572,0.9375,0.8,0.03248511099079589,46751175.0
231,Spain,2020-09-19,0.0,0.0,93.105,45.5,19.436,13.799,0.032506563496018444,0.010416666666666668,0.001324978944375541,0.0035691232866309755,0.030457590491956035,0.04189332702140539,0.18571428571428572,0.9375,0.8,0.03248511099079589,46751175.0
232,Spain,2020-09-20,0.0,0.0,93.105,45.5,19.436,13.799,0.032506563496018444,0.010416666666666668,0.001324978944375541,0.0035691232866309755,0.030457590491956035,0.04189332702140539,0.18571428571428572,0.9375,0.8,0.03248511099079589,46751175.0
233,Spain,2020-09-21,31428.0,168.0,93.105,45.5,19.436,13.799,0.032506563496018444,0.010416666666666668,0.001324978944375541,0.0035691232866309755,0.030457590491956035,0.04189332702140539,0.18571428571428572,0.9375,0.8,0.03248511099079589,46751175.0
234,Spain,2020-09-22,10799.0,241.0,93.105,45.5,19.436,13.799,0.032506563496018444,0.010416666666666668,0.001324978944375541,0.0035691232866309755,0.030457590491956035,0.04189332702140539,0.18571428571428572,0.9375,0.8,0.03248511099079589,46751175.0
235,Spain,2020-09-23,11289.0,130.0,93.105,45.5,19.436,13.799,0.032506563496018444,0.010416666666666668,0.001324978944375541,0.0035691232866309755,0.030457590491956035,0.04189332702140539,0.18571428571428572,0.9375,0.8,0.03248511099079589,46751175.0
236,Spain,2020-09-24,10653.0,84.0,93.105,45.5,19.436,13.799,0.032506563496018444,0.010416666666666668,0.001324978944375541,0.0035691232866309755,0.030457590491956035,0.04189332702140539,0.18571428571428572,0.9375,0.8,0.03248511099079589,46751175.0
237,Spain,2020-09-25,12272.0,114.0,93.105,45.5,19.436,13.799,0.032506563496018444,0.010416666666666668,0.001324978944375541,0.0035691232866309755,0.030457590491956035,0.04189332702140539,0.18571428571428572,0.9375,0.8,0.03248511099079589,46751175.0
238,Spain,2020-09-26,0.0,0.0,93.105,45.5,19.436,13.799,0.032506563496018444,0.010416666666666668,0.001324978944375541,0.0035691232866309755,0.030457590491956035,0.04189332702140539,0.18571428571428572,0.9375,0.8,0.03248511099079589,46751175.0
239,Spain,2020-09-27,0.0,0.0,93.105,45.5,19.436,13.799,0.032506563496018444,0.010416666666666668,0.001324978944375541,0.0035691232866309755,0.030457590491956035,0.04189332702140539,0.18571428571428572,0.9375,0.8,0.03248511099079589,46751175.0
240,Spain,2020-09-28,31785.0,179.0,93.105,45.5,19.436,13.799,0.032506563496018444,0.010416666666666668,0.001324978944375541,0.0035691232866309755,0.030457590491956035,0.04189332702140539,0.18571428571428572,0.9375,0.8,0.03248511099079589,46751175.0
241,Spain,2020-09-29,0.0,0.0,93.105,45.5,19.436,13.799,0.032506563496018444,0.010416666666666668,0.001324978944375541,0.0035691232866309755,0.030457590491956035,0.04189332702140539,0.18571428571428572,0.9375,0.8,0.03248511099079589,46751175.0
242,Spain,2020-09-30,20922.0,380.0,93.105,45.5,19.436,13.799,0.032506563496018444,0.010416666666666668,0.001324978944375541,0.0035691232866309755,0.030457590491956035,0.04189332702140539,0.18571428571428572,0.9375,0.8,0.03248511099079589,46751175.0
243,Spain,2020-10-01,9419.0,182.0,93.105,45.5,19.436,13.799,0.032506563496018444,0.010416666666666668,0.001324978944375541,0.0035691232866309755,0.030457590491956035,0.04189332702140539,0.18571428571428572,0.9375,0.8,0.03248511099079589,46751175.0
244,Spain,2020-10-02,11325.0,113.0,93.105,45.5,19.436,13.799,0.032506563496018444,0.010416666666666668,0.001324978944375541,0.0035691232866309755,0.030457590491956035,0.04189332702140539,0.18571428571428572,0.9375,0.8,0.03248511099079589,46751175.0
245,Spain,2020-10-03,0.0,0.0,93.105,45.5,19.436,13.799,0.032506563496018444,0.010416666666666668,0.001324978944375541,0.0035691232866309755,0.030457590491956035,0.04189332702140539,0.18571428571428572,0.9375,0.8,0.03248511099079589,46751175.0
246,Spain,2020-10-04,0.0,0.0,93.105,45.5,19.436,13.799,0.032506563496018444,0.010416666666666668,0.001324978944375541,0.0035691232866309755,0.030457590491956035,0.04189332702140539,0.18571428571428572,0.9375,0.8,0.03248511099079589,46751175.0
247,Spain,2020-10-05,23480.0,139.0,93.105,45.5,19.436,13.799,0.032506563496018444,0.010416666666666668,0.001324978944375541,0.0035691232866309755,0.030457590491956035,0.04189332702140539,0.18571428571428572,0.9375,0.8,0.03248511099079589,46751175.0
248,Spain,2020-10-06,11998.0,261.0,93.105,45.5,19.436,13.799,0.032506563496018444,0.010416666666666668,0.001324978944375541,0.0035691232866309755,0.030457590491956035,0.04189332702140539,0.18571428571428572,0.9375,0.8,0.03248511099079589,46751175.0
249,Spain,2020-10-07,10491.0,76.0,93.105,45.5,19.436,13.799,0.032506563496018444,0.010416666666666668,0.001324978944375541,0.0035691232866309755,0.030457590491956035,0.04189332702140539,0.18571428571428572,0.9375,0.8,0.03248511099079589,46751175.0
250,Spain,2020-10-08,12423.0,126.0,93.105,45.5,19.436,13.799,0.032506563496018444,0.010416666666666668,0.001324978944375541,0.0035691232866309755,0.030457590491956035,0.04189332702140539,0.18571428571428572,0.9375,0.8,0.03248511099079589,46751175.0
251,Spain,2020-10-09,12788.0,241.0,93.105,45.5,19.436,13.799,0.032506563496018444,0.010416666666666668,0.001324978944375541,0.0035691232866309755,0.030457590491956035,0.04189332702140539,0.18571428571428572,0.9375,0.8,0.03248511099079589,46751175.0
252,Spain,2020-10-10,0.0,0.0,93.105,45.5,19.436,13.799,0.032506563496018444,0.010416666666666668,0.001324978944375541,0.0035691232866309755,0.030457590491956035,0.04189332702140539,0.18571428571428572,0.9375,0.8,0.03248511099079589,46751175.0
253,Spain,2020-10-11,0.0,0.0,93.105,45.5,19.436,13.799,0.032506563496018444,0.010416666666666668,0.001324978944375541,0.0035691232866309755,0.030457590491956035,0.04189332702140539,0.18571428571428572,0.9375,0.8,0.03248511099079589,46751175.0
254,Spain,2020-10-12,27856.0,195.0,93.105,45.5,19.436,13.799,0.032506563496018444,0.010416666666666668,0.001324978944375541,0.0035691232866309755,0.030457590491956035,0.04189332702140539,0.18571428571428572,0.9375,0.8,0.03248511099079589,46751175.0
255,Spain,2020-10-13,7118.0,80.0,93.105,45.5,19.436,13.799,0.032506563496018444,0.010416666666666668,0.001324978944375541,0.0035691232866309755,0.030457590491956035,0.04189332702140539,0.18571428571428572,0.9375,0.8,0.03248511099079589,46751175.0
256,Spain,2020-10-14,11970.0,209.0,93.105,45.5,19.436,13.799,0.032506563496018444,0.010416666666666668,0.001324978944375541,0.0035691232866309755,0.030457590491956035,0.04189332702140539,0.18571428571428572,0.9375,0.8,0.03248511099079589,46751175.0
257,Spain,2020-10-15,13318.0,140.0,93.105,45.5,19.436,13.799,0.032506563496018444,0.010416666666666668,0.001324978944375541,0.0035691232866309755,0.030457590491956035,0.04189332702140539,0.18571428571428572,0.9375,0.8,0.03248511099079589,46751175.0
258,Spain,2020-10-16,15186.0,222.0,93.105,45.5,19.436,13.799,0.032506563496018444,0.010416666666666668,0.001324978944375541,0.0035691232866309755,0.030457590491956035,0.04189332702140539,0.18571428571428572,0.9375,0.8,0.03248511099079589,46751175.0
259,Spain,2020-10-17,0.0,0.0,93.105,45.5,19.436,13.799,0.032506563496018444,0.010416666666666668,0.001324978944375541,0.0035691232866309755,0.030457590491956035,0.04189332702140539,0.18571428571428572,0.9375,0.8,0.03248511099079589,46751175.0
260,Spain,2020-10-18,0.0,0.0,93.105,45.5,19.436,13.799,0.032506563496018444,0.010416666666666668,0.001324978944375541,0.0035691232866309755,0.030457590491956035,0.04189332702140539,0.18571428571428572,0.9375,0.8,0.03248511099079589,46751175.0
261,Spain,2020-10-19,37889.0,217.0,93.105,45.5,19.436,13.799,0.032506563496018444,0.010416666666666668,0.001324978944375541,0.0035691232866309755,0.030457590491956035,0.04189332702140539,0.18571428571428572,0.9375,0.8,0.03248511099079589,46751175.0
262,Spain,2020-10-20,13873.0,218.0,93.105,45.5,19.436,13.799,0.032506563496018444,0.010416666666666668,0.001324978944375541,0.0035691232866309755,0.030457590491956035,0.04189332702140539,0.18571428571428572,0.9375,0.8,0.03248511099079589,46751175.0
263,Spain,2020-10-21,16973.0,156.0,93.105,45.5,19.436,13.799,0.032506563496018444,0.010416666666666668,0.001324978944375541,0.0035691232866309755,0.030457590491956035,0.04189332702140539,0.18571428571428572,0.9375,0.8,0.03248511099079589,46751175.0
264,Spain,2020-10-22,20986.0,155.0,93.105,45.5,19.436,13.799,0.032506563496018444,0.010416666666666668,0.001324978944375541,0.0035691232866309755,0.030457590491956035,0.04189332702140539,0.18571428571428572,0.9375,0.8,0.03248511099079589,46751175.0
265,Spain,2020-10-23,19851.0,231.0,93.105,45.5,19.436,13.799,0.032506563496018444,0.010416666666666668,0.001324978944375541,0.0035691232866309755,0.030457590491956035,0.04189332702140539,0.18571428571428572,0.9375,0.8,0.03248511099079589,46751175.0
266,Spain,2020-10-24,0.0,0.0,93.105,45.5,19.436,13.799,0.032506563496018444,0.010416666666666668,0.001324978944375541,0.0035691232866309755,0.030457590491956035,0.04189332702140539,0.18571428571428572,0.9375,0.8,0.03248511099079589,46751175.0
267,Spain,2020-10-25,0.0,0.0,93.105,45.5,19.436,13.799,0.032506563496018444,0.010416666666666668,0.001324978944375541,0.0035691232866309755,0.030457590491956035,0.04189332702140539,0.18571428571428572,0.9375,0.8,0.03248511099079589,46751175.0
268,Spain,2020-10-26,52188.0,279.0,93.105,45.5,19.436,13.799,0.032506563496018444,0.010416666666666668,0.001324978944375541,0.0035691232866309755,0.030457590491956035,0.04189332702140539,0.18571428571428572,0.9375,0.8,0.03248511099079589,46751175.0
269,Spain,2020-10-27,18418.0,267.0,93.105,45.5,19.436,13.799,0.032506563496018444,0.010416666666666668,0.001324978944375541,0.0035691232866309755,0.030457590491956035,0.04189332702140539,0.18571428571428572,0.9375,0.8,0.03248511099079589,46751175.0
270,Spain,2020-10-28,19765.0,168.0,93.105,45.5,19.436,13.799,0.032506563496018444,0.010416666666666668,0.001324978944375541,0.0035691232866309755,0.030457590491956035,0.04189332702140539,0.18571428571428572,0.9375,0.8,0.03248511099079589,46751175.0
271,Spain,2020-10-29,23580.0,173.0,93.105,45.5,19.436,13.799,0.032506563496018444,0.010416666666666668,0.001324978944375541,0.0035691232866309755,0.030457590491956035,0.04189332702140539,0.18571428571428572,0.9375,0.8,0.03248511099079589,46751175.0
272,Spain,2020-10-30,25595.0,239.0,93.105,45.5,19.436,13.799,0.032506563496018444,0.010416666666666668,0.001324978944375541,0.0035691232866309755,0.030457590491956035,0.04189332702140539,0.18571428571428572,0.9375,0.8,0.03248511099079589,46751175.0
273,Spain,2020-10-31,0.0,0.0,93.105,45.5,19.436,13.799,0.032506563496018444,0.010416666666666668,0.001324978944375541,0.0035691232866309755,0.030457590491956035,0.04189332702140539,0.18571428571428572,0.9375,0.8,0.03248511099079589,46751175.0
274,Spain,2020-11-01,0.0,0.0,93.105,45.5,19.436,13.799,0.032506563496018444,0.010416666666666668,0.001324978944375541,0.0035691232866309755,0.030457590491956035,0.04189332702140539,0.18571428571428572,0.9375,0.8,0.03248511099079589,46751175.0
275,Spain,2020-11-02,55019.0,379.0,93.105,45.5,19.436,13.799,0.032506563496018444,0.010416666666666668,0.001324978944375541,0.0035691232866309755,0.030457590491956035,0.04189332702140539,0.18571428571428572,0.9375,0.8,0.03248511099079589,46751175.0
276,Spain,2020-11-03,18669.0,238.0,93.105,45.5,19.436,13.799,0.032506563496018444,0.010416666666666668,0.001324978944375541,0.0035691232866309755,0.030457590491956035,0.04189332702140539,0.18571428571428572,0.9375,0.8,0.03248511099079589,46751175.0
277,Spain,2020-11-04,25042.0,1623.0,93.105,45.5,19.436,13.799,0.032506563496018444,0.010416666666666668,0.001324978944375541,0.0035691232866309755,0.030457590491956035,0.04189332702140539,0.18571428571428572,0.9375,0.8,0.03248511099079589,46751175.0
278,Spain,2020-11-05,21908.0,368.0,93.105,45.5,19.436,13.799,0.032506563496018444,0.010416666666666668,0.001324978944375541,0.0035691232866309755,0.030457590491956035,0.04189332702140539,0.18571428571428572,0.9375,0.8,0.03248511099079589,46751175.0
279,Spain,2020-11-06,22516.0,347.0,93.105,45.5,19.436,13.799,0.032506563496018444,0.010416666666666668,0.001324978944375541,0.0035691232866309755,0.030457590491956035,0.04189332702140539,0.18571428571428572,0.9375,0.8,0.03248511099079589,46751175.0
280,Spain,2020-11-07,0.0,0.0,93.105,45.5,19.436,13.799,0.032506563496018444,0.010416666666666668,0.001324978944375541,0.0035691232866309755,0.030457590491956035,0.04189332702140539,0.18571428571428572,0.9375,0.8,0.03248511099079589,46751175.0
281,Spain,2020-11-08,0.0,0.0,93.105,45.5,19.436,13.799,0.032506563496018444,0.010416666666666668,0.001324978944375541,0.0035691232866309755,0.030457590491956035,0.04189332702140539,0.18571428571428572,0.9375,0.8,0.03248511099079589,46751175.0
282,Spain,2020-11-09,52386.0,512.0,93.105,45.5,19.436,13.799,0.032506563496018444,0.010416666666666668,0.001324978944375541,0.0035691232866309755,0.030457590491956035,0.04189332702140539,0.18571428571428572,0.9375,0.8,0.03248511099079589,46751175.0
283,Spain,2020-11-10,0.0,0.0,93.105,45.5,19.436,13.799,0.032506563496018444,0.010416666666666668,0.001324978944375541,0.0035691232866309755,0.030457590491956035,0.04189332702140539,0.18571428571428572,0.9375,0.8,0.03248511099079589,46751175.0
284,Spain,2020-11-11,36491.0,760.0,93.105,45.5,19.436,13.799,0.032506563496018444,0.010416666666666668,0.001324978944375541,0.0035691232866309755,0.030457590491956035,0.04189332702140539,0.18571428571428572,0.9375,0.8,0.03248511099079589,46751175.0
285,Spain,2020-11-12,19511.0,356.0,93.105,45.5,19.436,13.799,0.032506563496018444,0.010416666666666668,0.001324978944375541,0.0035691232866309755,0.030457590491956035,0.04189332702140539,0.18571428571428572,0.9375,0.8,0.03248511099079589,46751175.0
286,Spain,2020-11-13,21371.0,308.0,93.105,45.5,19.436,13.799,0.032506563496018444,0.010416666666666668,0.001324978944375541,0.0035691232866309755,0.030457590491956035,0.04189332702140539,0.18571428571428572,0.9375,0.8,0.03248511099079589,46751175.0
287,Spain,2020-11-14,0.0,0.0,93.105,45.5,19.436,13.799,0.032506563496018444,0.010416666666666668,0.001324978944375541,0.0035691232866309755,0.030457590491956035,0.04189332702140539,0.18571428571428572,0.9375,0.8,0.03248511099079589,46751175.0
288,Spain,2020-11-15,0.0,0.0,93.105,45.5,19.436,13.799,0.032506563496018444,0.010416666666666668,0.001324978944375541,0.0035691232866309755,0.030457590491956035,0.04189332702140539,0.18571428571428572,0.9375,0.8,0.03248511099079589,46751175.0
289,Spain,2020-11-16,38273.0,484.0,93.105,45.5,19.436,13.799,0.032506563496018444,0.010416666666666668,0.001324978944375541,0.0035691232866309755,0.030457590491956035,0.04189332702140539,0.18571428571428572,0.9375,0.8,0.03248511099079589,46751175.0
290,Spain,2020-11-17,13159.0,435.0,93.105,45.5,19.436,13.799,0.032506563496018444,0.010416666666666668,0.001324978944375541,0.0035691232866309755,0.030457590491956035,0.04189332702140539,0.18571428571428572,0.9375,0.8,0.03248511099079589,46751175.0
291,Spain,2020-11-18,15318.0,351.0,93.105,45.5,19.436,13.799,0.032506563496018444,0.010416666666666668,0.001324978944375541,0.0035691232866309755,0.030457590491956035,0.04189332702140539,0.18571428571428572,0.9375,0.8,0.03248511099079589,46751175.0
292,Spain,2020-11-19,16233.0,252.0,93.105,45.5,19.436,13.799,0.032506563496018444,0.010416666666666668,0.001324978944375541,0.0035691232866309755,0.030457590491956035,0.04189332702140539,0.18571428571428572,0.9375,0.8,0.03248511099079589,46751175.0
293,Spain,2020-11-20,15156.0,328.0,93.105,45.5,19.436,13.799,0.032506563496018444,0.010416666666666668,0.001324978944375541,0.0035691232866309755,0.030457590491956035,0.04189332702140539,0.18571428571428572,0.9375,0.8,0.03248511099079589,46751175.0
294,Spain,2020-11-21,0.0,0.0,93.105,45.5,19.436,13.799,0.032506563496018444,0.010416666666666668,0.001324978944375541,0.0035691232866309755,0.030457590491956035,0.04189332702140539,0.18571428571428572,0.9375,0.8,0.03248511099079589,46751175.0
295,Spain,2020-11-22,0.0,0.0,93.105,45.5,19.436,13.799,0.032506563496018444,0.010416666666666668,0.001324978944375541,0.0035691232866309755,0.030457590491956035,0.04189332702140539,0.18571428571428572,0.9375,0.8,0.03248511099079589,46751175.0
296,Spain,2020-11-23,25886.0,512.0,93.105,45.5,19.436,13.799,0.032506563496018444,0.010416666666666668,0.001324978944375541,0.0035691232866309755,0.030457590491956035,0.04189332702140539,0.18571428571428572,0.9375,0.8,0.03248511099079589,46751175.0
297,Spain,2020-11-24,12228.0,537.0,93.105,45.5,19.436,13.799,0.032506563496018444,0.010416666666666668,0.001324978944375541,0.0035691232866309755,0.030457590491956035,0.04189332702140539,0.18571428571428572,0.9375,0.8,0.03248511099079589,46751175.0
298,Spain,2020-11-25,10222.0,369.0,93.105,45.5,19.436,13.799,0.032506563496018444,0.010416666666666668,0.001324978944375541,0.0035691232866309755,0.030457590491956035,0.04189332702140539,0.18571428571428572,0.9375,0.8,0.03248511099079589,46751175.0
299,Spain,2020-11-26,12289.0,337.0,93.105,45.5,19.436,13.799,0.032506563496018444,0.010416666666666668,0.001324978944375541,0.0035691232866309755,0.030457590491956035,0.04189332702140539,0.18571428571428572,0.9375,0.8,0.03248511099079589,46751175.0
300,Spain,2020-11-27,10853.0,294.0,93.105,45.5,19.436,13.799,0.032506563496018444,0.010416666666666668,0.001324978944375541,0.0035691232866309755,0.030457590491956035,0.04189332702140539,0.18571428571428572,0.9375,0.8,0.03248511099079589,46751175.0
301,Spain,2020-11-28,0.0,0.0,93.105,45.5,19.436,13.799,0.032506563496018444,0.010416666666666668,0.001324978944375541,0.0035691232866309755,0.030457590491956035,0.04189332702140539,0.18571428571428572,0.9375,0.8,0.03248511099079589,46751175.0
302,Spain,2020-11-29,0.0,0.0,93.105,45.5,19.436,13.799,0.032506563496018444,0.010416666666666668,0.001324978944375541,0.0035691232866309755,0.030457590491956035,0.04189332702140539,0.18571428571428572,0.9375,0.8,0.03248511099079589,46751175.0
303,Spain,2020-11-30,19979.0,401.0,93.105,45.5,19.436,13.799,0.032506563496018444,0.010416666666666668,0.001324978944375541,0.0035691232866309755,0.030457590491956035,0.04189332702140539,0.18571428571428572,0.9375,0.8,0.03248511099079589,46751175.0
304,Spain,2020-12-01,8257.0,442.0,93.105,45.5,19.436,13.799,0.032506563496018444,0.010416666666666668,0.001324978944375541,0.0035691232866309755,0.030457590491956035,0.04189332702140539,0.18571428571428572,0.9375,0.8,0.03248511099079589,46751175.0
305,Spain,2020-12-02,9331.0,273.0,93.105,45.5,19.436,13.799,0.032506563496018444,0.010416666666666668,0.001324978944375541,0.0035691232866309755,0.030457590491956035,0.04189332702140539,0.18571428571428572,0.9375,0.8,0.03248511099079589,46751175.0
306,Spain,2020-12-03,10127.0,254.0,93.105,45.5,19.436,13.799,0.032506563496018444,0.010416666666666668,0.001324978944375541,0.0035691232866309755,0.030457590491956035,0.04189332702140539,0.18571428571428572,0.9375,0.8,0.03248511099079589,46751175.0
307,Spain,2020-12-04,8745.0,214.0,93.105,45.5,19.436,13.799,0.032506563496018444,0.010416666666666668,0.001324978944375541,0.0035691232866309755,0.030457590491956035,0.04189332702140539,0.18571428571428572,0.9375,0.8,0.03248511099079589,46751175.0
308,Spain,2020-12-05,0.0,0.0,93.105,45.5,19.436,13.799,0.032506563496018444,0.010416666666666668,0.001324978944375541,0.0035691232866309755,0.030457590491956035,0.04189332702140539,0.18571428571428572,0.9375,0.8,0.03248511099079589,46751175.0
309,Spain,2020-12-06,0.0,0.0,93.105,45.5,19.436,13.799,0.032506563496018444,0.010416666666666668,0.001324978944375541,0.0035691232866309755,0.030457590491956035,0.04189332702140539,0.18571428571428572,0.9375,0.8,0.03248511099079589,46751175.0
310,Spain,2020-12-07,17681.0,394.0,93.105,45.5,19.436,13.799,0.032506563496018444,0.010416666666666668,0.001324978944375541,0.0035691232866309755,0.030457590491956035,0.04189332702140539,0.18571428571428572,0.9375,0.8,0.03248511099079589,46751175.0
311,Spain,2020-12-08,0.0,0.0,93.105,45.5,19.436,13.799,0.032506563496018444,0.010416666666666668,0.001324978944375541,0.0035691232866309755,0.030457590491956035,0.04189332702140539,0.18571428571428572,0.9375,0.8,0.03248511099079589,46751175.0
312,Spain,2020-12-09,9773.0,373.0,93.105,45.5,19.436,13.799,0.032506563496018444,0.010416666666666668,0.001324978944375541,0.0035691232866309755,0.030457590491956035,0.04189332702140539,0.18571428571428572,0.9375,0.8,0.03248511099079589,46751175.0
313,Spain,2020-12-10,7955.0,325.0,93.105,45.5,19.436,13.799,0.032506563496018444,0.010416666666666668,0.001324978944375541,0.0035691232866309755,0.030457590491956035,0.04189332702140539,0.18571428571428572,0.9375,0.8,0.03248511099079589,46751175.0
314,Spain,2020-12-11,10519.0,280.0,93.105,45.5,19.436,13.799,0.032506563496018444,0.010416666666666668,0.001324978944375541,0.0035691232866309755,0.030457590491956035,0.04189332702140539,0.18571428571428572,0.9375,0.8,0.03248511099079589,46751175.0
315,Spain,2020-12-12,0.0,0.0,93.105,45.5,19.436,13.799,0.032506563496018444,0.010416666666666668,0.001324978944375541,0.0035691232866309755,0.030457590491956035,0.04189332702140539,0.18571428571428572,0.9375,0.8,0.03248511099079589,46751175.0
316,Spain,2020-12-13,0.0,0.0,93.105,45.5,19.436,13.799,0.032506563496018444,0.010416666666666668,0.001324978944375541,0.0035691232866309755,0.030457590491956035,0.04189332702140539,0.18571428571428572,0.9375,0.8,0.03248511099079589,46751175.0
317,Spain,2020-12-14,21309.0,389.0,93.105,45.5,19.436,13.799,0.032506563496018444,0.010416666666666668,0.001324978944375541,0.0035691232866309755,0.030457590491956035,0.04189332702140539,0.18571428571428572,0.9375,0.8,0.03248511099079589,46751175.0
318,Spain,2020-12-15,10328.0,388.0,93.105,45.5,19.436,13.799,0.032506563496018444,0.010416666666666668,0.001324978944375541,0.0035691232866309755,0.030457590491956035,0.04189332702140539,0.18571428571428572,0.9375,0.8,0.03248511099079589,46751175.0
319,Spain,2020-12-16,11078.0,195.0,93.105,45.5,19.436,13.799,0.032506563496018444,0.010416666666666668,0.001324978944375541,0.0035691232866309755,0.030457590491956035,0.04189332702140539,0.18571428571428572,0.9375,0.8,0.03248511099079589,46751175.0
320,Spain,2020-12-17,12131.0,181.0,93.105,45.5,19.436,13.799,0.032506563496018444,0.010416666666666668,0.001324978944375541,0.0035691232866309755,0.030457590491956035,0.04189332702140539,0.18571428571428572,0.9375,0.8,0.03248511099079589,46751175.0
321,Spain,2020-12-18,11815.0,149.0,93.105,45.5,19.436,13.799,0.032506563496018444,0.010416666666666668,0.001324978944375541,0.0035691232866309755,0.030457590491956035,0.04189332702140539,0.18571428571428572,0.9375,0.8,0.03248511099079589,46751175.0
322,Spain,2020-12-19,0.0,0.0,93.105,45.5,19.436,13.799,0.032506563496018444,0.010416666666666668,0.001324978944375541,0.0035691232866309755,0.030457590491956035,0.04189332702140539,0.18571428571428572,0.9375,0.8,0.03248511099079589,46751175.0
323,Spain,2020-12-20,0.0,0.0,93.105,45.5,19.436,13.799,0.032506563496018444,0.010416666666666668,0.001324978944375541,0.0035691232866309755,0.030457590491956035,0.04189332702140539,0.18571428571428572,0.9375,0.8,0.03248511099079589,46751175.0
324,Spain,2020-12-21,22013.0,334.0,93.105,45.5,19.436,13.799,0.032506563496018444,0.010416666666666668,0.001324978944375541,0.0035691232866309755,0.030457590491956035,0.04189332702140539,0.18571428571428572,0.9375,0.8,0.03248511099079589,46751175.0
325,Spain,2020-12-22,10654.0,260.0,93.105,45.5,19.436,13.799,0.032506563496018444,0.010416666666666668,0.001324978944375541,0.0035691232866309755,0.030457590491956035,0.04189332702140539,0.18571428571428572,0.9375,0.8,0.03248511099079589,46751175.0
326,Spain,2020-12-23,12386.0,178.0,93.105,45.5,19.436,13.799,0.032506563496018444,0.010416666666666668,0.001324978944375541,0.0035691232866309755,0.030457590491956035,0.04189332702140539,0.18571428571428572,0.9375,0.8,0.03248511099079589,46751175.0
327,Spain,2020-12-24,12662.0,126.0,93.105,45.5,19.436,13.799,0.032506563496018444,0.010416666666666668,0.001324978944375541,0.0035691232866309755,0.030457590491956035,0.04189332702140539,0.18571428571428572,0.9375,0.8,0.03248511099079589,46751175.0
328,Spain,2020-12-25,0.0,0.0,93.105,45.5,19.436,13.799,0.032506563496018444,0.010416666666666668,0.001324978944375541,0.0035691232866309755,0.030457590491956035,0.04189332702140539,0.18571428571428572,0.9375,0.8,0.03248511099079589,46751175.0
329,Spain,2020-12-26,0.0,0.0,93.105,45.5,19.436,13.799,0.032506563496018444,0.010416666666666668,0.001324978944375541,0.0035691232866309755,0.030457590491956035,0.04189332702140539,0.18571428571428572,0.9375,0.8,0.03248511099079589,46751175.0
330,Spain,2020-12-27,0.0,0.0,93.105,45.5,19.436,13.799,0.032506563496018444,0.010416666666666668,0.001324978944375541,0.0035691232866309755,0.030457590491956035,0.04189332702140539,0.18571428571428572,0.9375,0.8,0.03248511099079589,46751175.0
331,Spain,2020-12-28,24462.0,298.0,93.105,45.5,19.436,13.799,0.032506563496018444,0.010416666666666668,0.001324978944375541,0.0035691232866309755,0.030457590491956035,0.04189332702140539,0.18571428571428572,0.9375,0.8,0.03248511099079589,46751175.0
332,Spain,2020-12-29,14089.0,320.0,93.105,45.5,19.436,13.799,0.032506563496018444,0.010416666666666668,0.001324978944375541,0.0035691232866309755,0.030457590491956035,0.04189332702140539,0.18571428571428572,0.9375,0.8,0.03248511099079589,46751175.0
333,Spain,2020-12-30,16716.0,247.0,93.105,45.5,19.436,13.799,0.032506563496018444,0.010416666666666668,0.001324978944375541,0.0035691232866309755,0.030457590491956035,0.04189332702140539,0.18571428571428572,0.9375,0.8,0.03248511099079589,46751175.0
334,Spain,2020-12-31,18047.0,148.0,93.105,45.5,19.436,13.799,0.032506563496018444,0.010416666666666668,0.001324978944375541,0.0035691232866309755,0.030457590491956035,0.04189332702140539,0.18571428571428572,0.9375,0.8,0.03248511099079589,46751175.0
335,Spain,2021-01-01,0.0,0.0,93.105,45.5,19.436,13.799,0.032506563496018444,0.010416666666666668,0.001324978944375541,0.0035691232866309755,0.030457590491956035,0.04189332702140539,0.18571428571428572,0.9375,0.8,0.03248511099079589,46751175.0
336,Spain,2021-01-02,0.0,0.0,93.105,45.5,19.436,13.799,0.032506563496018444,0.010416666666666668,0.001324978944375541,0.0035691232866309755,0.030457590491956035,0.04189332702140539,0.18571428571428572,0.9375,0.8,0.03248511099079589,46751175.0
337,Spain,2021-01-03,0.0,0.0,93.105,45.5,19.436,13.799,0.032506563496018444,0.010416666666666668,0.001324978944375541,0.0035691232866309755,0.030457590491956035,0.04189332702140539,0.18571428571428572,0.9375,0.8,0.03248511099079589,46751175.0
338,Spain,2021-01-04,30579.0,241.0,93.105,45.5,19.436,13.799,0.032506563496018444,0.010416666666666668,0.001324978944375541,0.0035691232866309755,0.030457590491956035,0.04189332702140539,0.18571428571428572,0.9375,0.8,0.03248511099079589,46751175.0
339,Spain,2021-01-05,23700.0,352.0,93.105,45.5,19.436,13.799,0.032506563496018444,0.010416666666666668,0.001324978944375541,0.0035691232866309755,0.030457590491956035,0.04189332702140539,0.18571428571428572,0.9375,0.8,0.03248511099079589,46751175.0
340,Spain,2021-01-06,0.0,0.0,93.105,45.5,19.436,13.799,0.032506563496018444,0.010416666666666668,0.001324978944375541,0.0035691232866309755,0.030457590491956035,0.04189332702140539,0.18571428571428572,0.9375,0.8,0.03248511099079589,46751175.0
341,Spain,2021-01-07,42360.0,245.0,93.105,45.5,19.436,13.799,0.032506563496018444,0.010416666666666668,0.001324978944375541,0.0035691232866309755,0.030457590491956035,0.04189332702140539,0.18571428571428572,0.9375,0.8,0.03248511099079589,46751175.0
342,Spain,2021-01-08,25456.0,199.0,93.105,45.5,19.436,13.799,0.032506563496018444,0.010416666666666668,0.001324978944375541,0.0035691232866309755,0.030457590491956035,0.04189332702140539,0.18571428571428572,0.9375,0.8,0.03248511099079589,46751175.0
343,Spain,2021-01-09,0.0,0.0,93.105,45.5,19.436,13.799,0.032506563496018444,0.010416666666666668,0.001324978944375541,0.0035691232866309755,0.030457590491956035,0.04189332702140539,0.18571428571428572,0.9375,0.8,0.03248511099079589,46751175.0
344,Spain,2021-01-10,0.0,0.0,93.105,45.5,19.436,13.799,0.032506563496018444,0.010416666666666668,0.001324978944375541,0.0035691232866309755,0.030457590491956035,0.04189332702140539,0.18571428571428572,0.9375,0.8,0.03248511099079589,46751175.0
345,Spain,2021-01-11,61422.0,401.0,93.105,45.5,19.436,13.799,0.032506563496018444,0.010416666666666668,0.001324978944375541,0.0035691232866309755,0.030457590491956035,0.04189332702140539,0.18571428571428572,0.9375,0.8,0.03248511099079589,46751175.0
346,Spain,2021-01-12,25438.0,408.0,93.105,45.5,19.436,13.799,0.032506563496018444,0.010416666666666668,0.001324978944375541,0.0035691232866309755,0.030457590491956035,0.04189332702140539,0.18571428571428572,0.9375,0.8,0.03248511099079589,46751175.0
347,Spain,2021-01-13,38869.0,195.0,93.105,45.5,19.436,13.799,0.032506563496018444,0.010416666666666668,0.001324978944375541,0.0035691232866309755,0.030457590491956035,0.04189332702140539,0.18571428571428572,0.9375,0.8,0.03248511099079589,46751175.0
348,Spain,2021-01-14,35878.0,201.0,93.105,45.5,19.436,13.799,0.032506563496018444,0.010416666666666668,0.001324978944375541,0.0035691232866309755,0.030457590491956035,0.04189332702140539,0.18571428571428572,0.9375,0.8,0.03248511099079589,46751175.0
349,Spain,2021-01-15,40197.0,235.0,93.105,45.5,19.436,13.799,0.032506563496018444,0.010416666666666668,0.001324978944375541,0.0035691232866309755,0.030457590491956035,0.04189332702140539,0.18571428571428572,0.9375,0.8,0.03248511099079589,46751175.0
350,Spain,2021-01-16,0.0,0.0,93.105,45.5,19.436,13.799,0.032506563496018444,0.010416666666666668,0.001324978944375541,0.0035691232866309755,0.030457590491956035,0.04189332702140539,0.18571428571428572,0.9375,0.8,0.03248511099079589,46751175.0
351,Spain,2021-01-17,0.0,0.0,93.105,45.5,19.436,13.799,0.032506563496018444,0.010416666666666668,0.001324978944375541,0.0035691232866309755,0.030457590491956035,0.04189332702140539,0.18571428571428572,0.9375,0.8,0.03248511099079589,46751175.0
352,Spain,2021-01-18,84287.0,455.0,93.105,45.5,19.436,13.799,0.032506563496018444,0.010416666666666668,0.001324978944375541,0.0035691232866309755,0.030457590491956035,0.04189332702140539,0.18571428571428572,0.9375,0.8,0.03248511099079589,46751175.0
353,Spain,2021-01-19,34291.0,404.0,93.105,45.5,19.436,13.799,0.032506563496018444,0.010416666666666668,0.001324978944375541,0.0035691232866309755,0.030457590491956035,0.04189332702140539,0.18571428571428572,0.9375,0.8,0.03248511099079589,46751175.0
354,Spain,2021-01-20,41576.0,464.0,93.105,45.5,19.436,13.799,0.032506563496018444,0.010416666666666668,0.001324978944375541,0.0035691232866309755,0.030457590491956035,0.04189332702140539,0.18571428571428572,0.9375,0.8,0.03248511099079589,46751175.0
355,Spain,2021-01-21,44357.0,404.0,93.105,45.5,19.436,13.799,0.032506563496018444,0.010416666666666668,0.001324978944375541,0.0035691232866309755,0.030457590491956035,0.04189332702140539,0.18571428571428572,0.9375,0.8,0.03248511099079589,46751175.0
356,Spain,2021-01-22,42885.0,400.0,93.105,45.5,19.436,13.799,0.032506563496018444,0.010416666666666668,0.001324978944375541,0.0035691232866309755,0.030457590491956035,0.04189332702140539,0.18571428571428572,0.9375,0.8,0.03248511099079589,46751175.0
357,Spain,2021-01-23,0.0,0.0,93.105,45.5,19.436,13.799,0.032506563496018444,0.010416666666666668,0.001324978944375541,0.0035691232866309755,0.030457590491956035,0.04189332702140539,0.18571428571428572,0.9375,0.8,0.03248511099079589,46751175.0
358,Spain,2021-01-24,0.0,0.0,93.105,45.5,19.436,13.799,0.032506563496018444,0.010416666666666668,0.001324978944375541,0.0035691232866309755,0.030457590491956035,0.04189332702140539,0.18571428571428572,0.9375,0.8,0.03248511099079589,46751175.0
359,Spain,2021-01-25,93822.0,767.0,93.105,45.5,19.436,13.799,0.032506563496018444,0.010416666666666668,0.001324978944375541,0.0035691232866309755,0.030457590491956035,0.04189332702140539,0.18571428571428572,0.9375,0.8,0.03248511099079589,46751175.0
360,Spain,2021-01-26,36435.0,586.0,93.105,45.5,19.436,13.799,0.032506563496018444,0.010416666666666668,0.001324978944375541,0.0035691232866309755,0.030457590491956035,0.04189332702140539,0.18571428571428572,0.9375,0.8,0.03248511099079589,46751175.0
361,Spain,2021-01-27,40285.0,497.0,93.105,45.5,19.436,13.799,0.032506563496018444,0.010416666666666668,0.001324978944375541,0.0035691232866309755,0.030457590491956035,0.04189332702140539,0.18571428571428572,0.9375,0.8,0.03248511099079589,46751175.0
362,Spain,2021-01-28,34899.0,515.0,93.105,45.5,19.436,13.799,0.032506563496018444,0.010416666666666668,0.001324978944375541,0.0035691232866309755,0.030457590491956035,0.04189332702140539,0.18571428571428572,0.9375,0.8,0.03248511099079589,46751175.0
363,Spain,2021-01-29,38118.0,513.0,93.105,45.5,19.436,13.799,0.032506563496018444,0.010416666666666668,0.001324978944375541,0.0035691232866309755,0.030457590491956035,0.04189332702140539,0.18571428571428572,0.9375,0.8,0.03248511099079589,46751175.0
364,Spain,2021-01-30,0.0,0.0,93.105,45.5,19.436,13.799,0.032506563496018444,0.010416666666666668,0.001324978944375541,0.0035691232866309755,0.030457590491956035,0.04189332702140539,0.18571428571428572,0.9375,0.8,0.03248511099079589,46751175.0
365,Spain,2021-01-31,0.0,0.0,93.105,45.5,19.436,13.799,0.032506563496018444,0.010416666666666668,0.001324978944375541,0.0035691232866309755,0.030457590491956035,0.04189332702140539,0.18571428571428572,0.9375,0.8,0.03248511099079589,46751175.0
366,Spain,2021-02-01,79686.0,762.0,93.105,45.5,19.436,13.799,0.032506563496018444,0.010416666666666668,0.001324978944375541,0.0035691232866309755,0.030457590491956035,0.04189332702140539,0.18571428571428572,0.9375,0.8,0.03248511099079589,46751175.0
367,Spain,2021-02-02,29064.0,724.0,93.105,45.5,19.436,13.799,0.032506563496018444,0.010416666666666668,0.001324978944375541,0.0035691232866309755,0.030457590491956035,0.04189332702140539,0.18571428571428572,0.9375,0.8,0.03248511099079589,46751175.0
368,Spain,2021-02-03,31596.0,565.0,93.105,45.5,19.436,13.799,0.032506563496018444,0.010416666666666668,0.001324978944375541,0.0035691232866309755,0.030457590491956035,0.04189332702140539,0.18571428571428572,0.9375,0.8,0.03248511099079589,46751175.0
369,Spain,2021-02-04,29960.0,432.0,93.105,45.5,19.436,13.799,0.032506563496018444,0.010416666666666668,0.001324978944375541,0.0035691232866309755,0.030457590491956035,0.04189332702140539,0.18571428571428572,0.9375,0.8,0.03248511099079589,46751175.0
370,Spain,2021-02-05,28565.0,584.0,93.105,45.5,19.436,13.799,0.032506563496018444,0.010416666666666668,0.001324978944375541,0.0035691232866309755,0.030457590491956035,0.04189332702140539,0.18571428571428572,0.9375,0.8,0.03248511099079589,46751175.0
371,Spain,2021-02-06,0.0,0.0,93.105,45.5,19.436,13.799,0.032506563496018444,0.010416666666666668,0.001324978944375541,0.0035691232866309755,0.030457590491956035,0.04189332702140539,0.18571428571428572,0.9375,0.8,0.03248511099079589,46751175.0
372,Spain,2021-02-07,0.0,0.0,93.105,45.5,19.436,13.799,0.032506563496018444,0.010416666666666668,0.001324978944375541,0.0035691232866309755,0.030457590491956035,0.04189332702140539,0.18571428571428572,0.9375,0.8,0.03248511099079589,46751175.0
373,Spain,2021-02-08,47095.0,909.0,93.105,45.5,19.436,13.799,0.032506563496018444,0.010416666666666668,0.001324978944375541,0.0035691232866309755,0.030457590491956035,0.04189332702140539,0.18571428571428572,0.9375,0.8,0.03248511099079589,46751175.0
374,Spain,2021-02-09,16402.0,766.0,93.105,45.5,19.436,13.799,0.032506563496018444,0.010416666666666668,0.001324978944375541,0.0035691232866309755,0.030457590491956035,0.04189332702140539,0.18571428571428572,0.9375,0.8,0.03248511099079589,46751175.0
375,Spain,2021-02-10,18114.0,643.0,93.105,45.5,19.436,13.799,0.032506563496018444,0.010416666666666668,0.001324978944375541,0.0035691232866309755,0.030457590491956035,0.04189332702140539,0.18571428571428572,0.9375,0.8,0.03248511099079589,46751175.0
376,Spain,2021-02-11,17853.0,513.0,93.105,45.5,19.436,13.799,0.032506563496018444,0.010416666666666668,0.001324978944375541,0.0035691232866309755,0.030457590491956035,0.04189332702140539,0.18571428571428572,0.9375,0.8,0.03248511099079589,46751175.0
377,Spain,2021-02-12,14581.0,530.0,93.105,45.5,19.436,13.799,0.032506563496018444,0.010416666666666668,0.001324978944375541,0.0035691232866309755,0.030457590491956035,0.04189332702140539,0.18571428571428572,0.9375,0.8,0.03248511099079589,46751175.0
378,Spain,2021-02-13,0.0,0.0,93.105,45.5,19.436,13.799,0.032506563496018444,0.010416666666666668,0.001324978944375541,0.0035691232866309755,0.030457590491956035,0.04189332702140539,0.18571428571428572,0.9375,0.8,0.03248511099079589,46751175.0
379,Spain,2021-02-14,0.0,0.0,93.105,45.5,19.436,13.799,0.032506563496018444,0.010416666666666668,0.001324978944375541,0.0035691232866309755,0.030457590491956035,0.04189332702140539,0.18571428571428572,0.9375,0.8,0.03248511099079589,46751175.0
380,Spain,2021-02-15,30251.0,702.0,93.105,45.5,19.436,13.799,0.032506563496018444,0.010416666666666668,0.001324978944375541,0.0035691232866309755,0.030457590491956035,0.04189332702140539,0.18571428571428572,0.9375,0.8,0.03248511099079589,46751175.0
381,Spain,2021-02-16,10057.0,530.0,93.105,45.5,19.436,13.799,0.032506563496018444,0.010416666666666668,0.001324978944375541,0.0035691232866309755,0.030457590491956035,0.04189332702140539,0.18571428571428572,0.9375,0.8,0.03248511099079589,46751175.0
382,Spain,2021-02-17,10829.0,337.0,93.105,45.5,19.436,13.799,0.032506563496018444,0.010416666666666668,0.001324978944375541,0.0035691232866309755,0.030457590491956035,0.04189332702140539,0.18571428571428572,0.9375,0.8,0.03248511099079589,46751175.0
383,Spain,2021-02-18,14515.0,388.0,93.105,45.5,19.436,13.799,0.032506563496018444,0.010416666666666668,0.001324978944375541,0.0035691232866309755,0.030457590491956035,0.04189332702140539,0.18571428571428572,0.9375,0.8,0.03248511099079589,46751175.0
384,Spain,2021-02-19,11435.0,397.0,93.105,45.5,19.436,13.799,0.032506563496018444,0.010416666666666668,0.001324978944375541,0.0035691232866309755,0.030457590491956035,0.04189332702140539,0.18571428571428572,0.9375,0.8,0.03248511099079589,46751175.0
385,Spain,2021-02-20,0.0,0.0,93.105,45.5,19.436,13.799,0.032506563496018444,0.010416666666666668,0.001324978944375541,0.0035691232866309755,0.030457590491956035,0.04189332702140539,0.18571428571428572,0.9375,0.8,0.03248511099079589,46751175.0
386,Spain,2021-02-21,0.0,0.0,93.105,45.5,19.436,13.799,0.032506563496018444,0.010416666666666668,0.001324978944375541,0.0035691232866309755,0.030457590491956035,0.04189332702140539,0.18571428571428572,0.9375,0.8,0.03248511099079589,46751175.0
387,Spain,2021-02-22,20849.0,535.0,93.105,45.5,19.436,13.799,0.032506563496018444,0.010416666666666668,0.001324978944375541,0.0035691232866309755,0.030457590491956035,0.04189332702140539,0.18571428571428572,0.9375,0.8,0.03248511099079589,46751175.0
388,Spain,2021-02-23,7461.0,443.0,93.105,45.5,19.436,13.799,0.032506563496018444,0.010416666666666668,0.001324978944375541,0.0035691232866309755,0.030457590491956035,0.04189332702140539,0.18571428571428572,0.9375,0.8,0.03248511099079589,46751175.0
389,Spain,2021-02-24,9212.0,389.0,93.105,45.5,19.436,13.799,0.032506563496018444,0.010416666666666668,0.001324978944375541,0.0035691232866309755,0.030457590491956035,0.04189332702140539,0.18571428571428572,0.9375,0.8,0.03248511099079589,46751175.0
390,Spain,2021-02-25,9568.0,345.0,93.105,45.5,19.436,13.799,0.032506563496018444,0.010416666666666668,0.001324978944375541,0.0035691232866309755,0.030457590491956035,0.04189332702140539,0.18571428571428572,0.9375,0.8,0.03248511099079589,46751175.0
391,Spain,2021-02-26,8341.0,329.0,93.105,45.5,19.436,13.799,0.032506563496018444,0.010416666666666668,0.001324978944375541,0.0035691232866309755,0.030457590491956035,0.04189332702140539,0.18571428571428572,0.9375,0.8,0.03248511099079589,46751175.0
392,Spain,2021-02-27,0.0,0.0,93.105,45.5,19.436,13.799,0.032506563496018444,0.010416666666666668,0.001324978944375541,0.0035691232866309755,0.030457590491956035,0.04189332702140539,0.18571428571428572,0.9375,0.8,0.03248511099079589,46751175.0
393,Spain,2021-02-28,0.0,0.0,93.105,45.5,19.436,13.799,0.032506563496018444,0.010416666666666668,0.001324978944375541,0.0035691232866309755,0.030457590491956035,0.04189332702140539,0.18571428571428572,0.9375,0.8,0.03248511099079589,46751175.0
394,Spain,2021-03-01,15978.0,467.0,93.105,45.5,19.436,13.799,0.032506563496018444,0.010416666666666668,0.001324978944375541,0.0035691232866309755,0.030457590491956035,0.04189332702140539,0.18571428571428572,0.9375,0.8,0.03248511099079589,46751175.0
395,Spain,2021-03-02,0.0,192.0,93.105,45.5,19.436,13.799,0.032506563496018444,0.010416666666666668,0.001324978944375541,0.0035691232866309755,0.030457590491956035,0.04189332702140539,0.18571428571428572,0.9375,0.8,0.03248511099079589,46751175.0
396,Spain,2021-03-03,6137.0,446.0,93.105,45.5,19.436,13.799,0.032506563496018444,0.010416666666666668,0.001324978944375541,0.0035691232866309755,0.030457590491956035,0.04189332702140539,0.18571428571428572,0.9375,0.8,0.03248511099079589,46751175.0
397,Spain,2021-03-04,6037.0,254.0,93.105,45.5,19.436,13.799,0.032506563496018444,0.010416666666666668,0.001324978944375541,0.0035691232866309755,0.030457590491956035,0.04189332702140539,0.18571428571428572,0.9375,0.8,0.03248511099079589,46751175.0
398,Spain,2021-03-05,6654.0,637.0,93.105,45.5,19.436,13.799,0.032506563496018444,0.010416666666666668,0.001324978944375541,0.0035691232866309755,0.030457590491956035,0.04189332702140539,0.18571428571428572,0.9375,0.8,0.03248511099079589,46751175.0
399,Spain,2021-03-06,0.0,0.0,93.105,45.5,19.436,13.799,0.032506563496018444,0.010416666666666668,0.001324978944375541,0.0035691232866309755,0.030457590491956035,0.04189332702140539,0.18571428571428572,0.9375,0.8,0.03248511099079589,46751175.0
400,Spain,2021-03-07,0.0,0.0,93.105,45.5,19.436,13.799,0.032506563496018444,0.010416666666666668,0.001324978944375541,0.0035691232866309755,0.030457590491956035,0.04189332702140539,0.18571428571428572,0.9375,0.8,0.03248511099079589,46751175.0
401,Spain,2021-03-08,11958.0,298.0,93.105,45.5,19.436,13.799,0.032506563496018444,0.010416666666666668,0.001324978944375541,0.0035691232866309755,0.030457590491956035,0.04189332702140539,0.18571428571428572,0.9375,0.8,0.03248511099079589,46751175.0
402,Spain,2021-03-09,4012.0,291.0,93.105,45.5,19.436,13.799,0.032506563496018444,0.010416666666666668,0.001324978944375541,0.0035691232866309755,0.030457590491956035,0.04189332702140539,0.18571428571428572,0.9375,0.8,0.03248511099079589,46751175.0
403,Spain,2021-03-10,7119.0,234.0,93.105,45.5,19.436,13.799,0.032506563496018444,0.010416666666666668,0.001324978944375541,0.0035691232866309755,0.030457590491956035,0.04189332702140539,0.18571428571428572,0.9375,0.8,0.03248511099079589,46751175.0
404,Spain,2021-03-11,6255.0,124.0,93.105,45.5,19.436,13.799,0.032506563496018444,0.010416666666666668,0.001324978944375541,0.0035691232866309755,0.030457590491956035,0.04189332702140539,0.18571428571428572,0.9375,0.8,0.03248511099079589,46751175.0
405,Spain,2021-03-12,5348.0,173.0,93.105,45.5,19.436,13.799,0.032506563496018444,0.010416666666666668,0.001324978944375541,0.0035691232866309755,0.030457590491956035,0.04189332702140539,0.18571428571428572,0.9375,0.8,0.03248511099079589,46751175.0
406,Spain,2021-03-13,0.0,0.0,93.105,45.5,19.436,13.799,0.032506563496018444,0.010416666666666668,0.001324978944375541,0.0035691232866309755,0.030457590491956035,0.04189332702140539,0.18571428571428572,0.9375,0.8,0.03248511099079589,46751175.0
407,Spain,2021-03-14,0.0,0.0,93.105,45.5,19.436,13.799,0.032506563496018444,0.010416666666666668,0.001324978944375541,0.0035691232866309755,0.030457590491956035,0.04189332702140539,0.18571428571428572,0.9375,0.8,0.03248511099079589,46751175.0
408,Spain,2021-03-15,11358.0,166.0,93.105,45.5,19.436,13.799,0.032506563496018444,0.010416666666666668,0.001324978944375541,0.0035691232866309755,0.030457590491956035,0.04189332702140539,0.18571428571428572,0.9375,0.8,0.03248511099079589,46751175.0
409,Spain,2021-03-16,4962.0,141.0,93.105,45.5,19.436,13.799,0.032506563496018444,0.010416666666666668,0.001324978944375541,0.0035691232866309755,0.030457590491956035,0.04189332702140539,0.18571428571428572,0.9375,0.8,0.03248511099079589,46751175.0
410,Spain,2021-03-17,6092.0,228.0,93.105,45.5,19.436,13.799,0.032506563496018444,0.010416666666666668,0.001324978944375541,0.0035691232866309755,0.030457590491956035,0.04189332702140539,0.18571428571428572,0.9375,0.8,0.03248511099079589,46751175.0
411,Spain,2021-03-18,6216.0,117.0,93.105,45.5,19.436,13.799,0.032506563496018444,0.010416666666666668,0.001324978944375541,0.0035691232866309755,0.030457590491956035,0.04189332702140539,0.18571428571428572,0.9375,0.8,0.03248511099079589,46751175.0
412,Spain,2021-03-19,0.0,0.0,93.105,45.5,19.436,13.799,0.032506563496018444,0.010416666666666668,0.001324978944375541,0.0035691232866309755,0.030457590491956035,0.04189332702140539,0.18571428571428572,0.9375,0.8,0.03248511099079589,46751175.0
413,Spain,2021-03-20,0.0,0.0,93.105,45.5,19.436,13.799,0.032506563496018444,0.010416666666666668,0.001324978944375541,0.0035691232866309755,0.030457590491956035,0.04189332702140539,0.18571428571428572,0.9375,0.8,0.03248511099079589,46751175.0
414,Spain,2021-03-21,0.0,0.0,93.105,45.5,19.436,13.799,0.032506563496018444,0.010416666666666668,0.001324978944375541,0.0035691232866309755,0.030457590491956035,0.04189332702140539,0.18571428571428572,0.9375,0.8,0.03248511099079589,46751175.0
415,Spain,2021-03-22,16471.0,633.0,93.105,45.5,19.436,13.799,0.032506563496018444,0.010416666666666668,0.001324978944375541,0.0035691232866309755,0.030457590491956035,0.04189332702140539,0.18571428571428572,0.9375,0.8,0.03248511099079589,46751175.0
416,Spain,2021-03-23,5516.0,201.0,93.105,45.5,19.436,13.799,0.032506563496018444,0.010416666666666668,0.001324978944375541,0.0035691232866309755,0.030457590491956035,0.04189332702140539,0.18571428571428572,0.9375,0.8,0.03248511099079589,46751175.0
417,Spain,2021-03-24,0.0,0.0,93.105,45.5,19.436,13.799,0.032506563496018444,0.010416666666666668,0.001324978944375541,0.0035691232866309755,0.030457590491956035,0.04189332702140539,0.18571428571428572,0.9375,0.8,0.03248511099079589,46751175.0
418,Spain,2021-03-25,13419.0,676.0,93.105,45.5,19.436,13.799,0.032506563496018444,0.010416666666666668,0.001324978944375541,0.0035691232866309755,0.030457590491956035,0.04189332702140539,0.18571428571428572,0.9375,0.8,0.03248511099079589,46751175.0
419,Spain,2021-03-26,7586.0,590.0,93.105,45.5,19.436,13.799,0.032506563496018444,0.010416666666666668,0.001324978944375541,0.0035691232866309755,0.030457590491956035,0.04189332702140539,0.18571428571428572,0.9375,0.8,0.03248511099079589,46751175.0
420,Spain,2021-03-27,0.0,0.0,93.105,45.5,19.436,13.799,0.032506563496018444,0.010416666666666668,0.001324978944375541,0.0035691232866309755,0.030457590491956035,0.04189332702140539,0.18571428571428572,0.9375,0.8,0.03248511099079589,46751175.0
421,Spain,2021-03-28,0.0,0.0,93.105,45.5,19.436,13.799,0.032506563496018444,0.010416666666666668,0.001324978944375541,0.0035691232866309755,0.030457590491956035,0.04189332702140539,0.18571428571428572,0.9375,0.8,0.03248511099079589,46751175.0
422,Spain,2021-03-29,15501.0,189.0,93.105,45.5,19.436,13.799,0.032506563496018444,0.010416666666666668,0.001324978944375541,0.0035691232866309755,0.030457590491956035,0.04189332702140539,0.18571428571428572,0.9375,0.8,0.03248511099079589,46751175.0
423,Spain,2021-03-30,4994.0,106.0,93.105,45.5,19.436,13.799,0.032506563496018444,0.010416666666666668,0.001324978944375541,0.0035691232866309755,0.030457590491956035,0.04189332702140539,0.18571428571428572,0.9375,0.8,0.03248511099079589,46751175.0
424,Spain,2021-03-31,8534.0,154.0,93.105,45.5,19.436,13.799,0.032506563496018444,0.010416666666666668,0.001324978944375541,0.0035691232866309755,0.030457590491956035,0.04189332702140539,0.18571428571428572,0.9375,0.8,0.03248511099079589,46751175.0
425,Spain,2021-04-01,7041.0,82.0,93.105,45.5,19.436,13.799,0.032506563496018444,0.010416666666666668,0.001324978944375541,0.0035691232866309755,0.030457590491956035,0.04189332702140539,0.18571428571428572,0.9375,0.8,0.03248511099079589,46751175.0
426,Spain,2021-04-02,0.0,0.0,93.105,45.5,19.436,13.799,0.032506563496018444,0.010416666666666668,0.001324978944375541,0.0035691232866309755,0.030457590491956035,0.04189332702140539,0.18571428571428572,0.9375,0.8,0.03248511099079589,46751175.0
427,Spain,2021-04-03,9571.0,157.0,93.105,45.5,19.436,13.799,0.032506563496018444,0.010416666666666668,0.001324978944375541,0.0035691232866309755,0.030457590491956035,0.04189332702140539,0.18571428571428572,0.9375,0.8,0.03248511099079589,46751175.0
428,Spain,2021-04-04,0.0,0.0,93.105,45.5,19.436,13.799,0.032506563496018444,0.010416666666666668,0.001324978944375541,0.0035691232866309755,0.030457590491956035,0.04189332702140539,0.18571428571428572,0.9375,0.8,0.03248511099079589,46751175.0
429,Spain,2021-04-05,10360.0,85.0,93.105,45.5,19.436,13.799,0.032506563496018444,0.010416666666666668,0.001324978944375541,0.0035691232866309755,0.030457590491956035,0.04189332702140539,0.18571428571428572,0.9375,0.8,0.03248511099079589,46751175.0
430,Spain,2021-04-06,6623.0,128.0,93.105,45.5,19.436,13.799,0.032506563496018444,0.010416666666666668,0.001324978944375541,0.0035691232866309755,0.030457590491956035,0.04189332702140539,0.18571428571428572,0.9375,0.8,0.03248511099079589,46751175.0
431,Spain,2021-04-07,8788.0,126.0,93.105,45.5,19.436,13.799,0.032506563496018444,0.010416666666666668,0.001324978944375541,0.0035691232866309755,0.030457590491956035,0.04189332702140539,0.18571428571428572,0.9375,0.8,0.03248511099079589,46751175.0
432,Spain,2021-04-08,9901.0,142.0,93.105,45.5,19.436,13.799,0.032506563496018444,0.010416666666666668,0.001324978944375541,0.0035691232866309755,0.030457590491956035,0.04189332702140539,0.18571428571428572,0.9375,0.8,0.03248511099079589,46751175.0
433,Spain,2021-04-09,10875.0,149.0,93.105,45.5,19.436,13.799,0.032506563496018444,0.010416666666666668,0.001324978944375541,0.0035691232866309755,0.030457590491956035,0.04189332702140539,0.18571428571428572,0.9375,0.8,0.03248511099079589,46751175.0
434,Spain,2021-04-10,0.0,0.0,93.105,45.5,19.436,13.799,0.032506563496018444,0.010416666666666668,0.001324978944375541,0.0035691232866309755,0.030457590491956035,0.04189332702140539,0.18571428571428572,0.9375,0.8,0.03248511099079589,46751175.0
435,Spain,2021-04-11,0.0,0.0,93.105,45.5,19.436,13.799,0.032506563496018444,0.010416666666666668,0.001324978944375541,0.0035691232866309755,0.030457590491956035,0.04189332702140539,0.18571428571428572,0.9375,0.8,0.03248511099079589,46751175.0
436,Spain,2021-04-12,22744.0,197.0,93.105,45.5,19.436,13.799,0.032506563496018444,0.010416666666666668,0.001324978944375541,0.0035691232866309755,0.030457590491956035,0.04189332702140539,0.18571428571428572,0.9375,0.8,0.03248511099079589,46751175.0
437,Spain,2021-04-13,6292.0,100.0,93.105,45.5,19.436,13.799,0.032506563496018444,0.010416666666666668,0.001324978944375541,0.0035691232866309755,0.030457590491956035,0.04189332702140539,0.18571428571428572,0.9375,0.8,0.03248511099079589,46751175.0
438,Spain,2021-04-14,10474.0,131.0,93.105,45.5,19.436,13.799,0.032506563496018444,0.010416666666666668,0.001324978944375541,0.0035691232866309755,0.030457590491956035,0.04189332702140539,0.18571428571428572,0.9375,0.8,0.03248511099079589,46751175.0
439,Spain,2021-04-15,9663.0,126.0,93.105,45.5,19.436,13.799,0.032506563496018444,0.010416666666666668,0.001324978944375541,0.0035691232866309755,0.030457590491956035,0.04189332702140539,0.18571428571428572,0.9375,0.8,0.03248511099079589,46751175.0
440,Spain,2021-04-16,10598.0,99.0,93.105,45.5,19.436,13.799,0.032506563496018444,0.010416666666666668,0.001324978944375541,0.0035691232866309755,0.030457590491956035,0.04189332702140539,0.18571428571428572,0.9375,0.8,0.03248511099079589,46751175.0
441,Spain,2021-04-17,0.0,0.0,93.105,45.5,19.436,13.799,0.032506563496018444,0.010416666666666668,0.001324978944375541,0.0035691232866309755,0.030457590491956035,0.04189332702140539,0.18571428571428572,0.9375,0.8,0.03248511099079589,46751175.0
442,Spain,2021-04-18,0.0,0.0,93.105,45.5,19.436,13.799,0.032506563496018444,0.010416666666666668,0.001324978944375541,0.0035691232866309755,0.030457590491956035,0.04189332702140539,0.18571428571428572,0.9375,0.8,0.03248511099079589,46751175.0
443,Spain,2021-04-19,21071.0,121.0,93.105,45.5,19.436,13.799,0.032506563496018444,0.010416666666666668,0.001324978944375541,0.0035691232866309755,0.030457590491956035,0.04189332702140539,0.18571428571428572,0.9375,0.8,0.03248511099079589,46751175.0
444,Spain,2021-04-20,0.0,0.0,93.105,45.5,19.436,13.799,0.032506563496018444,0.010416666666666668,0.001324978944375541,0.0035691232866309755,0.030457590491956035,0.04189332702140539,0.18571428571428572,0.9375,0.8,0.03248511099079589,46751175.0
445,Spain,2021-04-21,17718.0,262.0,93.105,45.5,19.436,13.799,0.032506563496018444,0.010416666666666668,0.001324978944375541,0.0035691232866309755,0.030457590491956035,0.04189332702140539,0.18571428571428572,0.9375,0.8,0.03248511099079589,46751175.0
446,Spain,2021-04-22,10814.0,132.0,93.105,45.5,19.436,13.799,0.032506563496018444,0.010416666666666668,0.001324978944375541,0.0035691232866309755,0.030457590491956035,0.04189332702140539,0.18571428571428572,0.9375,0.8,0.03248511099079589,46751175.0
447,Spain,2021-04-23,11731.0,95.0,93.105,45.5,19.436,13.799,0.032506563496018444,0.010416666666666668,0.001324978944375541,0.0035691232866309755,0.030457590491956035,0.04189332702140539,0.18571428571428572,0.9375,0.8,0.03248511099079589,46751175.0
448,Spain,2021-04-24,0.0,0.0,93.105,45.5,19.436,13.799,0.032506563496018444,0.010416666666666668,0.001324978944375541,0.0035691232866309755,0.030457590491956035,0.04189332702140539,0.18571428571428572,0.9375,0.8,0.03248511099079589,46751175.0
449,Spain,2021-04-25,0.0,0.0,93.105,45.5,19.436,13.799,0.032506563496018444,0.010416666666666668,0.001324978944375541,0.0035691232866309755,0.030457590491956035,0.04189332702140539,0.18571428571428572,0.9375,0.8,0.03248511099079589,46751175.0
450,Spain,2021-04-26,19852.0,147.0,93.105,45.5,19.436,13.799,0.032506563496018444,0.010416666666666668,0.001324978944375541,0.0035691232866309755,0.030457590491956035,0.04189332702140539,0.18571428571428572,0.9375,0.8,0.03248511099079589,46751175.0
451,Spain,2021-04-27,7665.0,117.0,93.105,45.5,19.436,13.799,0.032506563496018444,0.010416666666666668,0.001324978944375541,0.0035691232866309755,0.030457590491956035,0.04189332702140539,0.18571428571428572,0.9375,0.8,0.03248511099079589,46751175.0
452,Spain,2021-04-28,8665.0,88.0,93.105,45.5,19.436,13.799,0.032506563496018444,0.010416666666666668,0.001324978944375541,0.0035691232866309755,0.030457590491956035,0.04189332702140539,0.18571428571428572,0.9375,0.8,0.03248511099079589,46751175.0
453,Spain,2021-04-29,10143.0,137.0,93.105,45.5,19.436,13.799,0.032506563496018444,0.010416666666666668,0.001324978944375541,0.0035691232866309755,0.030457590491956035,0.04189332702140539,0.18571428571428572,0.9375,0.8,0.03248511099079589,46751175.0
454,Spain,2021-04-30,9135.0,136.0,93.105,45.5,19.436,13.799,0.032506563496018444,0.010416666666666668,0.001324978944375541,0.0035691232866309755,0.030457590491956035,0.04189332702140539,0.18571428571428572,0.9375,0.8,0.03248511099079589,46751175.0
455,Spain,2021-05-01,0.0,0.0,93.105,45.5,19.436,13.799,0.032506563496018444,0.010416666666666668,0.001324978944375541,0.0035691232866309755,0.030457590491956035,0.04189332702140539,0.18571428571428572,0.9375,0.8,0.03248511099079589,46751175.0
456,Spain,2021-05-02,0.0,0.0,93.105,45.5,19.436,13.799,0.032506563496018444,0.010416666666666668,0.001324978944375541,0.0035691232866309755,0.030457590491956035,0.04189332702140539,0.18571428571428572,0.9375,0.8,0.03248511099079589,46751175.0
457,Spain,2021-05-03,16353.0,77.0,93.105,45.5,19.436,13.799,0.032506563496018444,0.010416666666666668,0.001324978944375541,0.0035691232866309755,0.030457590491956035,0.04189332702140539,0.18571428571428572,0.9375,0.8,0.03248511099079589,46751175.0
458,Spain,2021-05-04,4515.0,106.0,93.105,45.5,19.436,13.799,0.032506563496018444,0.010416666666666668,0.001324978944375541,0.0035691232866309755,0.030457590491956035,0.04189332702140539,0.18571428571428572,0.9375,0.8,0.03248511099079589,46751175.0
459,Spain,2021-05-05,6317.0,167.0,93.105,45.5,19.436,13.799,0.032506563496018444,0.010416666666666668,0.001324978944375541,0.0035691232866309755,0.030457590491956035,0.04189332702140539,0.18571428571428572,0.9375,0.8,0.03248511099079589,46751175.0
460,Spain,2021-05-06,7960.0,160.0,93.105,45.5,19.436,13.799,0.032506563496018444,0.010416666666666668,0.001324978944375541,0.0035691232866309755,0.030457590491956035,0.04189332702140539,0.18571428571428572,0.9375,0.8,0.03248511099079589,46751175.0
461,Spain,2021-05-07,8186.0,66.0,93.105,45.5,19.436,13.799,0.032506563496018444,0.010416666666666668,0.001324978944375541,0.0035691232866309755,0.030457590491956035,0.04189332702140539,0.18571428571428572,0.9375,0.8,0.03248511099079589,46751175.0
462,Spain,2021-05-08,0.0,0.0,93.105,45.5,19.436,13.799,0.032506563496018444,0.010416666666666668,0.001324978944375541,0.0035691232866309755,0.030457590491956035,0.04189332702140539,0.18571428571428572,0.9375,0.8,0.03248511099079589,46751175.0
463,Spain,2021-05-09,0.0,0.0,93.105,45.5,19.436,13.799,0.032506563496018444,0.010416666666666668,0.001324978944375541,0.0035691232866309755,0.030457590491956035,0.04189332702140539,0.18571428571428572,0.9375,0.8,0.03248511099079589,46751175.0
464,Spain,2021-05-10,13984.0,103.0,93.105,45.5,19.436,13.799,0.032506563496018444,0.010416666666666668,0.001324978944375541,0.0035691232866309755,0.030457590491956035,0.04189332702140539,0.18571428571428572,0.9375,0.8,0.03248511099079589,46751175.0
465,Spain,2021-05-11,4941.0,205.0,93.105,45.5,19.436,13.799,0.032506563496018444,0.010416666666666668,0.001324978944375541,0.0035691232866309755,0.030457590491956035,0.04189332702140539,0.18571428571428572,0.9375,0.8,0.03248511099079589,46751175.0
466,Spain,2021-05-12,6418.0,108.0,93.105,45.5,19.436,13.799,0.032506563496018444,0.010416666666666668,0.001324978944375541,0.0035691232866309755,0.030457590491956035,0.04189332702140539,0.18571428571428572,0.9375,0.8,0.03248511099079589,46751175.0
467,Spain,2021-05-13,5701.0,73.0,93.105,45.5,19.436,13.799,0.032506563496018444,0.010416666666666668,0.001324978944375541,0.0035691232866309755,0.030457590491956035,0.04189332702140539,0.18571428571428572,0.9375,0.8,0.03248511099079589,46751175.0
468,Spain,2021-05-14,6347.0,58.0,93.105,45.5,19.436,13.799,0.032506563496018444,0.010416666666666668,0.001324978944375541,0.0035691232866309755,0.030457590491956035,0.04189332702140539,0.18571428571428572,0.9375,0.8,0.03248511099079589,46751175.0
469,Spain,2021-05-15,0.0,0.0,93.105,45.5,19.436,13.799,0.032506563496018444,0.010416666666666668,0.001324978944375541,0.0035691232866309755,0.030457590491956035,0.04189332702140539,0.18571428571428572,0.9375,0.8,0.03248511099079589,46751175.0
470,Spain,2021-05-16,0.0,0.0,93.105,45.5,19.436,13.799,0.032506563496018444,0.010416666666666668,0.001324978944375541,0.0035691232866309755,0.030457590491956035,0.04189332702140539,0.18571428571428572,0.9375,0.8,0.03248511099079589,46751175.0
471,Spain,2021-05-17,11061.0,93.0,93.105,45.5,19.436,13.799,0.032506563496018444,0.010416666666666668,0.001324978944375541,0.0035691232866309755,0.030457590491956035,0.04189332702140539,0.18571428571428572,0.9375,0.8,0.03248511099079589,46751175.0
472,Spain,2021-05-18,3988.0,70.0,93.105,45.5,19.436,13.799,0.032506563496018444,0.010416666666666668,0.001324978944375541,0.0035691232866309755,0.030457590491956035,0.04189332702140539,0.18571428571428572,0.9375,0.8,0.03248511099079589,46751175.0
473,Spain,2021-05-19,6080.0,66.0,93.105,45.5,19.436,13.799,0.032506563496018444,0.010416666666666668,0.001324978944375541,0.0035691232866309755,0.030457590491956035,0.04189332702140539,0.18571428571428572,0.9375,0.8,0.03248511099079589,46751175.0
474,Spain,2021-05-20,5733.0,33.0,93.105,45.5,19.436,13.799,0.032506563496018444,0.010416666666666668,0.001324978944375541,0.0035691232866309755,0.030457590491956035,0.04189332702140539,0.18571428571428572,0.9375,0.8,0.03248511099079589,46751175.0
475,Spain,2021-05-21,4792.0,19.0,93.105,45.5,19.436,13.799,0.032506563496018444,0.010416666666666668,0.001324978944375541,0.0035691232866309755,0.030457590491956035,0.04189332702140539,0.18571428571428572,0.9375,0.8,0.03248511099079589,46751175.0
476,Spain,2021-05-22,0.0,0.0,93.105,45.5,19.436,13.799,0.032506563496018444,0.010416666666666668,0.001324978944375541,0.0035691232866309755,0.030457590491956035,0.04189332702140539,0.18571428571428572,0.9375,0.8,0.03248511099079589,46751175.0
477,Spain,2021-05-23,0.0,0.0,93.105,45.5,19.436,13.799,0.032506563496018444,0.010416666666666668,0.001324978944375541,0.0035691232866309755,0.030457590491956035,0.04189332702140539,0.18571428571428572,0.9375,0.8,0.03248511099079589,46751175.0
478,Spain,2021-05-24,11067.0,91.0,93.105,45.5,19.436,13.799,0.032506563496018444,0.010416666666666668,0.001324978944375541,0.0035691232866309755,0.030457590491956035,0.04189332702140539,0.18571428571428572,0.9375,0.8,0.03248511099079589,46751175.0
479,Spain,2021-05-25,5359.0,90.0,93.105,45.5,19.436,13.799,0.032506563496018444,0.010416666666666668,0.001324978944375541,0.0035691232866309755,0.030457590491956035,0.04189332702140539,0.18571428571428572,0.9375,0.8,0.03248511099079589,46751175.0
480,Spain,2021-05-26,5007.0,54.0,93.105,45.5,19.436,13.799,0.032506563496018444,0.010416666666666668,0.001324978944375541,0.0035691232866309755,0.030457590491956035,0.04189332702140539,0.18571428571428572,0.9375,0.8,0.03248511099079589,46751175.0
481,Spain,2021-05-27,5290.0,33.0,93.105,45.5,19.436,13.799,0.032506563496018444,0.010416666666666668,0.001324978944375541,0.0035691232866309755,0.030457590491956035,0.04189332702140539,0.18571428571428572,0.9375,0.8,0.03248511099079589,46751175.0
482,Spain,2021-05-28,5482.0,17.0,93.105,45.5,19.436,13.799,0.032506563496018444,0.010416666666666668,0.001324978944375541,0.0035691232866309755,0.030457590491956035,0.04189332702140539,0.18571428571428572,0.9375,0.8,0.03248511099079589,46751175.0
483,Spain,2021-05-29,0.0,0.0,93.105,45.5,19.436,13.799,0.032506563496018444,0.010416666666666668,0.001324978944375541,0.0035691232866309755,0.030457590491956035,0.04189332702140539,0.18571428571428572,0.9375,0.8,0.03248511099079589,46751175.0
484,Spain,2021-05-30,0.0,0.0,93.105,45.5,19.436,13.799,0.032506563496018444,0.010416666666666668,0.001324978944375541,0.0035691232866309755,0.030457590491956035,0.04189332702140539,0.18571428571428572,0.9375,0.8,0.03248511099079589,46751175.0
485,Spain,2021-05-31,9732.0,48.0,93.105,45.5,19.436,13.799,0.032506563496018444,0.010416666666666668,0.001324978944375541,0.0035691232866309755,0.030457590491956035,0.04189332702140539,0.18571428571428572,0.9375,0.8,0.03248511099079589,46751175.0
486,Spain,2021-06-01,4388.0,30.0,93.105,45.5,19.436,13.799,0.032506563496018444,0.010416666666666668,0.001324978944375541,0.0035691232866309755,0.030457590491956035,0.04189332702140539,0.18571428571428572,0.9375,0.8,0.03248511099079589,46751175.0
487,Spain,2021-06-02,4984.0,66.0,93.105,45.5,19.436,13.799,0.032506563496018444,0.010416666666666668,0.001324978944375541,0.0035691232866309755,0.030457590491956035,0.04189332702140539,0.18571428571428572,0.9375,0.8,0.03248511099079589,46751175.0
488,Spain,2021-06-03,5250.0,0.0,93.105,45.5,19.436,13.799,0.032506563496018444,0.010416666666666668,0.001324978944375541,0.0035691232866309755,0.030457590491956035,0.04189332702140539,0.18571428571428572,0.9375,0.8,0.03248511099079589,46751175.0
489,Spain,2021-06-04,4969.0,146.0,93.105,45.5,19.436,13.799,0.032506563496018444,0.010416666666666668,0.001324978944375541,0.0035691232866309755,0.030457590491956035,0.04189332702140539,0.18571428571428572,0.9375,0.8,0.03248511099079589,46751175.0
490,Spain,2021-06-05,0.0,1.0,93.105,45.5,19.436,13.799,0.032506563496018444,0.010416666666666668,0.001324978944375541,0.0035691232866309755,0.030457590491956035,0.04189332702140539,0.18571428571428572,0.9375,0.8,0.03248511099079589,46751175.0
491,Spain,2021-06-06,0.0,0.0,93.105,45.5,19.436,13.799,0.032506563496018444,0.010416666666666668,0.001324978944375541,0.0035691232866309755,0.030457590491956035,0.04189332702140539,0.18571428571428572,0.9375,0.8,0.03248511099079589,46751175.0
492,Spain,2021-06-07,9542.0,40.0,93.105,45.5,19.436,13.799,0.032506563496018444,0.010416666666666668,0.001324978944375541,0.0035691232866309755,0.030457590491956035,0.04189332702140539,0.18571428571428572,0.9375,0.8,0.03248511099079589,46751175.0
493,Spain,2021-06-08,3504.0,73.0,93.105,45.5,19.436,13.799,0.032506563496018444,0.010416666666666668,0.001324978944375541,0.0035691232866309755,0.030457590491956035,0.04189332702140539,0.18571428571428572,0.9375,0.8,0.03248511099079589,46751175.0
494,Spain,2021-06-09,4427.0,23.0,93.105,45.5,19.436,13.799,0.032506563496018444,0.010416666666666668,0.001324978944375541,0.0035691232866309755,0.030457590491956035,0.04189332702140539,0.18571428571428572,0.9375,0.8,0.03248511099079589,46751175.0
495,Spain,2021-06-10,14004.0,133.0,93.105,45.5,19.436,13.799,0.032506563496018444,0.010416666666666668,0.001324978944375541,0.0035691232866309755,0.030457590491956035,0.04189332702140539,0.18571428571428572,0.9375,0.8,0.03248511099079589,46751175.0
496,Spain,2021-06-11,4142.0,36.0,93.105,45.5,19.436,13.799,0.032506563496018444,0.010416666666666668,0.001324978944375541,0.0035691232866309755,0.030457590491956035,0.04189332702140539,0.18571428571428572,0.9375,0.8,0.03248511099079589,46751175.0
497,Spain,2021-06-12,0.0,0.0,93.105,45.5,19.436,13.799,0.032506563496018444,0.010416666666666668,0.001324978944375541,0.0035691232866309755,0.030457590491956035,0.04189332702140539,0.18571428571428572,0.9375,0.8,0.03248511099079589,46751175.0
498,Spain,2021-06-13,0.0,0.0,93.105,45.5,19.436,13.799,0.032506563496018444,0.010416666666666668,0.001324978944375541,0.0035691232866309755,0.030457590491956035,0.04189332702140539,0.18571428571428572,0.9375,0.8,0.03248511099079589,46751175.0
499,Spain,2021-06-14,8167.0,16.0,93.105,45.5,19.436,13.799,0.032506563496018444,0.010416666666666668,0.001324978944375541,0.0035691232866309755,0.030457590491956035,0.04189332702140539,0.18571428571428572,0.9375,0.8,0.03248511099079589,46751175.0
500,Spain,2021-06-15,3432.0,62.0,93.105,45.5,19.436,13.799,0.032506563496018444,0.010416666666666668,0.001324978944375541,0.0035691232866309755,0.030457590491956035,0.04189332702140539,0.18571428571428572,0.9375,0.8,0.03248511099079589,46751175.0
501,Spain,2021-06-16,3832.0,36.0,93.105,45.5,19.436,13.799,0.032506563496018444,0.010416666666666668,0.001324978944375541,0.0035691232866309755,0.030457590491956035,0.04189332702140539,0.18571428571428572,0.9375,0.8,0.03248511099079589,46751175.0
502,Spain,2021-06-17,4197.0,19.0,93.105,45.5,19.436,13.799,0.032506563496018444,0.010416666666666668,0.001324978944375541,0.0035691232866309755,0.030457590491956035,0.04189332702140539,0.18571428571428572,0.9375,0.8,0.03248511099079589,46751175.0
503,Spain,2021-06-18,4214.0,18.0,93.105,45.5,19.436,13.799,0.032506563496018444,0.010416666666666668,0.001324978944375541,0.0035691232866309755,0.030457590491956035,0.04189332702140539,0.18571428571428572,0.9375,0.8,0.03248511099079589,46751175.0
504,Spain,2021-06-19,0.0,0.0,93.105,45.5,19.436,13.799,0.032506563496018444,0.010416666666666668,0.001324978944375541,0.0035691232866309755,0.030457590491956035,0.04189332702140539,0.18571428571428572,0.9375,0.8,0.03248511099079589,46751175.0
505,Spain,2021-06-20,0.0,0.0,93.105,45.5,19.436,13.799,0.032506563496018444,0.010416666666666668,0.001324978944375541,0.0035691232866309755,0.030457590491956035,0.04189332702140539,0.18571428571428572,0.9375,0.8,0.03248511099079589,46751175.0
506,Spain,2021-06-21,7209.0,37.0,93.105,45.5,19.436,13.799,0.032506563496018444,0.010416666666666668,0.001324978944375541,0.0035691232866309755,0.030457590491956035,0.04189332702140539,0.18571428571428572,0.9375,0.8,0.03248511099079589,46751175.0
507,Spain,2021-06-22,4040.0,30.0,93.105,45.5,19.436,13.799,0.032506563496018444,0.010416666666666668,0.001324978944375541,0.0035691232866309755,0.030457590491956035,0.04189332702140539,0.18571428571428572,0.9375,0.8,0.03248511099079589,46751175.0
508,Spain,2021-06-23,4341.0,29.0,93.105,45.5,19.436,13.799,0.032506563496018444,0.010416666666666668,0.001324978944375541,0.0035691232866309755,0.030457590491956035,0.04189332702140539,0.18571428571428572,0.9375,0.8,0.03248511099079589,46751175.0
509,Spain,2021-06-24,4507.0,18.0,93.105,45.5,19.436,13.799,0.032506563496018444,0.010416666666666668,0.001324978944375541,0.0035691232866309755,0.030457590491956035,0.04189332702140539,0.18571428571428572,0.9375,0.8,0.03248511099079589,46751175.0
510,Spain,2021-06-25,4924.0,13.0,93.105,45.5,19.436,13.799,0.032506563496018444,0.010416666666666668,0.001324978944375541,0.0035691232866309755,0.030457590491956035,0.04189332702140539,0.18571428571428572,0.9375,0.8,0.03248511099079589,46751175.0
511,Spain,2021-06-26,0.0,0.0,93.105,45.5,19.436,13.799,0.032506563496018444,0.010416666666666668,0.001324978944375541,0.0035691232866309755,0.030457590491956035,0.04189332702140539,0.18571428571428572,0.9375,0.8,0.03248511099079589,46751175.0
512,Spain,2021-06-27,0.0,0.0,93.105,45.5,19.436,13.799,0.032506563496018444,0.010416666666666668,0.001324978944375541,0.0035691232866309755,0.030457590491956035,0.04189332702140539,0.18571428571428572,0.9375,0.8,0.03248511099079589,46751175.0
513,Spain,2021-06-28,10179.0,10.0,93.105,45.5,19.436,13.799,0.032506563496018444,0.010416666666666668,0.001324978944375541,0.0035691232866309755,0.030457590491956035,0.04189332702140539,0.18571428571428572,0.9375,0.8,0.03248511099079589,46751175.0
514,Spain,2021-06-29,7091.0,40.0,93.105,45.5,19.436,13.799,0.032506563496018444,0.010416666666666668,0.001324978944375541,0.0035691232866309755,0.030457590491956035,0.04189332702140539,0.18571428571428572,0.9375,0.8,0.03248511099079589,46751175.0
515,Spain,2021-06-30,9227.0,46.0,93.105,45.5,19.436,13.799,0.032506563496018444,0.010416666666666668,0.001324978944375541,0.0035691232866309755,0.030457590491956035,0.04189332702140539,0.18571428571428572,0.9375,0.8,0.03248511099079589,46751175.0
516,Spain,2021-07-01,12345.0,8.0,93.105,45.5,19.436,13.799,0.032506563496018444,0.010416666666666668,0.001324978944375541,0.0035691232866309755,0.030457590491956035,0.04189332702140539,0.18571428571428572,0.9375,0.8,0.03248511099079589,46751175.0
517,Spain,2021-07-02,12563.0,28.0,93.105,45.5,19.436,13.799,0.032506563496018444,0.010416666666666668,0.001324978944375541,0.0035691232866309755,0.030457590491956035,0.04189332702140539,0.18571428571428572,0.9375,0.8,0.03248511099079589,46751175.0
518,Spain,2021-07-03,0.0,0.0,93.105,45.5,19.436,13.799,0.032506563496018444,0.010416666666666668,0.001324978944375541,0.0035691232866309755,0.030457590491956035,0.04189332702140539,0.18571428571428572,0.9375,0.8,0.03248511099079589,46751175.0
519,Spain,2021-07-04,0.0,0.0,93.105,45.5,19.436,13.799,0.032506563496018444,0.010416666666666668,0.001324978944375541,0.0035691232866309755,0.030457590491956035,0.04189332702140539,0.18571428571428572,0.9375,0.8,0.03248511099079589,46751175.0
520,Spain,2021-07-05,32607.0,23.0,93.105,45.5,19.436,13.799,0.032506563496018444,0.010416666666666668,0.001324978944375541,0.0035691232866309755,0.030457590491956035,0.04189332702140539,0.18571428571428572,0.9375,0.8,0.03248511099079589,46751175.0
521,Spain,2021-07-06,14137.0,18.0,93.105,45.5,19.436,13.799,0.032506563496018444,0.010416666666666668,0.001324978944375541,0.0035691232866309755,0.030457590491956035,0.04189332702140539,0.18571428571428572,0.9375,0.8,0.03248511099079589,46751175.0
522,Spain,2021-07-07,17384.0,17.0,93.105,45.5,19.436,13.799,0.032506563496018444,0.010416666666666668,0.001324978944375541,0.0035691232866309755,0.030457590491956035,0.04189332702140539,0.18571428571428572,0.9375,0.8,0.03248511099079589,46751175.0
523,Spain,2021-07-08,17317.0,28.0,93.105,45.5,19.436,13.799,0.032506563496018444,0.010416666666666668,0.001324978944375541,0.0035691232866309755,0.030457590491956035,0.04189332702140539,0.18571428571428572,0.9375,0.8,0.03248511099079589,46751175.0
524,Spain,2021-07-09,21879.0,6.0,93.105,45.5,19.436,13.799,0.032506563496018444,0.010416666666666668,0.001324978944375541,0.0035691232866309755,0.030457590491956035,0.04189332702140539,0.18571428571428572,0.9375,0.8,0.03248511099079589,46751175.0
525,Spain,2021-07-10,0.0,0.0,93.105,45.5,19.436,13.799,0.032506563496018444,0.010416666666666668,0.001324978944375541,0.0035691232866309755,0.030457590491956035,0.04189332702140539,0.18571428571428572,0.9375,0.8,0.03248511099079589,46751175.0
526,Spain,2021-07-11,0.0,0.0,93.105,45.5,19.436,13.799,0.032506563496018444,0.010416666666666668,0.001324978944375541,0.0035691232866309755,0.030457590491956035,0.04189332702140539,0.18571428571428572,0.9375,0.8,0.03248511099079589,46751175.0
527,Spain,2021-07-12,33932.0,17.0,93.105,45.5,19.436,13.799,0.032506563496018444,0.010416666666666668,0.001324978944375541,0.0035691232866309755,0.030457590491956035,0.04189332702140539,0.18571428571428572,0.9375,0.8,0.03248511099079589,46751175.0
528,Spain,2021-07-13,43960.0,13.0,93.105,45.5,19.436,13.799,0.032506563496018444,0.010416666666666668,0.001324978944375541,0.0035691232866309755,0.030457590491956035,0.04189332702140539,0.18571428571428572,0.9375,0.8,0.03248511099079589,46751175.0
529,Spain,2021-07-14,26390.0,10.0,93.105,45.5,19.436,13.799,0.032506563496018444,0.010416666666666668,0.001324978944375541,0.0035691232866309755,0.030457590491956035,0.04189332702140539,0.18571428571428572,0.9375,0.8,0.03248511099079589,46751175.0
530,Spain,2021-07-15,27688.0,41.0,93.105,45.5,19.436,13.799,0.032506563496018444,0.010416666666666668,0.001324978944375541,0.0035691232866309755,0.030457590491956035,0.04189332702140539,0.18571428571428572,0.9375,0.8,0.03248511099079589,46751175.0
531,Spain,2021-07-16,31060.0,12.0,93.105,45.5,19.436,13.799,0.032506563496018444,0.010416666666666668,0.001324978944375541,0.0035691232866309755,0.030457590491956035,0.04189332702140539,0.18571428571428572,0.9375,0.8,0.03248511099079589,46751175.0
532,Spain,2021-07-17,0.0,0.0,93.105,45.5,19.436,13.799,0.032506563496018444,0.010416666666666668,0.001324978944375541,0.0035691232866309755,0.030457590491956035,0.04189332702140539,0.18571428571428572,0.9375,0.8,0.03248511099079589,46751175.0
533,Spain,2021-07-18,0.0,0.0,93.105,45.5,19.436,13.799,0.032506563496018444,0.010416666666666668,0.001324978944375541,0.0035691232866309755,0.030457590491956035,0.04189332702140539,0.18571428571428572,0.9375,0.8,0.03248511099079589,46751175.0
534,Spain,2021-07-19,61628.0,23.0,93.105,45.5,19.436,13.799,0.032506563496018444,0.010416666666666668,0.001324978944375541,0.0035691232866309755,0.030457590491956035,0.04189332702140539,0.18571428571428572,0.9375,0.8,0.03248511099079589,46751175.0
535,Spain,2021-07-20,27286.0,29.0,93.105,45.5,19.436,13.799,0.032506563496018444,0.010416666666666668,0.001324978944375541,0.0035691232866309755,0.030457590491956035,0.04189332702140539,0.18571428571428572,0.9375,0.8,0.03248511099079589,46751175.0
536,Spain,2021-07-21,30587.0,18.0,93.105,45.5,19.436,13.799,0.032506563496018444,0.010416666666666668,0.001324978944375541,0.0035691232866309755,0.030457590491956035,0.04189332702140539,0.18571428571428572,0.9375,0.8,0.03248511099079589,46751175.0
537,Spain,2021-07-22,29535.0,28.0,93.105,45.5,19.436,13.799,0.032506563496018444,0.010416666666666668,0.001324978944375541,0.0035691232866309755,0.030457590491956035,0.04189332702140539,0.18571428571428572,0.9375,0.8,0.03248511099079589,46751175.0
538,Spain,2021-07-23,31171.0,27.0,93.105,45.5,19.436,13.799,0.032506563496018444,0.010416666666666668,0.001324978944375541,0.0035691232866309755,0.030457590491956035,0.04189332702140539,0.18571428571428572,0.9375,0.8,0.03248511099079589,46751175.0
539,Spain,2021-07-24,0.0,0.0,93.105,45.5,19.436,13.799,0.032506563496018444,0.010416666666666668,0.001324978944375541,0.0035691232866309755,0.030457590491956035,0.04189332702140539,0.18571428571428572,0.9375,0.8,0.03248511099079589,46751175.0
540,Spain,2021-07-25,0.0,0.0,93.105,45.5,19.436,13.799,0.032506563496018444,0.010416666666666668,0.001324978944375541,0.0035691232866309755,0.030457590491956035,0.04189332702140539,0.18571428571428572,0.9375,0.8,0.03248511099079589,46751175.0
541,Spain,2021-07-26,61625.0,47.0,93.105,45.5,19.436,13.799,0.032506563496018444,0.010416666666666668,0.001324978944375541,0.0035691232866309755,0.030457590491956035,0.04189332702140539,0.18571428571428572,0.9375,0.8,0.03248511099079589,46751175.0
542,Spain,2021-07-27,26399.0,55.0,93.105,45.5,19.436,13.799,0.032506563496018444,0.010416666666666668,0.001324978944375541,0.0035691232866309755,0.030457590491956035,0.04189332702140539,0.18571428571428572,0.9375,0.8,0.03248511099079589,46751175.0
543,Spain,2021-07-28,27149.0,73.0,93.105,45.5,19.436,13.799,0.032506563496018444,0.010416666666666668,0.001324978944375541,0.0035691232866309755,0.030457590491956035,0.04189332702140539,0.18571428571428572,0.9375,0.8,0.03248511099079589,46751175.0
544,Spain,2021-07-29,26689.0,46.0,93.105,45.5,19.436,13.799,0.032506563496018444,0.010416666666666668,0.001324978944375541,0.0035691232866309755,0.030457590491956035,0.04189332702140539,0.18571428571428572,0.9375,0.8,0.03248511099079589,46751175.0
545,Spain,2021-07-30,24753.0,44.0,93.105,45.5,19.436,13.799,0.032506563496018444,0.010416666666666668,0.001324978944375541,0.0035691232866309755,0.030457590491956035,0.04189332702140539,0.18571428571428572,0.9375,0.8,0.03248511099079589,46751175.0
546,Spain,2021-07-31,0.0,0.0,93.105,45.5,19.436,13.799,0.032506563496018444,0.010416666666666668,0.001324978944375541,0.0035691232866309755,0.030457590491956035,0.04189332702140539,0.18571428571428572,0.9375,0.8,0.03248511099079589,46751175.0
547,Spain,2021-08-01,0.0,0.0,93.105,45.5,19.436,13.799,0.032506563496018444,0.010416666666666668,0.001324978944375541,0.0035691232866309755,0.030457590491956035,0.04189332702140539,0.18571428571428572,0.9375,0.8,0.03248511099079589,46751175.0
548,Spain,2021-08-02,55939.0,157.0,93.105,45.5,19.436,13.799,0.032506563496018444,0.010416666666666668,0.001324978944375541,0.0035691232866309755,0.030457590491956035,0.04189332702140539,0.18571428571428572,0.9375,0.8,0.03248511099079589,46751175.0
549,Spain,2021-08-03,20327.0,130.0,93.105,45.5,19.436,13.799,0.032506563496018444,0.010416666666666668,0.001324978944375541,0.0035691232866309755,0.030457590491956035,0.04189332702140539,0.18571428571428572,0.9375,0.8,0.03248511099079589,46751175.0
550,Spain,2021-08-04,21874.0,71.0,93.105,45.5,19.436,13.799,0.032506563496018444,0.010416666666666668,0.001324978944375541,0.0035691232866309755,0.030457590491956035,0.04189332702140539,0.18571428571428572,0.9375,0.8,0.03248511099079589,46751175.0
551,Spain,2021-08-05,21387.0,87.0,93.105,45.5,19.436,13.799,0.032506563496018444,0.010416666666666668,0.001324978944375541,0.0035691232866309755,0.030457590491956035,0.04189332702140539,0.18571428571428572,0.9375,0.8,0.03248511099079589,46751175.0
552,Spain,2021-08-06,21561.0,75.0,93.105,45.5,19.436,13.799,0.032506563496018444,0.010416666666666668,0.001324978944375541,0.0035691232866309755,0.030457590491956035,0.04189332702140539,0.18571428571428572,0.9375,0.8,0.03248511099079589,46751175.0
553,Spain,2021-08-07,0.0,0.0,93.105,45.5,19.436,13.799,0.032506563496018444,0.010416666666666668,0.001324978944375541,0.0035691232866309755,0.030457590491956035,0.04189332702140539,0.18571428571428572,0.9375,0.8,0.03248511099079589,46751175.0
554,Spain,2021-08-08,0.0,0.0,93.105,45.5,19.436,13.799,0.032506563496018444,0.010416666666666668,0.001324978944375541,0.0035691232866309755,0.030457590491956035,0.04189332702140539,0.18571428571428572,0.9375,0.8,0.03248511099079589,46751175.0
555,Spain,2021-08-09,39638.0,119.0,93.105,45.5,19.436,13.799,0.032506563496018444,0.010416666666666668,0.001324978944375541,0.0035691232866309755,0.030457590491956035,0.04189332702140539,0.18571428571428572,0.9375,0.8,0.03248511099079589,46751175.0
556,Spain,2021-08-10,15680.0,102.0,93.105,45.5,19.436,13.799,0.032506563496018444,0.010416666666666668,0.001324978944375541,0.0035691232866309755,0.030457590491956035,0.04189332702140539,0.18571428571428572,0.9375,0.8,0.03248511099079589,46751175.0
557,Spain,2021-08-11,17023.0,93.0,93.105,45.5,19.436,13.799,0.032506563496018444,0.010416666666666668,0.001324978944375541,0.0035691232866309755,0.030457590491956035,0.04189332702140539,0.18571428571428572,0.9375,0.8,0.03248511099079589,46751175.0
558,Spain,2021-08-12,17410.0,87.0,93.105,45.5,19.436,13.799,0.032506563496018444,0.010416666666666668,0.001324978944375541,0.0035691232866309755,0.030457590491956035,0.04189332702140539,0.18571428571428572,0.9375,0.8,0.03248511099079589,46751175.0
559,Spain,2021-08-13,15657.0,63.0,93.105,45.5,19.436,13.799,0.032506563496018444,0.010416666666666668,0.001324978944375541,0.0035691232866309755,0.030457590491956035,0.04189332702140539,0.18571428571428572,0.9375,0.8,0.03248511099079589,46751175.0
560,Spain,2021-08-14,0.0,0.0,93.105,45.5,19.436,13.799,0.032506563496018444,0.010416666666666668,0.001324978944375541,0.0035691232866309755,0.030457590491956035,0.04189332702140539,0.18571428571428572,0.9375,0.8,0.03248511099079589,46751175.0
561,Spain,2021-08-15,0.0,0.0,93.105,45.5,19.436,13.799,0.032506563496018444,0.010416666666666668,0.001324978944375541,0.0035691232866309755,0.030457590491956035,0.04189332702140539,0.18571428571428572,0.9375,0.8,0.03248511099079589,46751175.0
562,Spain,2021-08-16,25726.0,125.0,93.105,45.5,19.436,13.799,0.032506563496018444,0.010416666666666668,0.001324978944375541,0.0035691232866309755,0.030457590491956035,0.04189332702140539,0.18571428571428572,0.9375,0.8,0.03248511099079589,46751175.0
563,Spain,2021-08-17,14336.0,144.0,93.105,45.5,19.436,13.799,0.032506563496018444,0.010416666666666668,0.001324978944375541,0.0035691232866309755,0.030457590491956035,0.04189332702140539,0.18571428571428572,0.9375,0.8,0.03248511099079589,46751175.0
564,Spain,2021-08-18,11956.0,144.0,93.105,45.5,19.436,13.799,0.032506563496018444,0.010416666666666668,0.001324978944375541,0.0035691232866309755,0.030457590491956035,0.04189332702140539,0.18571428571428572,0.9375,0.8,0.03248511099079589,46751175.0
565,Spain,2021-08-19,12445.0,121.0,93.105,45.5,19.436,13.799,0.032506563496018444,0.010416666666666668,0.001324978944375541,0.0035691232866309755,0.030457590491956035,0.04189332702140539,0.18571428571428572,0.9375,0.8,0.03248511099079589,46751175.0
566,Spain,2021-08-20,12450.0,132.0,93.105,45.5,19.436,13.799,0.032506563496018444,0.010416666666666668,0.001324978944375541,0.0035691232866309755,0.030457590491956035,0.04189332702140539,0.18571428571428572,0.9375,0.8,0.03248511099079589,46751175.0
567,Spain,2021-08-21,0.0,0.0,93.105,45.5,19.436,13.799,0.032506563496018444,0.010416666666666668,0.001324978944375541,0.0035691232866309755,0.030457590491956035,0.04189332702140539,0.18571428571428572,0.9375,0.8,0.03248511099079589,46751175.0
568,Spain,2021-08-22,0.0,0.0,93.105,45.5,19.436,13.799,0.032506563496018444,0.010416666666666668,0.001324978944375541,0.0035691232866309755,0.030457590491956035,0.04189332702140539,0.18571428571428572,0.9375,0.8,0.03248511099079589,46751175.0
569,Spain,2021-08-23,23899.0,201.0,93.105,45.5,19.436,13.799,0.032506563496018444,0.010416666666666668,0.001324978944375541,0.0035691232866309755,0.030457590491956035,0.04189332702140539,0.18571428571428572,0.9375,0.8,0.03248511099079589,46751175.0
570,Spain,2021-08-24,10072.0,190.0,93.105,45.5,19.436,13.799,0.032506563496018444,0.010416666666666668,0.001324978944375541,0.0035691232866309755,0.030457590491956035,0.04189332702140539,0.18571428571428572,0.9375,0.8,0.03248511099079589,46751175.0
571,Spain,2021-08-25,10781.0,163.0,93.105,45.5,19.436,13.799,0.032506563496018444,0.010416666666666668,0.001324978944375541,0.0035691232866309755,0.030457590491956035,0.04189332702140539,0.18571428571428572,0.9375,0.8,0.03248511099079589,46751175.0
572,Spain,2021-08-26,7115.0,171.0,93.105,45.5,19.436,13.799,0.032506563496018444,0.010416666666666668,0.001324978944375541,0.0035691232866309755,0.030457590491956035,0.04189332702140539,0.18571428571428572,0.9375,0.8,0.03248511099079589,46751175.0
573,Spain,2021-08-27,9489.0,139.0,93.105,45.5,19.436,13.799,0.032506563496018444,0.010416666666666668,0.001324978944375541,0.0035691232866309755,0.030457590491956035,0.04189332702140539,0.18571428571428572,0.9375,0.8,0.03248511099079589,46751175.0
574,Spain,2021-08-28,0.0,0.0,93.105,45.5,19.436,13.799,0.032506563496018444,0.010416666666666668,0.001324978944375541,0.0035691232866309755,0.030457590491956035,0.04189332702140539,0.18571428571428572,0.9375,0.8,0.03248511099079589,46751175.0
575,Spain,2021-08-29,0.0,0.0,93.105,45.5,19.436,13.799,0.032506563496018444,0.010416666666666668,0.001324978944375541,0.0035691232866309755,0.030457590491956035,0.04189332702140539,0.18571428571428572,0.9375,0.8,0.03248511099079589,46751175.0
576,Spain,2021-08-30,15489.0,146.0,93.105,45.5,19.436,13.799,0.032506563496018444,0.010416666666666668,0.001324978944375541,0.0035691232866309755,0.030457590491956035,0.04189332702140539,0.18571428571428572,0.9375,0.8,0.03248511099079589,46751175.0
577,Spain,2021-08-31,7767.0,194.0,93.105,45.5,19.436,13.799,0.032506563496018444,0.010416666666666668,0.001324978944375541,0.0035691232866309755,0.030457590491956035,0.04189332702140539,0.18571428571428572,0.9375,0.8,0.03248511099079589,46751175.0
578,Spain,2021-09-01,6818.0,132.0,93.105,45.5,19.436,13.799,0.032506563496018444,0.010416666666666668,0.001324978944375541,0.0035691232866309755,0.030457590491956035,0.04189332702140539,0.18571428571428572,0.9375,0.8,0.03248511099079589,46751175.0
579,Spain,2021-09-02,9561.0,168.0,93.105,45.5,19.436,13.799,0.032506563496018444,0.010416666666666668,0.001324978944375541,0.0035691232866309755,0.030457590491956035,0.04189332702140539,0.18571428571428572,0.9375,0.8,0.03248511099079589,46751175.0
580,Spain,2021-09-03,6311.0,155.0,93.105,45.5,19.436,13.799,0.032506563496018444,0.010416666666666668,0.001324978944375541,0.0035691232866309755,0.030457590491956035,0.04189332702140539,0.18571428571428572,0.9375,0.8,0.03248511099079589,46751175.0
581,Spain,2021-09-04,0.0,0.0,93.105,45.5,19.436,13.799,0.032506563496018444,0.010416666666666668,0.001324978944375541,0.0035691232866309755,0.030457590491956035,0.04189332702140539,0.18571428571428572,0.9375,0.8,0.03248511099079589,46751175.0
582,Spain,2021-09-05,0.0,0.0,93.105,45.5,19.436,13.799,0.032506563496018444,0.010416666666666668,0.001324978944375541,0.0035691232866309755,0.030457590491956035,0.04189332702140539,0.18571428571428572,0.9375,0.8,0.03248511099079589,46751175.0
583,Spain,2021-09-06,9357.0,133.0,93.105,45.5,19.436,13.799,0.032506563496018444,0.010416666666666668,0.001324978944375541,0.0035691232866309755,0.030457590491956035,0.04189332702140539,0.18571428571428572,0.9375,0.8,0.03248511099079589,46751175.0
584,Spain,2021-09-07,5528.0,138.0,93.105,45.5,19.436,13.799,0.032506563496018444,0.010416666666666668,0.001324978944375541,0.0035691232866309755,0.030457590491956035,0.04189332702140539,0.18571428571428572,0.9375,0.8,0.03248511099079589,46751175.0
585,Spain,2021-09-08,5618.0,81.0,93.105,45.5,19.436,13.799,0.032506563496018444,0.010416666666666668,0.001324978944375541,0.0035691232866309755,0.030457590491956035,0.04189332702140539,0.18571428571428572,0.9375,0.8,0.03248511099079589,46751175.0
586,Spain,2021-09-09,4763.0,71.0,93.105,45.5,19.436,13.799,0.032506563496018444,0.010416666666666668,0.001324978944375541,0.0035691232866309755,0.030457590491956035,0.04189332702140539,0.18571428571428572,0.9375,0.8,0.03248511099079589,46751175.0
587,Spain,2021-09-10,4440.0,72.0,93.105,45.5,19.436,13.799,0.032506563496018444,0.010416666666666668,0.001324978944375541,0.0035691232866309755,0.030457590491956035,0.04189332702140539,0.18571428571428572,0.9375,0.8,0.03248511099079589,46751175.0
588,Spain,2021-09-11,0.0,0.0,93.105,45.5,19.436,13.799,0.032506563496018444,0.010416666666666668,0.001324978944375541,0.0035691232866309755,0.030457590491956035,0.04189332702140539,0.18571428571428572,0.9375,0.8,0.03248511099079589,46751175.0
589,Spain,2021-09-12,0.0,0.0,93.105,45.5,19.436,13.799,0.032506563496018444,0.010416666666666668,0.001324978944375541,0.0035691232866309755,0.030457590491956035,0.04189332702140539,0.18571428571428572,0.9375,0.8,0.03248511099079589,46751175.0
590,Spain,2021-09-13,7804.0,103.0,93.105,45.5,19.436,13.799,0.032506563496018444,0.010416666666666668,0.001324978944375541,0.0035691232866309755,0.030457590491956035,0.04189332702140539,0.18571428571428572,0.9375,0.8,0.03248511099079589,46751175.0
591,Spain,2021-09-14,3261.0,155.0,93.105,45.5,19.436,13.799,0.032506563496018444,0.010416666666666668,0.001324978944375541,0.0035691232866309755,0.030457590491956035,0.04189332702140539,0.18571428571428572,0.9375,0.8,0.03248511099079589,46751175.0
592,Spain,2021-09-15,3723.0,90.0,93.105,45.5,19.436,13.799,0.032506563496018444,0.010416666666666668,0.001324978944375541,0.0035691232866309755,0.030457590491956035,0.04189332702140539,0.18571428571428572,0.9375,0.8,0.03248511099079589,46751175.0
593,Spain,2021-09-16,4075.0,101.0,93.105,45.5,19.436,13.799,0.032506563496018444,0.010416666666666668,0.001324978944375541,0.0035691232866309755,0.030457590491956035,0.04189332702140539,0.18571428571428572,0.9375,0.8,0.03248511099079589,46751175.0
594,Spain,2021-09-17,3222.0,44.0,93.105,45.5,19.436,13.799,0.032506563496018444,0.010416666666666668,0.001324978944375541,0.0035691232866309755,0.030457590491956035,0.04189332702140539,0.18571428571428572,0.9375,0.8,0.03248511099079589,46751175.0
595,Spain,2021-09-18,0.0,0.0,93.105,45.5,19.436,13.799,0.032506563496018444,0.010416666666666668,0.001324978944375541,0.0035691232866309755,0.030457590491956035,0.04189332702140539,0.18571428571428572,0.9375,0.8,0.03248511099079589,46751175.0
596,Spain,2021-09-19,0.0,0.0,93.105,45.5,19.436,13.799,0.032506563496018444,0.010416666666666668,0.001324978944375541,0.0035691232866309755,0.030457590491956035,0.04189332702140539,0.18571428571428572,0.9375,0.8,0.03248511099079589,46751175.0
597,Spain,2021-09-20,5988.0,118.0,93.105,45.5,19.436,13.799,0.032506563496018444,0.010416666666666668,0.001324978944375541,0.0035691232866309755,0.030457590491956035,0.04189332702140539,0.18571428571428572,0.9375,0.8,0.03248511099079589,46751175.0
598,Spain,2021-09-21,2450.0,82.0,93.105,45.5,19.436,13.799,0.032506563496018444,0.010416666666666668,0.001324978944375541,0.0035691232866309755,0.030457590491956035,0.04189332702140539,0.18571428571428572,0.9375,0.8,0.03248511099079589,46751175.0
599,Spain,2021-09-22,2840.0,102.0,93.105,45.5,19.436,13.799,0.032506563496018444,0.010416666666666668,0.001324978944375541,0.0035691232866309755,0.030457590491956035,0.04189332702140539,0.18571428571428572,0.9375,0.8,0.03248511099079589,46751175.0
600,Spain,2021-09-23,3031.0,100.0,93.105,45.5,19.436,13.799,0.032506563496018444,0.010416666666666668,0.001324978944375541,0.0035691232866309755,0.030457590491956035,0.04189332702140539,0.18571428571428572,0.9375,0.8,0.03248511099079589,46751175.0
601,Spain,2021-09-24,2746.0,44.0,93.105,45.5,19.436,13.799,0.032506563496018444,0.010416666666666668,0.001324978944375541,0.0035691232866309755,0.030457590491956035,0.04189332702140539,0.18571428571428572,0.9375,0.8,0.03248511099079589,46751175.0
602,Spain,2021-09-25,0.0,0.0,93.105,45.5,19.436,13.799,0.032506563496018444,0.010416666666666668,0.001324978944375541,0.0035691232866309755,0.030457590491956035,0.04189332702140539,0.18571428571428572,0.9375,0.8,0.03248511099079589,46751175.0
603,Spain,2021-09-26,0.0,0.0,93.105,45.5,19.436,13.799,0.032506563496018444,0.010416666666666668,0.001324978944375541,0.0035691232866309755,0.030457590491956035,0.04189332702140539,0.18571428571428572,0.9375,0.8,0.03248511099079589,46751175.0
604,Spain,2021-09-27,5039.0,69.0,93.105,45.5,19.436,13.799,0.032506563496018444,0.010416666666666668,0.001324978944375541,0.0035691232866309755,0.030457590491956035,0.04189332702140539,0.18571428571428572,0.9375,0.8,0.03248511099079589,46751175.0
605,Spain,2021-09-28,2290.0,60.0,93.105,45.5,19.436,13.799,0.032506563496018444,0.010416666666666668,0.001324978944375541,0.0035691232866309755,0.030457590491956035,0.04189332702140539,0.18571428571428572,0.9375,0.8,0.03248511099079589,46751175.0
606,Spain,2021-09-29,2761.0,39.0,93.105,45.5,19.436,13.799,0.032506563496018444,0.010416666666666668,0.001324978944375541,0.0035691232866309755,0.030457590491956035,0.04189332702140539,0.18571428571428572,0.9375,0.8,0.03248511099079589,46751175.0
607,Spain,2021-09-30,2400.0,18.0,93.105,45.5,19.436,13.799,0.032506563496018444,0.010416666666666668,0.001324978944375541,0.0035691232866309755,0.030457590491956035,0.04189332702140539,0.18571428571428572,0.9375,0.8,0.03248511099079589,46751175.0
608,Spain,2021-10-01,2037.0,48.0,93.105,45.5,19.436,13.799,0.032506563496018444,0.010416666666666668,0.001324978944375541,0.0035691232866309755,0.030457590491956035,0.04189332702140539,0.18571428571428572,0.9375,0.8,0.03248511099079589,46751175.0
609,Spain,2021-10-02,0.0,0.0,93.105,45.5,19.436,13.799,0.032506563496018444,0.010416666666666668,0.001324978944375541,0.0035691232866309755,0.030457590491956035,0.04189332702140539,0.18571428571428572,0.9375,0.8,0.03248511099079589,46751175.0
610,Spain,2021-10-03,0.0,0.0,93.105,45.5,19.436,13.799,0.032506563496018444,0.010416666666666668,0.001324978944375541,0.0035691232866309755,0.030457590491956035,0.04189332702140539,0.18571428571428572,0.9375,0.8,0.03248511099079589,46751175.0
611,Spain,2021-10-04,4271.0,64.0,93.105,45.5,19.436,13.799,0.032506563496018444,0.010416666666666668,0.001324978944375541,0.0035691232866309755,0.030457590491956035,0.04189332702140539,0.18571428571428572,0.9375,0.8,0.03248511099079589,46751175.0
612,Spain,2021-10-05,1801.0,94.0,93.105,45.5,19.436,13.799,0.032506563496018444,0.010416666666666668,0.001324978944375541,0.0035691232866309755,0.030457590491956035,0.04189332702140539,0.18571428571428572,0.9375,0.8,0.03248511099079589,46751175.0
613,Spain,2021-10-06,2303.0,57.0,93.105,45.5,19.436,13.799,0.032506563496018444,0.010416666666666668,0.001324978944375541,0.0035691232866309755,0.030457590491956035,0.04189332702140539,0.18571428571428572,0.9375,0.8,0.03248511099079589,46751175.0
614,Spain,2021-10-07,1807.0,23.0,93.105,45.5,19.436,13.799,0.032506563496018444,0.010416666666666668,0.001324978944375541,0.0035691232866309755,0.030457590491956035,0.04189332702140539,0.18571428571428572,0.9375,0.8,0.03248511099079589,46751175.0
615,Spain,2021-10-08,2309.0,77.0,93.105,45.5,19.436,13.799,0.032506563496018444,0.010416666666666668,0.001324978944375541,0.0035691232866309755,0.030457590491956035,0.04189332702140539,0.18571428571428572,0.9375,0.8,0.03248511099079589,46751175.0
616,Spain,2021-10-09,0.0,0.0,93.105,45.5,19.436,13.799,0.032506563496018444,0.010416666666666668,0.001324978944375541,0.0035691232866309755,0.030457590491956035,0.04189332702140539,0.18571428571428572,0.9375,0.8,0.03248511099079589,46751175.0
617,Spain,2021-10-10,0.0,0.0,93.105,45.5,19.436,13.799,0.032506563496018444,0.010416666666666668,0.001324978944375541,0.0035691232866309755,0.030457590491956035,0.04189332702140539,0.18571428571428572,0.9375,0.8,0.03248511099079589,46751175.0
618,Spain,2021-10-11,3829.0,49.0,93.105,45.5,19.436,13.799,0.032506563496018444,0.010416666666666668,0.001324978944375541,0.0035691232866309755,0.030457590491956035,0.04189332702140539,0.18571428571428572,0.9375,0.8,0.03248511099079589,46751175.0
619,Spain,2021-10-12,0.0,0.0,93.105,45.5,19.436,13.799,0.032506563496018444,0.010416666666666668,0.001324978944375541,0.0035691232866309755,0.030457590491956035,0.04189332702140539,0.18571428571428572,0.9375,0.8,0.03248511099079589,46751175.0
620,Spain,2021-10-13,2758.0,42.0,93.105,45.5,19.436,13.799,0.032506563496018444,0.010416666666666668,0.001324978944375541,0.0035691232866309755,0.030457590491956035,0.04189332702140539,0.18571428571428572,0.9375,0.8,0.03248511099079589,46751175.0
621,Spain,2021-10-14,1932.0,48.0,93.105,45.5,19.436,13.799,0.032506563496018444,0.010416666666666668,0.001324978944375541,0.0035691232866309755,0.030457590491956035,0.04189332702140539,0.18571428571428572,0.9375,0.8,0.03248511099079589,46751175.0
622,Spain,2021-10-15,2248.0,57.0,93.105,45.5,19.436,13.799,0.032506563496018444,0.010416666666666668,0.001324978944375541,0.0035691232866309755,0.030457590491956035,0.04189332702140539,0.18571428571428572,0.9375,0.8,0.03248511099079589,46751175.0
623,Spain,2021-10-16,0.0,0.0,93.105,45.5,19.436,13.799,0.032506563496018444,0.010416666666666668,0.001324978944375541,0.0035691232866309755,0.030457590491956035,0.04189332702140539,0.18571428571428572,0.9375,0.8,0.03248511099079589,46751175.0
624,Spain,2021-10-17,0.0,0.0,93.105,45.5,19.436,13.799,0.032506563496018444,0.010416666666666668,0.001324978944375541,0.0035691232866309755,0.030457590491956035,0.04189332702140539,0.18571428571428572,0.9375,0.8,0.03248511099079589,46751175.0
625,Spain,2021-10-18,4492.0,56.0,93.105,45.5,19.436,13.799,0.032506563496018444,0.010416666666666668,0.001324978944375541,0.0035691232866309755,0.030457590491956035,0.04189332702140539,0.18571428571428572,0.9375,0.8,0.03248511099079589,46751175.0
626,Spain,2021-10-19,1889.0,21.0,93.105,45.5,19.436,13.799,0.032506563496018444,0.010416666666666668,0.001324978944375541,0.0035691232866309755,0.030457590491956035,0.04189332702140539,0.18571428571428572,0.9375,0.8,0.03248511099079589,46751175.0
627,Spain,2021-10-20,2528.0,31.0,93.105,45.5,19.436,13.799,0.032506563496018444,0.010416666666666668,0.001324978944375541,0.0035691232866309755,0.030457590491956035,0.04189332702140539,0.18571428571428572,0.9375,0.8,0.03248511099079589,46751175.0
628,Spain,2021-10-21,1881.0,20.0,93.105,45.5,19.436,13.799,0.032506563496018444,0.010416666666666668,0.001324978944375541,0.0035691232866309755,0.030457590491956035,0.04189332702140539,0.18571428571428572,0.9375,0.8,0.03248511099079589,46751175.0
629,Spain,2021-10-22,2556.0,30.0,93.105,45.5,19.436,13.799,0.032506563496018444,0.010416666666666668,0.001324978944375541,0.0035691232866309755,0.030457590491956035,0.04189332702140539,0.18571428571428572,0.9375,0.8,0.03248511099079589,46751175.0
630,Spain,2021-10-23,0.0,0.0,93.105,45.5,19.436,13.799,0.032506563496018444,0.010416666666666668,0.001324978944375541,0.0035691232866309755,0.030457590491956035,0.04189332702140539,0.18571428571428572,0.9375,0.8,0.03248511099079589,46751175.0
631,Spain,2021-10-24,0.0,0.0,93.105,45.5,19.436,13.799,0.032506563496018444,0.010416666666666668,0.001324978944375541,0.0035691232866309755,0.030457590491956035,0.04189332702140539,0.18571428571428572,0.9375,0.8,0.03248511099079589,46751175.0
632,Spain,2021-10-25,4485.0,54.0,93.105,45.5,19.436,13.799,0.032506563496018444,0.010416666666666668,0.001324978944375541,0.0035691232866309755,0.030457590491956035,0.04189332702140539,0.18571428571428572,0.9375,0.8,0.03248511099079589,46751175.0
633,Spain,2021-10-26,1926.0,52.0,93.105,45.5,19.436,13.799,0.032506563496018444,0.010416666666666668,0.001324978944375541,0.0035691232866309755,0.030457590491956035,0.04189332702140539,0.18571428571428572,0.9375,0.8,0.03248511099079589,46751175.0
634,Spain,2021-10-27,2532.0,51.0,93.105,45.5,19.436,13.799,0.032506563496018444,0.010416666666666668,0.001324978944375541,0.0035691232866309755,0.030457590491956035,0.04189332702140539,0.18571428571428572,0.9375,0.8,0.03248511099079589,46751175.0
635,Spain,2021-10-28,2212.0,33.0,93.105,45.5,19.436,13.799,0.032506563496018444,0.010416666666666668,0.001324978944375541,0.0035691232866309755,0.030457590491956035,0.04189332702140539,0.18571428571428572,0.9375,0.8,0.03248511099079589,46751175.0
636,Spain,2021-10-29,2261.0,46.0,93.105,45.5,19.436,13.799,0.032506563496018444,0.010416666666666668,0.001324978944375541,0.0035691232866309755,0.030457590491956035,0.04189332702140539,0.18571428571428572,0.9375,0.8,0.03248511099079589,46751175.0
637,Spain,2021-10-30,0.0,0.0,93.105,45.5,19.436,13.799,0.032506563496018444,0.010416666666666668,0.001324978944375541,0.0035691232866309755,0.030457590491956035,0.04189332702140539,0.18571428571428572,0.9375,0.8,0.03248511099079589,46751175.0
638,Spain,2021-10-31,0.0,0.0,93.105,45.5,19.436,13.799,0.032506563496018444,0.010416666666666668,0.001324978944375541,0.0035691232866309755,0.030457590491956035,0.04189332702140539,0.18571428571428572,0.9375,0.8,0.03248511099079589,46751175.0
639,Spain,2021-11-01,0.0,0.0,93.105,45.5,19.436,13.799,0.032506563496018444,0.010416666666666668,0.001324978944375541,0.0035691232866309755,0.030457590491956035,0.04189332702140539,0.18571428571428572,0.9375,0.8,0.03248511099079589,46751175.0
640,Spain,2021-11-02,5820.0,55.0,93.105,45.5,19.436,13.799,0.032506563496018444,0.010416666666666668,0.001324978944375541,0.0035691232866309755,0.030457590491956035,0.04189332702140539,0.18571428571428572,0.9375,0.8,0.03248511099079589,46751175.0
641,Spain,2021-11-03,2287.0,39.0,93.105,45.5,19.436,13.799,0.032506563496018444,0.010416666666666668,0.001324978944375541,0.0035691232866309755,0.030457590491956035,0.04189332702140539,0.18571428571428572,0.9375,0.8,0.03248511099079589,46751175.0
642,Spain,2021-11-04,3291.0,15.0,93.105,45.5,19.436,13.799,0.032506563496018444,0.010416666666666668,0.001324978944375541,0.0035691232866309755,0.030457590491956035,0.04189332702140539,0.18571428571428572,0.9375,0.8,0.03248511099079589,46751175.0
643,Spain,2021-11-05,3093.0,27.0,93.105,45.5,19.436,13.799,0.032506563496018444,0.010416666666666668,0.001324978944375541,0.0035691232866309755,0.030457590491956035,0.04189332702140539,0.18571428571428572,0.9375,0.8,0.03248511099079589,46751175.0
644,Spain,2021-11-06,0.0,0.0,93.105,45.5,19.436,13.799,0.032506563496018444,0.010416666666666668,0.001324978944375541,0.0035691232866309755,0.030457590491956035,0.04189332702140539,0.18571428571428572,0.9375,0.8,0.03248511099079589,46751175.0
645,Spain,2021-11-07,0.0,0.0,93.105,45.5,19.436,13.799,0.032506563496018444,0.010416666666666668,0.001324978944375541,0.0035691232866309755,0.030457590491956035,0.04189332702140539,0.18571428571428572,0.9375,0.8,0.03248511099079589,46751175.0
646,Spain,2021-11-08,6417.0,54.0,93.105,45.5,19.436,13.799,0.032506563496018444,0.010416666666666668,0.001324978944375541,0.0035691232866309755,0.030457590491956035,0.04189332702140539,0.18571428571428572,0.9375,0.8,0.03248511099079589,46751175.0
647,Spain,2021-11-09,0.0,0.0,93.105,45.5,19.436,13.799,0.032506563496018444,0.010416666666666668,0.001324978944375541,0.0035691232866309755,0.030457590491956035,0.04189332702140539,0.18571428571428572,0.9375,0.8,0.03248511099079589,46751175.0
648,Spain,2021-11-10,6461.0,59.0,93.105,45.5,19.436,13.799,0.032506563496018444,0.010416666666666668,0.001324978944375541,0.0035691232866309755,0.030457590491956035,0.04189332702140539,0.18571428571428572,0.9375,0.8,0.03248511099079589,46751175.0
649,Spain,2021-11-11,4286.0,30.0,93.105,45.5,19.436,13.799,0.032506563496018444,0.010416666666666668,0.001324978944375541,0.0035691232866309755,0.030457590491956035,0.04189332702140539,0.18571428571428572,0.9375,0.8,0.03248511099079589,46751175.0
650,Spain,2021-11-12,4353.0,26.0,93.105,45.5,19.436,13.799,0.032506563496018444,0.010416666666666668,0.001324978944375541,0.0035691232866309755,0.030457590491956035,0.04189332702140539,0.18571428571428572,0.9375,0.8,0.03248511099079589,46751175.0
651,Spain,2021-11-13,0.0,0.0,93.105,45.5,19.436,13.799,0.032506563496018444,0.010416666666666668,0.001324978944375541,0.0035691232866309755,0.030457590491956035,0.04189332702140539,0.18571428571428572,0.9375,0.8,0.03248511099079589,46751175.0
652,Spain,2021-11-14,0.0,0.0,93.105,45.5,19.436,13.799,0.032506563496018444,0.010416666666666668,0.001324978944375541,0.0035691232866309755,0.030457590491956035,0.04189332702140539,0.18571428571428572,0.9375,0.8,0.03248511099079589,46751175.0
653,Spain,2021-11-15,9798.0,43.0,93.105,45.5,19.436,13.799,0.032506563496018444,0.010416666666666668,0.001324978944375541,0.0035691232866309755,0.030457590491956035,0.04189332702140539,0.18571428571428572,0.9375,0.8,0.03248511099079589,46751175.0
654,Spain,2021-11-16,4091.0,29.0,93.105,45.5,19.436,13.799,0.032506563496018444,0.010416666666666668,0.001324978944375541,0.0035691232866309755,0.030457590491956035,0.04189332702140539,0.18571428571428572,0.9375,0.8,0.03248511099079589,46751175.0
655,Spain,2021-11-17,6667.0,30.0,93.105,45.5,19.436,13.799,0.032506563496018444,0.010416666666666668,0.001324978944375541,0.0035691232866309755,0.030457590491956035,0.04189332702140539,0.18571428571428572,0.9375,0.8,0.03248511099079589,46751175.0
656,Spain,2021-11-18,6315.0,29.0,93.105,45.5,19.436,13.799,0.032506563496018444,0.010416666666666668,0.001324978944375541,0.0035691232866309755,0.030457590491956035,0.04189332702140539,0.18571428571428572,0.9375,0.8,0.03248511099079589,46751175.0
657,Spain,2021-11-19,6636.0,6.0,93.105,45.5,19.436,13.799,0.032506563496018444,0.010416666666666668,0.001324978944375541,0.0035691232866309755,0.030457590491956035,0.04189332702140539,0.18571428571428572,0.9375,0.8,0.03248511099079589,46751175.0
658,Spain,2021-11-20,0.0,0.0,93.105,45.5,19.436,13.799,0.032506563496018444,0.010416666666666668,0.001324978944375541,0.0035691232866309755,0.030457590491956035,0.04189332702140539,0.18571428571428572,0.9375,0.8,0.03248511099079589,46751175.0
659,Spain,2021-11-21,0.0,0.0,93.105,45.5,19.436,13.799,0.032506563496018444,0.010416666666666668,0.001324978944375541,0.0035691232866309755,0.030457590491956035,0.04189332702140539,0.18571428571428572,0.9375,0.8,0.03248511099079589,46751175.0
660,Spain,2021-11-22,15875.0,22.0,93.105,45.5,19.436,13.799,0.032506563496018444,0.010416666666666668,0.001324978944375541,0.0035691232866309755,0.030457590491956035,0.04189332702140539,0.18571428571428572,0.9375,0.8,0.03248511099079589,46751175.0
661,Spain,2021-11-23,6777.0,34.0,93.105,45.5,19.436,13.799,0.032506563496018444,0.010416666666666668,0.001324978944375541,0.0035691232866309755,0.030457590491956035,0.04189332702140539,0.18571428571428572,0.9375,0.8,0.03248511099079589,46751175.0
662,Spain,2021-11-24,8527.0,38.0,93.105,45.5,19.436,13.799,0.032506563496018444,0.010416666666666668,0.001324978944375541,0.0035691232866309755,0.030457590491956035,0.04189332702140539,0.18571428571428572,0.9375,0.8,0.03248511099079589,46751175.0
663,Spain,2021-11-25,9258.0,27.0,93.105,45.5,19.436,13.799,0.032506563496018444,0.010416666666666668,0.001324978944375541,0.0035691232866309755,0.030457590491956035,0.04189332702140539,0.18571428571428572,0.9375,0.8,0.03248511099079589,46751175.0
664,Spain,2021-11-26,9912.0,24.0,93.105,45.5,19.436,13.799,0.032506563496018444,0.010416666666666668,0.001324978944375541,0.0035691232866309755,0.030457590491956035,0.04189332702140539,0.18571428571428572,0.9375,0.8,0.03248511099079589,46751175.0
665,Spain,2021-11-27,0.0,0.0,93.105,45.5,19.436,13.799,0.032506563496018444,0.010416666666666668,0.001324978944375541,0.0035691232866309755,0.030457590491956035,0.04189332702140539,0.18571428571428572,0.9375,0.8,0.03248511099079589,46751175.0
666,Spain,2021-11-28,0.0,0.0,93.105,45.5,19.436,13.799,0.032506563496018444,0.010416666666666668,0.001324978944375541,0.0035691232866309755,0.030457590491956035,0.04189332702140539,0.18571428571428572,0.9375,0.8,0.03248511099079589,46751175.0
667,Spain,2021-11-29,22911.0,53.0,93.105,45.5,19.436,13.799,0.032506563496018444,0.010416666666666668,0.001324978944375541,0.0035691232866309755,0.030457590491956035,0.04189332702140539,0.18571428571428572,0.9375,0.8,0.03248511099079589,46751175.0
668,Spain,2021-11-30,10261.0,44.0,93.105,45.5,19.436,13.799,0.032506563496018444,0.010416666666666668,0.001324978944375541,0.0035691232866309755,0.030457590491956035,0.04189332702140539,0.18571428571428572,0.9375,0.8,0.03248511099079589,46751175.0
669,Spain,2021-12-01,10536.0,28.0,93.105,45.5,19.436,13.799,0.032506563496018444,0.010416666666666668,0.001324978944375541,0.0035691232866309755,0.030457590491956035,0.04189332702140539,0.18571428571428572,0.9375,0.8,0.03248511099079589,46751175.0
670,Spain,2021-12-02,14500.0,42.0,93.105,45.5,19.436,13.799,0.032506563496018444,0.010416666666666668,0.001324978944375541,0.0035691232866309755,0.030457590491956035,0.04189332702140539,0.18571428571428572,0.9375,0.8,0.03248511099079589,46751175.0
671,Spain,2021-12-03,13738.0,37.0,93.105,45.5,19.436,13.799,0.032506563496018444,0.010416666666666668,0.001324978944375541,0.0035691232866309755,0.030457590491956035,0.04189332702140539,0.18571428571428572,0.9375,0.8,0.03248511099079589,46751175.0
672,Spain,2021-12-04,0.0,0.0,93.105,45.5,19.436,13.799,0.032506563496018444,0.010416666666666668,0.001324978944375541,0.0035691232866309755,0.030457590491956035,0.04189332702140539,0.18571428571428572,0.9375,0.8,0.03248511099079589,46751175.0
673,Spain,2021-12-05,0.0,0.0,93.105,45.5,19.436,13.799,0.032506563496018444,0.010416666666666668,0.001324978944375541,0.0035691232866309755,0.030457590491956035,0.04189332702140539,0.18571428571428572,0.9375,0.8,0.03248511099079589,46751175.0
674,Spain,2021-12-06,0.0,0.0,93.105,45.5,19.436,13.799,0.032506563496018444,0.010416666666666668,0.001324978944375541,0.0035691232866309755,0.030457590491956035,0.04189332702140539,0.18571428571428572,0.9375,0.8,0.03248511099079589,46751175.0
675,Spain,2021-12-07,43808.0,78.0,93.105,45.5,19.436,13.799,0.032506563496018444,0.010416666666666668,0.001324978944375541,0.0035691232866309755,0.030457590491956035,0.04189332702140539,0.18571428571428572,0.9375,0.8,0.03248511099079589,46751175.0
676,Spain,2021-12-08,0.0,0.0,93.105,45.5,19.436,13.799,0.032506563496018444,0.010416666666666668,0.001324978944375541,0.0035691232866309755,0.030457590491956035,0.04189332702140539,0.18571428571428572,0.9375,0.8,0.03248511099079589,46751175.0
677,Spain,2021-12-09,26412.0,84.0,93.105,45.5,19.436,13.799,0.032506563496018444,0.010416666666666668,0.001324978944375541,0.0035691232866309755,0.030457590491956035,0.04189332702140539,0.18571428571428572,0.9375,0.8,0.03248511099079589,46751175.0
678,Spain,2021-12-10,17095.0,59.0,93.105,45.5,19.436,13.799,0.032506563496018444,0.010416666666666668,0.001324978944375541,0.0035691232866309755,0.030457590491956035,0.04189332702140539,0.18571428571428572,0.9375,0.8,0.03248511099079589,46751175.0
679,Spain,2021-12-11,0.0,1.0,93.105,45.5,19.436,13.799,0.032506563496018444,0.010416666666666668,0.001324978944375541,0.0035691232866309755,0.030457590491956035,0.04189332702140539,0.18571428571428572,0.9375,0.8,0.03248511099079589,46751175.0
680,Spain,2021-12-12,0.0,0.0,93.105,45.5,19.436,13.799,0.032506563496018444,0.010416666666666668,0.001324978944375541,0.0035691232866309755,0.030457590491956035,0.04189332702140539,0.18571428571428572,0.9375,0.8,0.03248511099079589,46751175.0
681,Spain,2021-12-13,49802.0,103.0,93.105,45.5,19.436,13.799,0.032506563496018444,0.010416666666666668,0.001324978944375541,0.0035691232866309755,0.030457590491956035,0.04189332702140539,0.18571428571428572,0.9375,0.8,0.03248511099079589,46751175.0
682,Spain,2021-12-14,26136.0,58.0,93.105,45.5,19.436,13.799,0.032506563496018444,0.010416666666666668,0.001324978944375541,0.0035691232866309755,0.030457590491956035,0.04189332702140539,0.18571428571428572,0.9375,0.8,0.03248511099079589,46751175.0
683,Spain,2021-12-15,27140.0,77.0,93.105,45.5,19.436,13.799,0.032506563496018444,0.010416666666666668,0.001324978944375541,0.0035691232866309755,0.030457590491956035,0.04189332702140539,0.18571428571428572,0.9375,0.8,0.03248511099079589,46751175.0
684,Spain,2021-12-16,28900.0,48.0,93.105,45.5,19.436,13.799,0.032506563496018444,0.010416666666666668,0.001324978944375541,0.0035691232866309755,0.030457590491956035,0.04189332702140539,0.18571428571428572,0.9375,0.8,0.03248511099079589,46751175.0
685,Spain,2021-12-17,33359.0,41.0,93.105,45.5,19.436,13.799,0.032506563496018444,0.010416666666666668,0.001324978944375541,0.0035691232866309755,0.030457590491956035,0.04189332702140539,0.18571428571428572,0.9375,0.8,0.03248511099079589,46751175.0
686,Spain,2021-12-18,0.0,0.0,93.105,45.5,19.436,13.799,0.032506563496018444,0.010416666666666668,0.001324978944375541,0.0035691232866309755,0.030457590491956035,0.04189332702140539,0.18571428571428572,0.9375,0.8,0.03248511099079589,46751175.0
687,Spain,2021-12-19,0.0,0.0,93.105,45.5,19.436,13.799,0.032506563496018444,0.010416666666666668,0.001324978944375541,0.0035691232866309755,0.030457590491956035,0.04189332702140539,0.18571428571428572,0.9375,0.8,0.03248511099079589,46751175.0
688,Spain,2021-12-20,79704.0,85.0,93.105,45.5,19.436,13.799,0.032506563496018444,0.010416666666666668,0.001324978944375541,0.0035691232866309755,0.030457590491956035,0.04189332702140539,0.18571428571428572,0.9375,0.8,0.03248511099079589,46751175.0
689,Spain,2021-12-21,49823.0,94.0,93.105,45.5,19.436,13.799,0.032506563496018444,0.010416666666666668,0.001324978944375541,0.0035691232866309755,0.030457590491956035,0.04189332702140539,0.18571428571428572,0.9375,0.8,0.03248511099079589,46751175.0
690,Spain,2021-12-22,60041.0,50.0,93.105,45.5,19.436,13.799,0.032506563496018444,0.010416666666666668,0.001324978944375541,0.0035691232866309755,0.030457590491956035,0.04189332702140539,0.18571428571428572,0.9375,0.8,0.03248511099079589,46751175.0
691,Spain,2021-12-23,72912.0,82.0,93.105,45.5,19.436,13.799,0.032506563496018444,0.010416666666666668,0.001324978944375541,0.0035691232866309755,0.030457590491956035,0.04189332702140539,0.18571428571428572,0.9375,0.8,0.03248511099079589,46751175.0
692,Spain,2021-12-24,0.0,0.0,93.105,45.5,19.436,13.799,0.032506563496018444,0.010416666666666668,0.001324978944375541,0.0035691232866309755,0.030457590491956035,0.04189332702140539,0.18571428571428572,0.9375,0.8,0.03248511099079589,46751175.0
693,Spain,2021-12-25,0.0,0.0,93.105,45.5,19.436,13.799,0.032506563496018444,0.010416666666666668,0.001324978944375541,0.0035691232866309755,0.030457590491956035,0.04189332702140539,0.18571428571428572,0.9375,0.8,0.03248511099079589,46751175.0
694,Spain,2021-12-26,0.0,0.0,93.105,45.5,19.436,13.799,0.032506563496018444,0.010416666666666668,0.001324978944375541,0.0035691232866309755,0.030457590491956035,0.04189332702140539,0.18571428571428572,0.9375,0.8,0.03248511099079589,46751175.0
695,Spain,2021-12-27,214619.0,120.0,93.105,45.5,19.436,13.799,0.032506563496018444,0.010416666666666668,0.001324978944375541,0.0035691232866309755,0.030457590491956035,0.04189332702140539,0.18571428571428572,0.9375,0.8,0.03248511099079589,46751175.0
696,Spain,2021-12-28,99671.0,114.0,93.105,45.5,19.436,13.799,0.032506563496018444,0.010416666666666668,0.001324978944375541,0.0035691232866309755,0.030457590491956035,0.04189332702140539,0.18571428571428572,0.9375,0.8,0.03248511099079589,46751175.0
697,Spain,2021-12-29,100760.0,78.0,93.105,45.5,19.436,13.799,0.032506563496018444,0.010416666666666668,0.001324978944375541,0.0035691232866309755,0.030457590491956035,0.04189332702140539,0.18571428571428572,0.9375,0.8,0.03248511099079589,46751175.0
698,Spain,2021-12-30,161688.0,74.0,93.105,45.5,19.436,13.799,0.032506563496018444,0.010416666666666668,0.001324978944375541,0.0035691232866309755,0.030457590491956035,0.04189332702140539,0.18571428571428572,0.9375,0.8,0.03248511099079589,46751175.0
699,Spain,2021-12-31,0.0,0.0,93.105,45.5,19.436,13.799,0.032506563496018444,0.010416666666666668,0.001324978944375541,0.0035691232866309755,0.030457590491956035,0.04189332702140539,0.18571428571428572,0.9375,0.8,0.03248511099079589,46751175.0
700,Spain,2022-01-01,0.0,0.0,93.105,45.5,19.436,13.799,0.032506563496018444,0.010416666666666668,0.001324978944375541,0.0035691232866309755,0.030457590491956035,0.04189332702140539,0.18571428571428572,0.9375,0.8,0.03248511099079589,46751175.0
701,Spain,2022-01-02,0.0,0.0,93.105,45.5,19.436,13.799,0.032506563496018444,0.010416666666666668,0.001324978944375541,0.0035691232866309755,0.030457590491956035,0.04189332702140539,0.18571428571428572,0.9375,0.8,0.03248511099079589,46751175.0
702,Spain,2022-01-03,372766.0,168.0,93.105,45.5,19.436,13.799,0.032506563496018444,0.010416666666666668,0.001324978944375541,0.0035691232866309755,0.030457590491956035,0.04189332702140539,0.18571428571428572,0.9375,0.8,0.03248511099079589,46751175.0
703,Spain,2022-01-04,117775.0,116.0,93.105,45.5,19.436,13.799,0.032506563496018444,0.010416666666666668,0.001324978944375541,0.0035691232866309755,0.030457590491956035,0.04189332702140539,0.18571428571428572,0.9375,0.8,0.03248511099079589,46751175.0
704,Spain,2022-01-05,137180.0,148.0,93.105,45.5,19.436,13.799,0.032506563496018444,0.010416666666666668,0.001324978944375541,0.0035691232866309755,0.030457590491956035,0.04189332702140539,0.18571428571428572,0.9375,0.8,0.03248511099079589,46751175.0
705,Spain,2022-01-06,0.0,0.0,93.105,45.5,19.436,13.799,0.032506563496018444,0.010416666666666668,0.001324978944375541,0.0035691232866309755,0.030457590491956035,0.04189332702140539,0.18571428571428572,0.9375,0.8,0.03248511099079589,46751175.0
706,Spain,2022-01-07,242440.0,97.0,93.105,45.5,19.436,13.799,0.032506563496018444,0.010416666666666668,0.001324978944375541,0.0035691232866309755,0.030457590491956035,0.04189332702140539,0.18571428571428572,0.9375,0.8,0.03248511099079589,46751175.0
707,Spain,2022-01-08,0.0,0.0,93.105,45.5,19.436,13.799,0.032506563496018444,0.010416666666666668,0.001324978944375541,0.0035691232866309755,0.030457590491956035,0.04189332702140539,0.18571428571428572,0.9375,0.8,0.03248511099079589,46751175.0
708,Spain,2022-01-09,0.0,0.0,93.105,45.5,19.436,13.799,0.032506563496018444,0.010416666666666668,0.001324978944375541,0.0035691232866309755,0.030457590491956035,0.04189332702140539,0.18571428571428572,0.9375,0.8,0.03248511099079589,46751175.0
709,Spain,2022-01-10,292394.0,202.0,93.105,45.5,19.436,13.799,0.032506563496018444,0.010416666666666668,0.001324978944375541,0.0035691232866309755,0.030457590491956035,0.04189332702140539,0.18571428571428572,0.9375,0.8,0.03248511099079589,46751175.0
710,Spain,2022-01-11,134942.0,247.0,93.105,45.5,19.436,13.799,0.032506563496018444,0.010416666666666668,0.001324978944375541,0.0035691232866309755,0.030457590491956035,0.04189332702140539,0.18571428571428572,0.9375,0.8,0.03248511099079589,46751175.0
711,Spain,2022-01-12,179125.0,125.0,93.105,45.5,19.436,13.799,0.032506563496018444,0.010416666666666668,0.001324978944375541,0.0035691232866309755,0.030457590491956035,0.04189332702140539,0.18571428571428572,0.9375,0.8,0.03248511099079589,46751175.0
712,Spain,2022-01-13,159161.0,112.0,93.105,45.5,19.436,13.799,0.032506563496018444,0.010416666666666668,0.001324978944375541,0.0035691232866309755,0.030457590491956035,0.04189332702140539,0.18571428571428572,0.9375,0.8,0.03248511099079589,46751175.0
713,Spain,2022-01-14,162508.0,139.0,93.105,45.5,19.436,13.799,0.032506563496018444,0.010416666666666668,0.001324978944375541,0.0035691232866309755,0.030457590491956035,0.04189332702140539,0.18571428571428572,0.9375,0.8,0.03248511099079589,46751175.0
714,Spain,2022-01-15,0.0,0.0,93.105,45.5,19.436,13.799,0.032506563496018444,0.010416666666666668,0.001324978944375541,0.0035691232866309755,0.030457590491956035,0.04189332702140539,0.18571428571428572,0.9375,0.8,0.03248511099079589,46751175.0
715,Spain,2022-01-16,0.0,0.0,93.105,45.5,19.436,13.799,0.032506563496018444,0.010416666666666668,0.001324978944375541,0.0035691232866309755,0.030457590491956035,0.04189332702140539,0.18571428571428572,0.9375,0.8,0.03248511099079589,46751175.0
716,Spain,2022-01-17,331467.0,234.0,93.105,45.5,19.436,13.799,0.032506563496018444,0.010416666666666668,0.001324978944375541,0.0035691232866309755,0.030457590491956035,0.04189332702140539,0.18571428571428572,0.9375,0.8,0.03248511099079589,46751175.0
717,Spain,2022-01-18,94472.0,284.0,93.105,45.5,19.436,13.799,0.032506563496018444,0.010416666666666668,0.001324978944375541,0.0035691232866309755,0.030457590491956035,0.04189332702140539,0.18571428571428572,0.9375,0.8,0.03248511099079589,46751175.0
718,Spain,2022-01-19,157941.0,160.0,93.105,45.5,19.436,13.799,0.032506563496018444,0.010416666666666668,0.001324978944375541,0.0035691232866309755,0.030457590491956035,0.04189332702140539,0.18571428571428572,0.9375,0.8,0.03248511099079589,46751175.0
719,Spain,2022-01-20,157447.0,162.0,93.105,45.5,19.436,13.799,0.032506563496018444,0.010416666666666668,0.001324978944375541,0.0035691232866309755,0.030457590491956035,0.04189332702140539,0.18571428571428572,0.9375,0.8,0.03248511099079589,46751175.0
720,Spain,2022-01-21,141095.0,142.0,93.105,45.5,19.436,13.799,0.032506563496018444,0.010416666666666668,0.001324978944375541,0.0035691232866309755,0.030457590491956035,0.04189332702140539,0.18571428571428572,0.9375,0.8,0.03248511099079589,46751175.0
721,Spain,2022-01-22,0.0,0.0,93.105,45.5,19.436,13.799,0.032506563496018444,0.010416666666666668,0.001324978944375541,0.0035691232866309755,0.030457590491956035,0.04189332702140539,0.18571428571428572,0.9375,0.8,0.03248511099079589,46751175.0
722,Spain,2022-01-23,0.0,0.0,93.105,45.5,19.436,13.799,0.032506563496018444,0.010416666666666668,0.001324978944375541,0.0035691232866309755,0.030457590491956035,0.04189332702140539,0.18571428571428572,0.9375,0.8,0.03248511099079589,46751175.0
723,Spain,2022-01-24,305432.0,253.0,93.105,45.5,19.436,13.799,0.032506563496018444,0.010416666666666668,0.001324978944375541,0.0035691232866309755,0.030457590491956035,0.04189332702140539,0.18571428571428572,0.9375,0.8,0.03248511099079589,46751175.0
724,Spain,2022-01-25,114877.0,382.0,93.105,45.5,19.436,13.799,0.032506563496018444,0.010416666666666668,0.001324978944375541,0.0035691232866309755,0.030457590491956035,0.04189332702140539,0.18571428571428572,0.9375,0.8,0.03248511099079589,46751175.0
725,Spain,2022-01-26,133553.0,215.0,93.105,45.5,19.436,13.799,0.032506563496018444,0.010416666666666668,0.001324978944375541,0.0035691232866309755,0.030457590491956035,0.04189332702140539,0.18571428571428572,0.9375,0.8,0.03248511099079589,46751175.0
726,Spain,2022-01-27,130888.0,176.0,93.105,45.5,19.436,13.799,0.032506563496018444,0.010416666666666668,0.001324978944375541,0.0035691232866309755,0.030457590491956035,0.04189332702140539,0.18571428571428572,0.9375,0.8,0.03248511099079589,46751175.0
727,Spain,2022-01-28,118922.0,199.0,93.105,45.5,19.436,13.799,0.032506563496018444,0.010416666666666668,0.001324978944375541,0.0035691232866309755,0.030457590491956035,0.04189332702140539,0.18571428571428572,0.9375,0.8,0.03248511099079589,46751175.0
728,Spain,2022-01-29,0.0,0.0,93.105,45.5,19.436,13.799,0.032506563496018444,0.010416666666666668,0.001324978944375541,0.0035691232866309755,0.030457590491956035,0.04189332702140539,0.18571428571428572,0.9375,0.8,0.03248511099079589,46751175.0
729,Spain,2022-01-30,0.0,0.0,93.105,45.5,19.436,13.799,0.032506563496018444,0.010416666666666668,0.001324978944375541,0.0035691232866309755,0.030457590491956035,0.04189332702140539,0.18571428571428572,0.9375,0.8,0.03248511099079589,46751175.0
730,Spain,2022-01-31,182123.0,259.0,93.105,45.5,19.436,13.799,0.032506563496018444,0.010416666666666668,0.001324978944375541,0.0035691232866309755,0.030457590491956035,0.04189332702140539,0.18571428571428572,0.9375,0.8,0.03248511099079589,46751175.0
731,Spain,2022-02-01,77873.0,408.0,93.105,45.5,19.436,13.799,0.032506563496018444,0.010416666666666668,0.001324978944375541,0.0035691232866309755,0.030457590491956035,0.04189332702140539,0.18571428571428572,0.9375,0.8,0.03248511099079589,46751175.0
732,Spain,2022-02-02,86222.0,224.0,93.105,45.5,19.436,13.799,0.032506563496018444,0.010416666666666668,0.001324978944375541,0.0035691232866309755,0.030457590491956035,0.04189332702140539,0.18571428571428572,0.9375,0.8,0.03248511099079589,46751175.0
733,Spain,2022-02-03,74368.0,183.0,93.105,45.5,19.436,13.799,0.032506563496018444,0.010416666666666668,0.001324978944375541,0.0035691232866309755,0.030457590491956035,0.04189332702140539,0.18571428571428572,0.9375,0.8,0.03248511099079589,46751175.0
734,Spain,2022-02-04,0.0,0.0,93.105,45.5,19.436,13.799,0.032506563496018444,0.010416666666666668,0.001324978944375541,0.0035691232866309755,0.030457590491956035,0.04189332702140539,0.18571428571428572,0.9375,0.8,0.03248511099079589,46751175.0
735,Spain,2022-02-05,0.0,0.0,93.105,45.5,19.436,13.799,0.032506563496018444,0.010416666666666668,0.001324978944375541,0.0035691232866309755,0.030457590491956035,0.04189332702140539,0.18571428571428572,0.9375,0.8,0.03248511099079589,46751175.0
736,Spain,2022-02-06,0.0,0.0,93.105,45.5,19.436,13.799,0.032506563496018444,0.010416666666666668,0.001324978944375541,0.0035691232866309755,0.030457590491956035,0.04189332702140539,0.18571428571428572,0.9375,0.8,0.03248511099079589,46751175.0
737,Spain,2022-02-07,195755.0,530.0,93.105,45.5,19.436,13.799,0.032506563496018444,0.010416666666666668,0.001324978944375541,0.0035691232866309755,0.030457590491956035,0.04189332702140539,0.18571428571428572,0.9375,0.8,0.03248511099079589,46751175.0
738,Spain,2022-02-08,43831.0,361.0,93.105,45.5,19.436,13.799,0.032506563496018444,0.010416666666666668,0.001324978944375541,0.0035691232866309755,0.030457590491956035,0.04189332702140539,0.18571428571428572,0.9375,0.8,0.03248511099079589,46751175.0
739,Spain,2022-02-09,62839.0,282.0,93.105,45.5,19.436,13.799,0.032506563496018444,0.010416666666666668,0.001324978944375541,0.0035691232866309755,0.030457590491956035,0.04189332702140539,0.18571428571428572,0.9375,0.8,0.03248511099079589,46751175.0
740,Spain,2022-02-10,53055.0,393.0,93.105,45.5,19.436,13.799,0.032506563496018444,0.010416666666666668,0.001324978944375541,0.0035691232866309755,0.030457590491956035,0.04189332702140539,0.18571428571428572,0.9375,0.8,0.03248511099079589,46751175.0
741,Spain,2022-02-11,49004.0,389.0,93.105,45.5,19.436,13.799,0.032506563496018444,0.010416666666666668,0.001324978944375541,0.0035691232866309755,0.030457590491956035,0.04189332702140539,0.18571428571428572,0.9375,0.8,0.03248511099079589,46751175.0
742,Spain,2022-02-12,0.0,0.0,93.105,45.5,19.436,13.799,0.032506563496018444,0.010416666666666668,0.001324978944375541,0.0035691232866309755,0.030457590491956035,0.04189332702140539,0.18571428571428572,0.9375,0.8,0.03248511099079589,46751175.0
743,Spain,2022-02-13,0.0,0.0,93.105,45.5,19.436,13.799,0.032506563496018444,0.010416666666666668,0.001324978944375541,0.0035691232866309755,0.030457590491956035,0.04189332702140539,0.18571428571428572,0.9375,0.8,0.03248511099079589,46751175.0
744,Spain,2022-02-14,68706.0,601.0,93.105,45.5,19.436,13.799,0.032506563496018444,0.010416666666666668,0.001324978944375541,0.0035691232866309755,0.030457590491956035,0.04189332702140539,0.18571428571428572,0.9375,0.8,0.03248511099079589,46751175.0
745,Spain,2022-02-15,34380.0,310.0,93.105,45.5,19.436,13.799,0.032506563496018444,0.010416666666666668,0.001324978944375541,0.0035691232866309755,0.030457590491956035,0.04189332702140539,0.18571428571428572,0.9375,0.8,0.03248511099079589,46751175.0
746,Spain,2022-02-16,37108.0,444.0,93.105,45.5,19.436,13.799,0.032506563496018444,0.010416666666666668,0.001324978944375541,0.0035691232866309755,0.030457590491956035,0.04189332702140539,0.18571428571428572,0.9375,0.8,0.03248511099079589,46751175.0
747,Spain,2022-02-17,34213.0,360.0,93.105,45.5,19.436,13.799,0.032506563496018444,0.010416666666666668,0.001324978944375541,0.0035691232866309755,0.030457590491956035,0.04189332702140539,0.18571428571428572,0.9375,0.8,0.03248511099079589,46751175.0
748,Spain,2022-02-18,30615.0,288.0,93.105,45.5,19.436,13.799,0.032506563496018444,0.010416666666666668,0.001324978944375541,0.0035691232866309755,0.030457590491956035,0.04189332702140539,0.18571428571428572,0.9375,0.8,0.03248511099079589,46751175.0
749,Spain,2022-02-19,0.0,0.0,93.105,45.5,19.436,13.799,0.032506563496018444,0.010416666666666668,0.001324978944375541,0.0035691232866309755,0.030457590491956035,0.04189332702140539,0.18571428571428572,0.9375,0.8,0.03248511099079589,46751175.0
750,Spain,2022-02-20,0.0,0.0,93.105,45.5,19.436,13.799,0.032506563496018444,0.010416666666666668,0.001324978944375541,0.0035691232866309755,0.030457590491956035,0.04189332702140539,0.18571428571428572,0.9375,0.8,0.03248511099079589,46751175.0
751,Spain,2022-02-21,48778.0,464.0,93.105,45.5,19.436,13.799,0.032506563496018444,0.010416666666666668,0.001324978944375541,0.0035691232866309755,0.030457590491956035,0.04189332702140539,0.18571428571428572,0.9375,0.8,0.03248511099079589,46751175.0
752,Spain,2022-02-22,22193.0,173.0,93.105,45.5,19.436,13.799,0.032506563496018444,0.010416666666666668,0.001324978944375541,0.0035691232866309755,0.030457590491956035,0.04189332702140539,0.18571428571428572,0.9375,0.8,0.03248511099079589,46751175.0
753,Spain,2022-02-23,33912.0,301.0,93.105,45.5,19.436,13.799,0.032506563496018444,0.010416666666666668,0.001324978944375541,0.0035691232866309755,0.030457590491956035,0.04189332702140539,0.18571428571428572,0.9375,0.8,0.03248511099079589,46751175.0
754,Spain,2022-02-24,35892.0,226.0,93.105,45.5,19.436,13.799,0.032506563496018444,0.010416666666666668,0.001324978944375541,0.0035691232866309755,0.030457590491956035,0.04189332702140539,0.18571428571428572,0.9375,0.8,0.03248511099079589,46751175.0
755,Spain,2022-02-25,27527.0,248.0,93.105,45.5,19.436,13.799,0.032506563496018444,0.010416666666666668,0.001324978944375541,0.0035691232866309755,0.030457590491956035,0.04189332702140539,0.18571428571428572,0.9375,0.8,0.03248511099079589,46751175.0
756,Spain,2022-02-26,0.0,0.0,93.105,45.5,19.436,13.799,0.032506563496018444,0.010416666666666668,0.001324978944375541,0.0035691232866309755,0.030457590491956035,0.04189332702140539,0.18571428571428572,0.9375,0.8,0.03248511099079589,46751175.0
757,Spain,2022-02-27,0.0,0.0,93.105,45.5,19.436,13.799,0.032506563496018444,0.010416666666666668,0.001324978944375541,0.0035691232866309755,0.030457590491956035,0.04189332702140539,0.18571428571428572,0.9375,0.8,0.03248511099079589,46751175.0
758,Spain,2022-02-28,0.0,0.0,93.105,45.5,19.436,13.799,0.032506563496018444,0.010416666666666668,0.001324978944375541,0.0035691232866309755,0.030457590491956035,0.04189332702140539,0.18571428571428572,0.9375,0.8,0.03248511099079589,46751175.0
759,Spain,2022-03-01,58561.0,473.0,93.105,45.5,19.436,13.799,0.032506563496018444,0.010416666666666668,0.001324978944375541,0.0035691232866309755,0.030457590491956035,0.04189332702140539,0.18571428571428572,0.9375,0.8,0.03248511099079589,46751175.0
760,Spain,2022-03-02,18803.0,154.0,93.105,45.5,19.436,13.799,0.032506563496018444,0.010416666666666668,0.001324978944375541,0.0035691232866309755,0.030457590491956035,0.04189332702140539,0.18571428571428572,0.9375,0.8,0.03248511099079589,46751175.0
761,Spain,2022-03-03,23140.0,202.0,93.105,45.5,19.436,13.799,0.032506563496018444,0.010416666666666668,0.001324978944375541,0.0035691232866309755,0.030457590491956035,0.04189332702140539,0.18571428571428572,0.9375,0.8,0.03248511099079589,46751175.0
762,Spain,2022-03-04,22400.0,174.0,93.105,45.5,19.436,13.799,0.032506563496018444,0.010416666666666668,0.001324978944375541,0.0035691232866309755,0.030457590491956035,0.04189332702140539,0.18571428571428572,0.9375,0.8,0.03248511099079589,46751175.0
763,Spain,2022-03-05,0.0,0.0,93.105,45.5,19.436,13.799,0.032506563496018444,0.010416666666666668,0.001324978944375541,0.0035691232866309755,0.030457590491956035,0.04189332702140539,0.18571428571428572,0.9375,0.8,0.03248511099079589,46751175.0
764,Spain,2022-03-06,0.0,0.0,93.105,45.5,19.436,13.799,0.032506563496018444,0.010416666666666668,0.001324978944375541,0.0035691232866309755,0.030457590491956035,0.04189332702140539,0.18571428571428572,0.9375,0.8,0.03248511099079589,46751175.0
765,Spain,2022-03-07,35997.0,161.0,93.105,45.5,19.436,13.799,0.032506563496018444,0.010416666666666668,0.001324978944375541,0.0035691232866309755,0.030457590491956035,0.04189332702140539,0.18571428571428572,0.9375,0.8,0.03248511099079589,46751175.0
766,Spain,2022-03-08,23149.0,285.0,93.105,45.5,19.436,13.799,0.032506563496018444,0.010416666666666668,0.001324978944375541,0.0035691232866309755,0.030457590491956035,0.04189332702140539,0.18571428571428572,0.9375,0.8,0.03248511099079589,46751175.0
767,Spain,2022-03-09,21936.0,133.0,93.105,45.5,19.436,13.799,0.032506563496018444,0.010416666666666668,0.001324978944375541,0.0035691232866309755,0.030457590491956035,0.04189332702140539,0.18571428571428572,0.9375,0.8,0.03248511099079589,46751175.0
768,Spain,2022-03-10,22615.0,85.0,93.105,45.5,19.436,13.799,0.032506563496018444,0.010416666666666668,0.001324978944375541,0.0035691232866309755,0.030457590491956035,0.04189332702140539,0.18571428571428572,0.9375,0.8,0.03248511099079589,46751175.0
769,Spain,2022-03-11,19849.0,58.0,93.105,45.5,19.436,13.799,0.032506563496018444,0.010416666666666668,0.001324978944375541,0.0035691232866309755,0.030457590491956035,0.04189332702140539,0.18571428571428572,0.9375,0.8,0.03248511099079589,46751175.0
770,Spain,2022-03-12,0.0,0.0,93.105,45.5,19.436,13.799,0.032506563496018444,0.010416666666666668,0.001324978944375541,0.0035691232866309755,0.030457590491956035,0.04189332702140539,0.18571428571428572,0.9375,0.8,0.03248511099079589,46751175.0
771,Spain,2022-03-13,0.0,0.0,93.105,45.5,19.436,13.799,0.032506563496018444,0.010416666666666668,0.001324978944375541,0.0035691232866309755,0.030457590491956035,0.04189332702140539,0.18571428571428572,0.9375,0.8,0.03248511099079589,46751175.0
772,Spain,2022-03-14,0.0,0.0,93.105,45.5,19.436,13.799,0.032506563496018444,0.010416666666666668,0.001324978944375541,0.0035691232866309755,0.030457590491956035,0.04189332702140539,0.18571428571428572,0.9375,0.8,0.03248511099079589,46751175.0
773,Spain,2022-03-15,36066.0,281.0,93.105,45.5,19.436,13.799,0.032506563496018444,0.010416666666666668,0.001324978944375541,0.0035691232866309755,0.030457590491956035,0.04189332702140539,0.18571428571428572,0.9375,0.8,0.03248511099079589,46751175.0
774,Spain,2022-03-16,0.0,0.0,93.105,45.5,19.436,13.799,0.032506563496018444,0.010416666666666668,0.001324978944375541,0.0035691232866309755,0.030457590491956035,0.04189332702140539,0.18571428571428572,0.9375,0.8,0.03248511099079589,46751175.0
775,Spain,2022-03-17,0.0,0.0,93.105,45.5,19.436,13.799,0.032506563496018444,0.010416666666666668,0.001324978944375541,0.0035691232866309755,0.030457590491956035,0.04189332702140539,0.18571428571428572,0.9375,0.8,0.03248511099079589,46751175.0
776,Spain,2022-03-18,64597.0,287.0,93.105,45.5,19.436,13.799,0.032506563496018444,0.010416666666666668,0.001324978944375541,0.0035691232866309755,0.030457590491956035,0.04189332702140539,0.18571428571428572,0.9375,0.8,0.03248511099079589,46751175.0
777,Spain,2022-03-19,0.0,0.0,93.105,45.5,19.436,13.799,0.032506563496018444,0.010416666666666668,0.001324978944375541,0.0035691232866309755,0.030457590491956035,0.04189332702140539,0.18571428571428572,0.9375,0.8,0.03248511099079589,46751175.0
778,Spain,2022-03-20,0.0,0.0,93.105,45.5,19.436,13.799,0.032506563496018444,0.010416666666666668,0.001324978944375541,0.0035691232866309755,0.030457590491956035,0.04189332702140539,0.18571428571428572,0.9375,0.8,0.03248511099079589,46751175.0
779,Spain,2022-03-21,0.0,0.0,93.105,45.5,19.436,13.799,0.032506563496018444,0.010416666666666668,0.001324978944375541,0.0035691232866309755,0.030457590491956035,0.04189332702140539,0.18571428571428572,0.9375,0.8,0.03248511099079589,46751175.0
780,Spain,2022-03-22,54147.0,350.0,93.105,45.5,19.436,13.799,0.032506563496018444,0.010416666666666668,0.001324978944375541,0.0035691232866309755,0.030457590491956035,0.04189332702140539,0.18571428571428572,0.9375,0.8,0.03248511099079589,46751175.0
781,Spain,2022-03-23,0.0,0.0,93.105,45.5,19.436,13.799,0.032506563496018444,0.010416666666666668,0.001324978944375541,0.0035691232866309755,0.030457590491956035,0.04189332702140539,0.18571428571428572,0.9375,0.8,0.03248511099079589,46751175.0
782,Spain,2022-03-24,0.0,0.0,93.105,45.5,19.436,13.799,0.032506563496018444,0.010416666666666668,0.001324978944375541,0.0035691232866309755,0.030457590491956035,0.04189332702140539,0.18571428571428572,0.9375,0.8,0.03248511099079589,46751175.0
783,Spain,2022-03-25,72892.0,339.0,93.105,45.5,19.436,13.799,0.032506563496018444,0.010416666666666668,0.001324978944375541,0.0035691232866309755,0.030457590491956035,0.04189332702140539,0.18571428571428572,0.9375,0.8,0.03248511099079589,46751175.0
784,Spain,2022-03-26,0.0,0.0,93.105,45.5,19.436,13.799,0.032506563496018444,0.010416666666666668,0.001324978944375541,0.0035691232866309755,0.030457590491956035,0.04189332702140539,0.18571428571428572,0.9375,0.8,0.03248511099079589,46751175.0
785,Spain,2022-03-27,0.0,0.0,93.105,45.5,19.436,13.799,0.032506563496018444,0.010416666666666668,0.001324978944375541,0.0035691232866309755,0.030457590491956035,0.04189332702140539,0.18571428571428572,0.9375,0.8,0.03248511099079589,46751175.0
786,Spain,2022-03-28,0.0,0.0,93.105,45.5,19.436,13.799,0.032506563496018444,0.010416666666666668,0.001324978944375541,0.0035691232866309755,0.030457590491956035,0.04189332702140539,0.18571428571428572,0.9375,0.8,0.03248511099079589,46751175.0
787,Spain,2022-03-29,56633.0,0.0,93.105,45.5,19.436,13.799,0.032506563496018444,0.010416666666666668,0.001324978944375541,0.0035691232866309755,0.030457590491956035,0.04189332702140539,0.18571428571428572,0.9375,0.8,0.03248511099079589,46751175.0
788,Spain,2022-03-30,0.0,0.0,93.105,45.5,19.436,13.799,0.032506563496018444,0.010416666666666668,0.001324978944375541,0.0035691232866309755,0.030457590491956035,0.04189332702140539,0.18571428571428572,0.9375,0.8,0.03248511099079589,46751175.0
789,Spain,2022-03-31,0.0,0.0,93.105,45.5,19.436,13.799,0.032506563496018444,0.010416666666666668,0.001324978944375541,0.0035691232866309755,0.030457590491956035,0.04189332702140539,0.18571428571428572,0.9375,0.8,0.03248511099079589,46751175.0
790,Spain,2022-04-01,43265.0,323.0,93.105,45.5,19.436,13.799,0.032506563496018444,0.010416666666666668,0.001324978944375541,0.0035691232866309755,0.030457590491956035,0.04189332702140539,0.18571428571428572,0.9375,0.8,0.03248511099079589,46751175.0
791,Spain,2022-04-02,0.0,0.0,93.105,45.5,19.436,13.799,0.032506563496018444,0.010416666666666668,0.001324978944375541,0.0035691232866309755,0.030457590491956035,0.04189332702140539,0.18571428571428572,0.9375,0.8,0.03248511099079589,46751175.0
792,Spain,2022-04-03,0.0,0.0,93.105,45.5,19.436,13.799,0.032506563496018444,0.010416666666666668,0.001324978944375541,0.0035691232866309755,0.030457590491956035,0.04189332702140539,0.18571428571428572,0.9375,0.8,0.03248511099079589,46751175.0
793,Spain,2022-04-04,0.0,0.0,93.105,45.5,19.436,13.799,0.032506563496018444,0.010416666666666668,0.001324978944375541,0.0035691232866309755,0.030457590491956035,0.04189332702140539,0.18571428571428572,0.9375,0.8,0.03248511099079589,46751175.0
794,Spain,2022-04-05,27079.0,206.0,93.105,45.5,19.436,13.799,0.032506563496018444,0.010416666666666668,0.001324978944375541,0.0035691232866309755,0.030457590491956035,0.04189332702140539,0.18571428571428572,0.9375,0.8,0.03248511099079589,46751175.0
795,Spain,2022-04-06,0.0,0.0,93.105,45.5,19.436,13.799,0.032506563496018444,0.010416666666666668,0.001324978944375541,0.0035691232866309755,0.030457590491956035,0.04189332702140539,0.18571428571428572,0.9375,0.8,0.03248511099079589,46751175.0
796,Spain,2022-04-07,0.0,0.0,93.105,45.5,19.436,13.799,0.032506563496018444,0.010416666666666668,0.001324978944375541,0.0035691232866309755,0.030457590491956035,0.04189332702140539,0.18571428571428572,0.9375,0.8,0.03248511099079589,46751175.0
797,Spain,2022-04-08,48834.0,357.0,93.105,45.5,19.436,13.799,0.032506563496018444,0.010416666666666668,0.001324978944375541,0.0035691232866309755,0.030457590491956035,0.04189332702140539,0.18571428571428572,0.9375,0.8,0.03248511099079589,46751175.0
798,Spain,2022-04-09,0.0,0.0,93.105,45.5,19.436,13.799,0.032506563496018444,0.010416666666666668,0.001324978944375541,0.0035691232866309755,0.030457590491956035,0.04189332702140539,0.18571428571428572,0.9375,0.8,0.03248511099079589,46751175.0
799,Spain,2022-04-10,0.0,0.0,93.105,45.5,19.436,13.799,0.032506563496018444,0.010416666666666668,0.001324978944375541,0.0035691232866309755,0.030457590491956035,0.04189332702140539,0.18571428571428572,0.9375,0.8,0.03248511099079589,46751175.0
800,Spain,2022-04-11,0.0,0.0,93.105,45.5,19.436,13.799,0.032506563496018444,0.010416666666666668,0.001324978944375541,0.0035691232866309755,0.030457590491956035,0.04189332702140539,0.18571428571428572,0.9375,0.8,0.03248511099079589,46751175.0
801,Spain,2022-04-12,34727.0,0.0,93.105,45.5,19.436,13.799,0.032506563496018444,0.010416666666666668,0.001324978944375541,0.0035691232866309755,0.030457590491956035,0.04189332702140539,0.18571428571428572,0.9375,0.8,0.03248511099079589,46751175.0
802,Spain,2022-04-13,0.0,0.0,93.105,45.5,19.436,13.799,0.032506563496018444,0.010416666666666668,0.001324978944375541,0.0035691232866309755,0.030457590491956035,0.04189332702140539,0.18571428571428572,0.9375,0.8,0.03248511099079589,46751175.0
803,Spain,2022-04-14,0.0,0.0,93.105,45.5,19.436,13.799,0.032506563496018444,0.010416666666666668,0.001324978944375541,0.0035691232866309755,0.030457590491956035,0.04189332702140539,0.18571428571428572,0.9375,0.8,0.03248511099079589,46751175.0
804,Spain,2022-04-15,0.0,0.0,93.105,45.5,19.436,13.799,0.032506563496018444,0.010416666666666668,0.001324978944375541,0.0035691232866309755,0.030457590491956035,0.04189332702140539,0.18571428571428572,0.9375,0.8,0.03248511099079589,46751175.0
805,Spain,2022-04-16,0.0,0.0,93.105,45.5,19.436,13.799,0.032506563496018444,0.010416666666666668,0.001324978944375541,0.0035691232866309755,0.030457590491956035,0.04189332702140539,0.18571428571428572,0.9375,0.8,0.03248511099079589,46751175.0
806,Spain,2022-04-17,0.0,0.0,93.105,45.5,19.436,13.799,0.032506563496018444,0.010416666666666668,0.001324978944375541,0.0035691232866309755,0.030457590491956035,0.04189332702140539,0.18571428571428572,0.9375,0.8,0.03248511099079589,46751175.0
807,Spain,2022-04-18,0.0,0.0,93.105,45.5,19.436,13.799,0.032506563496018444,0.010416666666666668,0.001324978944375541,0.0035691232866309755,0.030457590491956035,0.04189332702140539,0.18571428571428572,0.9375,0.8,0.03248511099079589,46751175.0
808,Spain,2022-04-19,74679.0,0.0,93.105,45.5,19.436,13.799,0.032506563496018444,0.010416666666666668,0.001324978944375541,0.0035691232866309755,0.030457590491956035,0.04189332702140539,0.18571428571428572,0.9375,0.8,0.03248511099079589,46751175.0
809,Spain,2022-04-20,0.0,617.0,93.105,45.5,19.436,13.799,0.032506563496018444,0.010416666666666668,0.001324978944375541,0.0035691232866309755,0.030457590491956035,0.04189332702140539,0.18571428571428572,0.9375,0.8,0.03248511099079589,46751175.0
810,Spain,2022-04-21,0.0,0.0,93.105,45.5,19.436,13.799,0.032506563496018444,0.010416666666666668,0.001324978944375541,0.0035691232866309755,0.030457590491956035,0.04189332702140539,0.18571428571428572,0.9375,0.8,0.03248511099079589,46751175.0
811,Spain,2022-04-22,49143.0,187.0,93.105,45.5,19.436,13.799,0.032506563496018444,0.010416666666666668,0.001324978944375541,0.0035691232866309755,0.030457590491956035,0.04189332702140539,0.18571428571428572,0.9375,0.8,0.03248511099079589,46751175.0
812,Spain,2022-04-23,0.0,0.0,93.105,45.5,19.436,13.799,0.032506563496018444,0.010416666666666668,0.001324978944375541,0.0035691232866309755,0.030457590491956035,0.04189332702140539,0.18571428571428572,0.9375,0.8,0.03248511099079589,46751175.0
813,Spain,2022-04-24,0.0,0.0,93.105,45.5,19.436,13.799,0.032506563496018444,0.010416666666666668,0.001324978944375541,0.0035691232866309755,0.030457590491956035,0.04189332702140539,0.18571428571428572,0.9375,0.8,0.03248511099079589,46751175.0
814,Spain,2022-04-25,0.0,0.0,93.105,45.5,19.436,13.799,0.032506563496018444,0.010416666666666668,0.001324978944375541,0.0035691232866309755,0.030457590491956035,0.04189332702140539,0.18571428571428572,0.9375,0.8,0.03248511099079589,46751175.0
815,Spain,2022-04-26,47421.0,319.0,93.105,45.5,19.436,13.799,0.032506563496018444,0.010416666666666668,0.001324978944375541,0.0035691232866309755,0.030457590491956035,0.04189332702140539,0.18571428571428572,0.9375,0.8,0.03248511099079589,46751175.0
816,Spain,2022-04-27,0.0,0.0,93.105,45.5,19.436,13.799,0.032506563496018444,0.010416666666666668,0.001324978944375541,0.0035691232866309755,0.030457590491956035,0.04189332702140539,0.18571428571428572,0.9375,0.8,0.03248511099079589,46751175.0
817,Spain,2022-04-28,0.0,0.0,93.105,45.5,19.436,13.799,0.032506563496018444,0.010416666666666668,0.001324978944375541,0.0035691232866309755,0.030457590491956035,0.04189332702140539,0.18571428571428572,0.9375,0.8,0.03248511099079589,46751175.0
818,Spain,2022-04-29,62695.0,229.0,93.105,45.5,19.436,13.799,0.032506563496018444,0.010416666666666668,0.001324978944375541,0.0035691232866309755,0.030457590491956035,0.04189332702140539,0.18571428571428572,0.9375,0.8,0.03248511099079589,46751175.0
819,Spain,2022-04-30,0.0,0.0,93.105,45.5,19.436,13.799,0.032506563496018444,0.010416666666666668,0.001324978944375541,0.0035691232866309755,0.030457590491956035,0.04189332702140539,0.18571428571428572,0.9375,0.8,0.03248511099079589,46751175.0
820,Spain,2022-05-01,0.0,0.0,93.105,45.5,19.436,13.799,0.032506563496018444,0.010416666666666668,0.001324978944375541,0.0035691232866309755,0.030457590491956035,0.04189332702140539,0.18571428571428572,0.9375,0.8,0.03248511099079589,46751175.0
821,Spain,2022-05-02,0.0,0.0,93.105,45.5,19.436,13.799,0.032506563496018444,0.010416666666666668,0.001324978944375541,0.0035691232866309755,0.030457590491956035,0.04189332702140539,0.18571428571428572,0.9375,0.8,0.03248511099079589,46751175.0
822,Spain,2022-05-03,57329.0,212.0,93.105,45.5,19.436,13.799,0.032506563496018444,0.010416666666666668,0.001324978944375541,0.0035691232866309755,0.030457590491956035,0.04189332702140539,0.18571428571428572,0.9375,0.8,0.03248511099079589,46751175.0
823,Spain,2022-05-04,0.0,0.0,93.105,45.5,19.436,13.799,0.032506563496018444,0.010416666666666668,0.001324978944375541,0.0035691232866309755,0.030457590491956035,0.04189332702140539,0.18571428571428572,0.9375,0.8,0.03248511099079589,46751175.0
824,Spain,2022-05-05,0.0,0.0,93.105,45.5,19.436,13.799,0.032506563496018444,0.010416666666666668,0.001324978944375541,0.0035691232866309755,0.030457590491956035,0.04189332702140539,0.18571428571428572,0.9375,0.8,0.03248511099079589,46751175.0
825,Spain,2022-05-06,55578.0,201.0,93.105,45.5,19.436,13.799,0.032506563496018444,0.010416666666666668,0.001324978944375541,0.0035691232866309755,0.030457590491956035,0.04189332702140539,0.18571428571428572,0.9375,0.8,0.03248511099079589,46751175.0
826,Spain,2022-05-07,0.0,0.0,93.105,45.5,19.436,13.799,0.032506563496018444,0.010416666666666668,0.001324978944375541,0.0035691232866309755,0.030457590491956035,0.04189332702140539,0.18571428571428572,0.9375,0.8,0.03248511099079589,46751175.0
827,Spain,2022-05-08,0.0,0.0,93.105,45.5,19.436,13.799,0.032506563496018444,0.010416666666666668,0.001324978944375541,0.0035691232866309755,0.030457590491956035,0.04189332702140539,0.18571428571428572,0.9375,0.8,0.03248511099079589,46751175.0
828,Spain,2022-05-09,49829.0,254.0,93.105,45.5,19.436,13.799,0.032506563496018444,0.010416666666666668,0.001324978944375541,0.0035691232866309755,0.030457590491956035,0.04189332702140539,0.18571428571428572,0.9375,0.8,0.03248511099079589,46751175.0
829,Spain,2022-05-10,0.0,0.0,93.105,45.5,19.436,13.799,0.032506563496018444,0.010416666666666668,0.001324978944375541,0.0035691232866309755,0.030457590491956035,0.04189332702140539,0.18571428571428572,0.9375,0.8,0.03248511099079589,46751175.0
830,Spain,2022-05-11,0.0,0.0,93.105,45.5,19.436,13.799,0.032506563496018444,0.010416666666666668,0.001324978944375541,0.0035691232866309755,0.030457590491956035,0.04189332702140539,0.18571428571428572,0.9375,0.8,0.03248511099079589,46751175.0
831,Spain,2022-05-12,0.0,0.0,93.105,45.5,19.436,13.799,0.032506563496018444,0.010416666666666668,0.001324978944375541,0.0035691232866309755,0.030457590491956035,0.04189332702140539,0.18571428571428572,0.9375,0.8,0.03248511099079589,46751175.0
832,Spain,2022-05-13,68234.0,321.0,93.105,45.5,19.436,13.799,0.032506563496018444,0.010416666666666668,0.001324978944375541,0.0035691232866309755,0.030457590491956035,0.04189332702140539,0.18571428571428572,0.9375,0.8,0.03248511099079589,46751175.0
833,Spain,2022-05-14,0.0,0.0,93.105,45.5,19.436,13.799,0.032506563496018444,0.010416666666666668,0.001324978944375541,0.0035691232866309755,0.030457590491956035,0.04189332702140539,0.18571428571428572,0.9375,0.8,0.03248511099079589,46751175.0
834,Spain,2022-05-15,0.0,0.0,93.105,45.5,19.436,13.799,0.032506563496018444,0.010416666666666668,0.001324978944375541,0.0035691232866309755,0.030457590491956035,0.04189332702140539,0.18571428571428572,0.9375,0.8,0.03248511099079589,46751175.0
835,Spain,2022-05-16,0.0,0.0,93.105,45.5,19.436,13.799,0.032506563496018444,0.010416666666666668,0.001324978944375541,0.0035691232866309755,0.030457590491956035,0.04189332702140539,0.18571428571428572,0.9375,0.8,0.03248511099079589,46751175.0
836,Spain,2022-05-17,52112.0,198.0,93.105,45.5,19.436,13.799,0.032506563496018444,0.010416666666666668,0.001324978944375541,0.0035691232866309755,0.030457590491956035,0.04189332702140539,0.18571428571428572,0.9375,0.8,0.03248511099079589,46751175.0
837,Spain,2022-05-18,0.0,0.0,93.105,45.5,19.436,13.799,0.032506563496018444,0.010416666666666668,0.001324978944375541,0.0035691232866309755,0.030457590491956035,0.04189332702140539,0.18571428571428572,0.9375,0.8,0.03248511099079589,46751175.0
838,Spain,2022-05-19,0.0,0.0,93.105,45.5,19.436,13.799,0.032506563496018444,0.010416666666666668,0.001324978944375541,0.0035691232866309755,0.030457590491956035,0.04189332702140539,0.18571428571428572,0.9375,0.8,0.03248511099079589,46751175.0
839,Spain,2022-05-20,0.0,0.0,93.105,45.5,19.436,13.799,0.032506563496018444,0.010416666666666668,0.001324978944375541,0.0035691232866309755,0.030457590491956035,0.04189332702140539,0.18571428571428572,0.9375,0.8,0.03248511099079589,46751175.0
840,Spain,2022-05-21,55572.0,310.0,93.105,45.5,19.436,13.799,0.032506563496018444,0.010416666666666668,0.001324978944375541,0.0035691232866309755,0.030457590491956035,0.04189332702140539,0.18571428571428572,0.9375,0.8,0.03248511099079589,46751175.0
841,Spain,2022-05-22,0.0,0.0,93.105,45.5,19.436,13.799,0.032506563496018444,0.010416666666666668,0.001324978944375541,0.0035691232866309755,0.030457590491956035,0.04189332702140539,0.18571428571428572,0.9375,0.8,0.03248511099079589,46751175.0
842,Spain,2022-05-23,0.0,0.0,93.105,45.5,19.436,13.799,0.032506563496018444,0.010416666666666668,0.001324978944375541,0.0035691232866309755,0.030457590491956035,0.04189332702140539,0.18571428571428572,0.9375,0.8,0.03248511099079589,46751175.0
843,Spain,2022-05-24,3267.0,0.0,93.105,45.5,19.436,13.799,0.032506563496018444,0.010416666666666668,0.001324978944375541,0.0035691232866309755,0.030457590491956035,0.04189332702140539,0.18571428571428572,0.9375,0.8,0.03248511099079589,46751175.0
844,Spain,2022-05-25,0.0,0.0,93.105,45.5,19.436,13.799,0.032506563496018444,0.010416666666666668,0.001324978944375541,0.0035691232866309755,0.030457590491956035,0.04189332702140539,0.18571428571428572,0.9375,0.8,0.03248511099079589,46751175.0
845,Spain,2022-05-26,42272.0,158.0,93.105,45.5,19.436,13.799,0.032506563496018444,0.010416666666666668,0.001324978944375541,0.0035691232866309755,0.030457590491956035,0.04189332702140539,0.18571428571428572,0.9375,0.8,0.03248511099079589,46751175.0
846,Spain,2022-05-27,45919.0,236.0,93.105,45.5,19.436,13.799,0.032506563496018444,0.010416666666666668,0.001324978944375541,0.0035691232866309755,0.030457590491956035,0.04189332702140539,0.18571428571428572,0.9375,0.8,0.03248511099079589,46751175.0
847,Spain,2022-05-28,0.0,0.0,93.105,45.5,19.436,13.799,0.032506563496018444,0.010416666666666668,0.001324978944375541,0.0035691232866309755,0.030457590491956035,0.04189332702140539,0.18571428571428572,0.9375,0.8,0.03248511099079589,46751175.0
848,Spain,2022-05-29,0.0,0.0,93.105,45.5,19.436,13.799,0.032506563496018444,0.010416666666666668,0.001324978944375541,0.0035691232866309755,0.030457590491956035,0.04189332702140539,0.18571428571428572,0.9375,0.8,0.03248511099079589,46751175.0
849,Spain,2022-05-30,0.0,0.0,93.105,45.5,19.436,13.799,0.032506563496018444,0.010416666666666668,0.001324978944375541,0.0035691232866309755,0.030457590491956035,0.04189332702140539,0.18571428571428572,0.9375,0.8,0.03248511099079589,46751175.0
850,Spain,2022-05-31,0.0,0.0,93.105,45.5,19.436,13.799,0.032506563496018444,0.010416666666666668,0.001324978944375541,0.0035691232866309755,0.030457590491956035,0.04189332702140539,0.18571428571428572,0.9375,0.8,0.03248511099079589,46751175.0
851,Spain,2022-06-01,33992.0,152.0,93.105,45.5,19.436,13.799,0.032506563496018444,0.010416666666666668,0.001324978944375541,0.0035691232866309755,0.030457590491956035,0.04189332702140539,0.18571428571428572,0.9375,0.8,0.03248511099079589,46751175.0
852,Spain,2022-06-02,0.0,0.0,93.105,45.5,19.436,13.799,0.032506563496018444,0.010416666666666668,0.001324978944375541,0.0035691232866309755,0.030457590491956035,0.04189332702140539,0.18571428571428572,0.9375,0.8,0.03248511099079589,46751175.0
853,Spain,2022-06-03,42989.0,304.0,93.105,45.5,19.436,13.799,0.032506563496018444,0.010416666666666668,0.001324978944375541,0.0035691232866309755,0.030457590491956035,0.04189332702140539,0.18571428571428572,0.9375,0.8,0.03248511099079589,46751175.0
854,Spain,2022-06-04,0.0,0.0,93.105,45.5,19.436,13.799,0.032506563496018444,0.010416666666666668,0.001324978944375541,0.0035691232866309755,0.030457590491956035,0.04189332702140539,0.18571428571428572,0.9375,0.8,0.03248511099079589,46751175.0
855,Spain,2022-06-05,0.0,0.0,93.105,45.5,19.436,13.799,0.032506563496018444,0.010416666666666668,0.001324978944375541,0.0035691232866309755,0.030457590491956035,0.04189332702140539,0.18571428571428572,0.9375,0.8,0.03248511099079589,46751175.0
856,Spain,2022-06-06,0.0,0.0,93.105,45.5,19.436,13.799,0.032506563496018444,0.010416666666666668,0.001324978944375541,0.0035691232866309755,0.030457590491956035,0.04189332702140539,0.18571428571428572,0.9375,0.8,0.03248511099079589,46751175.0
857,Spain,2022-06-07,33293.0,117.0,93.105,45.5,19.436,13.799,0.032506563496018444,0.010416666666666668,0.001324978944375541,0.0035691232866309755,0.030457590491956035,0.04189332702140539,0.18571428571428572,0.9375,0.8,0.03248511099079589,46751175.0
858,Spain,2022-06-08,0.0,0.0,93.105,45.5,19.436,13.799,0.032506563496018444,0.010416666666666668,0.001324978944375541,0.0035691232866309755,0.030457590491956035,0.04189332702140539,0.18571428571428572,0.9375,0.8,0.03248511099079589,46751175.0
859,Spain,2022-06-09,0.0,0.0,93.105,45.5,19.436,13.799,0.032506563496018444,0.010416666666666668,0.001324978944375541,0.0035691232866309755,0.030457590491956035,0.04189332702140539,0.18571428571428572,0.9375,0.8,0.03248511099079589,46751175.0
860,Spain,2022-06-10,42456.0,194.0,93.105,45.5,19.436,13.799,0.032506563496018444,0.010416666666666668,0.001324978944375541,0.0035691232866309755,0.030457590491956035,0.04189332702140539,0.18571428571428572,0.9375,0.8,0.03248511099079589,46751175.0
861,Spain,2022-06-11,0.0,0.0,93.105,45.5,19.436,13.799,0.032506563496018444,0.010416666666666668,0.001324978944375541,0.0035691232866309755,0.030457590491956035,0.04189332702140539,0.18571428571428572,0.9375,0.8,0.03248511099079589,46751175.0
862,Spain,2022-06-12,0.0,0.0,93.105,45.5,19.436,13.799,0.032506563496018444,0.010416666666666668,0.001324978944375541,0.0035691232866309755,0.030457590491956035,0.04189332702140539,0.18571428571428572,0.9375,0.8,0.03248511099079589,46751175.0
863,Spain,2022-06-13,0.0,0.0,93.105,45.5,19.436,13.799,0.032506563496018444,0.010416666666666668,0.001324978944375541,0.0035691232866309755,0.030457590491956035,0.04189332702140539,0.18571428571428572,0.9375,0.8,0.03248511099079589,46751175.0
864,Spain,2022-06-14,36133.0,131.0,93.105,45.5,19.436,13.799,0.032506563496018444,0.010416666666666668,0.001324978944375541,0.0035691232866309755,0.030457590491956035,0.04189332702140539,0.18571428571428572,0.9375,0.8,0.03248511099079589,46751175.0
865,Spain,2022-06-15,0.0,0.0,93.105,45.5,19.436,13.799,0.032506563496018444,0.010416666666666668,0.001324978944375541,0.0035691232866309755,0.030457590491956035,0.04189332702140539,0.18571428571428572,0.9375,0.8,0.03248511099079589,46751175.0
866,Spain,2022-06-16,0.0,0.0,93.105,45.5,19.436,13.799,0.032506563496018444,0.010416666666666668,0.001324978944375541,0.0035691232866309755,0.030457590491956035,0.04189332702140539,0.18571428571428572,0.9375,0.8,0.03248511099079589,46751175.0
867,Spain,2022-06-17,48272.0,243.0,93.105,45.5,19.436,13.799,0.032506563496018444,0.010416666666666668,0.001324978944375541,0.0035691232866309755,0.030457590491956035,0.04189332702140539,0.18571428571428572,0.9375,0.8,0.03248511099079589,46751175.0
868,Spain,2022-06-18,0.0,0.0,93.105,45.5,19.436,13.799,0.032506563496018444,0.010416666666666668,0.001324978944375541,0.0035691232866309755,0.030457590491956035,0.04189332702140539,0.18571428571428572,0.9375,0.8,0.03248511099079589,46751175.0
869,Spain,2022-06-19,0.0,0.0,93.105,45.5,19.436,13.799,0.032506563496018444,0.010416666666666668,0.001324978944375541,0.0035691232866309755,0.030457590491956035,0.04189332702140539,0.18571428571428572,0.9375,0.8,0.03248511099079589,46751175.0
870,Spain,2022-06-20,0.0,0.0,93.105,45.5,19.436,13.799,0.032506563496018444,0.010416666666666668,0.001324978944375541,0.0035691232866309755,0.030457590491956035,0.04189332702140539,0.18571428571428572,0.9375,0.8,0.03248511099079589,46751175.0
871,Spain,2022-06-21,50235.0,122.0,93.105,45.5,19.436,13.799,0.032506563496018444,0.010416666666666668,0.001324978944375541,0.0035691232866309755,0.030457590491956035,0.04189332702140539,0.18571428571428572,0.9375,0.8,0.03248511099079589,46751175.0
872,Spain,2022-06-22,0.0,0.0,93.105,45.5,19.436,13.799,0.032506563496018444,0.010416666666666668,0.001324978944375541,0.0035691232866309755,0.030457590491956035,0.04189332702140539,0.18571428571428572,0.9375,0.8,0.03248511099079589,46751175.0
873,Spain,2022-06-23,0.0,0.0,93.105,45.5,19.436,13.799,0.032506563496018444,0.010416666666666668,0.001324978944375541,0.0035691232866309755,0.030457590491956035,0.04189332702140539,0.18571428571428572,0.9375,0.8,0.03248511099079589,46751175.0
874,Spain,2022-06-24,68186.0,195.0,93.105,45.5,19.436,13.799,0.032506563496018444,0.010416666666666668,0.001324978944375541,0.0035691232866309755,0.030457590491956035,0.04189332702140539,0.18571428571428572,0.9375,0.8,0.03248511099079589,46751175.0
875,Spain,2022-06-25,0.0,0.0,93.105,45.5,19.436,13.799,0.032506563496018444,0.010416666666666668,0.001324978944375541,0.0035691232866309755,0.030457590491956035,0.04189332702140539,0.18571428571428572,0.9375,0.8,0.03248511099079589,46751175.0
876,Spain,2022-06-26,0.0,0.0,93.105,45.5,19.436,13.799,0.032506563496018444,0.010416666666666668,0.001324978944375541,0.0035691232866309755,0.030457590491956035,0.04189332702140539,0.18571428571428572,0.9375,0.8,0.03248511099079589,46751175.0
877,Spain,2022-06-27,0.0,0.0,93.105,45.5,19.436,13.799,0.032506563496018444,0.010416666666666668,0.001324978944375541,0.0035691232866309755,0.030457590491956035,0.04189332702140539,0.18571428571428572,0.9375,0.8,0.03248511099079589,46751175.0
878,Spain,2022-06-28,52218.0,107.0,93.105,45.5,19.436,13.799,0.032506563496018444,0.010416666666666668,0.001324978944375541,0.0035691232866309755,0.030457590491956035,0.04189332702140539,0.18571428571428572,0.9375,0.8,0.03248511099079589,46751175.0
879,Spain,2022-06-29,0.0,0.0,93.105,45.5,19.436,13.799,0.032506563496018444,0.010416666666666668,0.001324978944375541,0.0035691232866309755,0.030457590491956035,0.04189332702140539,0.18571428571428572,0.9375,0.8,0.03248511099079589,46751175.0
880,Spain,2022-06-30,0.0,0.0,93.105,45.5,19.436,13.799,0.032506563496018444,0.010416666666666668,0.001324978944375541,0.0035691232866309755,0.030457590491956035,0.04189332702140539,0.18571428571428572,0.9375,0.8,0.03248511099079589,46751175.0
881,Spain,2022-07-01,84146.0,205.0,93.105,45.5,19.436,13.799,0.032506563496018444,0.010416666666666668,0.001324978944375541,0.0035691232866309755,0.030457590491956035,0.04189332702140539,0.18571428571428572,0.9375,0.8,0.03248511099079589,46751175.0
882,Spain,2022-07-02,0.0,0.0,93.105,45.5,19.436,13.799,0.032506563496018444,0.010416666666666668,0.001324978944375541,0.0035691232866309755,0.030457590491956035,0.04189332702140539,0.18571428571428572,0.9375,0.8,0.03248511099079589,46751175.0
883,Spain,2022-07-03,0.0,0.0,93.105,45.5,19.436,13.799,0.032506563496018444,0.010416666666666668,0.001324978944375541,0.0035691232866309755,0.030457590491956035,0.04189332702140539,0.18571428571428572,0.9375,0.8,0.03248511099079589,46751175.0
884,Spain,2022-07-04,0.0,0.0,93.105,45.5,19.436,13.799,0.032506563496018444,0.010416666666666668,0.001324978944375541,0.0035691232866309755,0.030457590491956035,0.04189332702140539,0.18571428571428572,0.9375,0.8,0.03248511099079589,46751175.0
885,Spain,2022-07-05,71818.0,148.0,93.105,45.5,19.436,13.799,0.032506563496018444,0.010416666666666668,0.001324978944375541,0.0035691232866309755,0.030457590491956035,0.04189332702140539,0.18571428571428572,0.9375,0.8,0.03248511099079589,46751175.0
886,Spain,2022-07-06,0.0,0.0,93.105,45.5,19.436,13.799,0.032506563496018444,0.010416666666666668,0.001324978944375541,0.0035691232866309755,0.030457590491956035,0.04189332702140539,0.18571428571428572,0.9375,0.8,0.03248511099079589,46751175.0
887,Spain,2022-07-07,0.0,0.0,93.105,45.5,19.436,13.799,0.032506563496018444,0.010416666666666668,0.001324978944375541,0.0035691232866309755,0.030457590491956035,0.04189332702140539,0.18571428571428572,0.9375,0.8,0.03248511099079589,46751175.0
888,Spain,2022-07-08,83613.0,471.0,93.105,45.5,19.436,13.799,0.032506563496018444,0.010416666666666668,0.001324978944375541,0.0035691232866309755,0.030457590491956035,0.04189332702140539,0.18571428571428572,0.9375,0.8,0.03248511099079589,46751175.0
889,Spain,2022-07-09,0.0,0.0,93.105,45.5,19.436,13.799,0.032506563496018444,0.010416666666666668,0.001324978944375541,0.0035691232866309755,0.030457590491956035,0.04189332702140539,0.18571428571428572,0.9375,0.8,0.03248511099079589,46751175.0
890,Spain,2022-07-10,0.0,0.0,93.105,45.5,19.436,13.799,0.032506563496018444,0.010416666666666668,0.001324978944375541,0.0035691232866309755,0.030457590491956035,0.04189332702140539,0.18571428571428572,0.9375,0.8,0.03248511099079589,46751175.0
891,Spain,2022-07-11,0.0,0.0,93.105,45.5,19.436,13.799,0.032506563496018444,0.010416666666666668,0.001324978944375541,0.0035691232866309755,0.030457590491956035,0.04189332702140539,0.18571428571428572,0.9375,0.8,0.03248511099079589,46751175.0
892,Spain,2022-07-12,59226.0,244.0,93.105,45.5,19.436,13.799,0.032506563496018444,0.010416666666666668,0.001324978944375541,0.0035691232866309755,0.030457590491956035,0.04189332702140539,0.18571428571428572,0.9375,0.8,0.03248511099079589,46751175.0
893,Spain,2022-07-13,0.0,0.0,93.105,45.5,19.436,13.799,0.032506563496018444,0.010416666666666668,0.001324978944375541,0.0035691232866309755,0.030457590491956035,0.04189332702140539,0.18571428571428572,0.9375,0.8,0.03248511099079589,46751175.0
894,Spain,2022-07-14,0.0,0.0,93.105,45.5,19.436,13.799,0.032506563496018444,0.010416666666666668,0.001324978944375541,0.0035691232866309755,0.030457590491956035,0.04189332702140539,0.18571428571428572,0.9375,0.8,0.03248511099079589,46751175.0
895,Spain,2022-07-15,57635.0,374.0,93.105,45.5,19.436,13.799,0.032506563496018444,0.010416666666666668,0.001324978944375541,0.0035691232866309755,0.030457590491956035,0.04189332702140539,0.18571428571428572,0.9375,0.8,0.03248511099079589,46751175.0
896,Spain,2022-07-16,0.0,0.0,93.105,45.5,19.436,13.799,0.032506563496018444,0.010416666666666668,0.001324978944375541,0.0035691232866309755,0.030457590491956035,0.04189332702140539,0.18571428571428572,0.9375,0.8,0.03248511099079589,46751175.0
897,Spain,2022-07-17,0.0,0.0,93.105,45.5,19.436,13.799,0.032506563496018444,0.010416666666666668,0.001324978944375541,0.0035691232866309755,0.030457590491956035,0.04189332702140539,0.18571428571428572,0.9375,0.8,0.03248511099079589,46751175.0
898,Spain,2022-07-18,0.0,0.0,93.105,45.5,19.436,13.799,0.032506563496018444,0.010416666666666668,0.001324978944375541,0.0035691232866309755,0.030457590491956035,0.04189332702140539,0.18571428571428572,0.9375,0.8,0.03248511099079589,46751175.0
899,Spain,2022-07-19,41683.0,294.0,93.105,45.5,19.436,13.799,0.032506563496018444,0.010416666666666668,0.001324978944375541,0.0035691232866309755,0.030457590491956035,0.04189332702140539,0.18571428571428572,0.9375,0.8,0.03248511099079589,46751175.0
900,Spain,2022-07-20,0.0,0.0,93.105,45.5,19.436,13.799,0.032506563496018444,0.010416666666666668,0.001324978944375541,0.0035691232866309755,0.030457590491956035,0.04189332702140539,0.18571428571428572,0.9375,0.8,0.03248511099079589,46751175.0
901,Spain,2022-07-21,0.0,0.0,93.105,45.5,19.436,13.799,0.032506563496018444,0.010416666666666668,0.001324978944375541,0.0035691232866309755,0.030457590491956035,0.04189332702140539,0.18571428571428572,0.9375,0.8,0.03248511099079589,46751175.0
902,Spain,2022-07-22,72704.0,545.0,93.105,45.5,19.436,13.799,0.032506563496018444,0.010416666666666668,0.001324978944375541,0.0035691232866309755,0.030457590491956035,0.04189332702140539,0.18571428571428572,0.9375,0.8,0.03248511099079589,46751175.0
903,Spain,2022-07-23,0.0,0.0,93.105,45.5,19.436,13.799,0.032506563496018444,0.010416666666666668,0.001324978944375541,0.0035691232866309755,0.030457590491956035,0.04189332702140539,0.18571428571428572,0.9375,0.8,0.03248511099079589,46751175.0
904,Spain,2022-07-24,0.0,0.0,93.105,45.5,19.436,13.799,0.032506563496018444,0.010416666666666668,0.001324978944375541,0.0035691232866309755,0.030457590491956035,0.04189332702140539,0.18571428571428572,0.9375,0.8,0.03248511099079589,46751175.0
905,Spain,2022-07-25,0.0,0.0,93.105,45.5,19.436,13.799,0.032506563496018444,0.010416666666666668,0.001324978944375541,0.0035691232866309755,0.030457590491956035,0.04189332702140539,0.18571428571428572,0.9375,0.8,0.03248511099079589,46751175.0
906,Spain,2022-07-26,0.0,207.0,93.105,45.5,19.436,13.799,0.032506563496018444,0.010416666666666668,0.001324978944375541,0.0035691232866309755,0.030457590491956035,0.04189332702140539,0.18571428571428572,0.9375,0.8,0.03248511099079589,46751175.0
907,Spain,2022-07-27,0.0,0.0,93.105,45.5,19.436,13.799,0.032506563496018444,0.010416666666666668,0.001324978944375541,0.0035691232866309755,0.030457590491956035,0.04189332702140539,0.18571428571428572,0.9375,0.8,0.03248511099079589,46751175.0
908,Spain,2022-07-28,0.0,0.0,93.105,45.5,19.436,13.799,0.032506563496018444,0.010416666666666668,0.001324978944375541,0.0035691232866309755,0.030457590491956035,0.04189332702140539,0.18571428571428572,0.9375,0.8,0.03248511099079589,46751175.0
909,Spain,2022-07-29,23351.0,325.0,93.105,45.5,19.436,13.799,0.032506563496018444,0.010416666666666668,0.001324978944375541,0.0035691232866309755,0.030457590491956035,0.04189332702140539,0.18571428571428572,0.9375,0.8,0.03248511099079589,46751175.0
910,Spain,2022-07-30,0.0,0.0,93.105,45.5,19.436,13.799,0.032506563496018444,0.010416666666666668,0.001324978944375541,0.0035691232866309755,0.030457590491956035,0.04189332702140539,0.18571428571428572,0.9375,0.8,0.03248511099079589,46751175.0
911,Spain,2022-07-31,0.0,0.0,93.105,45.5,19.436,13.799,0.032506563496018444,0.010416666666666668,0.001324978944375541,0.0035691232866309755,0.030457590491956035,0.04189332702140539,0.18571428571428572,0.9375,0.8,0.03248511099079589,46751175.0
912,Spain,2022-08-01,0.0,0.0,93.105,45.5,19.436,13.799,0.032506563496018444,0.010416666666666668,0.001324978944375541,0.0035691232866309755,0.030457590491956035,0.04189332702140539,0.18571428571428572,0.9375,0.8,0.03248511099079589,46751175.0
913,Spain,2022-08-02,19417.0,0.0,93.105,45.5,19.436,13.799,0.032506563496018444,0.010416666666666668,0.001324978944375541,0.0035691232866309755,0.030457590491956035,0.04189332702140539,0.18571428571428572,0.9375,0.8,0.03248511099079589,46751175.0
914,Spain,2022-08-03,0.0,0.0,93.105,45.5,19.436,13.799,0.032506563496018444,0.010416666666666668,0.001324978944375541,0.0035691232866309755,0.030457590491956035,0.04189332702140539,0.18571428571428572,0.9375,0.8,0.03248511099079589,46751175.0
915,Spain,2022-08-04,0.0,0.0,93.105,45.5,19.436,13.799,0.032506563496018444,0.010416666666666668,0.001324978944375541,0.0035691232866309755,0.030457590491956035,0.04189332702140539,0.18571428571428572,0.9375,0.8,0.03248511099079589,46751175.0
916,Spain,2022-08-05,20188.0,381.0,93.105,45.5,19.436,13.799,0.032506563496018444,0.010416666666666668,0.001324978944375541,0.0035691232866309755,0.030457590491956035,0.04189332702140539,0.18571428571428572,0.9375,0.8,0.03248511099079589,46751175.0
917,Spain,2022-08-06,0.0,0.0,93.105,45.5,19.436,13.799,0.032506563496018444,0.010416666666666668,0.001324978944375541,0.0035691232866309755,0.030457590491956035,0.04189332702140539,0.18571428571428572,0.9375,0.8,0.03248511099079589,46751175.0
918,Spain,2022-08-07,0.0,0.0,93.105,45.5,19.436,13.799,0.032506563496018444,0.010416666666666668,0.001324978944375541,0.0035691232866309755,0.030457590491956035,0.04189332702140539,0.18571428571428572,0.9375,0.8,0.03248511099079589,46751175.0
919,Spain,2022-08-08,0.0,0.0,93.105,45.5,19.436,13.799,0.032506563496018444,0.010416666666666668,0.001324978944375541,0.0035691232866309755,0.030457590491956035,0.04189332702140539,0.18571428571428572,0.9375,0.8,0.03248511099079589,46751175.0
920,Spain,2022-08-09,14373.0,245.0,93.105,45.5,19.436,13.799,0.032506563496018444,0.010416666666666668,0.001324978944375541,0.0035691232866309755,0.030457590491956035,0.04189332702140539,0.18571428571428572,0.9375,0.8,0.03248511099079589,46751175.0
921,Spain,2022-08-10,0.0,0.0,93.105,45.5,19.436,13.799,0.032506563496018444,0.010416666666666668,0.001324978944375541,0.0035691232866309755,0.030457590491956035,0.04189332702140539,0.18571428571428572,0.9375,0.8,0.03248511099079589,46751175.0
922,Spain,2022-08-11,0.0,0.0,93.105,45.5,19.436,13.799,0.032506563496018444,0.010416666666666668,0.001324978944375541,0.0035691232866309755,0.030457590491956035,0.04189332702140539,0.18571428571428572,0.9375,0.8,0.03248511099079589,46751175.0
923,Spain,2022-08-12,13582.0,328.0,93.105,45.5,19.436,13.799,0.032506563496018444,0.010416666666666668,0.001324978944375541,0.0035691232866309755,0.030457590491956035,0.04189332702140539,0.18571428571428572,0.9375,0.8,0.03248511099079589,46751175.0
924,Spain,2022-08-13,0.0,0.0,93.105,45.5,19.436,13.799,0.032506563496018444,0.010416666666666668,0.001324978944375541,0.0035691232866309755,0.030457590491956035,0.04189332702140539,0.18571428571428572,0.9375,0.8,0.03248511099079589,46751175.0
925,Spain,2022-08-14,0.0,0.0,93.105,45.5,19.436,13.799,0.032506563496018444,0.010416666666666668,0.001324978944375541,0.0035691232866309755,0.030457590491956035,0.04189332702140539,0.18571428571428572,0.9375,0.8,0.03248511099079589,46751175.0
926,Spain,2022-08-15,0.0,0.0,93.105,45.5,19.436,13.799,0.032506563496018444,0.010416666666666668,0.001324978944375541,0.0035691232866309755,0.030457590491956035,0.04189332702140539,0.18571428571428572,0.9375,0.8,0.03248511099079589,46751175.0
927,Spain,2022-08-16,12162.0,239.0,93.105,45.5,19.436,13.799,0.032506563496018444,0.010416666666666668,0.001324978944375541,0.0035691232866309755,0.030457590491956035,0.04189332702140539,0.18571428571428572,0.9375,0.8,0.03248511099079589,46751175.0
928,Spain,2022-08-17,0.0,0.0,93.105,45.5,19.436,13.799,0.032506563496018444,0.010416666666666668,0.001324978944375541,0.0035691232866309755,0.030457590491956035,0.04189332702140539,0.18571428571428572,0.9375,0.8,0.03248511099079589,46751175.0
929,Spain,2022-08-18,0.0,0.0,93.105,45.5,19.436,13.799,0.032506563496018444,0.010416666666666668,0.001324978944375541,0.0035691232866309755,0.030457590491956035,0.04189332702140539,0.18571428571428572,0.9375,0.8,0.03248511099079589,46751175.0
930,Spain,2022-08-19,8463.0,222.0,93.105,45.5,19.436,13.799,0.032506563496018444,0.010416666666666668,0.001324978944375541,0.0035691232866309755,0.030457590491956035,0.04189332702140539,0.18571428571428572,0.9375,0.8,0.03248511099079589,46751175.0
931,Spain,2022-08-20,0.0,0.0,93.105,45.5,19.436,13.799,0.032506563496018444,0.010416666666666668,0.001324978944375541,0.0035691232866309755,0.030457590491956035,0.04189332702140539,0.18571428571428572,0.9375,0.8,0.03248511099079589,46751175.0
932,Spain,2022-08-21,0.0,0.0,93.105,45.5,19.436,13.799,0.032506563496018444,0.010416666666666668,0.001324978944375541,0.0035691232866309755,0.030457590491956035,0.04189332702140539,0.18571428571428572,0.9375,0.8,0.03248511099079589,46751175.0
933,Spain,2022-08-22,0.0,0.0,93.105,45.5,19.436,13.799,0.032506563496018444,0.010416666666666668,0.001324978944375541,0.0035691232866309755,0.030457590491956035,0.04189332702140539,0.18571428571428572,0.9375,0.8,0.03248511099079589,46751175.0
934,Spain,2022-08-23,9020.0,118.0,93.105,45.5,19.436,13.799,0.032506563496018444,0.010416666666666668,0.001324978944375541,0.0035691232866309755,0.030457590491956035,0.04189332702140539,0.18571428571428572,0.9375,0.8,0.03248511099079589,46751175.0
935,Spain,2022-08-24,0.0,0.0,93.105,45.5,19.436,13.799,0.032506563496018444,0.010416666666666668,0.001324978944375541,0.0035691232866309755,0.030457590491956035,0.04189332702140539,0.18571428571428572,0.9375,0.8,0.03248511099079589,46751175.0
936,Spain,2022-08-25,0.0,0.0,93.105,45.5,19.436,13.799,0.032506563496018444,0.010416666666666668,0.001324978944375541,0.0035691232866309755,0.030457590491956035,0.04189332702140539,0.18571428571428572,0.9375,0.8,0.03248511099079589,46751175.0
937,Spain,2022-08-26,9192.0,208.0,93.105,45.5,19.436,13.799,0.032506563496018444,0.010416666666666668,0.001324978944375541,0.0035691232866309755,0.030457590491956035,0.04189332702140539,0.18571428571428572,0.9375,0.8,0.03248511099079589,46751175.0
938,Spain,2022-08-27,0.0,0.0,93.105,45.5,19.436,13.799,0.032506563496018444,0.010416666666666668,0.001324978944375541,0.0035691232866309755,0.030457590491956035,0.04189332702140539,0.18571428571428572,0.9375,0.8,0.03248511099079589,46751175.0
939,Spain,2022-08-28,0.0,0.0,93.105,45.5,19.436,13.799,0.032506563496018444,0.010416666666666668,0.001324978944375541,0.0035691232866309755,0.030457590491956035,0.04189332702140539,0.18571428571428572,0.9375,0.8,0.03248511099079589,46751175.0
940,Spain,2022-08-29,0.0,0.0,93.105,45.5,19.436,13.799,0.032506563496018444,0.010416666666666668,0.001324978944375541,0.0035691232866309755,0.030457590491956035,0.04189332702140539,0.18571428571428572,0.9375,0.8,0.03248511099079589,46751175.0
941,Spain,2022-08-30,9554.0,146.0,93.105,45.5,19.436,13.799,0.032506563496018444,0.010416666666666668,0.001324978944375541,0.0035691232866309755,0.030457590491956035,0.04189332702140539,0.18571428571428572,0.9375,0.8,0.03248511099079589,46751175.0
942,Spain,2022-08-31,0.0,0.0,93.105,45.5,19.436,13.799,0.032506563496018444,0.010416666666666668,0.001324978944375541,0.0035691232866309755,0.030457590491956035,0.04189332702140539,0.18571428571428572,0.9375,0.8,0.03248511099079589,46751175.0
943,Spain,2022-09-01,0.0,0.0,93.105,45.5,19.436,13.799,0.032506563496018444,0.010416666666666668,0.001324978944375541,0.0035691232866309755,0.030457590491956035,0.04189332702140539,0.18571428571428572,0.9375,0.8,0.03248511099079589,46751175.0
944,Spain,2022-09-02,9489.0,204.0,93.105,45.5,19.436,13.799,0.032506563496018444,0.010416666666666668,0.001324978944375541,0.0035691232866309755,0.030457590491956035,0.04189332702140539,0.18571428571428572,0.9375,0.8,0.03248511099079589,46751175.0
945,Spain,2022-09-03,0.0,0.0,93.105,45.5,19.436,13.799,0.032506563496018444,0.010416666666666668,0.001324978944375541,0.0035691232866309755,0.030457590491956035,0.04189332702140539,0.18571428571428572,0.9375,0.8,0.03248511099079589,46751175.0
946,Spain,2022-09-04,0.0,0.0,93.105,45.5,19.436,13.799,0.032506563496018444,0.010416666666666668,0.001324978944375541,0.0035691232866309755,0.030457590491956035,0.04189332702140539,0.18571428571428572,0.9375,0.8,0.03248511099079589,46751175.0
947,Spain,2022-09-05,0.0,0.0,93.105,45.5,19.436,13.799,0.032506563496018444,0.010416666666666668,0.001324978944375541,0.0035691232866309755,0.030457590491956035,0.04189332702140539,0.18571428571428572,0.9375,0.8,0.03248511099079589,46751175.0
948,Spain,2022-09-06,6345.0,127.0,93.105,45.5,19.436,13.799,0.032506563496018444,0.010416666666666668,0.001324978944375541,0.0035691232866309755,0.030457590491956035,0.04189332702140539,0.18571428571428572,0.9375,0.8,0.03248511099079589,46751175.0
949,Spain,2022-09-07,358.0,0.0,93.105,45.5,19.436,13.799,0.032506563496018444,0.010416666666666668,0.001324978944375541,0.0035691232866309755,0.030457590491956035,0.04189332702140539,0.18571428571428572,0.9375,0.8,0.03248511099079589,46751175.0
950,Spain,2022-09-08,0.0,0.0,93.105,45.5,19.436,13.799,0.032506563496018444,0.010416666666666668,0.001324978944375541,0.0035691232866309755,0.030457590491956035,0.04189332702140539,0.18571428571428572,0.9375,0.8,0.03248511099079589,46751175.0
951,Spain,2022-09-09,8925.0,207.0,93.105,45.5,19.436,13.799,0.032506563496018444,0.010416666666666668,0.001324978944375541,0.0035691232866309755,0.030457590491956035,0.04189332702140539,0.18571428571428572,0.9375,0.8,0.03248511099079589,46751175.0
952,Spain,2022-09-10,0.0,0.0,93.105,45.5,19.436,13.799,0.032506563496018444,0.010416666666666668,0.001324978944375541,0.0035691232866309755,0.030457590491956035,0.04189332702140539,0.18571428571428572,0.9375,0.8,0.03248511099079589,46751175.0
953,Spain,2022-09-11,0.0,0.0,93.105,45.5,19.436,13.799,0.032506563496018444,0.010416666666666668,0.001324978944375541,0.0035691232866309755,0.030457590491956035,0.04189332702140539,0.18571428571428572,0.9375,0.8,0.03248511099079589,46751175.0
954,Spain,2022-09-12,0.0,0.0,93.105,45.5,19.436,13.799,0.032506563496018444,0.010416666666666668,0.001324978944375541,0.0035691232866309755,0.030457590491956035,0.04189332702140539,0.18571428571428572,0.9375,0.8,0.03248511099079589,46751175.0
955,Spain,2022-09-13,6469.0,149.0,93.105,45.5,19.436,13.799,0.032506563496018444,0.010416666666666668,0.001324978944375541,0.0035691232866309755,0.030457590491956035,0.04189332702140539,0.18571428571428572,0.9375,0.8,0.03248511099079589,46751175.0
956,Spain,2022-09-14,0.0,0.0,93.105,45.5,19.436,13.799,0.032506563496018444,0.010416666666666668,0.001324978944375541,0.0035691232866309755,0.030457590491956035,0.04189332702140539,0.18571428571428572,0.9375,0.8,0.03248511099079589,46751175.0
957,Spain,2022-09-15,0.0,0.0,93.105,45.5,19.436,13.799,0.032506563496018444,0.010416666666666668,0.001324978944375541,0.0035691232866309755,0.030457590491956035,0.04189332702140539,0.18571428571428572,0.9375,0.8,0.03248511099079589,46751175.0
958,Spain,2022-09-16,10760.0,446.0,93.105,45.5,19.436,13.799,0.032506563496018444,0.010416666666666668,0.001324978944375541,0.0035691232866309755,0.030457590491956035,0.04189332702140539,0.18571428571428572,0.9375,0.8,0.03248511099079589,46751175.0
959,Spain,2022-09-17,0.0,0.0,93.105,45.5,19.436,13.799,0.032506563496018444,0.010416666666666668,0.001324978944375541,0.0035691232866309755,0.030457590491956035,0.04189332702140539,0.18571428571428572,0.9375,0.8,0.03248511099079589,46751175.0
960,Spain,2022-09-18,0.0,0.0,93.105,45.5,19.436,13.799,0.032506563496018444,0.010416666666666668,0.001324978944375541,0.0035691232866309755,0.030457590491956035,0.04189332702140539,0.18571428571428572,0.9375,0.8,0.03248511099079589,46751175.0
961,Spain,2022-09-19,0.0,0.0,93.105,45.5,19.436,13.799,0.032506563496018444,0.010416666666666668,0.001324978944375541,0.0035691232866309755,0.030457590491956035,0.04189332702140539,0.18571428571428572,0.9375,0.8,0.03248511099079589,46751175.0
962,Spain,2022-09-20,8320.0,120.0,93.105,45.5,19.436,13.799,0.032506563496018444,0.010416666666666668,0.001324978944375541,0.0035691232866309755,0.030457590491956035,0.04189332702140539,0.18571428571428572,0.9375,0.8,0.03248511099079589,46751175.0
963,Spain,2022-09-21,0.0,0.0,93.105,45.5,19.436,13.799,0.032506563496018444,0.010416666666666668,0.001324978944375541,0.0035691232866309755,0.030457590491956035,0.04189332702140539,0.18571428571428572,0.9375,0.8,0.03248511099079589,46751175.0
964,Spain,2022-09-22,0.0,0.0,93.105,45.5,19.436,13.799,0.032506563496018444,0.010416666666666668,0.001324978944375541,0.0035691232866309755,0.030457590491956035,0.04189332702140539,0.18571428571428572,0.9375,0.8,0.03248511099079589,46751175.0
965,Spain,2022-09-23,10306.0,164.0,93.105,45.5,19.436,13.799,0.032506563496018444,0.010416666666666668,0.001324978944375541,0.0035691232866309755,0.030457590491956035,0.04189332702140539,0.18571428571428572,0.9375,0.8,0.03248511099079589,46751175.0
966,Spain,2022-09-24,0.0,0.0,93.105,45.5,19.436,13.799,0.032506563496018444,0.010416666666666668,0.001324978944375541,0.0035691232866309755,0.030457590491956035,0.04189332702140539,0.18571428571428572,0.9375,0.8,0.03248511099079589,46751175.0
967,Spain,2022-09-25,0.0,0.0,93.105,45.5,19.436,13.799,0.032506563496018444,0.010416666666666668,0.001324978944375541,0.0035691232866309755,0.030457590491956035,0.04189332702140539,0.18571428571428572,0.9375,0.8,0.03248511099079589,46751175.0
968,Spain,2022-09-26,0.0,0.0,93.105,45.5,19.436,13.799,0.032506563496018444,0.010416666666666668,0.001324978944375541,0.0035691232866309755,0.030457590491956035,0.04189332702140539,0.18571428571428572,0.9375,0.8,0.03248511099079589,46751175.0
969,Spain,2022-09-27,8761.0,75.0,93.105,45.5,19.436,13.799,0.032506563496018444,0.010416666666666668,0.001324978944375541,0.0035691232866309755,0.030457590491956035,0.04189332702140539,0.18571428571428572,0.9375,0.8,0.03248511099079589,46751175.0
970,Spain,2022-09-28,0.0,0.0,93.105,45.5,19.436,13.799,0.032506563496018444,0.010416666666666668,0.001324978944375541,0.0035691232866309755,0.030457590491956035,0.04189332702140539,0.18571428571428572,0.9375,0.8,0.03248511099079589,46751175.0
971,Spain,2022-09-29,0.0,0.0,93.105,45.5,19.436,13.799,0.032506563496018444,0.010416666666666668,0.001324978944375541,0.0035691232866309755,0.030457590491956035,0.04189332702140539,0.18571428571428572,0.9375,0.8,0.03248511099079589,46751175.0
972,Spain,2022-09-30,10721.0,95.0,93.105,45.5,19.436,13.799,0.032506563496018444,0.010416666666666668,0.001324978944375541,0.0035691232866309755,0.030457590491956035,0.04189332702140539,0.18571428571428572,0.9375,0.8,0.03248511099079589,46751175.0
973,Spain,2022-10-01,0.0,0.0,93.105,45.5,19.436,13.799,0.032506563496018444,0.010416666666666668,0.001324978944375541,0.0035691232866309755,0.030457590491956035,0.04189332702140539,0.18571428571428572,0.9375,0.8,0.03248511099079589,46751175.0
974,Spain,2022-10-02,0.0,0.0,93.105,45.5,19.436,13.799,0.032506563496018444,0.010416666666666668,0.001324978944375541,0.0035691232866309755,0.030457590491956035,0.04189332702140539,0.18571428571428572,0.9375,0.8,0.03248511099079589,46751175.0
975,Spain,2022-10-03,0.0,0.0,93.105,45.5,19.436,13.799,0.032506563496018444,0.010416666666666668,0.001324978944375541,0.0035691232866309755,0.030457590491956035,0.04189332702140539,0.18571428571428572,0.9375,0.8,0.03248511099079589,46751175.0
976,Spain,2022-10-04,8114.0,83.0,93.105,45.5,19.436,13.799,0.032506563496018444,0.010416666666666668,0.001324978944375541,0.0035691232866309755,0.030457590491956035,0.04189332702140539,0.18571428571428572,0.9375,0.8,0.03248511099079589,46751175.0
977,Spain,2022-10-05,0.0,0.0,93.105,45.5,19.436,13.799,0.032506563496018444,0.010416666666666668,0.001324978944375541,0.0035691232866309755,0.030457590491956035,0.04189332702140539,0.18571428571428572,0.9375,0.8,0.03248511099079589,46751175.0
978,Spain,2022-10-06,0.0,0.0,93.105,45.5,19.436,13.799,0.032506563496018444,0.010416666666666668,0.001324978944375541,0.0035691232866309755,0.030457590491956035,0.04189332702140539,0.18571428571428572,0.9375,0.8,0.03248511099079589,46751175.0
979,Spain,2022-10-07,10843.0,206.0,93.105,45.5,19.436,13.799,0.032506563496018444,0.010416666666666668,0.001324978944375541,0.0035691232866309755,0.030457590491956035,0.04189332702140539,0.18571428571428572,0.9375,0.8,0.03248511099079589,46751175.0
980,Spain,2022-10-08,0.0,0.0,93.105,45.5,19.436,13.799,0.032506563496018444,0.010416666666666668,0.001324978944375541,0.0035691232866309755,0.030457590491956035,0.04189332702140539,0.18571428571428572,0.9375,0.8,0.03248511099079589,46751175.0
981,Spain,2022-10-09,0.0,0.0,93.105,45.5,19.436,13.799,0.032506563496018444,0.010416666666666668,0.001324978944375541,0.0035691232866309755,0.030457590491956035,0.04189332702140539,0.18571428571428572,0.9375,0.8,0.03248511099079589,46751175.0
982,Spain,2022-10-10,0.0,0.0,93.105,45.5,19.436,13.799,0.032506563496018444,0.010416666666666668,0.001324978944375541,0.0035691232866309755,0.030457590491956035,0.04189332702140539,0.18571428571428572,0.9375,0.8,0.03248511099079589,46751175.0
983,Spain,2022-10-11,0.0,0.0,93.105,45.5,19.436,13.799,0.032506563496018444,0.010416666666666668,0.001324978944375541,0.0035691232866309755,0.030457590491956035,0.04189332702140539,0.18571428571428572,0.9375,0.8,0.03248511099079589,46751175.0
984,Spain,2022-10-12,0.0,0.0,93.105,45.5,19.436,13.799,0.032506563496018444,0.010416666666666668,0.001324978944375541,0.0035691232866309755,0.030457590491956035,0.04189332702140539,0.18571428571428572,0.9375,0.8,0.03248511099079589,46751175.0
985,Spain,2022-10-13,0.0,0.0,93.105,45.5,19.436,13.799,0.032506563496018444,0.010416666666666668,0.001324978944375541,0.0035691232866309755,0.030457590491956035,0.04189332702140539,0.18571428571428572,0.9375,0.8,0.03248511099079589,46751175.0
986,Spain,2022-10-14,20652.0,173.0,93.105,45.5,19.436,13.799,0.032506563496018444,0.010416666666666668,0.001324978944375541,0.0035691232866309755,0.030457590491956035,0.04189332702140539,0.18571428571428572,0.9375,0.8,0.03248511099079589,46751175.0
987,Spain,2022-10-15,0.0,0.0,93.105,45.5,19.436,13.799,0.032506563496018444,0.010416666666666668,0.001324978944375541,0.0035691232866309755,0.030457590491956035,0.04189332702140539,0.18571428571428572,0.9375,0.8,0.03248511099079589,46751175.0
988,Spain,2022-10-16,0.0,0.0,93.105,45.5,19.436,13.799,0.032506563496018444,0.010416666666666668,0.001324978944375541,0.0035691232866309755,0.030457590491956035,0.04189332702140539,0.18571428571428572,0.9375,0.8,0.03248511099079589,46751175.0
989,Spain,2022-10-17,0.0,0.0,93.105,45.5,19.436,13.799,0.032506563496018444,0.010416666666666668,0.001324978944375541,0.0035691232866309755,0.030457590491956035,0.04189332702140539,0.18571428571428572,0.9375,0.8,0.03248511099079589,46751175.0
990,Spain,2022-10-18,0.0,0.0,93.105,45.5,19.436,13.799,0.032506563496018444,0.010416666666666668,0.001324978944375541,0.0035691232866309755,0.030457590491956035,0.04189332702140539,0.18571428571428572,0.9375,0.8,0.03248511099079589,46751175.0
991,Spain,2022-10-19,0.0,0.0,93.105,45.5,19.436,13.799,0.032506563496018444,0.010416666666666668,0.001324978944375541,0.0035691232866309755,0.030457590491956035,0.04189332702140539,0.18571428571428572,0.9375,0.8,0.03248511099079589,46751175.0
992,Spain,2022-10-20,0.0,0.0,93.105,45.5,19.436,13.799,0.032506563496018444,0.010416666666666668,0.001324978944375541,0.0035691232866309755,0.030457590491956035,0.04189332702140539,0.18571428571428572,0.9375,0.8,0.03248511099079589,46751175.0
993,Spain,2022-10-21,23793.0,221.0,93.105,45.5,19.436,13.799,0.032506563496018444,0.010416666666666668,0.001324978944375541,0.0035691232866309755,0.030457590491956035,0.04189332702140539,0.18571428571428572,0.9375,0.8,0.03248511099079589,46751175.0
994,Spain,2022-10-22,0.0,0.0,93.105,45.5,19.436,13.799,0.032506563496018444,0.010416666666666668,0.001324978944375541,0.0035691232866309755,0.030457590491956035,0.04189332702140539,0.18571428571428572,0.9375,0.8,0.03248511099079589,46751175.0
995,Spain,2022-10-23,0.0,0.0,93.105,45.5,19.436,13.799,0.032506563496018444,0.010416666666666668,0.001324978944375541,0.0035691232866309755,0.030457590491956035,0.04189332702140539,0.18571428571428572,0.9375,0.8,0.03248511099079589,46751175.0
996,Spain,2022-10-24,1629.0,0.0,93.105,45.5,19.436,13.799,0.032506563496018444,0.010416666666666668,0.001324978944375541,0.0035691232866309755,0.030457590491956035,0.04189332702140539,0.18571428571428572,0.9375,0.8,0.03248511099079589,46751175.0
997,Spain,2022-10-25,0.0,0.0,93.105,45.5,19.436,13.799,0.032506563496018444,0.010416666666666668,0.001324978944375541,0.0035691232866309755,0.030457590491956035,0.04189332702140539,0.18571428571428572,0.9375,0.8,0.03248511099079589,46751175.0
998,Spain,2022-10-26,0.0,0.0,93.105,45.5,19.436,13.799,0.032506563496018444,0.010416666666666668,0.001324978944375541,0.0035691232866309755,0.030457590491956035,0.04189332702140539,0.18571428571428572,0.9375,0.8,0.03248511099079589,46751175.0
999,Spain,2022-10-27,0.0,0.0,93.105,45.5,19.436,13.799,0.032506563496018444,0.010416666666666668,0.001324978944375541,0.0035691232866309755,0.030457590491956035,0.04189332702140539,0.18571428571428572,0.9375,0.8,0.03248511099079589,46751175.0
1000,Spain,2022-10-28,23753.0,220.0,93.105,45.5,19.436,13.799,0.032506563496018444,0.010416666666666668,0.001324978944375541,0.0035691232866309755,0.030457590491956035,0.04189332702140539,0.18571428571428572,0.9375,0.8,0.03248511099079589,46751175.0
1001,Spain,2022-10-29,0.0,0.0,93.105,45.5,19.436,13.799,0.032506563496018444,0.010416666666666668,0.001324978944375541,0.0035691232866309755,0.030457590491956035,0.04189332702140539,0.18571428571428572,0.9375,0.8,0.03248511099079589,46751175.0
1002,Spain,2022-10-30,0.0,0.0,93.105,45.5,19.436,13.799,0.032506563496018444,0.010416666666666668,0.001324978944375541,0.0035691232866309755,0.030457590491956035,0.04189332702140539,0.18571428571428572,0.9375,0.8,0.03248511099079589,46751175.0
1003,Spain,2022-10-31,0.0,0.0,93.105,45.5,19.436,13.799,0.032506563496018444,0.010416666666666668,0.001324978944375541,0.0035691232866309755,0.030457590491956035,0.04189332702140539,0.18571428571428572,0.9375,0.8,0.03248511099079589,46751175.0
1004,Spain,2022-11-01,0.0,0.0,93.105,45.5,19.436,13.799,0.032506563496018444,0.010416666666666668,0.001324978944375541,0.0035691232866309755,0.030457590491956035,0.04189332702140539,0.18571428571428572,0.9375,0.8,0.03248511099079589,46751175.0
1005,Spain,2022-11-02,0.0,0.0,93.105,45.5,19.436,13.799,0.032506563496018444,0.010416666666666668,0.001324978944375541,0.0035691232866309755,0.030457590491956035,0.04189332702140539,0.18571428571428572,0.9375,0.8,0.03248511099079589,46751175.0
1006,Spain,2022-11-03,0.0,0.0,93.105,45.5,19.436,13.799,0.032506563496018444,0.010416666666666668,0.001324978944375541,0.0035691232866309755,0.030457590491956035,0.04189332702140539,0.18571428571428572,0.9375,0.8,0.03248511099079589,46751175.0
1007,Spain,2022-11-04,17875.0,161.0,93.105,45.5,19.436,13.799,0.032506563496018444,0.010416666666666668,0.001324978944375541,0.0035691232866309755,0.030457590491956035,0.04189332702140539,0.18571428571428572,0.9375,0.8,0.03248511099079589,46751175.0
1008,Spain,2022-11-05,0.0,0.0,93.105,45.5,19.436,13.799,0.032506563496018444,0.010416666666666668,0.001324978944375541,0.0035691232866309755,0.030457590491956035,0.04189332702140539,0.18571428571428572,0.9375,0.8,0.03248511099079589,46751175.0
1009,Spain,2022-11-06,0.0,0.0,93.105,45.5,19.436,13.799,0.032506563496018444,0.010416666666666668,0.001324978944375541,0.0035691232866309755,0.030457590491956035,0.04189332702140539,0.18571428571428572,0.9375,0.8,0.03248511099079589,46751175.0
1010,Spain,2022-11-07,0.0,0.0,93.105,45.5,19.436,13.799,0.032506563496018444,0.010416666666666668,0.001324978944375541,0.0035691232866309755,0.030457590491956035,0.04189332702140539,0.18571428571428572,0.9375,0.8,0.03248511099079589,46751175.0
1011,Spain,2022-11-08,0.0,0.0,93.105,45.5,19.436,13.799,0.032506563496018444,0.010416666666666668,0.001324978944375541,0.0035691232866309755,0.030457590491956035,0.04189332702140539,0.18571428571428572,0.9375,0.8,0.03248511099079589,46751175.0
1012,Spain,2022-11-09,0.0,0.0,93.105,45.5,19.436,13.799,0.032506563496018444,0.010416666666666668,0.001324978944375541,0.0035691232866309755,0.030457590491956035,0.04189332702140539,0.18571428571428572,0.9375,0.8,0.03248511099079589,46751175.0
1013,Spain,2022-11-10,0.0,0.0,93.105,45.5,19.436,13.799,0.032506563496018444,0.010416666666666668,0.001324978944375541,0.0035691232866309755,0.030457590491956035,0.04189332702140539,0.18571428571428572,0.9375,0.8,0.03248511099079589,46751175.0
1014,Spain,2022-11-11,14173.0,183.0,93.105,45.5,19.436,13.799,0.032506563496018444,0.010416666666666668,0.001324978944375541,0.0035691232866309755,0.030457590491956035,0.04189332702140539,0.18571428571428572,0.9375,0.8,0.03248511099079589,46751175.0
1015,Spain,2022-11-12,7723.0,0.0,93.105,45.5,19.436,13.799,0.032506563496018444,0.010416666666666668,0.001324978944375541,0.0035691232866309755,0.030457590491956035,0.04189332702140539,0.18571428571428572,0.9375,0.8,0.03248511099079589,46751175.0
1016,Spain,2022-11-13,0.0,0.0,93.105,45.5,19.436,13.799,0.032506563496018444,0.010416666666666668,0.001324978944375541,0.0035691232866309755,0.030457590491956035,0.04189332702140539,0.18571428571428572,0.9375,0.8,0.03248511099079589,46751175.0
1017,Spain,2022-11-14,0.0,0.0,93.105,45.5,19.436,13.799,0.032506563496018444,0.010416666666666668,0.001324978944375541,0.0035691232866309755,0.030457590491956035,0.04189332702140539,0.18571428571428572,0.9375,0.8,0.03248511099079589,46751175.0
1018,Spain,2022-11-15,0.0,0.0,93.105,45.5,19.436,13.799,0.032506563496018444,0.010416666666666668,0.001324978944375541,0.0035691232866309755,0.030457590491956035,0.04189332702140539,0.18571428571428572,0.9375,0.8,0.03248511099079589,46751175.0
1019,Spain,2022-11-16,0.0,0.0,93.105,45.5,19.436,13.799,0.032506563496018444,0.010416666666666668,0.001324978944375541,0.0035691232866309755,0.030457590491956035,0.04189332702140539,0.18571428571428572,0.9375,0.8,0.03248511099079589,46751175.0
1020,Spain,2022-11-17,0.0,0.0,93.105,45.5,19.436,13.799,0.032506563496018444,0.010416666666666668,0.001324978944375541,0.0035691232866309755,0.030457590491956035,0.04189332702140539,0.18571428571428572,0.9375,0.8,0.03248511099079589,46751175.0
1021,Spain,2022-11-18,22182.0,284.0,93.105,45.5,19.436,13.799,0.032506563496018444,0.010416666666666668,0.001324978944375541,0.0035691232866309755,0.030457590491956035,0.04189332702140539,0.18571428571428572,0.9375,0.8,0.03248511099079589,46751175.0
1022,Spain,2022-11-19,0.0,0.0,93.105,45.5,19.436,13.799,0.032506563496018444,0.010416666666666668,0.001324978944375541,0.0035691232866309755,0.030457590491956035,0.04189332702140539,0.18571428571428572,0.9375,0.8,0.03248511099079589,46751175.0
1023,Spain,2022-11-20,0.0,0.0,93.105,45.5,19.436,13.799,0.032506563496018444,0.010416666666666668,0.001324978944375541,0.0035691232866309755,0.030457590491956035,0.04189332702140539,0.18571428571428572,0.9375,0.8,0.03248511099079589,46751175.0
1024,Spain,2022-11-21,0.0,0.0,93.105,45.5,19.436,13.799,0.032506563496018444,0.010416666666666668,0.001324978944375541,0.0035691232866309755,0.030457590491956035,0.04189332702140539,0.18571428571428572,0.9375,0.8,0.03248511099079589,46751175.0
1025,Spain,2022-11-22,0.0,0.0,93.105,45.5,19.436,13.799,0.032506563496018444,0.010416666666666668,0.001324978944375541,0.0035691232866309755,0.030457590491956035,0.04189332702140539,0.18571428571428572,0.9375,0.8,0.03248511099079589,46751175.0
1026,Spain,2022-11-23,0.0,0.0,93.105,45.5,19.436,13.799,0.032506563496018444,0.010416666666666668,0.001324978944375541,0.0035691232866309755,0.030457590491956035,0.04189332702140539,0.18571428571428572,0.9375,0.8,0.03248511099079589,46751175.0
1027,Spain,2022-11-24,0.0,0.0,93.105,45.5,19.436,13.799,0.032506563496018444,0.010416666666666668,0.001324978944375541,0.0035691232866309755,0.030457590491956035,0.04189332702140539,0.18571428571428572,0.9375,0.8,0.03248511099079589,46751175.0
1028,Spain,2022-11-25,21783.0,260.0,93.105,45.5,19.436,13.799,0.032506563496018444,0.010416666666666668,0.001324978944375541,0.0035691232866309755,0.030457590491956035,0.04189332702140539,0.18571428571428572,0.9375,0.8,0.03248511099079589,46751175.0
1029,Spain,2022-11-26,0.0,0.0,93.105,45.5,19.436,13.799,0.032506563496018444,0.010416666666666668,0.001324978944375541,0.0035691232866309755,0.030457590491956035,0.04189332702140539,0.18571428571428572,0.9375,0.8,0.03248511099079589,46751175.0
1030,Spain,2022-11-27,0.0,0.0,93.105,45.5,19.436,13.799,0.032506563496018444,0.010416666666666668,0.001324978944375541,0.0035691232866309755,0.030457590491956035,0.04189332702140539,0.18571428571428572,0.9375,0.8,0.03248511099079589,46751175.0
1031,Spain,2022-11-28,0.0,0.0,93.105,45.5,19.436,13.799,0.032506563496018444,0.010416666666666668,0.001324978944375541,0.0035691232866309755,0.030457590491956035,0.04189332702140539,0.18571428571428572,0.9375,0.8,0.03248511099079589,46751175.0
1032,Spain,2022-11-29,0.0,0.0,93.105,45.5,19.436,13.799,0.032506563496018444,0.010416666666666668,0.001324978944375541,0.0035691232866309755,0.030457590491956035,0.04189332702140539,0.18571428571428572,0.9375,0.8,0.03248511099079589,46751175.0
1033,Spain,2022-11-30,0.0,0.0,93.105,45.5,19.436,13.799,0.032506563496018444,0.010416666666666668,0.001324978944375541,0.0035691232866309755,0.030457590491956035,0.04189332702140539,0.18571428571428572,0.9375,0.8,0.03248511099079589,46751175.0
1034,Spain,2022-12-01,0.0,0.0,93.105,45.5,19.436,13.799,0.032506563496018444,0.010416666666666668,0.001324978944375541,0.0035691232866309755,0.030457590491956035,0.04189332702140539,0.18571428571428572,0.9375,0.8,0.03248511099079589,46751175.0
1035,Spain,2022-12-02,19303.0,207.0,93.105,45.5,19.436,13.799,0.032506563496018444,0.010416666666666668,0.001324978944375541,0.0035691232866309755,0.030457590491956035,0.04189332702140539,0.18571428571428572,0.9375,0.8,0.03248511099079589,46751175.0
1036,Spain,2022-12-03,0.0,0.0,93.105,45.5,19.436,13.799,0.032506563496018444,0.010416666666666668,0.001324978944375541,0.0035691232866309755,0.030457590491956035,0.04189332702140539,0.18571428571428572,0.9375,0.8,0.03248511099079589,46751175.0
1037,Spain,2022-12-04,0.0,0.0,93.105,45.5,19.436,13.799,0.032506563496018444,0.010416666666666668,0.001324978944375541,0.0035691232866309755,0.030457590491956035,0.04189332702140539,0.18571428571428572,0.9375,0.8,0.03248511099079589,46751175.0
1038,Spain,2022-12-05,0.0,0.0,93.105,45.5,19.436,13.799,0.032506563496018444,0.010416666666666668,0.001324978944375541,0.0035691232866309755,0.030457590491956035,0.04189332702140539,0.18571428571428572,0.9375,0.8,0.03248511099079589,46751175.0
1039,Spain,2022-12-06,0.0,0.0,93.105,45.5,19.436,13.799,0.032506563496018444,0.010416666666666668,0.001324978944375541,0.0035691232866309755,0.030457590491956035,0.04189332702140539,0.18571428571428572,0.9375,0.8,0.03248511099079589,46751175.0
1040,Spain,2022-12-07,0.0,0.0,93.105,45.5,19.436,13.799,0.032506563496018444,0.010416666666666668,0.001324978944375541,0.0035691232866309755,0.030457590491956035,0.04189332702140539,0.18571428571428572,0.9375,0.8,0.03248511099079589,46751175.0
1041,Spain,2022-12-08,0.0,0.0,93.105,45.5,19.436,13.799,0.032506563496018444,0.010416666666666668,0.001324978944375541,0.0035691232866309755,0.030457590491956035,0.04189332702140539,0.18571428571428572,0.9375,0.8,0.03248511099079589,46751175.0
1042,Spain,2022-12-09,17828.0,314.0,93.105,45.5,19.436,13.799,0.032506563496018444,0.010416666666666668,0.001324978944375541,0.0035691232866309755,0.030457590491956035,0.04189332702140539,0.18571428571428572,0.9375,0.8,0.03248511099079589,46751175.0
1043,Spain,2022-12-10,0.0,0.0,93.105,45.5,19.436,13.799,0.032506563496018444,0.010416666666666668,0.001324978944375541,0.0035691232866309755,0.030457590491956035,0.04189332702140539,0.18571428571428572,0.9375,0.8,0.03248511099079589,46751175.0
1044,Spain,2022-12-11,0.0,0.0,93.105,45.5,19.436,13.799,0.032506563496018444,0.010416666666666668,0.001324978944375541,0.0035691232866309755,0.030457590491956035,0.04189332702140539,0.18571428571428572,0.9375,0.8,0.03248511099079589,46751175.0
1045,Spain,2022-12-12,0.0,0.0,93.105,45.5,19.436,13.799,0.032506563496018444,0.010416666666666668,0.001324978944375541,0.0035691232866309755,0.030457590491956035,0.04189332702140539,0.18571428571428572,0.9375,0.8,0.03248511099079589,46751175.0
1046,Spain,2022-12-13,0.0,0.0,93.105,45.5,19.436,13.799,0.032506563496018444,0.010416666666666668,0.001324978944375541,0.0035691232866309755,0.030457590491956035,0.04189332702140539,0.18571428571428572,0.9375,0.8,0.03248511099079589,46751175.0
1047,Spain,2022-12-14,0.0,0.0,93.105,45.5,19.436,13.799,0.032506563496018444,0.010416666666666668,0.001324978944375541,0.0035691232866309755,0.030457590491956035,0.04189332702140539,0.18571428571428572,0.9375,0.8,0.03248511099079589,46751175.0
1048,Spain,2022-12-15,0.0,0.0,93.105,45.5,19.436,13.799,0.032506563496018444,0.010416666666666668,0.001324978944375541,0.0035691232866309755,0.030457590491956035,0.04189332702140539,0.18571428571428572,0.9375,0.8,0.03248511099079589,46751175.0
1049,Spain,2022-12-16,18604.0,236.0,93.105,45.5,19.436,13.799,0.032506563496018444,0.010416666666666668,0.001324978944375541,0.0035691232866309755,0.030457590491956035,0.04189332702140539,0.18571428571428572,0.9375,0.8,0.03248511099079589,46751175.0
1050,Spain,2022-12-17,0.0,0.0,93.105,45.5,19.436,13.799,0.032506563496018444,0.010416666666666668,0.001324978944375541,0.0035691232866309755,0.030457590491956035,0.04189332702140539,0.18571428571428572,0.9375,0.8,0.03248511099079589,46751175.0
1051,Spain,2022-12-18,0.0,0.0,93.105,45.5,19.436,13.799,0.032506563496018444,0.010416666666666668,0.001324978944375541,0.0035691232866309755,0.030457590491956035,0.04189332702140539,0.18571428571428572,0.9375,0.8,0.03248511099079589,46751175.0
1052,Spain,2022-12-19,0.0,0.0,93.105,45.5,19.436,13.799,0.032506563496018444,0.010416666666666668,0.001324978944375541,0.0035691232866309755,0.030457590491956035,0.04189332702140539,0.18571428571428572,0.9375,0.8,0.03248511099079589,46751175.0
1053,Spain,2022-12-20,0.0,0.0,93.105,45.5,19.436,13.799,0.032506563496018444,0.010416666666666668,0.001324978944375541,0.0035691232866309755,0.030457590491956035,0.04189332702140539,0.18571428571428572,0.9375,0.8,0.03248511099079589,46751175.0
1054,Spain,2022-12-21,0.0,0.0,93.105,45.5,19.436,13.799,0.032506563496018444,0.010416666666666668,0.001324978944375541,0.0035691232866309755,0.030457590491956035,0.04189332702140539,0.18571428571428572,0.9375,0.8,0.03248511099079589,46751175.0
1055,Spain,2022-12-22,0.0,0.0,93.105,45.5,19.436,13.799,0.032506563496018444,0.010416666666666668,0.001324978944375541,0.0035691232866309755,0.030457590491956035,0.04189332702140539,0.18571428571428572,0.9375,0.8,0.03248511099079589,46751175.0
1056,Spain,2022-12-23,18798.0,241.0,93.105,45.5,19.436,13.799,0.032506563496018444,0.010416666666666668,0.001324978944375541,0.0035691232866309755,0.030457590491956035,0.04189332702140539,0.18571428571428572,0.9375,0.8,0.03248511099079589,46751175.0
1057,Spain,2022-12-24,0.0,0.0,93.105,45.5,19.436,13.799,0.032506563496018444,0.010416666666666668,0.001324978944375541,0.0035691232866309755,0.030457590491956035,0.04189332702140539,0.18571428571428572,0.9375,0.8,0.03248511099079589,46751175.0
1058,Spain,2022-12-25,0.0,0.0,93.105,45.5,19.436,13.799,0.032506563496018444,0.010416666666666668,0.001324978944375541,0.0035691232866309755,0.030457590491956035,0.04189332702140539,0.18571428571428572,0.9375,0.8,0.03248511099079589,46751175.0
1059,Spain,2022-12-26,0.0,0.0,93.105,45.5,19.436,13.799,0.032506563496018444,0.010416666666666668,0.001324978944375541,0.0035691232866309755,0.030457590491956035,0.04189332702140539,0.18571428571428572,0.9375,0.8,0.03248511099079589,46751175.0
1060,Spain,2022-12-27,0.0,0.0,93.105,45.5,19.436,13.799,0.032506563496018444,0.010416666666666668,0.001324978944375541,0.0035691232866309755,0.030457590491956035,0.04189332702140539,0.18571428571428572,0.9375,0.8,0.03248511099079589,46751175.0
1061,Spain,2022-12-28,0.0,0.0,93.105,45.5,19.436,13.799,0.032506563496018444,0.010416666666666668,0.001324978944375541,0.0035691232866309755,0.030457590491956035,0.04189332702140539,0.18571428571428572,0.9375,0.8,0.03248511099079589,46751175.0
1062,Spain,2022-12-29,0.0,0.0,93.105,45.5,19.436,13.799,0.032506563496018444,0.010416666666666668,0.001324978944375541,0.0035691232866309755,0.030457590491956035,0.04189332702140539,0.18571428571428572,0.9375,0.8,0.03248511099079589,46751175.0
1063,Spain,2022-12-30,14221.0,196.0,93.105,45.5,19.436,13.799,0.032506563496018444,0.010416666666666668,0.001324978944375541,0.0035691232866309755,0.030457590491956035,0.04189332702140539,0.18571428571428572,0.9375,0.8,0.03248511099079589,46751175.0
1064,Spain,2022-12-31,0.0,0.0,93.105,45.5,19.436,13.799,0.032506563496018444,0.010416666666666668,0.001324978944375541,0.0035691232866309755,0.030457590491956035,0.04189332702140539,0.18571428571428572,0.9375,0.8,0.03248511099079589,46751175.0
1065,Spain,2023-01-01,0.0,0.0,93.105,45.5,19.436,13.799,0.032506563496018444,0.010416666666666668,0.001324978944375541,0.0035691232866309755,0.030457590491956035,0.04189332702140539,0.18571428571428572,0.9375,0.8,0.03248511099079589,46751175.0
1066,Spain,2023-01-02,0.0,0.0,93.105,45.5,19.436,13.799,0.032506563496018444,0.010416666666666668,0.001324978944375541,0.0035691232866309755,0.030457590491956035,0.04189332702140539,0.18571428571428572,0.9375,0.8,0.03248511099079589,46751175.0
1067,Spain,2023-01-03,0.0,0.0,93.105,45.5,19.436,13.799,0.032506563496018444,0.010416666666666668,0.001324978944375541,0.0035691232866309755,0.030457590491956035,0.04189332702140539,0.18571428571428572,0.9375,0.8,0.03248511099079589,46751175.0
1068,Spain,2023-01-04,0.0,0.0,93.105,45.5,19.436,13.799,0.032506563496018444,0.010416666666666668,0.001324978944375541,0.0035691232866309755,0.030457590491956035,0.04189332702140539,0.18571428571428572,0.9375,0.8,0.03248511099079589,46751175.0
1069,Spain,2023-01-05,9220.0,318.0,93.105,45.5,19.436,13.799,0.032506563496018444,0.010416666666666668,0.001324978944375541,0.0035691232866309755,0.030457590491956035,0.04189332702140539,0.18571428571428572,0.9375,0.8,0.03248511099079589,46751175.0
1070,Spain,2023-01-06,0.0,0.0,93.105,45.5,19.436,13.799,0.032506563496018444,0.010416666666666668,0.001324978944375541,0.0035691232866309755,0.030457590491956035,0.04189332702140539,0.18571428571428572,0.9375,0.8,0.03248511099079589,46751175.0
1071,Spain,2023-01-07,0.0,0.0,93.105,45.5,19.436,13.799,0.032506563496018444,0.010416666666666668,0.001324978944375541,0.0035691232866309755,0.030457590491956035,0.04189332702140539,0.18571428571428572,0.9375,0.8,0.03248511099079589,46751175.0
1072,Spain,2023-01-08,0.0,0.0,93.105,45.5,19.436,13.799,0.032506563496018444,0.010416666666666668,0.001324978944375541,0.0035691232866309755,0.030457590491956035,0.04189332702140539,0.18571428571428572,0.9375,0.8,0.03248511099079589,46751175.0
1073,Spain,2023-01-09,0.0,0.0,93.105,45.5,19.436,13.799,0.032506563496018444,0.010416666666666668,0.001324978944375541,0.0035691232866309755,0.030457590491956035,0.04189332702140539,0.18571428571428572,0.9375,0.8,0.03248511099079589,46751175.0
1074,Spain,2023-01-10,0.0,0.0,93.105,45.5,19.436,13.799,0.032506563496018444,0.010416666666666668,0.001324978944375541,0.0035691232866309755,0.030457590491956035,0.04189332702140539,0.18571428571428572,0.9375,0.8,0.03248511099079589,46751175.0
1075,Spain,2023-01-11,0.0,0.0,93.105,45.5,19.436,13.799,0.032506563496018444,0.010416666666666668,0.001324978944375541,0.0035691232866309755,0.030457590491956035,0.04189332702140539,0.18571428571428572,0.9375,0.8,0.03248511099079589,46751175.0
1076,Spain,2023-01-12,0.0,0.0,93.105,45.5,19.436,13.799,0.032506563496018444,0.010416666666666668,0.001324978944375541,0.0035691232866309755,0.030457590491956035,0.04189332702140539,0.18571428571428572,0.9375,0.8,0.03248511099079589,46751175.0
1077,Spain,2023-01-13,17773.0,346.0,93.105,45.5,19.436,13.799,0.032506563496018444,0.010416666666666668,0.001324978944375541,0.0035691232866309755,0.030457590491956035,0.04189332702140539,0.18571428571428572,0.9375,0.8,0.03248511099079589,46751175.0
1078,Spain,2023-01-14,0.0,0.0,93.105,45.5,19.436,13.799,0.032506563496018444,0.010416666666666668,0.001324978944375541,0.0035691232866309755,0.030457590491956035,0.04189332702140539,0.18571428571428572,0.9375,0.8,0.03248511099079589,46751175.0
1079,Spain,2023-01-15,0.0,0.0,93.105,45.5,19.436,13.799,0.032506563496018444,0.010416666666666668,0.001324978944375541,0.0035691232866309755,0.030457590491956035,0.04189332702140539,0.18571428571428572,0.9375,0.8,0.03248511099079589,46751175.0
1080,Spain,2023-01-16,0.0,0.0,93.105,45.5,19.436,13.799,0.032506563496018444,0.010416666666666668,0.001324978944375541,0.0035691232866309755,0.030457590491956035,0.04189332702140539,0.18571428571428572,0.9375,0.8,0.03248511099079589,46751175.0
1081,Spain,2023-01-17,0.0,0.0,93.105,45.5,19.436,13.799,0.032506563496018444,0.010416666666666668,0.001324978944375541,0.0035691232866309755,0.030457590491956035,0.04189332702140539,0.18571428571428572,0.9375,0.8,0.03248511099079589,46751175.0
1082,Spain,2023-01-18,0.0,0.0,93.105,45.5,19.436,13.799,0.032506563496018444,0.010416666666666668,0.001324978944375541,0.0035691232866309755,0.030457590491956035,0.04189332702140539,0.18571428571428572,0.9375,0.8,0.03248511099079589,46751175.0
1083,Spain,2023-01-19,0.0,0.0,93.105,45.5,19.436,13.799,0.032506563496018444,0.010416666666666668,0.001324978944375541,0.0035691232866309755,0.030457590491956035,0.04189332702140539,0.18571428571428572,0.9375,0.8,0.03248511099079589,46751175.0
1084,Spain,2023-01-20,11426.0,424.0,93.105,45.5,19.436,13.799,0.032506563496018444,0.010416666666666668,0.001324978944375541,0.0035691232866309755,0.030457590491956035,0.04189332702140539,0.18571428571428572,0.9375,0.8,0.03248511099079589,46751175.0
1085,Spain,2023-01-21,0.0,0.0,93.105,45.5,19.436,13.799,0.032506563496018444,0.010416666666666668,0.001324978944375541,0.0035691232866309755,0.030457590491956035,0.04189332702140539,0.18571428571428572,0.9375,0.8,0.03248511099079589,46751175.0
1086,Spain,2023-01-22,0.0,0.0,93.105,45.5,19.436,13.799,0.032506563496018444,0.010416666666666668,0.001324978944375541,0.0035691232866309755,0.030457590491956035,0.04189332702140539,0.18571428571428572,0.9375,0.8,0.03248511099079589,46751175.0
1087,Spain,2023-01-23,0.0,0.0,93.105,45.5,19.436,13.799,0.032506563496018444,0.010416666666666668,0.001324978944375541,0.0035691232866309755,0.030457590491956035,0.04189332702140539,0.18571428571428572,0.9375,0.8,0.03248511099079589,46751175.0
1088,Spain,2023-01-24,0.0,0.0,93.105,45.5,19.436,13.799,0.032506563496018444,0.010416666666666668,0.001324978944375541,0.0035691232866309755,0.030457590491956035,0.04189332702140539,0.18571428571428572,0.9375,0.8,0.03248511099079589,46751175.0
1089,Spain,2023-01-25,0.0,0.0,93.105,45.5,19.436,13.799,0.032506563496018444,0.010416666666666668,0.001324978944375541,0.0035691232866309755,0.030457590491956035,0.04189332702140539,0.18571428571428572,0.9375,0.8,0.03248511099079589,46751175.0
1090,Spain,2023-01-26,0.0,0.0,93.105,45.5,19.436,13.799,0.032506563496018444,0.010416666666666668,0.001324978944375541,0.0035691232866309755,0.030457590491956035,0.04189332702140539,0.18571428571428572,0.9375,0.8,0.03248511099079589,46751175.0
1091,Spain,2023-01-27,8801.0,251.0,93.105,45.5,19.436,13.799,0.032506563496018444,0.010416666666666668,0.001324978944375541,0.0035691232866309755,0.030457590491956035,0.04189332702140539,0.18571428571428572,0.9375,0.8,0.03248511099079589,46751175.0
1092,Spain,2023-01-28,0.0,0.0,93.105,45.5,19.436,13.799,0.032506563496018444,0.010416666666666668,0.001324978944375541,0.0035691232866309755,0.030457590491956035,0.04189332702140539,0.18571428571428572,0.9375,0.8,0.03248511099079589,46751175.0
1093,Spain,2023-01-29,0.0,0.0,93.105,45.5,19.436,13.799,0.032506563496018444,0.010416666666666668,0.001324978944375541,0.0035691232866309755,0.030457590491956035,0.04189332702140539,0.18571428571428572,0.9375,0.8,0.03248511099079589,46751175.0
1094,Spain,2023-01-30,0.0,0.0,93.105,45.5,19.436,13.799,0.032506563496018444,0.010416666666666668,0.001324978944375541,0.0035691232866309755,0.030457590491956035,0.04189332702140539,0.18571428571428572,0.9375,0.8,0.03248511099079589,46751175.0
1095,Spain,2023-01-31,0.0,0.0,93.105,45.5,19.436,13.799,0.032506563496018444,0.010416666666666668,0.001324978944375541,0.0035691232866309755,0.030457590491956035,0.04189332702140539,0.18571428571428572,0.9375,0.8,0.03248511099079589,46751175.0
1096,Spain,2023-02-01,0.0,0.0,93.105,45.5,19.436,13.799,0.032506563496018444,0.010416666666666668,0.001324978944375541,0.0035691232866309755,0.030457590491956035,0.04189332702140539,0.18571428571428572,0.9375,0.8,0.03248511099079589,46751175.0
1097,Spain,2023-02-02,0.0,0.0,93.105,45.5,19.436,13.799,0.032506563496018444,0.010416666666666668,0.001324978944375541,0.0035691232866309755,0.030457590491956035,0.04189332702140539,0.18571428571428572,0.9375,0.8,0.03248511099079589,46751175.0
1098,Spain,2023-02-03,9053.0,278.0,93.105,45.5,19.436,13.799,0.032506563496018444,0.010416666666666668,0.001324978944375541,0.0035691232866309755,0.030457590491956035,0.04189332702140539,0.18571428571428572,0.9375,0.8,0.03248511099079589,46751175.0
1099,Spain,2023-02-04,0.0,0.0,93.105,45.5,19.436,13.799,0.032506563496018444,0.010416666666666668,0.001324978944375541,0.0035691232866309755,0.030457590491956035,0.04189332702140539,0.18571428571428572,0.9375,0.8,0.03248511099079589,46751175.0
1100,Spain,2023-02-05,0.0,0.0,93.105,45.5,19.436,13.799,0.032506563496018444,0.010416666666666668,0.001324978944375541,0.0035691232866309755,0.030457590491956035,0.04189332702140539,0.18571428571428572,0.9375,0.8,0.03248511099079589,46751175.0
1101,Spain,2023-02-06,0.0,0.0,93.105,45.5,19.436,13.799,0.032506563496018444,0.010416666666666668,0.001324978944375541,0.0035691232866309755,0.030457590491956035,0.04189332702140539,0.18571428571428572,0.9375,0.8,0.03248511099079589,46751175.0
1102,Spain,2023-02-07,0.0,0.0,93.105,45.5,19.436,13.799,0.032506563496018444,0.010416666666666668,0.001324978944375541,0.0035691232866309755,0.030457590491956035,0.04189332702140539,0.18571428571428572,0.9375,0.8,0.03248511099079589,46751175.0
1103,Spain,2023-02-08,0.0,0.0,93.105,45.5,19.436,13.799,0.032506563496018444,0.010416666666666668,0.001324978944375541,0.0035691232866309755,0.030457590491956035,0.04189332702140539,0.18571428571428572,0.9375,0.8,0.03248511099079589,46751175.0
1104,Spain,2023-02-09,0.0,0.0,93.105,45.5,19.436,13.799,0.032506563496018444,0.010416666666666668,0.001324978944375541,0.0035691232866309755,0.030457590491956035,0.04189332702140539,0.18571428571428572,0.9375,0.8,0.03248511099079589,46751175.0
1105,Spain,2023-02-10,8387.0,264.0,93.105,45.5,19.436,13.799,0.032506563496018444,0.010416666666666668,0.001324978944375541,0.0035691232866309755,0.030457590491956035,0.04189332702140539,0.18571428571428572,0.9375,0.8,0.03248511099079589,46751175.0
1106,Spain,2023-02-11,0.0,0.0,93.105,45.5,19.436,13.799,0.032506563496018444,0.010416666666666668,0.001324978944375541,0.0035691232866309755,0.030457590491956035,0.04189332702140539,0.18571428571428572,0.9375,0.8,0.03248511099079589,46751175.0
1107,Spain,2023-02-12,0.0,0.0,93.105,45.5,19.436,13.799,0.032506563496018444,0.010416666666666668,0.001324978944375541,0.0035691232866309755,0.030457590491956035,0.04189332702140539,0.18571428571428572,0.9375,0.8,0.03248511099079589,46751175.0
1108,Spain,2023-02-13,0.0,0.0,93.105,45.5,19.436,13.799,0.032506563496018444,0.010416666666666668,0.001324978944375541,0.0035691232866309755,0.030457590491956035,0.04189332702140539,0.18571428571428572,0.9375,0.8,0.03248511099079589,46751175.0
1109,Spain,2023-02-14,0.0,0.0,93.105,45.5,19.436,13.799,0.032506563496018444,0.010416666666666668,0.001324978944375541,0.0035691232866309755,0.030457590491956035,0.04189332702140539,0.18571428571428572,0.9375,0.8,0.03248511099079589,46751175.0
1110,Spain,2023-02-15,0.0,0.0,93.105,45.5,19.436,13.799,0.032506563496018444,0.010416666666666668,0.001324978944375541,0.0035691232866309755,0.030457590491956035,0.04189332702140539,0.18571428571428572,0.9375,0.8,0.03248511099079589,46751175.0
1111,Spain,2023-02-16,0.0,0.0,93.105,45.5,19.436,13.799,0.032506563496018444,0.010416666666666668,0.001324978944375541,0.0035691232866309755,0.030457590491956035,0.04189332702140539,0.18571428571428572,0.9375,0.8,0.03248511099079589,46751175.0
1112,Spain,2023-02-17,7038.0,210.0,93.105,45.5,19.436,13.799,0.032506563496018444,0.010416666666666668,0.001324978944375541,0.0035691232866309755,0.030457590491956035,0.04189332702140539,0.18571428571428572,0.9375,0.8,0.03248511099079589,46751175.0
1113,Spain,2023-02-18,0.0,0.0,93.105,45.5,19.436,13.799,0.032506563496018444,0.010416666666666668,0.001324978944375541,0.0035691232866309755,0.030457590491956035,0.04189332702140539,0.18571428571428572,0.9375,0.8,0.03248511099079589,46751175.0
1114,Spain,2023-02-19,0.0,0.0,93.105,45.5,19.436,13.799,0.032506563496018444,0.010416666666666668,0.001324978944375541,0.0035691232866309755,0.030457590491956035,0.04189332702140539,0.18571428571428572,0.9375,0.8,0.03248511099079589,46751175.0
1115,Spain,2023-02-20,0.0,0.0,93.105,45.5,19.436,13.799,0.032506563496018444,0.010416666666666668,0.001324978944375541,0.0035691232866309755,0.030457590491956035,0.04189332702140539,0.18571428571428572,0.9375,0.8,0.03248511099079589,46751175.0
1116,Spain,2023-02-21,0.0,0.0,93.105,45.5,19.436,13.799,0.032506563496018444,0.010416666666666668,0.001324978944375541,0.0035691232866309755,0.030457590491956035,0.04189332702140539,0.18571428571428572,0.9375,0.8,0.03248511099079589,46751175.0
1117,Spain,2023-02-22,0.0,0.0,93.105,45.5,19.436,13.799,0.032506563496018444,0.010416666666666668,0.001324978944375541,0.0035691232866309755,0.030457590491956035,0.04189332702140539,0.18571428571428572,0.9375,0.8,0.03248511099079589,46751175.0
1118,Spain,2023-02-23,0.0,0.0,93.105,45.5,19.436,13.799,0.032506563496018444,0.010416666666666668,0.001324978944375541,0.0035691232866309755,0.030457590491956035,0.04189332702140539,0.18571428571428572,0.9375,0.8,0.03248511099079589,46751175.0
1119,Spain,2023-02-24,7380.0,194.0,93.105,45.5,19.436,13.799,0.032506563496018444,0.010416666666666668,0.001324978944375541,0.0035691232866309755,0.030457590491956035,0.04189332702140539,0.18571428571428572,0.9375,0.8,0.03248511099079589,46751175.0
1120,Spain,2023-02-25,0.0,0.0,93.105,45.5,19.436,13.799,0.032506563496018444,0.010416666666666668,0.001324978944375541,0.0035691232866309755,0.030457590491956035,0.04189332702140539,0.18571428571428572,0.9375,0.8,0.03248511099079589,46751175.0
1121,Spain,2023-02-26,0.0,0.0,93.105,45.5,19.436,13.799,0.032506563496018444,0.010416666666666668,0.001324978944375541,0.0035691232866309755,0.030457590491956035,0.04189332702140539,0.18571428571428572,0.9375,0.8,0.03248511099079589,46751175.0
1122,Spain,2023-02-27,0.0,0.0,93.105,45.5,19.436,13.799,0.032506563496018444,0.010416666666666668,0.001324978944375541,0.0035691232866309755,0.030457590491956035,0.04189332702140539,0.18571428571428572,0.9375,0.8,0.03248511099079589,46751175.0
1123,Spain,2023-02-28,0.0,0.0,93.105,45.5,19.436,13.799,0.032506563496018444,0.010416666666666668,0.001324978944375541,0.0035691232866309755,0.030457590491956035,0.04189332702140539,0.18571428571428572,0.9375,0.8,0.03248511099079589,46751175.0
1124,Spain,2023-03-01,0.0,0.0,93.105,45.5,19.436,13.799,0.032506563496018444,0.010416666666666668,0.001324978944375541,0.0035691232866309755,0.030457590491956035,0.04189332702140539,0.18571428571428572,0.9375,0.8,0.03248511099079589,46751175.0
1125,Spain,2023-03-02,0.0,0.0,93.105,45.5,19.436,13.799,0.032506563496018444,0.010416666666666668,0.001324978944375541,0.0035691232866309755,0.030457590491956035,0.04189332702140539,0.18571428571428572,0.9375,0.8,0.03248511099079589,46751175.0
1126,Spain,2023-03-03,7093.0,99.0,93.105,45.5,19.436,13.799,0.032506563496018444,0.010416666666666668,0.001324978944375541,0.0035691232866309755,0.030457590491956035,0.04189332702140539,0.18571428571428572,0.9375,0.8,0.03248511099079589,46751175.0
1127,Spain,2023-03-04,0.0,0.0,93.105,45.5,19.436,13.799,0.032506563496018444,0.010416666666666668,0.001324978944375541,0.0035691232866309755,0.030457590491956035,0.04189332702140539,0.18571428571428572,0.9375,0.8,0.03248511099079589,46751175.0
1128,Spain,2023-03-05,0.0,0.0,93.105,45.5,19.436,13.799,0.032506563496018444,0.010416666666666668,0.001324978944375541,0.0035691232866309755,0.030457590491956035,0.04189332702140539,0.18571428571428572,0.9375,0.8,0.03248511099079589,46751175.0
1129,Spain,2023-03-06,0.0,0.0,93.105,45.5,19.436,13.799,0.032506563496018444,0.010416666666666668,0.001324978944375541,0.0035691232866309755,0.030457590491956035,0.04189332702140539,0.18571428571428572,0.9375,0.8,0.03248511099079589,46751175.0
1130,Spain,2023-03-07,0.0,0.0,93.105,45.5,19.436,13.799,0.032506563496018444,0.010416666666666668,0.001324978944375541,0.0035691232866309755,0.030457590491956035,0.04189332702140539,0.18571428571428572,0.9375,0.8,0.03248511099079589,46751175.0
