,country,date,confirmed,fatalities,population_density,median_age,aged_65_older,aged_70_older,population,yearly_change,net_change,density,land_area,migrants,rert_rate,med_age,urban_pop,world_share,r_population
1,United Kingdom,2020-01-31,2.0,0.0,272.898,40.8,18.517,12.527,0.04715182629232778,0.13802083333333334,0.02619037787954939,0.01066940046322664,0.014772664129348282,0.2729873922032329,0.2571428571428572,0.8333333333333334,0.83,0.04710341093665404,67814098.0
2,United Kingdom,2020-02-01,0.0,0.0,272.898,40.8,18.517,12.527,0.04715182629232778,0.13802083333333334,0.02619037787954939,0.01066940046322664,0.014772664129348282,0.2729873922032329,0.2571428571428572,0.8333333333333334,0.83,0.04710341093665404,67814098.0
3,United Kingdom,2020-02-02,0.0,1.0,272.898,40.8,18.517,12.527,0.04715182629232778,0.13802083333333334,0.02619037787954939,0.01066940046322664,0.014772664129348282,0.2729873922032329,0.2571428571428572,0.8333333333333334,0.83,0.04710341093665404,67814098.0
4,United Kingdom,2020-02-03,6.0,0.0,272.898,40.8,18.517,12.527,0.04715182629232778,0.13802083333333334,0.02619037787954939,0.01066940046322664,0.014772664129348282,0.2729873922032329,0.2571428571428572,0.8333333333333334,0.83,0.04710341093665404,67814098.0
5,United Kingdom,2020-02-04,0.0,0.0,272.898,40.8,18.517,12.527,0.04715182629232778,0.13802083333333334,0.02619037787954939,0.01066940046322664,0.014772664129348282,0.2729873922032329,0.2571428571428572,0.8333333333333334,0.83,0.04710341093665404,67814098.0
6,United Kingdom,2020-02-05,1.0,0.0,272.898,40.8,18.517,12.527,0.04715182629232778,0.13802083333333334,0.02619037787954939,0.01066940046322664,0.014772664129348282,0.2729873922032329,0.2571428571428572,0.8333333333333334,0.83,0.04710341093665404,67814098.0
7,United Kingdom,2020-02-06,0.0,0.0,272.898,40.8,18.517,12.527,0.04715182629232778,0.13802083333333334,0.02619037787954939,0.01066940046322664,0.014772664129348282,0.2729873922032329,0.2571428571428572,0.8333333333333334,0.83,0.04710341093665404,67814098.0
8,United Kingdom,2020-02-07,0.0,0.0,272.898,40.8,18.517,12.527,0.04715182629232778,0.13802083333333334,0.02619037787954939,0.01066940046322664,0.014772664129348282,0.2729873922032329,0.2571428571428572,0.8333333333333334,0.83,0.04710341093665404,67814098.0
9,United Kingdom,2020-02-08,4.0,0.0,272.898,40.8,18.517,12.527,0.04715182629232778,0.13802083333333334,0.02619037787954939,0.01066940046322664,0.014772664129348282,0.2729873922032329,0.2571428571428572,0.8333333333333334,0.83,0.04710341093665404,67814098.0
10,United Kingdom,2020-02-09,1.0,0.0,272.898,40.8,18.517,12.527,0.04715182629232778,0.13802083333333334,0.02619037787954939,0.01066940046322664,0.014772664129348282,0.2729873922032329,0.2571428571428572,0.8333333333333334,0.83,0.04710341093665404,67814098.0
11,United Kingdom,2020-02-10,0.0,0.0,272.898,40.8,18.517,12.527,0.04715182629232778,0.13802083333333334,0.02619037787954939,0.01066940046322664,0.014772664129348282,0.2729873922032329,0.2571428571428572,0.8333333333333334,0.83,0.04710341093665404,67814098.0
12,United Kingdom,2020-02-11,1.0,0.0,272.898,40.8,18.517,12.527,0.04715182629232778,0.13802083333333334,0.02619037787954939,0.01066940046322664,0.014772664129348282,0.2729873922032329,0.2571428571428572,0.8333333333333334,0.83,0.04710341093665404,67814098.0
13,United Kingdom,2020-02-12,1.0,0.0,272.898,40.8,18.517,12.527,0.04715182629232778,0.13802083333333334,0.02619037787954939,0.01066940046322664,0.014772664129348282,0.2729873922032329,0.2571428571428572,0.8333333333333334,0.83,0.04710341093665404,67814098.0
14,United Kingdom,2020-02-13,1.0,0.0,272.898,40.8,18.517,12.527,0.04715182629232778,0.13802083333333334,0.02619037787954939,0.01066940046322664,0.014772664129348282,0.2729873922032329,0.2571428571428572,0.8333333333333334,0.83,0.04710341093665404,67814098.0
15,United Kingdom,2020-02-14,1.0,0.0,272.898,40.8,18.517,12.527,0.04715182629232778,0.13802083333333334,0.02619037787954939,0.01066940046322664,0.014772664129348282,0.2729873922032329,0.2571428571428572,0.8333333333333334,0.83,0.04710341093665404,67814098.0
16,United Kingdom,2020-02-15,0.0,0.0,272.898,40.8,18.517,12.527,0.04715182629232778,0.13802083333333334,0.02619037787954939,0.01066940046322664,0.014772664129348282,0.2729873922032329,0.2571428571428572,0.8333333333333334,0.83,0.04710341093665404,67814098.0
17,United Kingdom,2020-02-16,0.0,0.0,272.898,40.8,18.517,12.527,0.04715182629232778,0.13802083333333334,0.02619037787954939,0.01066940046322664,0.014772664129348282,0.2729873922032329,0.2571428571428572,0.8333333333333334,0.83,0.04710341093665404,67814098.0
18,United Kingdom,2020-02-17,1.0,0.0,272.898,40.8,18.517,12.527,0.04715182629232778,0.13802083333333334,0.02619037787954939,0.01066940046322664,0.014772664129348282,0.2729873922032329,0.2571428571428572,0.8333333333333334,0.83,0.04710341093665404,67814098.0
19,United Kingdom,2020-02-18,0.0,0.0,272.898,40.8,18.517,12.527,0.04715182629232778,0.13802083333333334,0.02619037787954939,0.01066940046322664,0.014772664129348282,0.2729873922032329,0.2571428571428572,0.8333333333333334,0.83,0.04710341093665404,67814098.0
20,United Kingdom,2020-02-19,1.0,0.0,272.898,40.8,18.517,12.527,0.04715182629232778,0.13802083333333334,0.02619037787954939,0.01066940046322664,0.014772664129348282,0.2729873922032329,0.2571428571428572,0.8333333333333334,0.83,0.04710341093665404,67814098.0
21,United Kingdom,2020-02-20,2.0,0.0,272.898,40.8,18.517,12.527,0.04715182629232778,0.13802083333333334,0.02619037787954939,0.01066940046322664,0.014772664129348282,0.2729873922032329,0.2571428571428572,0.8333333333333334,0.83,0.04710341093665404,67814098.0
22,United Kingdom,2020-02-21,1.0,0.0,272.898,40.8,18.517,12.527,0.04715182629232778,0.13802083333333334,0.02619037787954939,0.01066940046322664,0.014772664129348282,0.2729873922032329,0.2571428571428572,0.8333333333333334,0.83,0.04710341093665404,67814098.0
23,United Kingdom,2020-02-22,0.0,1.0,272.898,40.8,18.517,12.527,0.04715182629232778,0.13802083333333334,0.02619037787954939,0.01066940046322664,0.014772664129348282,0.2729873922032329,0.2571428571428572,0.8333333333333334,0.83,0.04710341093665404,67814098.0
24,United Kingdom,2020-02-23,5.0,0.0,272.898,40.8,18.517,12.527,0.04715182629232778,0.13802083333333334,0.02619037787954939,0.01066940046322664,0.014772664129348282,0.2729873922032329,0.2571428571428572,0.8333333333333334,0.83,0.04710341093665404,67814098.0
25,United Kingdom,2020-02-24,2.0,0.0,272.898,40.8,18.517,12.527,0.04715182629232778,0.13802083333333334,0.02619037787954939,0.01066940046322664,0.014772664129348282,0.2729873922032329,0.2571428571428572,0.8333333333333334,0.83,0.04710341093665404,67814098.0
26,United Kingdom,2020-02-25,4.0,0.0,272.898,40.8,18.517,12.527,0.04715182629232778,0.13802083333333334,0.02619037787954939,0.01066940046322664,0.014772664129348282,0.2729873922032329,0.2571428571428572,0.8333333333333334,0.83,0.04710341093665404,67814098.0
27,United Kingdom,2020-02-26,3.0,0.0,272.898,40.8,18.517,12.527,0.04715182629232778,0.13802083333333334,0.02619037787954939,0.01066940046322664,0.014772664129348282,0.2729873922032329,0.2571428571428572,0.8333333333333334,0.83,0.04710341093665404,67814098.0
28,United Kingdom,2020-02-27,7.0,0.0,272.898,40.8,18.517,12.527,0.04715182629232778,0.13802083333333334,0.02619037787954939,0.01066940046322664,0.014772664129348282,0.2729873922032329,0.2571428571428572,0.8333333333333334,0.83,0.04710341093665404,67814098.0
29,United Kingdom,2020-02-28,12.0,0.0,272.898,40.8,18.517,12.527,0.04715182629232778,0.13802083333333334,0.02619037787954939,0.01066940046322664,0.014772664129348282,0.2729873922032329,0.2571428571428572,0.8333333333333334,0.83,0.04710341093665404,67814098.0
30,United Kingdom,2020-02-29,5.0,0.0,272.898,40.8,18.517,12.527,0.04715182629232778,0.13802083333333334,0.02619037787954939,0.01066940046322664,0.014772664129348282,0.2729873922032329,0.2571428571428572,0.8333333333333334,0.83,0.04710341093665404,67814098.0
31,United Kingdom,2020-03-01,33.0,0.0,272.898,40.8,18.517,12.527,0.04715182629232778,0.13802083333333334,0.02619037787954939,0.01066940046322664,0.014772664129348282,0.2729873922032329,0.2571428571428572,0.8333333333333334,0.83,0.04710341093665404,67814098.0
32,United Kingdom,2020-03-02,40.0,1.0,272.898,40.8,18.517,12.527,0.04715182629232778,0.13802083333333334,0.02619037787954939,0.01066940046322664,0.014772664129348282,0.2729873922032329,0.2571428571428572,0.8333333333333334,0.83,0.04710341093665404,67814098.0
33,United Kingdom,2020-03-03,55.0,0.0,272.898,40.8,18.517,12.527,0.04715182629232778,0.13802083333333334,0.02619037787954939,0.01066940046322664,0.014772664129348282,0.2729873922032329,0.2571428571428572,0.8333333333333334,0.83,0.04710341093665404,67814098.0
34,United Kingdom,2020-03-04,56.0,1.0,272.898,40.8,18.517,12.527,0.04715182629232778,0.13802083333333334,0.02619037787954939,0.01066940046322664,0.014772664129348282,0.2729873922032329,0.2571428571428572,0.8333333333333334,0.83,0.04710341093665404,67814098.0
35,United Kingdom,2020-03-05,49.0,2.0,272.898,40.8,18.517,12.527,0.04715182629232778,0.13802083333333334,0.02619037787954939,0.01066940046322664,0.014772664129348282,0.2729873922032329,0.2571428571428572,0.8333333333333334,0.83,0.04710341093665404,67814098.0
36,United Kingdom,2020-03-06,79.0,2.0,272.898,40.8,18.517,12.527,0.04715182629232778,0.13802083333333334,0.02619037787954939,0.01066940046322664,0.014772664129348282,0.2729873922032329,0.2571428571428572,0.8333333333333334,0.83,0.04710341093665404,67814098.0
37,United Kingdom,2020-03-07,55.0,0.0,272.898,40.8,18.517,12.527,0.04715182629232778,0.13802083333333334,0.02619037787954939,0.01066940046322664,0.014772664129348282,0.2729873922032329,0.2571428571428572,0.8333333333333334,0.83,0.04710341093665404,67814098.0
38,United Kingdom,2020-03-08,54.0,2.0,272.898,40.8,18.517,12.527,0.04715182629232778,0.13802083333333334,0.02619037787954939,0.01066940046322664,0.014772664129348282,0.2729873922032329,0.2571428571428572,0.8333333333333334,0.83,0.04710341093665404,67814098.0
39,United Kingdom,2020-03-09,147.0,5.0,272.898,40.8,18.517,12.527,0.04715182629232778,0.13802083333333334,0.02619037787954939,0.01066940046322664,0.014772664129348282,0.2729873922032329,0.2571428571428572,0.8333333333333334,0.83,0.04710341093665404,67814098.0
40,United Kingdom,2020-03-10,258.0,3.0,272.898,40.8,18.517,12.527,0.04715182629232778,0.13802083333333334,0.02619037787954939,0.01066940046322664,0.014772664129348282,0.2729873922032329,0.2571428571428572,0.8333333333333334,0.83,0.04710341093665404,67814098.0
41,United Kingdom,2020-03-11,411.0,7.0,272.898,40.8,18.517,12.527,0.04715182629232778,0.13802083333333334,0.02619037787954939,0.01066940046322664,0.014772664129348282,0.2729873922032329,0.2571428571428572,0.8333333333333334,0.83,0.04710341093665404,67814098.0
42,United Kingdom,2020-03-12,489.0,13.0,272.898,40.8,18.517,12.527,0.04715182629232778,0.13802083333333334,0.02619037787954939,0.01066940046322664,0.014772664129348282,0.2729873922032329,0.2571428571428572,0.8333333333333334,0.83,0.04710341093665404,67814098.0
43,United Kingdom,2020-03-13,479.0,16.0,272.898,40.8,18.517,12.527,0.04715182629232778,0.13802083333333334,0.02619037787954939,0.01066940046322664,0.014772664129348282,0.2729873922032329,0.2571428571428572,0.8333333333333334,0.83,0.04710341093665404,67814098.0
44,United Kingdom,2020-03-14,364.0,21.0,272.898,40.8,18.517,12.527,0.04715182629232778,0.13802083333333334,0.02619037787954939,0.01066940046322664,0.014772664129348282,0.2729873922032329,0.2571428571428572,0.8333333333333334,0.83,0.04710341093665404,67814098.0
45,United Kingdom,2020-03-15,442.0,31.0,272.898,40.8,18.517,12.527,0.04715182629232778,0.13802083333333334,0.02619037787954939,0.01066940046322664,0.014772664129348282,0.2729873922032329,0.2571428571428572,0.8333333333333334,0.83,0.04710341093665404,67814098.0
46,United Kingdom,2020-03-16,612.0,51.0,272.898,40.8,18.517,12.527,0.04715182629232778,0.13802083333333334,0.02619037787954939,0.01066940046322664,0.014772664129348282,0.2729873922032329,0.2571428571428572,0.8333333333333334,0.83,0.04710341093665404,67814098.0
47,United Kingdom,2020-03-17,768.0,58.0,272.898,40.8,18.517,12.527,0.04715182629232778,0.13802083333333334,0.02619037787954939,0.01066940046322664,0.014772664129348282,0.2729873922032329,0.2571428571428572,0.8333333333333334,0.83,0.04710341093665404,67814098.0
48,United Kingdom,2020-03-18,999.0,73.0,272.898,40.8,18.517,12.527,0.04715182629232778,0.13802083333333334,0.02619037787954939,0.01066940046322664,0.014772664129348282,0.2729873922032329,0.2571428571428572,0.8333333333333334,0.83,0.04710341093665404,67814098.0
49,United Kingdom,2020-03-19,1055.0,79.0,272.898,40.8,18.517,12.527,0.04715182629232778,0.13802083333333334,0.02619037787954939,0.01066940046322664,0.014772664129348282,0.2729873922032329,0.2571428571428572,0.8333333333333334,0.83,0.04710341093665404,67814098.0
50,United Kingdom,2020-03-20,1254.0,118.0,272.898,40.8,18.517,12.527,0.04715182629232778,0.13802083333333334,0.02619037787954939,0.01066940046322664,0.014772664129348282,0.2729873922032329,0.2571428571428572,0.8333333333333334,0.83,0.04710341093665404,67814098.0
51,United Kingdom,2020-03-21,1197.0,144.0,272.898,40.8,18.517,12.527,0.04715182629232778,0.13802083333333334,0.02619037787954939,0.01066940046322664,0.014772664129348282,0.2729873922032329,0.2571428571428572,0.8333333333333334,0.83,0.04710341093665404,67814098.0
52,United Kingdom,2020-03-22,1376.0,183.0,272.898,40.8,18.517,12.527,0.04715182629232778,0.13802083333333334,0.02619037787954939,0.01066940046322664,0.014772664129348282,0.2729873922032329,0.2571428571428572,0.8333333333333334,0.83,0.04710341093665404,67814098.0
53,United Kingdom,2020-03-23,2335.0,208.0,272.898,40.8,18.517,12.527,0.04715182629232778,0.13802083333333334,0.02619037787954939,0.01066940046322664,0.014772664129348282,0.2729873922032329,0.2571428571428572,0.8333333333333334,0.83,0.04710341093665404,67814098.0
54,United Kingdom,2020-03-24,2371.0,263.0,272.898,40.8,18.517,12.527,0.04715182629232778,0.13802083333333334,0.02619037787954939,0.01066940046322664,0.014772664129348282,0.2729873922032329,0.2571428571428572,0.8333333333333334,0.83,0.04710341093665404,67814098.0
55,United Kingdom,2020-03-25,2693.0,337.0,272.898,40.8,18.517,12.527,0.04715182629232778,0.13802083333333334,0.02619037787954939,0.01066940046322664,0.014772664129348282,0.2729873922032329,0.2571428571428572,0.8333333333333334,0.83,0.04710341093665404,67814098.0
56,United Kingdom,2020-03-26,3084.0,413.0,272.898,40.8,18.517,12.527,0.04715182629232778,0.13802083333333334,0.02619037787954939,0.01066940046322664,0.014772664129348282,0.2729873922032329,0.2571428571428572,0.8333333333333334,0.83,0.04710341093665404,67814098.0
57,United Kingdom,2020-03-27,3201.0,463.0,272.898,40.8,18.517,12.527,0.04715182629232778,0.13802083333333334,0.02619037787954939,0.01066940046322664,0.014772664129348282,0.2729873922032329,0.2571428571428572,0.8333333333333334,0.83,0.04710341093665404,67814098.0
58,United Kingdom,2020-03-28,2822.0,516.0,272.898,40.8,18.517,12.527,0.04715182629232778,0.13802083333333334,0.02619037787954939,0.01066940046322664,0.014772664129348282,0.2729873922032329,0.2571428571428572,0.8333333333333334,0.83,0.04710341093665404,67814098.0
59,United Kingdom,2020-03-29,2857.0,586.0,272.898,40.8,18.517,12.527,0.04715182629232778,0.13802083333333334,0.02619037787954939,0.01066940046322664,0.014772664129348282,0.2729873922032329,0.2571428571428572,0.8333333333333334,0.83,0.04710341093665404,67814098.0
60,United Kingdom,2020-03-30,4273.0,711.0,272.898,40.8,18.517,12.527,0.04715182629232778,0.13802083333333334,0.02619037787954939,0.01066940046322664,0.014772664129348282,0.2729873922032329,0.2571428571428572,0.8333333333333334,0.83,0.04710341093665404,67814098.0
61,United Kingdom,2020-03-31,4515.0,831.0,272.898,40.8,18.517,12.527,0.04715182629232778,0.13802083333333334,0.02619037787954939,0.01066940046322664,0.014772664129348282,0.2729873922032329,0.2571428571428572,0.8333333333333334,0.83,0.04710341093665404,67814098.0
62,United Kingdom,2020-04-01,4914.0,924.0,272.898,40.8,18.517,12.527,0.04715182629232778,0.13802083333333334,0.02619037787954939,0.01066940046322664,0.014772664129348282,0.2729873922032329,0.2571428571428572,0.8333333333333334,0.83,0.04710341093665404,67814098.0
63,United Kingdom,2020-04-02,4865.0,1007.0,272.898,40.8,18.517,12.527,0.04715182629232778,0.13802083333333334,0.02619037787954939,0.01066940046322664,0.014772664129348282,0.2729873922032329,0.2571428571428572,0.8333333333333334,0.83,0.04710341093665404,67814098.0
64,United Kingdom,2020-04-03,4915.0,1061.0,272.898,40.8,18.517,12.527,0.04715182629232778,0.13802083333333334,0.02619037787954939,0.01066940046322664,0.014772664129348282,0.2729873922032329,0.2571428571428572,0.8333333333333334,0.83,0.04710341093665404,67814098.0
65,United Kingdom,2020-04-04,4020.0,1147.0,272.898,40.8,18.517,12.527,0.04715182629232778,0.13802083333333334,0.02619037787954939,0.01066940046322664,0.014772664129348282,0.2729873922032329,0.2571428571428572,0.8333333333333334,0.83,0.04710341093665404,67814098.0
66,United Kingdom,2020-04-05,3594.0,1220.0,272.898,40.8,18.517,12.527,0.04715182629232778,0.13802083333333334,0.02619037787954939,0.01066940046322664,0.014772664129348282,0.2729873922032329,0.2571428571428572,0.8333333333333334,0.83,0.04710341093665404,67814098.0
67,United Kingdom,2020-04-06,5275.0,1170.0,272.898,40.8,18.517,12.527,0.04715182629232778,0.13802083333333334,0.02619037787954939,0.01066940046322664,0.014772664129348282,0.2729873922032329,0.2571428571428572,0.8333333333333334,0.83,0.04710341093665404,67814098.0
68,United Kingdom,2020-04-07,5450.0,1293.0,272.898,40.8,18.517,12.527,0.04715182629232778,0.13802083333333334,0.02619037787954939,0.01066940046322664,0.014772664129348282,0.2729873922032329,0.2571428571428572,0.8333333333333334,0.83,0.04710341093665404,67814098.0
69,United Kingdom,2020-04-08,5129.0,1461.0,272.898,40.8,18.517,12.527,0.04715182629232778,0.13802083333333334,0.02619037787954939,0.01066940046322664,0.014772664129348282,0.2729873922032329,0.2571428571428572,0.8333333333333334,0.83,0.04710341093665404,67814098.0
70,United Kingdom,2020-04-09,4852.0,1375.0,272.898,40.8,18.517,12.527,0.04715182629232778,0.13802083333333334,0.02619037787954939,0.01066940046322664,0.014772664129348282,0.2729873922032329,0.2571428571428572,0.8333333333333334,0.83,0.04710341093665404,67814098.0
71,United Kingdom,2020-04-10,4315.0,1319.0,272.898,40.8,18.517,12.527,0.04715182629232778,0.13802083333333334,0.02619037787954939,0.01066940046322664,0.014772664129348282,0.2729873922032329,0.2571428571428572,0.8333333333333334,0.83,0.04710341093665404,67814098.0
72,United Kingdom,2020-04-11,3577.0,1365.0,272.898,40.8,18.517,12.527,0.04715182629232778,0.13802083333333334,0.02619037787954939,0.01066940046322664,0.014772664129348282,0.2729873922032329,0.2571428571428572,0.8333333333333334,0.83,0.04710341093665404,67814098.0
73,United Kingdom,2020-04-12,3495.0,1378.0,272.898,40.8,18.517,12.527,0.04715182629232778,0.13802083333333334,0.02619037787954939,0.01066940046322664,0.014772664129348282,0.2729873922032329,0.2571428571428572,0.8333333333333334,0.83,0.04710341093665404,67814098.0
74,United Kingdom,2020-04-13,4183.0,1232.0,272.898,40.8,18.517,12.527,0.04715182629232778,0.13802083333333334,0.02619037787954939,0.01066940046322664,0.014772664129348282,0.2729873922032329,0.2571428571428572,0.8333333333333334,0.83,0.04710341093665404,67814098.0
75,United Kingdom,2020-04-14,4325.0,1254.0,272.898,40.8,18.517,12.527,0.04715182629232778,0.13802083333333334,0.02619037787954939,0.01066940046322664,0.014772664129348282,0.2729873922032329,0.2571428571428572,0.8333333333333334,0.83,0.04710341093665404,67814098.0
76,United Kingdom,2020-04-15,5065.0,1276.0,272.898,40.8,18.517,12.527,0.04715182629232778,0.13802083333333334,0.02619037787954939,0.01066940046322664,0.014772664129348282,0.2729873922032329,0.2571428571428572,0.8333333333333334,0.83,0.04710341093665404,67814098.0
77,United Kingdom,2020-04-16,5298.0,1322.0,272.898,40.8,18.517,12.527,0.04715182629232778,0.13802083333333334,0.02619037787954939,0.01066940046322664,0.014772664129348282,0.2729873922032329,0.2571428571428572,0.8333333333333334,0.83,0.04710341093665404,67814098.0
78,United Kingdom,2020-04-17,4965.0,1272.0,272.898,40.8,18.517,12.527,0.04715182629232778,0.13802083333333334,0.02619037787954939,0.01066940046322664,0.014772664129348282,0.2729873922032329,0.2571428571428572,0.8333333333333334,0.83,0.04710341093665404,67814098.0
79,United Kingdom,2020-04-18,4716.0,1189.0,272.898,40.8,18.517,12.527,0.04715182629232778,0.13802083333333334,0.02619037787954939,0.01066940046322664,0.014772664129348282,0.2729873922032329,0.2571428571428572,0.8333333333333334,0.83,0.04710341093665404,67814098.0
80,United Kingdom,2020-04-19,3852.0,1122.0,272.898,40.8,18.517,12.527,0.04715182629232778,0.13802083333333334,0.02619037787954939,0.01066940046322664,0.014772664129348282,0.2729873922032329,0.2571428571428572,0.8333333333333334,0.83,0.04710341093665404,67814098.0
81,United Kingdom,2020-04-20,4858.0,1160.0,272.898,40.8,18.517,12.527,0.04715182629232778,0.13802083333333334,0.02619037787954939,0.01066940046322664,0.014772664129348282,0.2729873922032329,0.2571428571428572,0.8333333333333334,0.83,0.04710341093665404,67814098.0
82,United Kingdom,2020-04-21,4760.0,1085.0,272.898,40.8,18.517,12.527,0.04715182629232778,0.13802083333333334,0.02619037787954939,0.01066940046322664,0.014772664129348282,0.2729873922032329,0.2571428571428572,0.8333333333333334,0.83,0.04710341093665404,67814098.0
83,United Kingdom,2020-04-22,5490.0,1102.0,272.898,40.8,18.517,12.527,0.04715182629232778,0.13802083333333334,0.02619037787954939,0.01066940046322664,0.014772664129348282,0.2729873922032329,0.2571428571428572,0.8333333333333334,0.83,0.04710341093665404,67814098.0
84,United Kingdom,2020-04-23,5143.0,1038.0,272.898,40.8,18.517,12.527,0.04715182629232778,0.13802083333333334,0.02619037787954939,0.01066940046322664,0.014772664129348282,0.2729873922032329,0.2571428571428572,0.8333333333333334,0.83,0.04710341093665404,67814098.0
85,United Kingdom,2020-04-24,4973.0,1005.0,272.898,40.8,18.517,12.527,0.04715182629232778,0.13802083333333334,0.02619037787954939,0.01066940046322664,0.014772664129348282,0.2729873922032329,0.2571428571428572,0.8333333333333334,0.83,0.04710341093665404,67814098.0
86,United Kingdom,2020-04-25,3748.0,919.0,272.898,40.8,18.517,12.527,0.04715182629232778,0.13802083333333334,0.02619037787954939,0.01066940046322664,0.014772664129348282,0.2729873922032329,0.2571428571428572,0.8333333333333334,0.83,0.04710341093665404,67814098.0
87,United Kingdom,2020-04-26,3468.0,894.0,272.898,40.8,18.517,12.527,0.04715182629232778,0.13802083333333334,0.02619037787954939,0.01066940046322664,0.014772664129348282,0.2729873922032329,0.2571428571428572,0.8333333333333334,0.83,0.04710341093665404,67814098.0
88,United Kingdom,2020-04-27,4702.0,866.0,272.898,40.8,18.517,12.527,0.04715182629232778,0.13802083333333334,0.02619037787954939,0.01066940046322664,0.014772664129348282,0.2729873922032329,0.2571428571428572,0.8333333333333334,0.83,0.04710341093665404,67814098.0
89,United Kingdom,2020-04-28,4721.0,801.0,272.898,40.8,18.517,12.527,0.04715182629232778,0.13802083333333334,0.02619037787954939,0.01066940046322664,0.014772664129348282,0.2729873922032329,0.2571428571428572,0.8333333333333334,0.83,0.04710341093665404,67814098.0
90,United Kingdom,2020-04-29,5435.0,817.0,272.898,40.8,18.517,12.527,0.04715182629232778,0.13802083333333334,0.02619037787954939,0.01066940046322664,0.014772664129348282,0.2729873922032329,0.2571428571428572,0.8333333333333334,0.83,0.04710341093665404,67814098.0
91,United Kingdom,2020-04-30,4956.0,780.0,272.898,40.8,18.517,12.527,0.04715182629232778,0.13802083333333334,0.02619037787954939,0.01066940046322664,0.014772664129348282,0.2729873922032329,0.2571428571428572,0.8333333333333334,0.83,0.04710341093665404,67814098.0
92,United Kingdom,2020-05-01,4727.0,786.0,272.898,40.8,18.517,12.527,0.04715182629232778,0.13802083333333334,0.02619037787954939,0.01066940046322664,0.014772664129348282,0.2729873922032329,0.2571428571428572,0.8333333333333334,0.83,0.04710341093665404,67814098.0
93,United Kingdom,2020-05-02,3221.0,705.0,272.898,40.8,18.517,12.527,0.04715182629232778,0.13802083333333334,0.02619037787954939,0.01066940046322664,0.014772664129348282,0.2729873922032329,0.2571428571428572,0.8333333333333334,0.83,0.04710341093665404,67814098.0
94,United Kingdom,2020-05-03,2974.0,662.0,272.898,40.8,18.517,12.527,0.04715182629232778,0.13802083333333334,0.02619037787954939,0.01066940046322664,0.014772664129348282,0.2729873922032329,0.2571428571428572,0.8333333333333334,0.83,0.04710341093665404,67814098.0
95,United Kingdom,2020-05-04,3378.0,676.0,272.898,40.8,18.517,12.527,0.04715182629232778,0.13802083333333334,0.02619037787954939,0.01066940046322664,0.014772664129348282,0.2729873922032329,0.2571428571428572,0.8333333333333334,0.83,0.04710341093665404,67814098.0
96,United Kingdom,2020-05-05,3684.0,642.0,272.898,40.8,18.517,12.527,0.04715182629232778,0.13802083333333334,0.02619037787954939,0.01066940046322664,0.014772664129348282,0.2729873922032329,0.2571428571428572,0.8333333333333334,0.83,0.04710341093665404,67814098.0
97,United Kingdom,2020-05-06,3831.0,627.0,272.898,40.8,18.517,12.527,0.04715182629232778,0.13802083333333334,0.02619037787954939,0.01066940046322664,0.014772664129348282,0.2729873922032329,0.2571428571428572,0.8333333333333334,0.83,0.04710341093665404,67814098.0
98,United Kingdom,2020-05-07,3767.0,631.0,272.898,40.8,18.517,12.527,0.04715182629232778,0.13802083333333334,0.02619037787954939,0.01066940046322664,0.014772664129348282,0.2729873922032329,0.2571428571428572,0.8333333333333334,0.83,0.04710341093665404,67814098.0
99,United Kingdom,2020-05-08,3049.0,569.0,272.898,40.8,18.517,12.527,0.04715182629232778,0.13802083333333334,0.02619037787954939,0.01066940046322664,0.014772664129348282,0.2729873922032329,0.2571428571428572,0.8333333333333334,0.83,0.04710341093665404,67814098.0
100,United Kingdom,2020-05-09,2150.0,539.0,272.898,40.8,18.517,12.527,0.04715182629232778,0.13802083333333334,0.02619037787954939,0.01066940046322664,0.014772664129348282,0.2729873922032329,0.2571428571428572,0.8333333333333334,0.83,0.04710341093665404,67814098.0
101,United Kingdom,2020-05-10,2321.0,494.0,272.898,40.8,18.517,12.527,0.04715182629232778,0.13802083333333334,0.02619037787954939,0.01066940046322664,0.014772664129348282,0.2729873922032329,0.2571428571428572,0.8333333333333334,0.83,0.04710341093665404,67814098.0
102,United Kingdom,2020-05-11,3583.0,428.0,272.898,40.8,18.517,12.527,0.04715182629232778,0.13802083333333334,0.02619037787954939,0.01066940046322664,0.014772664129348282,0.2729873922032329,0.2571428571428572,0.8333333333333334,0.83,0.04710341093665404,67814098.0
103,United Kingdom,2020-05-12,3389.0,441.0,272.898,40.8,18.517,12.527,0.04715182629232778,0.13802083333333334,0.02619037787954939,0.01066940046322664,0.014772664129348282,0.2729873922032329,0.2571428571428572,0.8333333333333334,0.83,0.04710341093665404,67814098.0
104,United Kingdom,2020-05-13,3298.0,454.0,272.898,40.8,18.517,12.527,0.04715182629232778,0.13802083333333334,0.02619037787954939,0.01066940046322664,0.014772664129348282,0.2729873922032329,0.2571428571428572,0.8333333333333334,0.83,0.04710341093665404,67814098.0
105,United Kingdom,2020-05-14,2609.0,465.0,272.898,40.8,18.517,12.527,0.04715182629232778,0.13802083333333334,0.02619037787954939,0.01066940046322664,0.014772664129348282,0.2729873922032329,0.2571428571428572,0.8333333333333334,0.83,0.04710341093665404,67814098.0
106,United Kingdom,2020-05-15,2517.0,421.0,272.898,40.8,18.517,12.527,0.04715182629232778,0.13802083333333334,0.02619037787954939,0.01066940046322664,0.014772664129348282,0.2729873922032329,0.2571428571428572,0.8333333333333334,0.83,0.04710341093665404,67814098.0
107,United Kingdom,2020-05-16,2065.0,419.0,272.898,40.8,18.517,12.527,0.04715182629232778,0.13802083333333334,0.02619037787954939,0.01066940046322664,0.014772664129348282,0.2729873922032329,0.2571428571428572,0.8333333333333334,0.83,0.04710341093665404,67814098.0
108,United Kingdom,2020-05-17,1826.0,377.0,272.898,40.8,18.517,12.527,0.04715182629232778,0.13802083333333334,0.02619037787954939,0.01066940046322664,0.014772664129348282,0.2729873922032329,0.2571428571428572,0.8333333333333334,0.83,0.04710341093665404,67814098.0
109,United Kingdom,2020-05-18,2574.0,407.0,272.898,40.8,18.517,12.527,0.04715182629232778,0.13802083333333334,0.02619037787954939,0.01066940046322664,0.014772664129348282,0.2729873922032329,0.2571428571428572,0.8333333333333334,0.83,0.04710341093665404,67814098.0
110,United Kingdom,2020-05-19,3041.0,372.0,272.898,40.8,18.517,12.527,0.04715182629232778,0.13802083333333334,0.02619037787954939,0.01066940046322664,0.014772664129348282,0.2729873922032329,0.2571428571428572,0.8333333333333334,0.83,0.04710341093665404,67814098.0
111,United Kingdom,2020-05-20,2706.0,353.0,272.898,40.8,18.517,12.527,0.04715182629232778,0.13802083333333334,0.02619037787954939,0.01066940046322664,0.014772664129348282,0.2729873922032329,0.2571428571428572,0.8333333333333334,0.83,0.04710341093665404,67814098.0
112,United Kingdom,2020-05-21,2542.0,342.0,272.898,40.8,18.517,12.527,0.04715182629232778,0.13802083333333334,0.02619037787954939,0.01066940046322664,0.014772664129348282,0.2729873922032329,0.2571428571428572,0.8333333333333334,0.83,0.04710341093665404,67814098.0
113,United Kingdom,2020-05-22,2030.0,300.0,272.898,40.8,18.517,12.527,0.04715182629232778,0.13802083333333334,0.02619037787954939,0.01066940046322664,0.014772664129348282,0.2729873922032329,0.2571428571428572,0.8333333333333334,0.83,0.04710341093665404,67814098.0
114,United Kingdom,2020-05-23,1507.0,284.0,272.898,40.8,18.517,12.527,0.04715182629232778,0.13802083333333334,0.02619037787954939,0.01066940046322664,0.014772664129348282,0.2729873922032329,0.2571428571428572,0.8333333333333334,0.83,0.04710341093665404,67814098.0
115,United Kingdom,2020-05-24,1348.0,281.0,272.898,40.8,18.517,12.527,0.04715182629232778,0.13802083333333334,0.02619037787954939,0.01066940046322664,0.014772664129348282,0.2729873922032329,0.2571428571428572,0.8333333333333334,0.83,0.04710341093665404,67814098.0
116,United Kingdom,2020-05-25,1607.0,279.0,272.898,40.8,18.517,12.527,0.04715182629232778,0.13802083333333334,0.02619037787954939,0.01066940046322664,0.014772664129348282,0.2729873922032329,0.2571428571428572,0.8333333333333334,0.83,0.04710341093665404,67814098.0
117,United Kingdom,2020-05-26,1650.0,300.0,272.898,40.8,18.517,12.527,0.04715182629232778,0.13802083333333334,0.02619037787954939,0.01066940046322664,0.014772664129348282,0.2729873922032329,0.2571428571428572,0.8333333333333334,0.83,0.04710341093665404,67814098.0
118,United Kingdom,2020-05-27,1802.0,282.0,272.898,40.8,18.517,12.527,0.04715182629232778,0.13802083333333334,0.02619037787954939,0.01066940046322664,0.014772664129348282,0.2729873922032329,0.2571428571428572,0.8333333333333334,0.83,0.04710341093665404,67814098.0
119,United Kingdom,2020-05-28,1734.0,288.0,272.898,40.8,18.517,12.527,0.04715182629232778,0.13802083333333334,0.02619037787954939,0.01066940046322664,0.014772664129348282,0.2729873922032329,0.2571428571428572,0.8333333333333334,0.83,0.04710341093665404,67814098.0
120,United Kingdom,2020-05-29,1504.0,254.0,272.898,40.8,18.517,12.527,0.04715182629232778,0.13802083333333334,0.02619037787954939,0.01066940046322664,0.014772664129348282,0.2729873922032329,0.2571428571428572,0.8333333333333334,0.83,0.04710341093665404,67814098.0
121,United Kingdom,2020-05-30,1099.0,219.0,272.898,40.8,18.517,12.527,0.04715182629232778,0.13802083333333334,0.02619037787954939,0.01066940046322664,0.014772664129348282,0.2729873922032329,0.2571428571428572,0.8333333333333334,0.83,0.04710341093665404,67814098.0
122,United Kingdom,2020-05-31,1069.0,195.0,272.898,40.8,18.517,12.527,0.04715182629232778,0.13802083333333334,0.02619037787954939,0.01066940046322664,0.014772664129348282,0.2729873922032329,0.2571428571428572,0.8333333333333334,0.83,0.04710341093665404,67814098.0
123,United Kingdom,2020-06-01,1434.0,199.0,272.898,40.8,18.517,12.527,0.04715182629232778,0.13802083333333334,0.02619037787954939,0.01066940046322664,0.014772664129348282,0.2729873922032329,0.2571428571428572,0.8333333333333334,0.83,0.04710341093665404,67814098.0
124,United Kingdom,2020-06-02,1467.0,233.0,272.898,40.8,18.517,12.527,0.04715182629232778,0.13802083333333334,0.02619037787954939,0.01066940046322664,0.014772664129348282,0.2729873922032329,0.2571428571428572,0.8333333333333334,0.83,0.04710341093665404,67814098.0
125,United Kingdom,2020-06-03,1342.0,203.0,272.898,40.8,18.517,12.527,0.04715182629232778,0.13802083333333334,0.02619037787954939,0.01066940046322664,0.014772664129348282,0.2729873922032329,0.2571428571428572,0.8333333333333334,0.83,0.04710341093665404,67814098.0
126,United Kingdom,2020-06-04,1234.0,183.0,272.898,40.8,18.517,12.527,0.04715182629232778,0.13802083333333334,0.02619037787954939,0.01066940046322664,0.014772664129348282,0.2729873922032329,0.2571428571428572,0.8333333333333334,0.83,0.04710341093665404,67814098.0
127,United Kingdom,2020-06-05,1105.0,184.0,272.898,40.8,18.517,12.527,0.04715182629232778,0.13802083333333334,0.02619037787954939,0.01066940046322664,0.014772664129348282,0.2729873922032329,0.2571428571428572,0.8333333333333334,0.83,0.04710341093665404,67814098.0
128,United Kingdom,2020-06-06,791.0,151.0,272.898,40.8,18.517,12.527,0.04715182629232778,0.13802083333333334,0.02619037787954939,0.01066940046322664,0.014772664129348282,0.2729873922032329,0.2571428571428572,0.8333333333333334,0.83,0.04710341093665404,67814098.0
129,United Kingdom,2020-06-07,717.0,163.0,272.898,40.8,18.517,12.527,0.04715182629232778,0.13802083333333334,0.02619037787954939,0.01066940046322664,0.014772664129348282,0.2729873922032329,0.2571428571428572,0.8333333333333334,0.83,0.04710341093665404,67814098.0
130,United Kingdom,2020-06-08,1086.0,161.0,272.898,40.8,18.517,12.527,0.04715182629232778,0.13802083333333334,0.02619037787954939,0.01066940046322664,0.014772664129348282,0.2729873922032329,0.2571428571428572,0.8333333333333334,0.83,0.04710341093665404,67814098.0
131,United Kingdom,2020-06-09,1153.0,137.0,272.898,40.8,18.517,12.527,0.04715182629232778,0.13802083333333334,0.02619037787954939,0.01066940046322664,0.014772664129348282,0.2729873922032329,0.2571428571428572,0.8333333333333334,0.83,0.04710341093665404,67814098.0
132,United Kingdom,2020-06-10,1182.0,166.0,272.898,40.8,18.517,12.527,0.04715182629232778,0.13802083333333334,0.02619037787954939,0.01066940046322664,0.014772664129348282,0.2729873922032329,0.2571428571428572,0.8333333333333334,0.83,0.04710341093665404,67814098.0
133,United Kingdom,2020-06-11,1001.0,121.0,272.898,40.8,18.517,12.527,0.04715182629232778,0.13802083333333334,0.02619037787954939,0.01066940046322664,0.014772664129348282,0.2729873922032329,0.2571428571428572,0.8333333333333334,0.83,0.04710341093665404,67814098.0
134,United Kingdom,2020-06-12,1053.0,135.0,272.898,40.8,18.517,12.527,0.04715182629232778,0.13802083333333334,0.02619037787954939,0.01066940046322664,0.014772664129348282,0.2729873922032329,0.2571428571428572,0.8333333333333334,0.83,0.04710341093665404,67814098.0
135,United Kingdom,2020-06-13,887.0,101.0,272.898,40.8,18.517,12.527,0.04715182629232778,0.13802083333333334,0.02619037787954939,0.01066940046322664,0.014772664129348282,0.2729873922032329,0.2571428571428572,0.8333333333333334,0.83,0.04710341093665404,67814098.0
136,United Kingdom,2020-06-14,807.0,136.0,272.898,40.8,18.517,12.527,0.04715182629232778,0.13802083333333334,0.02619037787954939,0.01066940046322664,0.014772664129348282,0.2729873922032329,0.2571428571428572,0.8333333333333334,0.83,0.04710341093665404,67814098.0
137,United Kingdom,2020-06-15,1026.0,107.0,272.898,40.8,18.517,12.527,0.04715182629232778,0.13802083333333334,0.02619037787954939,0.01066940046322664,0.014772664129348282,0.2729873922032329,0.2571428571428572,0.8333333333333334,0.83,0.04710341093665404,67814098.0
138,United Kingdom,2020-06-16,1077.0,120.0,272.898,40.8,18.517,12.527,0.04715182629232778,0.13802083333333334,0.02619037787954939,0.01066940046322664,0.014772664129348282,0.2729873922032329,0.2571428571428572,0.8333333333333334,0.83,0.04710341093665404,67814098.0
139,United Kingdom,2020-06-17,997.0,105.0,272.898,40.8,18.517,12.527,0.04715182629232778,0.13802083333333334,0.02619037787954939,0.01066940046322664,0.014772664129348282,0.2729873922032329,0.2571428571428572,0.8333333333333334,0.83,0.04710341093665404,67814098.0
140,United Kingdom,2020-06-18,1020.0,90.0,272.898,40.8,18.517,12.527,0.04715182629232778,0.13802083333333334,0.02619037787954939,0.01066940046322664,0.014772664129348282,0.2729873922032329,0.2571428571428572,0.8333333333333334,0.83,0.04710341093665404,67814098.0
141,United Kingdom,2020-06-19,980.0,88.0,272.898,40.8,18.517,12.527,0.04715182629232778,0.13802083333333334,0.02619037787954939,0.01066940046322664,0.014772664129348282,0.2729873922032329,0.2571428571428572,0.8333333333333334,0.83,0.04710341093665404,67814098.0
142,United Kingdom,2020-06-20,666.0,87.0,272.898,40.8,18.517,12.527,0.04715182629232778,0.13802083333333334,0.02619037787954939,0.01066940046322664,0.014772664129348282,0.2729873922032329,0.2571428571428572,0.8333333333333334,0.83,0.04710341093665404,67814098.0
143,United Kingdom,2020-06-21,622.0,80.0,272.898,40.8,18.517,12.527,0.04715182629232778,0.13802083333333334,0.02619037787954939,0.01066940046322664,0.014772664129348282,0.2729873922032329,0.2571428571428572,0.8333333333333334,0.83,0.04710341093665404,67814098.0
144,United Kingdom,2020-06-22,892.0,83.0,272.898,40.8,18.517,12.527,0.04715182629232778,0.13802083333333334,0.02619037787954939,0.01066940046322664,0.014772664129348282,0.2729873922032329,0.2571428571428572,0.8333333333333334,0.83,0.04710341093665404,67814098.0
145,United Kingdom,2020-06-23,882.0,97.0,272.898,40.8,18.517,12.527,0.04715182629232778,0.13802083333333334,0.02619037787954939,0.01066940046322664,0.014772664129348282,0.2729873922032329,0.2571428571428572,0.8333333333333334,0.83,0.04710341093665404,67814098.0
146,United Kingdom,2020-06-24,774.0,101.0,272.898,40.8,18.517,12.527,0.04715182629232778,0.13802083333333334,0.02619037787954939,0.01066940046322664,0.014772664129348282,0.2729873922032329,0.2571428571428572,0.8333333333333334,0.83,0.04710341093665404,67814098.0
147,United Kingdom,2020-06-25,697.0,108.0,272.898,40.8,18.517,12.527,0.04715182629232778,0.13802083333333334,0.02619037787954939,0.01066940046322664,0.014772664129348282,0.2729873922032329,0.2571428571428572,0.8333333333333334,0.83,0.04710341093665404,67814098.0
148,United Kingdom,2020-06-26,638.0,79.0,272.898,40.8,18.517,12.527,0.04715182629232778,0.13802083333333334,0.02619037787954939,0.01066940046322664,0.014772664129348282,0.2729873922032329,0.2571428571428572,0.8333333333333334,0.83,0.04710341093665404,67814098.0
149,United Kingdom,2020-06-27,633.0,73.0,272.898,40.8,18.517,12.527,0.04715182629232778,0.13802083333333334,0.02619037787954939,0.01066940046322664,0.014772664129348282,0.2729873922032329,0.2571428571428572,0.8333333333333334,0.83,0.04710341093665404,67814098.0
150,United Kingdom,2020-06-28,395.0,71.0,272.898,40.8,18.517,12.527,0.04715182629232778,0.13802083333333334,0.02619037787954939,0.01066940046322664,0.014772664129348282,0.2729873922032329,0.2571428571428572,0.8333333333333334,0.83,0.04710341093665404,67814098.0
151,United Kingdom,2020-06-29,604.0,69.0,272.898,40.8,18.517,12.527,0.04715182629232778,0.13802083333333334,0.02619037787954939,0.01066940046322664,0.014772664129348282,0.2729873922032329,0.2571428571428572,0.8333333333333334,0.83,0.04710341093665404,67814098.0
152,United Kingdom,2020-06-30,403.0,81.0,272.898,40.8,18.517,12.527,0.04715182629232778,0.13802083333333334,0.02619037787954939,0.01066940046322664,0.014772664129348282,0.2729873922032329,0.2571428571428572,0.8333333333333334,0.83,0.04710341093665404,67814098.0
153,United Kingdom,2020-07-01,60.0,54.0,272.898,40.8,18.517,12.527,0.04715182629232778,0.13802083333333334,0.02619037787954939,0.01066940046322664,0.014772664129348282,0.2729873922032329,0.2571428571428572,0.8333333333333334,0.83,0.04710341093665404,67814098.0
154,United Kingdom,2020-07-02,4.0,61.0,272.898,40.8,18.517,12.527,0.04715182629232778,0.13802083333333334,0.02619037787954939,0.01066940046322664,0.014772664129348282,0.2729873922032329,0.2571428571428572,0.8333333333333334,0.83,0.04710341093665404,67814098.0
155,United Kingdom,2020-07-03,502.0,48.0,272.898,40.8,18.517,12.527,0.04715182629232778,0.13802083333333334,0.02619037787954939,0.01066940046322664,0.014772664129348282,0.2729873922032329,0.2571428571428572,0.8333333333333334,0.83,0.04710341093665404,67814098.0
156,United Kingdom,2020-07-04,624.0,52.0,272.898,40.8,18.517,12.527,0.04715182629232778,0.13802083333333334,0.02619037787954939,0.01066940046322664,0.014772664129348282,0.2729873922032329,0.2571428571428572,0.8333333333333334,0.83,0.04710341093665404,67814098.0
157,United Kingdom,2020-07-05,516.0,52.0,272.898,40.8,18.517,12.527,0.04715182629232778,0.13802083333333334,0.02619037787954939,0.01066940046322664,0.014772664129348282,0.2729873922032329,0.2571428571428572,0.8333333333333334,0.83,0.04710341093665404,67814098.0
158,United Kingdom,2020-07-06,352.0,54.0,272.898,40.8,18.517,12.527,0.04715182629232778,0.13802083333333334,0.02619037787954939,0.01066940046322664,0.014772664129348282,0.2729873922032329,0.2571428571428572,0.8333333333333334,0.83,0.04710341093665404,67814098.0
159,United Kingdom,2020-07-07,581.0,43.0,272.898,40.8,18.517,12.527,0.04715182629232778,0.13802083333333334,0.02619037787954939,0.01066940046322664,0.014772664129348282,0.2729873922032329,0.2571428571428572,0.8333333333333334,0.83,0.04710341093665404,67814098.0
160,United Kingdom,2020-07-08,630.0,47.0,272.898,40.8,18.517,12.527,0.04715182629232778,0.13802083333333334,0.02619037787954939,0.01066940046322664,0.014772664129348282,0.2729873922032329,0.2571428571428572,0.8333333333333334,0.83,0.04710341093665404,67814098.0
161,United Kingdom,2020-07-09,642.0,61.0,272.898,40.8,18.517,12.527,0.04715182629232778,0.13802083333333334,0.02619037787954939,0.01066940046322664,0.014772664129348282,0.2729873922032329,0.2571428571428572,0.8333333333333334,0.83,0.04710341093665404,67814098.0
162,United Kingdom,2020-07-10,512.0,44.0,272.898,40.8,18.517,12.527,0.04715182629232778,0.13802083333333334,0.02619037787954939,0.01066940046322664,0.014772664129348282,0.2729873922032329,0.2571428571428572,0.8333333333333334,0.83,0.04710341093665404,67814098.0
163,United Kingdom,2020-07-11,820.0,38.0,272.898,40.8,18.517,12.527,0.04715182629232778,0.13802083333333334,0.02619037787954939,0.01066940046322664,0.014772664129348282,0.2729873922032329,0.2571428571428572,0.8333333333333334,0.83,0.04710341093665404,67814098.0
164,United Kingdom,2020-07-12,650.0,32.0,272.898,40.8,18.517,12.527,0.04715182629232778,0.13802083333333334,0.02619037787954939,0.01066940046322664,0.014772664129348282,0.2729873922032329,0.2571428571428572,0.8333333333333334,0.83,0.04710341093665404,67814098.0
165,United Kingdom,2020-07-13,530.0,45.0,272.898,40.8,18.517,12.527,0.04715182629232778,0.13802083333333334,0.02619037787954939,0.01066940046322664,0.014772664129348282,0.2729873922032329,0.2571428571428572,0.8333333333333334,0.83,0.04710341093665404,67814098.0
166,United Kingdom,2020-07-14,1240.0,42.0,272.898,40.8,18.517,12.527,0.04715182629232778,0.13802083333333334,0.02619037787954939,0.01066940046322664,0.014772664129348282,0.2729873922032329,0.2571428571428572,0.8333333333333334,0.83,0.04710341093665404,67814098.0
167,United Kingdom,2020-07-15,538.0,41.0,272.898,40.8,18.517,12.527,0.04715182629232778,0.13802083333333334,0.02619037787954939,0.01066940046322664,0.014772664129348282,0.2729873922032329,0.2571428571428572,0.8333333333333334,0.83,0.04710341093665404,67814098.0
168,United Kingdom,2020-07-16,641.0,21.0,272.898,40.8,18.517,12.527,0.04715182629232778,0.13802083333333334,0.02619037787954939,0.01066940046322664,0.014772664129348282,0.2729873922032329,0.2571428571428572,0.8333333333333334,0.83,0.04710341093665404,67814098.0
169,United Kingdom,2020-07-17,687.0,34.0,272.898,40.8,18.517,12.527,0.04715182629232778,0.13802083333333334,0.02619037787954939,0.01066940046322664,0.014772664129348282,0.2729873922032329,0.2571428571428572,0.8333333333333334,0.83,0.04710341093665404,67814098.0
170,United Kingdom,2020-07-18,827.0,31.0,272.898,40.8,18.517,12.527,0.04715182629232778,0.13802083333333334,0.02619037787954939,0.01066940046322664,0.014772664129348282,0.2729873922032329,0.2571428571428572,0.8333333333333334,0.83,0.04710341093665404,67814098.0
171,United Kingdom,2020-07-19,726.0,24.0,272.898,40.8,18.517,12.527,0.04715182629232778,0.13802083333333334,0.02619037787954939,0.01066940046322664,0.014772664129348282,0.2729873922032329,0.2571428571428572,0.8333333333333334,0.83,0.04710341093665404,67814098.0
172,United Kingdom,2020-07-20,580.0,31.0,272.898,40.8,18.517,12.527,0.04715182629232778,0.13802083333333334,0.02619037787954939,0.01066940046322664,0.014772664129348282,0.2729873922032329,0.2571428571428572,0.8333333333333334,0.83,0.04710341093665404,67814098.0
173,United Kingdom,2020-07-21,445.0,31.0,272.898,40.8,18.517,12.527,0.04715182629232778,0.13802083333333334,0.02619037787954939,0.01066940046322664,0.014772664129348282,0.2729873922032329,0.2571428571428572,0.8333333333333334,0.83,0.04710341093665404,67814098.0
174,United Kingdom,2020-07-22,560.0,34.0,272.898,40.8,18.517,12.527,0.04715182629232778,0.13802083333333334,0.02619037787954939,0.01066940046322664,0.014772664129348282,0.2729873922032329,0.2571428571428572,0.8333333333333334,0.83,0.04710341093665404,67814098.0
175,United Kingdom,2020-07-23,769.0,36.0,272.898,40.8,18.517,12.527,0.04715182629232778,0.13802083333333334,0.02619037787954939,0.01066940046322664,0.014772664129348282,0.2729873922032329,0.2571428571428572,0.8333333333333334,0.83,0.04710341093665404,67814098.0
176,United Kingdom,2020-07-24,768.0,19.0,272.898,40.8,18.517,12.527,0.04715182629232778,0.13802083333333334,0.02619037787954939,0.01066940046322664,0.014772664129348282,0.2729873922032329,0.2571428571428572,0.8333333333333334,0.83,0.04710341093665404,67814098.0
177,United Kingdom,2020-07-25,767.0,23.0,272.898,40.8,18.517,12.527,0.04715182629232778,0.13802083333333334,0.02619037787954939,0.01066940046322664,0.014772664129348282,0.2729873922032329,0.2571428571428572,0.8333333333333334,0.83,0.04710341093665404,67814098.0
178,United Kingdom,2020-07-26,745.0,32.0,272.898,40.8,18.517,12.527,0.04715182629232778,0.13802083333333334,0.02619037787954939,0.01066940046322664,0.014772664129348282,0.2729873922032329,0.2571428571428572,0.8333333333333334,0.83,0.04710341093665404,67814098.0
179,United Kingdom,2020-07-27,685.0,18.0,272.898,40.8,18.517,12.527,0.04715182629232778,0.13802083333333334,0.02619037787954939,0.01066940046322664,0.014772664129348282,0.2729873922032329,0.2571428571428572,0.8333333333333334,0.83,0.04710341093665404,67814098.0
180,United Kingdom,2020-07-28,547.0,26.0,272.898,40.8,18.517,12.527,0.04715182629232778,0.13802083333333334,0.02619037787954939,0.01066940046322664,0.014772664129348282,0.2729873922032329,0.2571428571428572,0.8333333333333334,0.83,0.04710341093665404,67814098.0
181,United Kingdom,2020-07-29,797.0,28.0,272.898,40.8,18.517,12.527,0.04715182629232778,0.13802083333333334,0.02619037787954939,0.01066940046322664,0.014772664129348282,0.2729873922032329,0.2571428571428572,0.8333333333333334,0.83,0.04710341093665404,67814098.0
182,United Kingdom,2020-07-30,846.0,17.0,272.898,40.8,18.517,12.527,0.04715182629232778,0.13802083333333334,0.02619037787954939,0.01066940046322664,0.014772664129348282,0.2729873922032329,0.2571428571428572,0.8333333333333334,0.83,0.04710341093665404,67814098.0
183,United Kingdom,2020-07-31,880.0,31.0,272.898,40.8,18.517,12.527,0.04715182629232778,0.13802083333333334,0.02619037787954939,0.01066940046322664,0.014772664129348282,0.2729873922032329,0.2571428571428572,0.8333333333333334,0.83,0.04710341093665404,67814098.0
184,United Kingdom,2020-08-01,761.0,20.0,272.898,40.8,18.517,12.527,0.04715182629232778,0.13802083333333334,0.02619037787954939,0.01066940046322664,0.014772664129348282,0.2729873922032329,0.2571428571428572,0.8333333333333334,0.83,0.04710341093665404,67814098.0
185,United Kingdom,2020-08-02,743.0,17.0,272.898,40.8,18.517,12.527,0.04715182629232778,0.13802083333333334,0.02619037787954939,0.01066940046322664,0.014772664129348282,0.2729873922032329,0.2571428571428572,0.8333333333333334,0.83,0.04710341093665404,67814098.0
186,United Kingdom,2020-08-03,938.0,23.0,272.898,40.8,18.517,12.527,0.04715182629232778,0.13802083333333334,0.02619037787954939,0.01066940046322664,0.014772664129348282,0.2729873922032329,0.2571428571428572,0.8333333333333334,0.83,0.04710341093665404,67814098.0
187,United Kingdom,2020-08-04,670.0,27.0,272.898,40.8,18.517,12.527,0.04715182629232778,0.13802083333333334,0.02619037787954939,0.01066940046322664,0.014772664129348282,0.2729873922032329,0.2571428571428572,0.8333333333333334,0.83,0.04710341093665404,67814098.0
188,United Kingdom,2020-08-05,891.0,13.0,272.898,40.8,18.517,12.527,0.04715182629232778,0.13802083333333334,0.02619037787954939,0.01066940046322664,0.014772664129348282,0.2729873922032329,0.2571428571428572,0.8333333333333334,0.83,0.04710341093665404,67814098.0
189,United Kingdom,2020-08-06,950.0,21.0,272.898,40.8,18.517,12.527,0.04715182629232778,0.13802083333333334,0.02619037787954939,0.01066940046322664,0.014772664129348282,0.2729873922032329,0.2571428571428572,0.8333333333333334,0.83,0.04710341093665404,67814098.0
190,United Kingdom,2020-08-07,871.0,24.0,272.898,40.8,18.517,12.527,0.04715182629232778,0.13802083333333334,0.02619037787954939,0.01066940046322664,0.014772664129348282,0.2729873922032329,0.2571428571428572,0.8333333333333334,0.83,0.04710341093665404,67814098.0
191,United Kingdom,2020-08-08,758.0,22.0,272.898,40.8,18.517,12.527,0.04715182629232778,0.13802083333333334,0.02619037787954939,0.01066940046322664,0.014772664129348282,0.2729873922032329,0.2571428571428572,0.8333333333333334,0.83,0.04710341093665404,67814098.0
192,United Kingdom,2020-08-09,1062.0,19.0,272.898,40.8,18.517,12.527,0.04715182629232778,0.13802083333333334,0.02619037787954939,0.01066940046322664,0.014772664129348282,0.2729873922032329,0.2571428571428572,0.8333333333333334,0.83,0.04710341093665404,67814098.0
193,United Kingdom,2020-08-10,816.0,25.0,272.898,40.8,18.517,12.527,0.04715182629232778,0.13802083333333334,0.02619037787954939,0.01066940046322664,0.014772664129348282,0.2729873922032329,0.2571428571428572,0.8333333333333334,0.83,0.04710341093665404,67814098.0
194,United Kingdom,2020-08-11,1148.0,20.0,272.898,40.8,18.517,12.527,0.04715182629232778,0.13802083333333334,0.02619037787954939,0.01066940046322664,0.014772664129348282,0.2729873922032329,0.2571428571428572,0.8333333333333334,0.83,0.04710341093665404,67814098.0
195,United Kingdom,2020-08-12,1009.0,24.0,272.898,40.8,18.517,12.527,0.04715182629232778,0.13802083333333334,0.02619037787954939,0.01066940046322664,0.014772664129348282,0.2729873922032329,0.2571428571428572,0.8333333333333334,0.83,0.04710341093665404,67814098.0
196,United Kingdom,2020-08-13,1129.0,23.0,272.898,40.8,18.517,12.527,0.04715182629232778,0.13802083333333334,0.02619037787954939,0.01066940046322664,0.014772664129348282,0.2729873922032329,0.2571428571428572,0.8333333333333334,0.83,0.04710341093665404,67814098.0
197,United Kingdom,2020-08-14,1440.0,18.0,272.898,40.8,18.517,12.527,0.04715182629232778,0.13802083333333334,0.02619037787954939,0.01066940046322664,0.014772664129348282,0.2729873922032329,0.2571428571428572,0.8333333333333334,0.83,0.04710341093665404,67814098.0
198,United Kingdom,2020-08-15,1012.0,23.0,272.898,40.8,18.517,12.527,0.04715182629232778,0.13802083333333334,0.02619037787954939,0.01066940046322664,0.014772664129348282,0.2729873922032329,0.2571428571428572,0.8333333333333334,0.83,0.04710341093665404,67814098.0
199,United Kingdom,2020-08-16,1105.0,15.0,272.898,40.8,18.517,12.527,0.04715182629232778,0.13802083333333334,0.02619037787954939,0.01066940046322664,0.014772664129348282,0.2729873922032329,0.2571428571428572,0.8333333333333334,0.83,0.04710341093665404,67814098.0
200,United Kingdom,2020-08-17,713.0,21.0,272.898,40.8,18.517,12.527,0.04715182629232778,0.13802083333333334,0.02619037787954939,0.01066940046322664,0.014772664129348282,0.2729873922032329,0.2571428571428572,0.8333333333333334,0.83,0.04710341093665404,67814098.0
201,United Kingdom,2020-08-18,1089.0,15.0,272.898,40.8,18.517,12.527,0.04715182629232778,0.13802083333333334,0.02619037787954939,0.01066940046322664,0.014772664129348282,0.2729873922032329,0.2571428571428572,0.8333333333333334,0.83,0.04710341093665404,67814098.0
202,United Kingdom,2020-08-19,812.0,13.0,272.898,40.8,18.517,12.527,0.04715182629232778,0.13802083333333334,0.02619037787954939,0.01066940046322664,0.014772664129348282,0.2729873922032329,0.2571428571428572,0.8333333333333334,0.83,0.04710341093665404,67814098.0
203,United Kingdom,2020-08-20,1182.0,16.0,272.898,40.8,18.517,12.527,0.04715182629232778,0.13802083333333334,0.02619037787954939,0.01066940046322664,0.014772664129348282,0.2729873922032329,0.2571428571428572,0.8333333333333334,0.83,0.04710341093665404,67814098.0
204,United Kingdom,2020-08-21,1033.0,10.0,272.898,40.8,18.517,12.527,0.04715182629232778,0.13802083333333334,0.02619037787954939,0.01066940046322664,0.014772664129348282,0.2729873922032329,0.2571428571428572,0.8333333333333334,0.83,0.04710341093665404,67814098.0
205,United Kingdom,2020-08-22,1288.0,12.0,272.898,40.8,18.517,12.527,0.04715182629232778,0.13802083333333334,0.02619037787954939,0.01066940046322664,0.014772664129348282,0.2729873922032329,0.2571428571428572,0.8333333333333334,0.83,0.04710341093665404,67814098.0
206,United Kingdom,2020-08-23,1041.0,17.0,272.898,40.8,18.517,12.527,0.04715182629232778,0.13802083333333334,0.02619037787954939,0.01066940046322664,0.014772664129348282,0.2729873922032329,0.2571428571428572,0.8333333333333334,0.83,0.04710341093665404,67814098.0
207,United Kingdom,2020-08-24,972.0,10.0,272.898,40.8,18.517,12.527,0.04715182629232778,0.13802083333333334,0.02619037787954939,0.01066940046322664,0.014772664129348282,0.2729873922032329,0.2571428571428572,0.8333333333333334,0.83,0.04710341093665404,67814098.0
208,United Kingdom,2020-08-25,1184.0,22.0,272.898,40.8,18.517,12.527,0.04715182629232778,0.13802083333333334,0.02619037787954939,0.01066940046322664,0.014772664129348282,0.2729873922032329,0.2571428571428572,0.8333333333333334,0.83,0.04710341093665404,67814098.0
209,United Kingdom,2020-08-26,1048.0,16.0,272.898,40.8,18.517,12.527,0.04715182629232778,0.13802083333333334,0.02619037787954939,0.01066940046322664,0.014772664129348282,0.2729873922032329,0.2571428571428572,0.8333333333333334,0.83,0.04710341093665404,67814098.0
210,United Kingdom,2020-08-27,1522.0,12.0,272.898,40.8,18.517,12.527,0.04715182629232778,0.13802083333333334,0.02619037787954939,0.01066940046322664,0.014772664129348282,0.2729873922032329,0.2571428571428572,0.8333333333333334,0.83,0.04710341093665404,67814098.0
211,United Kingdom,2020-08-28,1276.0,12.0,272.898,40.8,18.517,12.527,0.04715182629232778,0.13802083333333334,0.02619037787954939,0.01066940046322664,0.014772664129348282,0.2729873922032329,0.2571428571428572,0.8333333333333334,0.83,0.04710341093665404,67814098.0
212,United Kingdom,2020-08-29,1108.0,8.0,272.898,40.8,18.517,12.527,0.04715182629232778,0.13802083333333334,0.02619037787954939,0.01066940046322664,0.014772664129348282,0.2729873922032329,0.2571428571428572,0.8333333333333334,0.83,0.04710341093665404,67814098.0
213,United Kingdom,2020-08-30,1715.0,11.0,272.898,40.8,18.517,12.527,0.04715182629232778,0.13802083333333334,0.02619037787954939,0.01066940046322664,0.014772664129348282,0.2729873922032329,0.2571428571428572,0.8333333333333334,0.83,0.04710341093665404,67814098.0
214,United Kingdom,2020-08-31,1406.0,18.0,272.898,40.8,18.517,12.527,0.04715182629232778,0.13802083333333334,0.02619037787954939,0.01066940046322664,0.014772664129348282,0.2729873922032329,0.2571428571428572,0.8333333333333334,0.83,0.04710341093665404,67814098.0
215,United Kingdom,2020-09-01,1295.0,11.0,272.898,40.8,18.517,12.527,0.04715182629232778,0.13802083333333334,0.02619037787954939,0.01066940046322664,0.014772664129348282,0.2729873922032329,0.2571428571428572,0.8333333333333334,0.83,0.04710341093665404,67814098.0
216,United Kingdom,2020-09-02,1508.0,15.0,272.898,40.8,18.517,12.527,0.04715182629232778,0.13802083333333334,0.02619037787954939,0.01066940046322664,0.014772664129348282,0.2729873922032329,0.2571428571428572,0.8333333333333334,0.83,0.04710341093665404,67814098.0
217,United Kingdom,2020-09-03,1735.0,9.0,272.898,40.8,18.517,12.527,0.04715182629232778,0.13802083333333334,0.02619037787954939,0.01066940046322664,0.014772664129348282,0.2729873922032329,0.2571428571428572,0.8333333333333334,0.83,0.04710341093665404,67814098.0
218,United Kingdom,2020-09-04,1940.0,15.0,272.898,40.8,18.517,12.527,0.04715182629232778,0.13802083333333334,0.02619037787954939,0.01066940046322664,0.014772664129348282,0.2729873922032329,0.2571428571428572,0.8333333333333334,0.83,0.04710341093665404,67814098.0
219,United Kingdom,2020-09-05,1813.0,14.0,272.898,40.8,18.517,12.527,0.04715182629232778,0.13802083333333334,0.02619037787954939,0.01066940046322664,0.014772664129348282,0.2729873922032329,0.2571428571428572,0.8333333333333334,0.83,0.04710341093665404,67814098.0
220,United Kingdom,2020-09-06,2988.0,13.0,272.898,40.8,18.517,12.527,0.04715182629232778,0.13802083333333334,0.02619037787954939,0.01066940046322664,0.014772664129348282,0.2729873922032329,0.2571428571428572,0.8333333333333334,0.83,0.04710341093665404,67814098.0
221,United Kingdom,2020-09-07,2948.0,24.0,272.898,40.8,18.517,12.527,0.04715182629232778,0.13802083333333334,0.02619037787954939,0.01066940046322664,0.014772664129348282,0.2729873922032329,0.2571428571428572,0.8333333333333334,0.83,0.04710341093665404,67814098.0
222,United Kingdom,2020-09-08,2460.0,16.0,272.898,40.8,18.517,12.527,0.04715182629232778,0.13802083333333334,0.02619037787954939,0.01066940046322664,0.014772664129348282,0.2729873922032329,0.2571428571428572,0.8333333333333334,0.83,0.04710341093665404,67814098.0
223,United Kingdom,2020-09-09,2659.0,14.0,272.898,40.8,18.517,12.527,0.04715182629232778,0.13802083333333334,0.02619037787954939,0.01066940046322664,0.014772664129348282,0.2729873922032329,0.2571428571428572,0.8333333333333334,0.83,0.04710341093665404,67814098.0
224,United Kingdom,2020-09-10,2919.0,16.0,272.898,40.8,18.517,12.527,0.04715182629232778,0.13802083333333334,0.02619037787954939,0.01066940046322664,0.014772664129348282,0.2729873922032329,0.2571428571428572,0.8333333333333334,0.83,0.04710341093665404,67814098.0
225,United Kingdom,2020-09-11,3539.0,20.0,272.898,40.8,18.517,12.527,0.04715182629232778,0.13802083333333334,0.02619037787954939,0.01066940046322664,0.014772664129348282,0.2729873922032329,0.2571428571428572,0.8333333333333334,0.83,0.04710341093665404,67814098.0
226,United Kingdom,2020-09-12,3497.0,23.0,272.898,40.8,18.517,12.527,0.04715182629232778,0.13802083333333334,0.02619037787954939,0.01066940046322664,0.014772664129348282,0.2729873922032329,0.2571428571428572,0.8333333333333334,0.83,0.04710341093665404,67814098.0
227,United Kingdom,2020-09-13,3330.0,20.0,272.898,40.8,18.517,12.527,0.04715182629232778,0.13802083333333334,0.02619037787954939,0.01066940046322664,0.014772664129348282,0.2729873922032329,0.2571428571428572,0.8333333333333334,0.83,0.04710341093665404,67814098.0
228,United Kingdom,2020-09-14,2621.0,21.0,272.898,40.8,18.517,12.527,0.04715182629232778,0.13802083333333334,0.02619037787954939,0.01066940046322664,0.014772664129348282,0.2729873922032329,0.2571428571428572,0.8333333333333334,0.83,0.04710341093665404,67814098.0
229,United Kingdom,2020-09-15,3103.0,26.0,272.898,40.8,18.517,12.527,0.04715182629232778,0.13802083333333334,0.02619037787954939,0.01066940046322664,0.014772664129348282,0.2729873922032329,0.2571428571428572,0.8333333333333334,0.83,0.04710341093665404,67814098.0
230,United Kingdom,2020-09-16,3991.0,31.0,272.898,40.8,18.517,12.527,0.04715182629232778,0.13802083333333334,0.02619037787954939,0.01066940046322664,0.014772664129348282,0.2729873922032329,0.2571428571428572,0.8333333333333334,0.83,0.04710341093665404,67814098.0
231,United Kingdom,2020-09-17,3395.0,38.0,272.898,40.8,18.517,12.527,0.04715182629232778,0.13802083333333334,0.02619037787954939,0.01066940046322664,0.014772664129348282,0.2729873922032329,0.2571428571428572,0.8333333333333334,0.83,0.04710341093665404,67814098.0
232,United Kingdom,2020-09-18,4322.0,30.0,272.898,40.8,18.517,12.527,0.04715182629232778,0.13802083333333334,0.02619037787954939,0.01066940046322664,0.014772664129348282,0.2729873922032329,0.2571428571428572,0.8333333333333334,0.83,0.04710341093665404,67814098.0
233,United Kingdom,2020-09-19,4422.0,25.0,272.898,40.8,18.517,12.527,0.04715182629232778,0.13802083333333334,0.02619037787954939,0.01066940046322664,0.014772664129348282,0.2729873922032329,0.2571428571428572,0.8333333333333334,0.83,0.04710341093665404,67814098.0
234,United Kingdom,2020-09-20,3899.0,40.0,272.898,40.8,18.517,12.527,0.04715182629232778,0.13802083333333334,0.02619037787954939,0.01066940046322664,0.014772664129348282,0.2729873922032329,0.2571428571428572,0.8333333333333334,0.83,0.04710341093665404,67814098.0
235,United Kingdom,2020-09-21,4368.0,30.0,272.898,40.8,18.517,12.527,0.04715182629232778,0.13802083333333334,0.02619037787954939,0.01066940046322664,0.014772664129348282,0.2729873922032329,0.2571428571428572,0.8333333333333334,0.83,0.04710341093665404,67814098.0
236,United Kingdom,2020-09-22,4926.0,39.0,272.898,40.8,18.517,12.527,0.04715182629232778,0.13802083333333334,0.02619037787954939,0.01066940046322664,0.014772664129348282,0.2729873922032329,0.2571428571428572,0.8333333333333334,0.83,0.04710341093665404,67814098.0
237,United Kingdom,2020-09-23,6178.0,58.0,272.898,40.8,18.517,12.527,0.04715182629232778,0.13802083333333334,0.02619037787954939,0.01066940046322664,0.014772664129348282,0.2729873922032329,0.2571428571428572,0.8333333333333334,0.83,0.04710341093665404,67814098.0
238,United Kingdom,2020-09-24,6634.0,34.0,272.898,40.8,18.517,12.527,0.04715182629232778,0.13802083333333334,0.02619037787954939,0.01066940046322664,0.014772664129348282,0.2729873922032329,0.2571428571428572,0.8333333333333334,0.83,0.04710341093665404,67814098.0
239,United Kingdom,2020-09-25,6873.0,40.0,272.898,40.8,18.517,12.527,0.04715182629232778,0.13802083333333334,0.02619037787954939,0.01066940046322664,0.014772664129348282,0.2729873922032329,0.2571428571428572,0.8333333333333334,0.83,0.04710341093665404,67814098.0
240,United Kingdom,2020-09-26,6041.0,47.0,272.898,40.8,18.517,12.527,0.04715182629232778,0.13802083333333334,0.02619037787954939,0.01066940046322664,0.014772664129348282,0.2729873922032329,0.2571428571428572,0.8333333333333334,0.83,0.04710341093665404,67814098.0
241,United Kingdom,2020-09-27,5692.0,56.0,272.898,40.8,18.517,12.527,0.04715182629232778,0.13802083333333334,0.02619037787954939,0.01066940046322664,0.014772664129348282,0.2729873922032329,0.2571428571428572,0.8333333333333334,0.83,0.04710341093665404,67814098.0
242,United Kingdom,2020-09-28,4044.0,55.0,272.898,40.8,18.517,12.527,0.04715182629232778,0.13802083333333334,0.02619037787954939,0.01066940046322664,0.014772664129348282,0.2729873922032329,0.2571428571428572,0.8333333333333334,0.83,0.04710341093665404,67814098.0
243,United Kingdom,2020-09-29,7143.0,48.0,272.898,40.8,18.517,12.527,0.04715182629232778,0.13802083333333334,0.02619037787954939,0.01066940046322664,0.014772664129348282,0.2729873922032329,0.2571428571428572,0.8333333333333334,0.83,0.04710341093665404,67814098.0
244,United Kingdom,2020-09-30,7108.0,61.0,272.898,40.8,18.517,12.527,0.04715182629232778,0.13802083333333334,0.02619037787954939,0.01066940046322664,0.014772664129348282,0.2729873922032329,0.2571428571428572,0.8333333333333334,0.83,0.04710341093665404,67814098.0
245,United Kingdom,2020-10-01,6914.0,71.0,272.898,40.8,18.517,12.527,0.04715182629232778,0.13802083333333334,0.02619037787954939,0.01066940046322664,0.014772664129348282,0.2729873922032329,0.2571428571428572,0.8333333333333334,0.83,0.04710341093665404,67814098.0
246,United Kingdom,2020-10-02,6968.0,74.0,272.898,40.8,18.517,12.527,0.04715182629232778,0.13802083333333334,0.02619037787954939,0.01066940046322664,0.014772664129348282,0.2729873922032329,0.2571428571428572,0.8333333333333334,0.83,0.04710341093665404,67814098.0
247,United Kingdom,2020-10-03,12871.0,70.0,272.898,40.8,18.517,12.527,0.04715182629232778,0.13802083333333334,0.02619037787954939,0.01066940046322664,0.014772664129348282,0.2729873922032329,0.2571428571428572,0.8333333333333334,0.83,0.04710341093665404,67814098.0
248,United Kingdom,2020-10-04,22961.0,63.0,272.898,40.8,18.517,12.527,0.04715182629232778,0.13802083333333334,0.02619037787954939,0.01066940046322664,0.014772664129348282,0.2729873922032329,0.2571428571428572,0.8333333333333334,0.83,0.04710341093665404,67814098.0
249,United Kingdom,2020-10-05,12593.0,68.0,272.898,40.8,18.517,12.527,0.04715182629232778,0.13802083333333334,0.02619037787954939,0.01066940046322664,0.014772664129348282,0.2729873922032329,0.2571428571428572,0.8333333333333334,0.83,0.04710341093665404,67814098.0
250,United Kingdom,2020-10-06,14542.0,84.0,272.898,40.8,18.517,12.527,0.04715182629232778,0.13802083333333334,0.02619037787954939,0.01066940046322664,0.014772664129348282,0.2729873922032329,0.2571428571428572,0.8333333333333334,0.83,0.04710341093665404,67814098.0
251,United Kingdom,2020-10-07,14162.0,110.0,272.898,40.8,18.517,12.527,0.04715182629232778,0.13802083333333334,0.02619037787954939,0.01066940046322664,0.014772664129348282,0.2729873922032329,0.2571428571428572,0.8333333333333334,0.83,0.04710341093665404,67814098.0
252,United Kingdom,2020-10-08,17540.0,97.0,272.898,40.8,18.517,12.527,0.04715182629232778,0.13802083333333334,0.02619037787954939,0.01066940046322664,0.014772664129348282,0.2729873922032329,0.2571428571428572,0.8333333333333334,0.83,0.04710341093665404,67814098.0
253,United Kingdom,2020-10-09,13864.0,96.0,272.898,40.8,18.517,12.527,0.04715182629232778,0.13802083333333334,0.02619037787954939,0.01066940046322664,0.014772664129348282,0.2729873922032329,0.2571428571428572,0.8333333333333334,0.83,0.04710341093665404,67814098.0
254,United Kingdom,2020-10-10,15165.0,107.0,272.898,40.8,18.517,12.527,0.04715182629232778,0.13802083333333334,0.02619037787954939,0.01066940046322664,0.014772664129348282,0.2729873922032329,0.2571428571428572,0.8333333333333334,0.83,0.04710341093665404,67814098.0
255,United Kingdom,2020-10-11,12872.0,128.0,272.898,40.8,18.517,12.527,0.04715182629232778,0.13802083333333334,0.02619037787954939,0.01066940046322664,0.014772664129348282,0.2729873922032329,0.2571428571428572,0.8333333333333334,0.83,0.04710341093665404,67814098.0
256,United Kingdom,2020-10-12,13972.0,120.0,272.898,40.8,18.517,12.527,0.04715182629232778,0.13802083333333334,0.02619037787954939,0.01066940046322664,0.014772664129348282,0.2729873922032329,0.2571428571428572,0.8333333333333334,0.83,0.04710341093665404,67814098.0
257,United Kingdom,2020-10-13,17232.0,119.0,272.898,40.8,18.517,12.527,0.04715182629232778,0.13802083333333334,0.02619037787954939,0.01066940046322664,0.014772664129348282,0.2729873922032329,0.2571428571428572,0.8333333333333334,0.83,0.04710341093665404,67814098.0
258,United Kingdom,2020-10-14,19724.0,123.0,272.898,40.8,18.517,12.527,0.04715182629232778,0.13802083333333334,0.02619037787954939,0.01066940046322664,0.014772664129348282,0.2729873922032329,0.2571428571428572,0.8333333333333334,0.83,0.04710341093665404,67814098.0
259,United Kingdom,2020-10-15,18978.0,152.0,272.898,40.8,18.517,12.527,0.04715182629232778,0.13802083333333334,0.02619037787954939,0.01066940046322664,0.014772664129348282,0.2729873922032329,0.2571428571428572,0.8333333333333334,0.83,0.04710341093665404,67814098.0
260,United Kingdom,2020-10-16,15635.0,162.0,272.898,40.8,18.517,12.527,0.04715182629232778,0.13802083333333334,0.02619037787954939,0.01066940046322664,0.014772664129348282,0.2729873922032329,0.2571428571428572,0.8333333333333334,0.83,0.04710341093665404,67814098.0
261,United Kingdom,2020-10-17,16171.0,186.0,272.898,40.8,18.517,12.527,0.04715182629232778,0.13802083333333334,0.02619037787954939,0.01066940046322664,0.014772664129348282,0.2729873922032329,0.2571428571428572,0.8333333333333334,0.83,0.04710341093665404,67814098.0
262,United Kingdom,2020-10-18,16981.0,167.0,272.898,40.8,18.517,12.527,0.04715182629232778,0.13802083333333334,0.02619037787954939,0.01066940046322664,0.014772664129348282,0.2729873922032329,0.2571428571428572,0.8333333333333334,0.83,0.04710341093665404,67814098.0
263,United Kingdom,2020-10-19,18803.0,193.0,272.898,40.8,18.517,12.527,0.04715182629232778,0.13802083333333334,0.02619037787954939,0.01066940046322664,0.014772664129348282,0.2729873922032329,0.2571428571428572,0.8333333333333334,0.83,0.04710341093665404,67814098.0
264,United Kingdom,2020-10-20,21330.0,210.0,272.898,40.8,18.517,12.527,0.04715182629232778,0.13802083333333334,0.02619037787954939,0.01066940046322664,0.014772664129348282,0.2729873922032329,0.2571428571428572,0.8333333333333334,0.83,0.04710341093665404,67814098.0
265,United Kingdom,2020-10-21,26687.0,232.0,272.898,40.8,18.517,12.527,0.04715182629232778,0.13802083333333334,0.02619037787954939,0.01066940046322664,0.014772664129348282,0.2729873922032329,0.2571428571428572,0.8333333333333334,0.83,0.04710341093665404,67814098.0
266,United Kingdom,2020-10-22,21238.0,242.0,272.898,40.8,18.517,12.527,0.04715182629232778,0.13802083333333334,0.02619037787954939,0.01066940046322664,0.014772664129348282,0.2729873922032329,0.2571428571428572,0.8333333333333334,0.83,0.04710341093665404,67814098.0
267,United Kingdom,2020-10-23,20531.0,225.0,272.898,40.8,18.517,12.527,0.04715182629232778,0.13802083333333334,0.02619037787954939,0.01066940046322664,0.014772664129348282,0.2729873922032329,0.2571428571428572,0.8333333333333334,0.83,0.04710341093665404,67814098.0
268,United Kingdom,2020-10-24,23012.0,219.0,272.898,40.8,18.517,12.527,0.04715182629232778,0.13802083333333334,0.02619037787954939,0.01066940046322664,0.014772664129348282,0.2729873922032329,0.2571428571428572,0.8333333333333334,0.83,0.04710341093665404,67814098.0
269,United Kingdom,2020-10-25,19790.0,255.0,272.898,40.8,18.517,12.527,0.04715182629232778,0.13802083333333334,0.02619037787954939,0.01066940046322664,0.014772664129348282,0.2729873922032329,0.2571428571428572,0.8333333333333334,0.83,0.04710341093665404,67814098.0
270,United Kingdom,2020-10-26,20890.0,282.0,272.898,40.8,18.517,12.527,0.04715182629232778,0.13802083333333334,0.02619037787954939,0.01066940046322664,0.014772664129348282,0.2729873922032329,0.2571428571428572,0.8333333333333334,0.83,0.04710341093665404,67814098.0
271,United Kingdom,2020-10-27,22885.0,285.0,272.898,40.8,18.517,12.527,0.04715182629232778,0.13802083333333334,0.02619037787954939,0.01066940046322664,0.014772664129348282,0.2729873922032329,0.2571428571428572,0.8333333333333334,0.83,0.04710341093665404,67814098.0
272,United Kingdom,2020-10-28,24700.0,281.0,272.898,40.8,18.517,12.527,0.04715182629232778,0.13802083333333334,0.02619037787954939,0.01066940046322664,0.014772664129348282,0.2729873922032329,0.2571428571428572,0.8333333333333334,0.83,0.04710341093665404,67814098.0
273,United Kingdom,2020-10-29,23065.0,320.0,272.898,40.8,18.517,12.527,0.04715182629232778,0.13802083333333334,0.02619037787954939,0.01066940046322664,0.014772664129348282,0.2729873922032329,0.2571428571428572,0.8333333333333334,0.83,0.04710341093665404,67814098.0
274,United Kingdom,2020-10-30,24405.0,352.0,272.898,40.8,18.517,12.527,0.04715182629232778,0.13802083333333334,0.02619037787954939,0.01066940046322664,0.014772664129348282,0.2729873922032329,0.2571428571428572,0.8333333333333334,0.83,0.04710341093665404,67814098.0
275,United Kingdom,2020-10-31,21915.0,340.0,272.898,40.8,18.517,12.527,0.04715182629232778,0.13802083333333334,0.02619037787954939,0.01066940046322664,0.014772664129348282,0.2729873922032329,0.2571428571428572,0.8333333333333334,0.83,0.04710341093665404,67814098.0
276,United Kingdom,2020-11-01,23254.0,359.0,272.898,40.8,18.517,12.527,0.04715182629232778,0.13802083333333334,0.02619037787954939,0.01066940046322664,0.014772664129348282,0.2729873922032329,0.2571428571428572,0.8333333333333334,0.83,0.04710341093665404,67814098.0
277,United Kingdom,2020-11-02,18950.0,338.0,272.898,40.8,18.517,12.527,0.04715182629232778,0.13802083333333334,0.02619037787954939,0.01066940046322664,0.014772664129348282,0.2729873922032329,0.2571428571428572,0.8333333333333334,0.83,0.04710341093665404,67814098.0
278,United Kingdom,2020-11-03,20018.0,377.0,272.898,40.8,18.517,12.527,0.04715182629232778,0.13802083333333334,0.02619037787954939,0.01066940046322664,0.014772664129348282,0.2729873922032329,0.2571428571428572,0.8333333333333334,0.83,0.04710341093665404,67814098.0
279,United Kingdom,2020-11-04,25177.0,340.0,272.898,40.8,18.517,12.527,0.04715182629232778,0.13802083333333334,0.02619037787954939,0.01066940046322664,0.014772664129348282,0.2729873922032329,0.2571428571428572,0.8333333333333334,0.83,0.04710341093665404,67814098.0
280,United Kingdom,2020-11-05,24138.0,388.0,272.898,40.8,18.517,12.527,0.04715182629232778,0.13802083333333334,0.02619037787954939,0.01066940046322664,0.014772664129348282,0.2729873922032329,0.2571428571428572,0.8333333333333334,0.83,0.04710341093665404,67814098.0
281,United Kingdom,2020-11-06,23287.0,417.0,272.898,40.8,18.517,12.527,0.04715182629232778,0.13802083333333334,0.02619037787954939,0.01066940046322664,0.014772664129348282,0.2729873922032329,0.2571428571428572,0.8333333333333334,0.83,0.04710341093665404,67814098.0
282,United Kingdom,2020-11-07,24957.0,417.0,272.898,40.8,18.517,12.527,0.04715182629232778,0.13802083333333334,0.02619037787954939,0.01066940046322664,0.014772664129348282,0.2729873922032329,0.2571428571428572,0.8333333333333334,0.83,0.04710341093665404,67814098.0
283,United Kingdom,2020-11-08,20572.0,433.0,272.898,40.8,18.517,12.527,0.04715182629232778,0.13802083333333334,0.02619037787954939,0.01066940046322664,0.014772664129348282,0.2729873922032329,0.2571428571428572,0.8333333333333334,0.83,0.04710341093665404,67814098.0
284,United Kingdom,2020-11-09,21350.0,493.0,272.898,40.8,18.517,12.527,0.04715182629232778,0.13802083333333334,0.02619037787954939,0.01066940046322664,0.014772664129348282,0.2729873922032329,0.2571428571428572,0.8333333333333334,0.83,0.04710341093665404,67814098.0
285,United Kingdom,2020-11-10,20412.0,410.0,272.898,40.8,18.517,12.527,0.04715182629232778,0.13802083333333334,0.02619037787954939,0.01066940046322664,0.014772664129348282,0.2729873922032329,0.2571428571428572,0.8333333333333334,0.83,0.04710341093665404,67814098.0
286,United Kingdom,2020-11-11,22950.0,409.0,272.898,40.8,18.517,12.527,0.04715182629232778,0.13802083333333334,0.02619037787954939,0.01066940046322664,0.014772664129348282,0.2729873922032329,0.2571428571428572,0.8333333333333334,0.83,0.04710341093665404,67814098.0
287,United Kingdom,2020-11-12,33470.0,430.0,272.898,40.8,18.517,12.527,0.04715182629232778,0.13802083333333334,0.02619037787954939,0.01066940046322664,0.014772664129348282,0.2729873922032329,0.2571428571428572,0.8333333333333334,0.83,0.04710341093665404,67814098.0
288,United Kingdom,2020-11-13,27301.0,450.0,272.898,40.8,18.517,12.527,0.04715182629232778,0.13802083333333334,0.02619037787954939,0.01066940046322664,0.014772664129348282,0.2729873922032329,0.2571428571428572,0.8333333333333334,0.83,0.04710341093665404,67814098.0
289,United Kingdom,2020-11-14,26860.0,459.0,272.898,40.8,18.517,12.527,0.04715182629232778,0.13802083333333334,0.02619037787954939,0.01066940046322664,0.014772664129348282,0.2729873922032329,0.2571428571428572,0.8333333333333334,0.83,0.04710341093665404,67814098.0
290,United Kingdom,2020-11-15,24962.0,457.0,272.898,40.8,18.517,12.527,0.04715182629232778,0.13802083333333334,0.02619037787954939,0.01066940046322664,0.014772664129348282,0.2729873922032329,0.2571428571428572,0.8333333333333334,0.83,0.04710341093665404,67814098.0
291,United Kingdom,2020-11-16,21363.0,431.0,272.898,40.8,18.517,12.527,0.04715182629232778,0.13802083333333334,0.02619037787954939,0.01066940046322664,0.014772664129348282,0.2729873922032329,0.2571428571428572,0.8333333333333334,0.83,0.04710341093665404,67814098.0
292,United Kingdom,2020-11-17,20051.0,466.0,272.898,40.8,18.517,12.527,0.04715182629232778,0.13802083333333334,0.02619037787954939,0.01066940046322664,0.014772664129348282,0.2729873922032329,0.2571428571428572,0.8333333333333334,0.83,0.04710341093665404,67814098.0
293,United Kingdom,2020-11-18,19609.0,514.0,272.898,40.8,18.517,12.527,0.04715182629232778,0.13802083333333334,0.02619037787954939,0.01066940046322664,0.014772664129348282,0.2729873922032329,0.2571428571428572,0.8333333333333334,0.83,0.04710341093665404,67814098.0
294,United Kingdom,2020-11-19,22915.0,485.0,272.898,40.8,18.517,12.527,0.04715182629232778,0.13802083333333334,0.02619037787954939,0.01066940046322664,0.014772664129348282,0.2729873922032329,0.2571428571428572,0.8333333333333334,0.83,0.04710341093665404,67814098.0
295,United Kingdom,2020-11-20,20252.0,485.0,272.898,40.8,18.517,12.527,0.04715182629232778,0.13802083333333334,0.02619037787954939,0.01066940046322664,0.014772664129348282,0.2729873922032329,0.2571428571428572,0.8333333333333334,0.83,0.04710341093665404,67814098.0
296,United Kingdom,2020-11-21,19875.0,498.0,272.898,40.8,18.517,12.527,0.04715182629232778,0.13802083333333334,0.02619037787954939,0.01066940046322664,0.014772664129348282,0.2729873922032329,0.2571428571428572,0.8333333333333334,0.83,0.04710341093665404,67814098.0
297,United Kingdom,2020-11-22,18662.0,512.0,272.898,40.8,18.517,12.527,0.04715182629232778,0.13802083333333334,0.02619037787954939,0.01066940046322664,0.014772664129348282,0.2729873922032329,0.2571428571428572,0.8333333333333334,0.83,0.04710341093665404,67814098.0
298,United Kingdom,2020-11-23,15450.0,508.0,272.898,40.8,18.517,12.527,0.04715182629232778,0.13802083333333334,0.02619037787954939,0.01066940046322664,0.014772664129348282,0.2729873922032329,0.2571428571428572,0.8333333333333334,0.83,0.04710341093665404,67814098.0
299,United Kingdom,2020-11-24,11299.0,496.0,272.898,40.8,18.517,12.527,0.04715182629232778,0.13802083333333334,0.02619037787954939,0.01066940046322664,0.014772664129348282,0.2729873922032329,0.2571428571428572,0.8333333333333334,0.83,0.04710341093665404,67814098.0
300,United Kingdom,2020-11-25,18213.0,499.0,272.898,40.8,18.517,12.527,0.04715182629232778,0.13802083333333334,0.02619037787954939,0.01066940046322664,0.014772664129348282,0.2729873922032329,0.2571428571428572,0.8333333333333334,0.83,0.04710341093665404,67814098.0
301,United Kingdom,2020-11-26,17555.0,461.0,272.898,40.8,18.517,12.527,0.04715182629232778,0.13802083333333334,0.02619037787954939,0.01066940046322664,0.014772664129348282,0.2729873922032329,0.2571428571428572,0.8333333333333334,0.83,0.04710341093665404,67814098.0
302,United Kingdom,2020-11-27,14739.0,460.0,272.898,40.8,18.517,12.527,0.04715182629232778,0.13802083333333334,0.02619037787954939,0.01066940046322664,0.014772664129348282,0.2729873922032329,0.2571428571428572,0.8333333333333334,0.83,0.04710341093665404,67814098.0
303,United Kingdom,2020-11-28,15871.0,486.0,272.898,40.8,18.517,12.527,0.04715182629232778,0.13802083333333334,0.02619037787954939,0.01066940046322664,0.014772664129348282,0.2729873922032329,0.2571428571428572,0.8333333333333334,0.83,0.04710341093665404,67814098.0
304,United Kingdom,2020-11-29,12155.0,501.0,272.898,40.8,18.517,12.527,0.04715182629232778,0.13802083333333334,0.02619037787954939,0.01066940046322664,0.014772664129348282,0.2729873922032329,0.2571428571428572,0.8333333333333334,0.83,0.04710341093665404,67814098.0
305,United Kingdom,2020-11-30,12330.0,465.0,272.898,40.8,18.517,12.527,0.04715182629232778,0.13802083333333334,0.02619037787954939,0.01066940046322664,0.014772664129348282,0.2729873922032329,0.2571428571428572,0.8333333333333334,0.83,0.04710341093665404,67814098.0
306,United Kingdom,2020-12-01,13429.0,425.0,272.898,40.8,18.517,12.527,0.04715182629232778,0.13802083333333334,0.02619037787954939,0.01066940046322664,0.014772664129348282,0.2729873922032329,0.2571428571428572,0.8333333333333334,0.83,0.04710341093665404,67814098.0
307,United Kingdom,2020-12-02,16170.0,414.0,272.898,40.8,18.517,12.527,0.04715182629232778,0.13802083333333334,0.02619037787954939,0.01066940046322664,0.014772664129348282,0.2729873922032329,0.2571428571428572,0.8333333333333334,0.83,0.04710341093665404,67814098.0
308,United Kingdom,2020-12-03,14878.0,504.0,272.898,40.8,18.517,12.527,0.04715182629232778,0.13802083333333334,0.02619037787954939,0.01066940046322664,0.014772664129348282,0.2729873922032329,0.2571428571428572,0.8333333333333334,0.83,0.04710341093665404,67814098.0
309,United Kingdom,2020-12-04,16298.0,499.0,272.898,40.8,18.517,12.527,0.04715182629232778,0.13802083333333334,0.02619037787954939,0.01066940046322664,0.014772664129348282,0.2729873922032329,0.2571428571428572,0.8333333333333334,0.83,0.04710341093665404,67814098.0
310,United Kingdom,2020-12-05,15539.0,407.0,272.898,40.8,18.517,12.527,0.04715182629232778,0.13802083333333334,0.02619037787954939,0.01066940046322664,0.014772664129348282,0.2729873922032329,0.2571428571428572,0.8333333333333334,0.83,0.04710341093665404,67814098.0
311,United Kingdom,2020-12-06,17271.0,436.0,272.898,40.8,18.517,12.527,0.04715182629232778,0.13802083333333334,0.02619037787954939,0.01066940046322664,0.014772664129348282,0.2729873922032329,0.2571428571428572,0.8333333333333334,0.83,0.04710341093665404,67814098.0
312,United Kingdom,2020-12-07,14718.0,466.0,272.898,40.8,18.517,12.527,0.04715182629232778,0.13802083333333334,0.02619037787954939,0.01066940046322664,0.014772664129348282,0.2729873922032329,0.2571428571428572,0.8333333333333334,0.83,0.04710341093665404,67814098.0
313,United Kingdom,2020-12-08,12281.0,472.0,272.898,40.8,18.517,12.527,0.04715182629232778,0.13802083333333334,0.02619037787954939,0.01066940046322664,0.014772664129348282,0.2729873922032329,0.2571428571428572,0.8333333333333334,0.83,0.04710341093665404,67814098.0
314,United Kingdom,2020-12-09,16578.0,448.0,272.898,40.8,18.517,12.527,0.04715182629232778,0.13802083333333334,0.02619037787954939,0.01066940046322664,0.014772664129348282,0.2729873922032329,0.2571428571428572,0.8333333333333334,0.83,0.04710341093665404,67814098.0
315,United Kingdom,2020-12-10,20964.0,496.0,272.898,40.8,18.517,12.527,0.04715182629232778,0.13802083333333334,0.02619037787954939,0.01066940046322664,0.014772664129348282,0.2729873922032329,0.2571428571428572,0.8333333333333334,0.83,0.04710341093665404,67814098.0
316,United Kingdom,2020-12-11,21672.0,491.0,272.898,40.8,18.517,12.527,0.04715182629232778,0.13802083333333334,0.02619037787954939,0.01066940046322664,0.014772664129348282,0.2729873922032329,0.2571428571428572,0.8333333333333334,0.83,0.04710341093665404,67814098.0
317,United Kingdom,2020-12-12,21501.0,488.0,272.898,40.8,18.517,12.527,0.04715182629232778,0.13802083333333334,0.02619037787954939,0.01066940046322664,0.014772664129348282,0.2729873922032329,0.2571428571428572,0.8333333333333334,0.83,0.04710341093665404,67814098.0
318,United Kingdom,2020-12-13,18447.0,480.0,272.898,40.8,18.517,12.527,0.04715182629232778,0.13802083333333334,0.02619037787954939,0.01066940046322664,0.014772664129348282,0.2729873922032329,0.2571428571428572,0.8333333333333334,0.83,0.04710341093665404,67814098.0
319,United Kingdom,2020-12-14,20263.0,506.0,272.898,40.8,18.517,12.527,0.04715182629232778,0.13802083333333334,0.02619037787954939,0.01066940046322664,0.014772664129348282,0.2729873922032329,0.2571428571428572,0.8333333333333334,0.83,0.04710341093665404,67814098.0
320,United Kingdom,2020-12-15,18450.0,507.0,272.898,40.8,18.517,12.527,0.04715182629232778,0.13802083333333334,0.02619037787954939,0.01066940046322664,0.014772664129348282,0.2729873922032329,0.2571428571428572,0.8333333333333334,0.83,0.04710341093665404,67814098.0
321,United Kingdom,2020-12-16,25161.0,484.0,272.898,40.8,18.517,12.527,0.04715182629232778,0.13802083333333334,0.02619037787954939,0.01066940046322664,0.014772664129348282,0.2729873922032329,0.2571428571428572,0.8333333333333334,0.83,0.04710341093665404,67814098.0
322,United Kingdom,2020-12-17,35383.0,567.0,272.898,40.8,18.517,12.527,0.04715182629232778,0.13802083333333334,0.02619037787954939,0.01066940046322664,0.014772664129348282,0.2729873922032329,0.2571428571428572,0.8333333333333334,0.83,0.04710341093665404,67814098.0
323,United Kingdom,2020-12-18,28507.0,586.0,272.898,40.8,18.517,12.527,0.04715182629232778,0.13802083333333334,0.02619037787954939,0.01066940046322664,0.014772664129348282,0.2729873922032329,0.2571428571428572,0.8333333333333334,0.83,0.04710341093665404,67814098.0
324,United Kingdom,2020-12-19,27052.0,548.0,272.898,40.8,18.517,12.527,0.04715182629232778,0.13802083333333334,0.02619037787954939,0.01066940046322664,0.014772664129348282,0.2729873922032329,0.2571428571428572,0.8333333333333334,0.83,0.04710341093665404,67814098.0
325,United Kingdom,2020-12-20,35928.0,551.0,272.898,40.8,18.517,12.527,0.04715182629232778,0.13802083333333334,0.02619037787954939,0.01066940046322664,0.014772664129348282,0.2729873922032329,0.2571428571428572,0.8333333333333334,0.83,0.04710341093665404,67814098.0
326,United Kingdom,2020-12-21,33364.0,602.0,272.898,40.8,18.517,12.527,0.04715182629232778,0.13802083333333334,0.02619037787954939,0.01066940046322664,0.014772664129348282,0.2729873922032329,0.2571428571428572,0.8333333333333334,0.83,0.04710341093665404,67814098.0
327,United Kingdom,2020-12-22,36803.0,629.0,272.898,40.8,18.517,12.527,0.04715182629232778,0.13802083333333334,0.02619037787954939,0.01066940046322664,0.014772664129348282,0.2729873922032329,0.2571428571428572,0.8333333333333334,0.83,0.04710341093665404,67814098.0
328,United Kingdom,2020-12-23,39237.0,629.0,272.898,40.8,18.517,12.527,0.04715182629232778,0.13802083333333334,0.02619037787954939,0.01066940046322664,0.014772664129348282,0.2729873922032329,0.2571428571428572,0.8333333333333334,0.83,0.04710341093665404,67814098.0
329,United Kingdom,2020-12-24,39036.0,616.0,272.898,40.8,18.517,12.527,0.04715182629232778,0.13802083333333334,0.02619037787954939,0.01066940046322664,0.014772664129348282,0.2729873922032329,0.2571428571428572,0.8333333333333334,0.83,0.04710341093665404,67814098.0
330,United Kingdom,2020-12-25,32725.0,655.0,272.898,40.8,18.517,12.527,0.04715182629232778,0.13802083333333334,0.02619037787954939,0.01066940046322664,0.014772664129348282,0.2729873922032329,0.2571428571428572,0.8333333333333334,0.83,0.04710341093665404,67814098.0
331,United Kingdom,2020-12-26,34693.0,692.0,272.898,40.8,18.517,12.527,0.04715182629232778,0.13802083333333334,0.02619037787954939,0.01066940046322664,0.014772664129348282,0.2729873922032329,0.2571428571428572,0.8333333333333334,0.83,0.04710341093665404,67814098.0
332,United Kingdom,2020-12-27,32340.0,718.0,272.898,40.8,18.517,12.527,0.04715182629232778,0.13802083333333334,0.02619037787954939,0.01066940046322664,0.014772664129348282,0.2729873922032329,0.2571428571428572,0.8333333333333334,0.83,0.04710341093665404,67814098.0
333,United Kingdom,2020-12-28,41385.0,723.0,272.898,40.8,18.517,12.527,0.04715182629232778,0.13802083333333334,0.02619037787954939,0.01066940046322664,0.014772664129348282,0.2729873922032329,0.2571428571428572,0.8333333333333334,0.83,0.04710341093665404,67814098.0
334,United Kingdom,2020-12-29,53135.0,713.0,272.898,40.8,18.517,12.527,0.04715182629232778,0.13802083333333334,0.02619037787954939,0.01066940046322664,0.014772664129348282,0.2729873922032329,0.2571428571428572,0.8333333333333334,0.83,0.04710341093665404,67814098.0
335,United Kingdom,2020-12-30,50023.0,760.0,272.898,40.8,18.517,12.527,0.04715182629232778,0.13802083333333334,0.02619037787954939,0.01066940046322664,0.014772664129348282,0.2729873922032329,0.2571428571428572,0.8333333333333334,0.83,0.04710341093665404,67814098.0
336,United Kingdom,2020-12-31,55892.0,824.0,272.898,40.8,18.517,12.527,0.04715182629232778,0.13802083333333334,0.02619037787954939,0.01066940046322664,0.014772664129348282,0.2729873922032329,0.2571428571428572,0.8333333333333334,0.83,0.04710341093665404,67814098.0
337,United Kingdom,2021-01-01,53285.0,809.0,272.898,40.8,18.517,12.527,0.04715182629232778,0.13802083333333334,0.02619037787954939,0.01066940046322664,0.014772664129348282,0.2729873922032329,0.2571428571428572,0.8333333333333334,0.83,0.04710341093665404,67814098.0
338,United Kingdom,2021-01-02,57724.0,833.0,272.898,40.8,18.517,12.527,0.04715182629232778,0.13802083333333334,0.02619037787954939,0.01066940046322664,0.014772664129348282,0.2729873922032329,0.2571428571428572,0.8333333333333334,0.83,0.04710341093665404,67814098.0
339,United Kingdom,2021-01-03,54990.0,807.0,272.898,40.8,18.517,12.527,0.04715182629232778,0.13802083333333334,0.02619037787954939,0.01066940046322664,0.014772664129348282,0.2729873922032329,0.2571428571428572,0.8333333333333334,0.83,0.04710341093665404,67814098.0
340,United Kingdom,2021-01-04,58784.0,896.0,272.898,40.8,18.517,12.527,0.04715182629232778,0.13802083333333334,0.02619037787954939,0.01066940046322664,0.014772664129348282,0.2729873922032329,0.2571428571428572,0.8333333333333334,0.83,0.04710341093665404,67814098.0
341,United Kingdom,2021-01-05,60916.0,973.0,272.898,40.8,18.517,12.527,0.04715182629232778,0.13802083333333334,0.02619037787954939,0.01066940046322664,0.014772664129348282,0.2729873922032329,0.2571428571428572,0.8333333333333334,0.83,0.04710341093665404,67814098.0
342,United Kingdom,2021-01-06,62322.0,1014.0,272.898,40.8,18.517,12.527,0.04715182629232778,0.13802083333333334,0.02619037787954939,0.01066940046322664,0.014772664129348282,0.2729873922032329,0.2571428571428572,0.8333333333333334,0.83,0.04710341093665404,67814098.0
343,United Kingdom,2021-01-07,52618.0,1056.0,272.898,40.8,18.517,12.527,0.04715182629232778,0.13802083333333334,0.02619037787954939,0.01066940046322664,0.014772664129348282,0.2729873922032329,0.2571428571428572,0.8333333333333334,0.83,0.04710341093665404,67814098.0
344,United Kingdom,2021-01-08,68053.0,1052.0,272.898,40.8,18.517,12.527,0.04715182629232778,0.13802083333333334,0.02619037787954939,0.01066940046322664,0.014772664129348282,0.2729873922032329,0.2571428571428572,0.8333333333333334,0.83,0.04710341093665404,67814098.0
345,United Kingdom,2021-01-09,59937.0,1094.0,272.898,40.8,18.517,12.527,0.04715182629232778,0.13802083333333334,0.02619037787954939,0.01066940046322664,0.014772664129348282,0.2729873922032329,0.2571428571428572,0.8333333333333334,0.83,0.04710341093665404,67814098.0
346,United Kingdom,2021-01-10,54940.0,1173.0,272.898,40.8,18.517,12.527,0.04715182629232778,0.13802083333333334,0.02619037787954939,0.01066940046322664,0.014772664129348282,0.2729873922032329,0.2571428571428572,0.8333333333333334,0.83,0.04710341093665404,67814098.0
347,United Kingdom,2021-01-11,46169.0,1244.0,272.898,40.8,18.517,12.527,0.04715182629232778,0.13802083333333334,0.02619037787954939,0.01066940046322664,0.014772664129348282,0.2729873922032329,0.2571428571428572,0.8333333333333334,0.83,0.04710341093665404,67814098.0
348,United Kingdom,2021-01-12,45533.0,1320.0,272.898,40.8,18.517,12.527,0.04715182629232778,0.13802083333333334,0.02619037787954939,0.01066940046322664,0.014772664129348282,0.2729873922032329,0.2571428571428572,0.8333333333333334,0.83,0.04710341093665404,67814098.0
349,United Kingdom,2021-01-13,47525.0,1309.0,272.898,40.8,18.517,12.527,0.04715182629232778,0.13802083333333334,0.02619037787954939,0.01066940046322664,0.014772664129348282,0.2729873922032329,0.2571428571428572,0.8333333333333334,0.83,0.04710341093665404,67814098.0
350,United Kingdom,2021-01-14,48682.0,1341.0,272.898,40.8,18.517,12.527,0.04715182629232778,0.13802083333333334,0.02619037787954939,0.01066940046322664,0.014772664129348282,0.2729873922032329,0.2571428571428572,0.8333333333333334,0.83,0.04710341093665404,67814098.0
351,United Kingdom,2021-01-15,55761.0,1324.0,272.898,40.8,18.517,12.527,0.04715182629232778,0.13802083333333334,0.02619037787954939,0.01066940046322664,0.014772664129348282,0.2729873922032329,0.2571428571428572,0.8333333333333334,0.83,0.04710341093665404,67814098.0
352,United Kingdom,2021-01-16,41342.0,1419.0,272.898,40.8,18.517,12.527,0.04715182629232778,0.13802083333333334,0.02619037787954939,0.01066940046322664,0.014772664129348282,0.2729873922032329,0.2571428571428572,0.8333333333333334,0.83,0.04710341093665404,67814098.0
353,United Kingdom,2021-01-17,38598.0,1361.0,272.898,40.8,18.517,12.527,0.04715182629232778,0.13802083333333334,0.02619037787954939,0.01066940046322664,0.014772664129348282,0.2729873922032329,0.2571428571428572,0.8333333333333334,0.83,0.04710341093665404,67814098.0
354,United Kingdom,2021-01-18,37535.0,1401.0,272.898,40.8,18.517,12.527,0.04715182629232778,0.13802083333333334,0.02619037787954939,0.01066940046322664,0.014772664129348282,0.2729873922032329,0.2571428571428572,0.8333333333333334,0.83,0.04710341093665404,67814098.0
355,United Kingdom,2021-01-19,33355.0,1490.0,272.898,40.8,18.517,12.527,0.04715182629232778,0.13802083333333334,0.02619037787954939,0.01066940046322664,0.014772664129348282,0.2729873922032329,0.2571428571428572,0.8333333333333334,0.83,0.04710341093665404,67814098.0
356,United Kingdom,2021-01-20,38905.0,1383.0,272.898,40.8,18.517,12.527,0.04715182629232778,0.13802083333333334,0.02619037787954939,0.01066940046322664,0.014772664129348282,0.2729873922032329,0.2571428571428572,0.8333333333333334,0.83,0.04710341093665404,67814098.0
357,United Kingdom,2021-01-21,37892.0,1350.0,272.898,40.8,18.517,12.527,0.04715182629232778,0.13802083333333334,0.02619037787954939,0.01066940046322664,0.014772664129348282,0.2729873922032329,0.2571428571428572,0.8333333333333334,0.83,0.04710341093665404,67814098.0
358,United Kingdom,2021-01-22,40261.0,1335.0,272.898,40.8,18.517,12.527,0.04715182629232778,0.13802083333333334,0.02619037787954939,0.01066940046322664,0.014772664129348282,0.2729873922032329,0.2571428571428572,0.8333333333333334,0.83,0.04710341093665404,67814098.0
359,United Kingdom,2021-01-23,33552.0,1288.0,272.898,40.8,18.517,12.527,0.04715182629232778,0.13802083333333334,0.02619037787954939,0.01066940046322664,0.014772664129348282,0.2729873922032329,0.2571428571428572,0.8333333333333334,0.83,0.04710341093665404,67814098.0
360,United Kingdom,2021-01-24,30004.0,1239.0,272.898,40.8,18.517,12.527,0.04715182629232778,0.13802083333333334,0.02619037787954939,0.01066940046322664,0.014772664129348282,0.2729873922032329,0.2571428571428572,0.8333333333333334,0.83,0.04710341093665404,67814098.0
361,United Kingdom,2021-01-25,22195.0,1263.0,272.898,40.8,18.517,12.527,0.04715182629232778,0.13802083333333334,0.02619037787954939,0.01066940046322664,0.014772664129348282,0.2729873922032329,0.2571428571428572,0.8333333333333334,0.83,0.04710341093665404,67814098.0
362,United Kingdom,2021-01-26,20088.0,1173.0,272.898,40.8,18.517,12.527,0.04715182629232778,0.13802083333333334,0.02619037787954939,0.01066940046322664,0.014772664129348282,0.2729873922032329,0.2571428571428572,0.8333333333333334,0.83,0.04710341093665404,67814098.0
363,United Kingdom,2021-01-27,25308.0,1232.0,272.898,40.8,18.517,12.527,0.04715182629232778,0.13802083333333334,0.02619037787954939,0.01066940046322664,0.014772664129348282,0.2729873922032329,0.2571428571428572,0.8333333333333334,0.83,0.04710341093665404,67814098.0
364,United Kingdom,2021-01-28,28680.0,1224.0,272.898,40.8,18.517,12.527,0.04715182629232778,0.13802083333333334,0.02619037787954939,0.01066940046322664,0.014772664129348282,0.2729873922032329,0.2571428571428572,0.8333333333333334,0.83,0.04710341093665404,67814098.0
365,United Kingdom,2021-01-29,29079.0,1160.0,272.898,40.8,18.517,12.527,0.04715182629232778,0.13802083333333334,0.02619037787954939,0.01066940046322664,0.014772664129348282,0.2729873922032329,0.2571428571428572,0.8333333333333334,0.83,0.04710341093665404,67814098.0
366,United Kingdom,2021-01-30,23275.0,1026.0,272.898,40.8,18.517,12.527,0.04715182629232778,0.13802083333333334,0.02619037787954939,0.01066940046322664,0.014772664129348282,0.2729873922032329,0.2571428571428572,0.8333333333333334,0.83,0.04710341093665404,67814098.0
367,United Kingdom,2021-01-31,21088.0,995.0,272.898,40.8,18.517,12.527,0.04715182629232778,0.13802083333333334,0.02619037787954939,0.01066940046322664,0.014772664129348282,0.2729873922032329,0.2571428571428572,0.8333333333333334,0.83,0.04710341093665404,67814098.0
368,United Kingdom,2021-02-01,18607.0,1007.0,272.898,40.8,18.517,12.527,0.04715182629232778,0.13802083333333334,0.02619037787954939,0.01066940046322664,0.014772664129348282,0.2729873922032329,0.2571428571428572,0.8333333333333334,0.83,0.04710341093665404,67814098.0
369,United Kingdom,2021-02-02,16840.0,963.0,272.898,40.8,18.517,12.527,0.04715182629232778,0.13802083333333334,0.02619037787954939,0.01066940046322664,0.014772664129348282,0.2729873922032329,0.2571428571428572,0.8333333333333334,0.83,0.04710341093665404,67814098.0
370,United Kingdom,2021-02-03,19202.0,976.0,272.898,40.8,18.517,12.527,0.04715182629232778,0.13802083333333334,0.02619037787954939,0.01066940046322664,0.014772664129348282,0.2729873922032329,0.2571428571428572,0.8333333333333334,0.83,0.04710341093665404,67814098.0
371,United Kingdom,2021-02-04,20634.0,826.0,272.898,40.8,18.517,12.527,0.04715182629232778,0.13802083333333334,0.02619037787954939,0.01066940046322664,0.014772664129348282,0.2729873922032329,0.2571428571428572,0.8333333333333334,0.83,0.04710341093665404,67814098.0
372,United Kingdom,2021-02-05,19114.0,874.0,272.898,40.8,18.517,12.527,0.04715182629232778,0.13802083333333334,0.02619037787954939,0.01066940046322664,0.014772664129348282,0.2729873922032329,0.2571428571428572,0.8333333333333334,0.83,0.04710341093665404,67814098.0
373,United Kingdom,2021-02-06,18262.0,787.0,272.898,40.8,18.517,12.527,0.04715182629232778,0.13802083333333334,0.02619037787954939,0.01066940046322664,0.014772664129348282,0.2729873922032329,0.2571428571428572,0.8333333333333334,0.83,0.04710341093665404,67814098.0
374,United Kingdom,2021-02-07,15845.0,753.0,272.898,40.8,18.517,12.527,0.04715182629232778,0.13802083333333334,0.02619037787954939,0.01066940046322664,0.014772664129348282,0.2729873922032329,0.2571428571428572,0.8333333333333334,0.83,0.04710341093665404,67814098.0
375,United Kingdom,2021-02-08,14104.0,781.0,272.898,40.8,18.517,12.527,0.04715182629232778,0.13802083333333334,0.02619037787954939,0.01066940046322664,0.014772664129348282,0.2729873922032329,0.2571428571428572,0.8333333333333334,0.83,0.04710341093665404,67814098.0
376,United Kingdom,2021-02-09,12364.0,723.0,272.898,40.8,18.517,12.527,0.04715182629232778,0.13802083333333334,0.02619037787954939,0.01066940046322664,0.014772664129348282,0.2729873922032329,0.2571428571428572,0.8333333333333334,0.83,0.04710341093665404,67814098.0
377,United Kingdom,2021-02-10,13013.0,712.0,272.898,40.8,18.517,12.527,0.04715182629232778,0.13802083333333334,0.02619037787954939,0.01066940046322664,0.014772664129348282,0.2729873922032329,0.2571428571428572,0.8333333333333334,0.83,0.04710341093665404,67814098.0
378,United Kingdom,2021-02-11,13494.0,676.0,272.898,40.8,18.517,12.527,0.04715182629232778,0.13802083333333334,0.02619037787954939,0.01066940046322664,0.014772664129348282,0.2729873922032329,0.2571428571428572,0.8333333333333334,0.83,0.04710341093665404,67814098.0
379,United Kingdom,2021-02-12,15144.0,636.0,272.898,40.8,18.517,12.527,0.04715182629232778,0.13802083333333334,0.02619037787954939,0.01066940046322664,0.014772664129348282,0.2729873922032329,0.2571428571428572,0.8333333333333334,0.83,0.04710341093665404,67814098.0
380,United Kingdom,2021-02-13,13307.0,586.0,272.898,40.8,18.517,12.527,0.04715182629232778,0.13802083333333334,0.02619037787954939,0.01066940046322664,0.014772664129348282,0.2729873922032329,0.2571428571428572,0.8333333333333334,0.83,0.04710341093665404,67814098.0
381,United Kingdom,2021-02-14,10972.0,605.0,272.898,40.8,18.517,12.527,0.04715182629232778,0.13802083333333334,0.02619037787954939,0.01066940046322664,0.014772664129348282,0.2729873922032329,0.2571428571428572,0.8333333333333334,0.83,0.04710341093665404,67814098.0
382,United Kingdom,2021-02-15,9765.0,615.0,272.898,40.8,18.517,12.527,0.04715182629232778,0.13802083333333334,0.02619037787954939,0.01066940046322664,0.014772664129348282,0.2729873922032329,0.2571428571428572,0.8333333333333334,0.83,0.04710341093665404,67814098.0
383,United Kingdom,2021-02-16,10625.0,568.0,272.898,40.8,18.517,12.527,0.04715182629232778,0.13802083333333334,0.02619037787954939,0.01066940046322664,0.014772664129348282,0.2729873922032329,0.2571428571428572,0.8333333333333334,0.83,0.04710341093665404,67814098.0
384,United Kingdom,2021-02-17,12717.0,506.0,272.898,40.8,18.517,12.527,0.04715182629232778,0.13802083333333334,0.02619037787954939,0.01066940046322664,0.014772664129348282,0.2729873922032329,0.2571428571428572,0.8333333333333334,0.83,0.04710341093665404,67814098.0
385,United Kingdom,2021-02-18,12057.0,521.0,272.898,40.8,18.517,12.527,0.04715182629232778,0.13802083333333334,0.02619037787954939,0.01066940046322664,0.014772664129348282,0.2729873922032329,0.2571428571428572,0.8333333333333334,0.83,0.04710341093665404,67814098.0
386,United Kingdom,2021-02-19,12027.0,469.0,272.898,40.8,18.517,12.527,0.04715182629232778,0.13802083333333334,0.02619037787954939,0.01066940046322664,0.014772664129348282,0.2729873922032329,0.2571428571428572,0.8333333333333334,0.83,0.04710341093665404,67814098.0
387,United Kingdom,2021-02-20,10406.0,452.0,272.898,40.8,18.517,12.527,0.04715182629232778,0.13802083333333334,0.02619037787954939,0.01066940046322664,0.014772664129348282,0.2729873922032329,0.2571428571428572,0.8333333333333334,0.83,0.04710341093665404,67814098.0
388,United Kingdom,2021-02-21,9834.0,411.0,272.898,40.8,18.517,12.527,0.04715182629232778,0.13802083333333334,0.02619037787954939,0.01066940046322664,0.014772664129348282,0.2729873922032329,0.2571428571428572,0.8333333333333334,0.83,0.04710341093665404,67814098.0
389,United Kingdom,2021-02-22,10641.0,379.0,272.898,40.8,18.517,12.527,0.04715182629232778,0.13802083333333334,0.02619037787954939,0.01066940046322664,0.014772664129348282,0.2729873922032329,0.2571428571428572,0.8333333333333334,0.83,0.04710341093665404,67814098.0
390,United Kingdom,2021-02-23,8489.0,381.0,272.898,40.8,18.517,12.527,0.04715182629232778,0.13802083333333334,0.02619037787954939,0.01066940046322664,0.014772664129348282,0.2729873922032329,0.2571428571428572,0.8333333333333334,0.83,0.04710341093665404,67814098.0
391,United Kingdom,2021-02-24,9938.0,367.0,272.898,40.8,18.517,12.527,0.04715182629232778,0.13802083333333334,0.02619037787954939,0.01066940046322664,0.014772664129348282,0.2729873922032329,0.2571428571428572,0.8333333333333334,0.83,0.04710341093665404,67814098.0
392,United Kingdom,2021-02-25,9985.0,355.0,272.898,40.8,18.517,12.527,0.04715182629232778,0.13802083333333334,0.02619037787954939,0.01066940046322664,0.014772664129348282,0.2729873922032329,0.2571428571428572,0.8333333333333334,0.83,0.04710341093665404,67814098.0
393,United Kingdom,2021-02-26,8523.0,304.0,272.898,40.8,18.517,12.527,0.04715182629232778,0.13802083333333334,0.02619037787954939,0.01066940046322664,0.014772664129348282,0.2729873922032329,0.2571428571428572,0.8333333333333334,0.83,0.04710341093665404,67814098.0
394,United Kingdom,2021-02-27,7434.0,308.0,272.898,40.8,18.517,12.527,0.04715182629232778,0.13802083333333334,0.02619037787954939,0.01066940046322664,0.014772664129348282,0.2729873922032329,0.2571428571428572,0.8333333333333334,0.83,0.04710341093665404,67814098.0
395,United Kingdom,2021-02-28,6035.0,281.0,272.898,40.8,18.517,12.527,0.04715182629232778,0.13802083333333334,0.02619037787954939,0.01066940046322664,0.014772664129348282,0.2729873922032329,0.2571428571428572,0.8333333333333334,0.83,0.04710341093665404,67814098.0
396,United Kingdom,2021-03-01,5455.0,297.0,272.898,40.8,18.517,12.527,0.04715182629232778,0.13802083333333334,0.02619037787954939,0.01066940046322664,0.014772664129348282,0.2729873922032329,0.2571428571428572,0.8333333333333334,0.83,0.04710341093665404,67814098.0
397,United Kingdom,2021-03-02,6391.0,244.0,272.898,40.8,18.517,12.527,0.04715182629232778,0.13802083333333334,0.02619037787954939,0.01066940046322664,0.014772664129348282,0.2729873922032329,0.2571428571428572,0.8333333333333334,0.83,0.04710341093665404,67814098.0
398,United Kingdom,2021-03-03,6385.0,218.0,272.898,40.8,18.517,12.527,0.04715182629232778,0.13802083333333334,0.02619037787954939,0.01066940046322664,0.014772664129348282,0.2729873922032329,0.2571428571428572,0.8333333333333334,0.83,0.04710341093665404,67814098.0
399,United Kingdom,2021-03-04,6573.0,234.0,272.898,40.8,18.517,12.527,0.04715182629232778,0.13802083333333334,0.02619037787954939,0.01066940046322664,0.014772664129348282,0.2729873922032329,0.2571428571428572,0.8333333333333334,0.83,0.04710341093665404,67814098.0
400,United Kingdom,2021-03-05,5946.0,222.0,272.898,40.8,18.517,12.527,0.04715182629232778,0.13802083333333334,0.02619037787954939,0.01066940046322664,0.014772664129348282,0.2729873922032329,0.2571428571428572,0.8333333333333334,0.83,0.04710341093665404,67814098.0
401,United Kingdom,2021-03-06,6039.0,210.0,272.898,40.8,18.517,12.527,0.04715182629232778,0.13802083333333334,0.02619037787954939,0.01066940046322664,0.014772664129348282,0.2729873922032329,0.2571428571428572,0.8333333333333334,0.83,0.04710341093665404,67814098.0
402,United Kingdom,2021-03-07,5177.0,197.0,272.898,40.8,18.517,12.527,0.04715182629232778,0.13802083333333334,0.02619037787954939,0.01066940046322664,0.014772664129348282,0.2729873922032329,0.2571428571428572,0.8333333333333334,0.83,0.04710341093665404,67814098.0
403,United Kingdom,2021-03-08,4712.0,197.0,272.898,40.8,18.517,12.527,0.04715182629232778,0.13802083333333334,0.02619037787954939,0.01066940046322664,0.014772664129348282,0.2729873922032329,0.2571428571428572,0.8333333333333334,0.83,0.04710341093665404,67814098.0
404,United Kingdom,2021-03-09,5766.0,185.0,272.898,40.8,18.517,12.527,0.04715182629232778,0.13802083333333334,0.02619037787954939,0.01066940046322664,0.014772664129348282,0.2729873922032329,0.2571428571428572,0.8333333333333334,0.83,0.04710341093665404,67814098.0
405,United Kingdom,2021-03-10,5926.0,163.0,272.898,40.8,18.517,12.527,0.04715182629232778,0.13802083333333334,0.02619037787954939,0.01066940046322664,0.014772664129348282,0.2729873922032329,0.2571428571428572,0.8333333333333334,0.83,0.04710341093665404,67814098.0
406,United Kingdom,2021-03-11,6753.0,173.0,272.898,40.8,18.517,12.527,0.04715182629232778,0.13802083333333334,0.02619037787954939,0.01066940046322664,0.014772664129348282,0.2729873922032329,0.2571428571428572,0.8333333333333334,0.83,0.04710341093665404,67814098.0
407,United Kingdom,2021-03-12,6609.0,135.0,272.898,40.8,18.517,12.527,0.04715182629232778,0.13802083333333334,0.02619037787954939,0.01066940046322664,0.014772664129348282,0.2729873922032329,0.2571428571428572,0.8333333333333334,0.83,0.04710341093665404,67814098.0
408,United Kingdom,2021-03-13,5534.0,135.0,272.898,40.8,18.517,12.527,0.04715182629232778,0.13802083333333334,0.02619037787954939,0.01066940046322664,0.014772664129348282,0.2729873922032329,0.2571428571428572,0.8333333333333334,0.83,0.04710341093665404,67814098.0
409,United Kingdom,2021-03-14,4618.0,138.0,272.898,40.8,18.517,12.527,0.04715182629232778,0.13802083333333334,0.02619037787954939,0.01066940046322664,0.014772664129348282,0.2729873922032329,0.2571428571428572,0.8333333333333334,0.83,0.04710341093665404,67814098.0
410,United Kingdom,2021-03-15,5089.0,139.0,272.898,40.8,18.517,12.527,0.04715182629232778,0.13802083333333334,0.02619037787954939,0.01066940046322664,0.014772664129348282,0.2729873922032329,0.2571428571428572,0.8333333333333334,0.83,0.04710341093665404,67814098.0
411,United Kingdom,2021-03-16,5294.0,114.0,272.898,40.8,18.517,12.527,0.04715182629232778,0.13802083333333334,0.02619037787954939,0.01066940046322664,0.014772664129348282,0.2729873922032329,0.2571428571428572,0.8333333333333334,0.83,0.04710341093665404,67814098.0
412,United Kingdom,2021-03-17,5758.0,127.0,272.898,40.8,18.517,12.527,0.04715182629232778,0.13802083333333334,0.02619037787954939,0.01066940046322664,0.014772664129348282,0.2729873922032329,0.2571428571428572,0.8333333333333334,0.83,0.04710341093665404,67814098.0
413,United Kingdom,2021-03-18,6303.0,100.0,272.898,40.8,18.517,12.527,0.04715182629232778,0.13802083333333334,0.02619037787954939,0.01066940046322664,0.014772664129348282,0.2729873922032329,0.2571428571428572,0.8333333333333334,0.83,0.04710341093665404,67814098.0
414,United Kingdom,2021-03-19,4802.0,104.0,272.898,40.8,18.517,12.527,0.04715182629232778,0.13802083333333334,0.02619037787954939,0.01066940046322664,0.014772664129348282,0.2729873922032329,0.2571428571428572,0.8333333333333334,0.83,0.04710341093665404,67814098.0
415,United Kingdom,2021-03-20,5587.0,101.0,272.898,40.8,18.517,12.527,0.04715182629232778,0.13802083333333334,0.02619037787954939,0.01066940046322664,0.014772664129348282,0.2729873922032329,0.2571428571428572,0.8333333333333334,0.83,0.04710341093665404,67814098.0
416,United Kingdom,2021-03-21,5312.0,127.0,272.898,40.8,18.517,12.527,0.04715182629232778,0.13802083333333334,0.02619037787954939,0.01066940046322664,0.014772664129348282,0.2729873922032329,0.2571428571428572,0.8333333333333334,0.83,0.04710341093665404,67814098.0
417,United Kingdom,2021-03-22,5342.0,108.0,272.898,40.8,18.517,12.527,0.04715182629232778,0.13802083333333334,0.02619037787954939,0.01066940046322664,0.014772664129348282,0.2729873922032329,0.2571428571428572,0.8333333333333334,0.83,0.04710341093665404,67814098.0
418,United Kingdom,2021-03-23,5379.0,95.0,272.898,40.8,18.517,12.527,0.04715182629232778,0.13802083333333334,0.02619037787954939,0.01066940046322664,0.014772664129348282,0.2729873922032329,0.2571428571428572,0.8333333333333334,0.83,0.04710341093665404,67814098.0
419,United Kingdom,2021-03-24,5604.0,70.0,272.898,40.8,18.517,12.527,0.04715182629232778,0.13802083333333334,0.02619037787954939,0.01066940046322664,0.014772664129348282,0.2729873922032329,0.2571428571428572,0.8333333333333334,0.83,0.04710341093665404,67814098.0
420,United Kingdom,2021-03-25,6220.0,79.0,272.898,40.8,18.517,12.527,0.04715182629232778,0.13802083333333334,0.02619037787954939,0.01066940046322664,0.014772664129348282,0.2729873922032329,0.2571428571428572,0.8333333333333334,0.83,0.04710341093665404,67814098.0
421,United Kingdom,2021-03-26,6187.0,75.0,272.898,40.8,18.517,12.527,0.04715182629232778,0.13802083333333334,0.02619037787954939,0.01066940046322664,0.014772664129348282,0.2729873922032329,0.2571428571428572,0.8333333333333334,0.83,0.04710341093665404,67814098.0
422,United Kingdom,2021-03-27,3865.0,65.0,272.898,40.8,18.517,12.527,0.04715182629232778,0.13802083333333334,0.02619037787954939,0.01066940046322664,0.014772664129348282,0.2729873922032329,0.2571428571428572,0.8333333333333334,0.83,0.04710341093665404,67814098.0
423,United Kingdom,2021-03-28,3862.0,50.0,272.898,40.8,18.517,12.527,0.04715182629232778,0.13802083333333334,0.02619037787954939,0.01066940046322664,0.014772664129348282,0.2729873922032329,0.2571428571428572,0.8333333333333334,0.83,0.04710341093665404,67814098.0
424,United Kingdom,2021-03-29,4654.0,71.0,272.898,40.8,18.517,12.527,0.04715182629232778,0.13802083333333334,0.02619037787954939,0.01066940046322664,0.014772664129348282,0.2729873922032329,0.2571428571428572,0.8333333333333334,0.83,0.04710341093665404,67814098.0
425,United Kingdom,2021-03-30,4040.0,56.0,272.898,40.8,18.517,12.527,0.04715182629232778,0.13802083333333334,0.02619037787954939,0.01066940046322664,0.014772664129348282,0.2729873922032329,0.2571428571428572,0.8333333333333334,0.83,0.04710341093665404,67814098.0
426,United Kingdom,2021-03-31,4052.0,74.0,272.898,40.8,18.517,12.527,0.04715182629232778,0.13802083333333334,0.02619037787954939,0.01066940046322664,0.014772664129348282,0.2729873922032329,0.2571428571428572,0.8333333333333334,0.83,0.04710341093665404,67814098.0
427,United Kingdom,2021-04-01,4478.0,63.0,272.898,40.8,18.517,12.527,0.04715182629232778,0.13802083333333334,0.02619037787954939,0.01066940046322664,0.014772664129348282,0.2729873922032329,0.2571428571428572,0.8333333333333334,0.83,0.04710341093665404,67814098.0
428,United Kingdom,2021-04-02,3402.0,50.0,272.898,40.8,18.517,12.527,0.04715182629232778,0.13802083333333334,0.02619037787954939,0.01066940046322664,0.014772664129348282,0.2729873922032329,0.2571428571428572,0.8333333333333334,0.83,0.04710341093665404,67814098.0
429,United Kingdom,2021-04-03,3423.0,42.0,272.898,40.8,18.517,12.527,0.04715182629232778,0.13802083333333334,0.02619037787954939,0.01066940046322664,0.014772664129348282,0.2729873922032329,0.2571428571428572,0.8333333333333334,0.83,0.04710341093665404,67814098.0
430,United Kingdom,2021-04-04,2297.0,53.0,272.898,40.8,18.517,12.527,0.04715182629232778,0.13802083333333334,0.02619037787954939,0.01066940046322664,0.014772664129348282,0.2729873922032329,0.2571428571428572,0.8333333333333334,0.83,0.04710341093665404,67814098.0
431,United Kingdom,2021-04-05,2762.0,45.0,272.898,40.8,18.517,12.527,0.04715182629232778,0.13802083333333334,0.02619037787954939,0.01066940046322664,0.014772664129348282,0.2729873922032329,0.2571428571428572,0.8333333333333334,0.83,0.04710341093665404,67814098.0
432,United Kingdom,2021-04-06,2379.0,45.0,272.898,40.8,18.517,12.527,0.04715182629232778,0.13802083333333334,0.02619037787954939,0.01066940046322664,0.014772664129348282,0.2729873922032329,0.2571428571428572,0.8333333333333334,0.83,0.04710341093665404,67814098.0
433,United Kingdom,2021-04-07,2762.0,46.0,272.898,40.8,18.517,12.527,0.04715182629232778,0.13802083333333334,0.02619037787954939,0.01066940046322664,0.014772664129348282,0.2729873922032329,0.2571428571428572,0.8333333333333334,0.83,0.04710341093665404,67814098.0
434,United Kingdom,2021-04-08,3030.0,62.0,272.898,40.8,18.517,12.527,0.04715182629232778,0.13802083333333334,0.02619037787954939,0.01066940046322664,0.014772664129348282,0.2729873922032329,0.2571428571428572,0.8333333333333334,0.83,0.04710341093665404,67814098.0
436,United Kingdom,2021-04-10,2584.0,43.0,272.898,40.8,18.517,12.527,0.04715182629232778,0.13802083333333334,0.02619037787954939,0.01066940046322664,0.014772664129348282,0.2729873922032329,0.2571428571428572,0.8333333333333334,0.83,0.04710341093665404,67814098.0
437,United Kingdom,2021-04-11,1730.0,41.0,272.898,40.8,18.517,12.527,0.04715182629232778,0.13802083333333334,0.02619037787954939,0.01066940046322664,0.014772664129348282,0.2729873922032329,0.2571428571428572,0.8333333333333334,0.83,0.04710341093665404,67814098.0
438,United Kingdom,2021-04-12,3568.0,38.0,272.898,40.8,18.517,12.527,0.04715182629232778,0.13802083333333334,0.02619037787954939,0.01066940046322664,0.014772664129348282,0.2729873922032329,0.2571428571428572,0.8333333333333334,0.83,0.04710341093665404,67814098.0
439,United Kingdom,2021-04-13,2471.0,47.0,272.898,40.8,18.517,12.527,0.04715182629232778,0.13802083333333334,0.02619037787954939,0.01066940046322664,0.014772664129348282,0.2729873922032329,0.2571428571428572,0.8333333333333334,0.83,0.04710341093665404,67814098.0
440,United Kingdom,2021-04-14,2491.0,35.0,272.898,40.8,18.517,12.527,0.04715182629232778,0.13802083333333334,0.02619037787954939,0.01066940046322664,0.014772664129348282,0.2729873922032329,0.2571428571428572,0.8333333333333334,0.83,0.04710341093665404,67814098.0
441,United Kingdom,2021-04-15,2671.0,43.0,272.898,40.8,18.517,12.527,0.04715182629232778,0.13802083333333334,0.02619037787954939,0.01066940046322664,0.014772664129348282,0.2729873922032329,0.2571428571428572,0.8333333333333334,0.83,0.04710341093665404,67814098.0
442,United Kingdom,2021-04-16,2756.0,32.0,272.898,40.8,18.517,12.527,0.04715182629232778,0.13802083333333334,0.02619037787954939,0.01066940046322664,0.014772664129348282,0.2729873922032329,0.2571428571428572,0.8333333333333334,0.83,0.04710341093665404,67814098.0
443,United Kingdom,2021-04-17,2206.0,43.0,272.898,40.8,18.517,12.527,0.04715182629232778,0.13802083333333334,0.02619037787954939,0.01066940046322664,0.014772664129348282,0.2729873922032329,0.2571428571428572,0.8333333333333334,0.83,0.04710341093665404,67814098.0
444,United Kingdom,2021-04-18,1882.0,31.0,272.898,40.8,18.517,12.527,0.04715182629232778,0.13802083333333334,0.02619037787954939,0.01066940046322664,0.014772664129348282,0.2729873922032329,0.2571428571428572,0.8333333333333334,0.83,0.04710341093665404,67814098.0
445,United Kingdom,2021-04-19,2963.0,23.0,272.898,40.8,18.517,12.527,0.04715182629232778,0.13802083333333334,0.02619037787954939,0.01066940046322664,0.014772664129348282,0.2729873922032329,0.2571428571428572,0.8333333333333334,0.83,0.04710341093665404,67814098.0
446,United Kingdom,2021-04-20,2524.0,35.0,272.898,40.8,18.517,12.527,0.04715182629232778,0.13802083333333334,0.02619037787954939,0.01066940046322664,0.014772664129348282,0.2729873922032329,0.2571428571428572,0.8333333333333334,0.83,0.04710341093665404,67814098.0
447,United Kingdom,2021-04-21,2396.0,36.0,272.898,40.8,18.517,12.527,0.04715182629232778,0.13802083333333334,0.02619037787954939,0.01066940046322664,0.014772664129348282,0.2729873922032329,0.2571428571428572,0.8333333333333334,0.83,0.04710341093665404,67814098.0
448,United Kingdom,2021-04-22,2728.0,33.0,272.898,40.8,18.517,12.527,0.04715182629232778,0.13802083333333334,0.02619037787954939,0.01066940046322664,0.014772664129348282,0.2729873922032329,0.2571428571428572,0.8333333333333334,0.83,0.04710341093665404,67814098.0
449,United Kingdom,2021-04-23,2678.0,29.0,272.898,40.8,18.517,12.527,0.04715182629232778,0.13802083333333334,0.02619037787954939,0.01066940046322664,0.014772664129348282,0.2729873922032329,0.2571428571428572,0.8333333333333334,0.83,0.04710341093665404,67814098.0
450,United Kingdom,2021-04-24,2061.0,24.0,272.898,40.8,18.517,12.527,0.04715182629232778,0.13802083333333334,0.02619037787954939,0.01066940046322664,0.014772664129348282,0.2729873922032329,0.2571428571428572,0.8333333333333334,0.83,0.04710341093665404,67814098.0
451,United Kingdom,2021-04-25,1712.0,27.0,272.898,40.8,18.517,12.527,0.04715182629232778,0.13802083333333334,0.02619037787954939,0.01066940046322664,0.014772664129348282,0.2729873922032329,0.2571428571428572,0.8333333333333334,0.83,0.04710341093665404,67814098.0
452,United Kingdom,2021-04-26,2064.0,21.0,272.898,40.8,18.517,12.527,0.04715182629232778,0.13802083333333334,0.02619037787954939,0.01066940046322664,0.014772664129348282,0.2729873922032329,0.2571428571428572,0.8333333333333334,0.83,0.04710341093665404,67814098.0
453,United Kingdom,2021-04-27,2685.0,25.0,272.898,40.8,18.517,12.527,0.04715182629232778,0.13802083333333334,0.02619037787954939,0.01066940046322664,0.014772664129348282,0.2729873922032329,0.2571428571428572,0.8333333333333334,0.83,0.04710341093665404,67814098.0
454,United Kingdom,2021-04-28,2166.0,21.0,272.898,40.8,18.517,12.527,0.04715182629232778,0.13802083333333334,0.02619037787954939,0.01066940046322664,0.014772664129348282,0.2729873922032329,0.2571428571428572,0.8333333333333334,0.83,0.04710341093665404,67814098.0
455,United Kingdom,2021-04-29,2445.0,17.0,272.898,40.8,18.517,12.527,0.04715182629232778,0.13802083333333334,0.02619037787954939,0.01066940046322664,0.014772664129348282,0.2729873922032329,0.2571428571428572,0.8333333333333334,0.83,0.04710341093665404,67814098.0
456,United Kingdom,2021-04-30,2381.0,16.0,272.898,40.8,18.517,12.527,0.04715182629232778,0.13802083333333334,0.02619037787954939,0.01066940046322664,0.014772664129348282,0.2729873922032329,0.2571428571428572,0.8333333333333334,0.83,0.04710341093665404,67814098.0
457,United Kingdom,2021-05-01,1907.0,16.0,272.898,40.8,18.517,12.527,0.04715182629232778,0.13802083333333334,0.02619037787954939,0.01066940046322664,0.014772664129348282,0.2729873922032329,0.2571428571428572,0.8333333333333334,0.83,0.04710341093665404,67814098.0
458,United Kingdom,2021-05-02,1671.0,19.0,272.898,40.8,18.517,12.527,0.04715182629232778,0.13802083333333334,0.02619037787954939,0.01066940046322664,0.014772664129348282,0.2729873922032329,0.2571428571428572,0.8333333333333334,0.83,0.04710341093665404,67814098.0
459,United Kingdom,2021-05-03,1649.0,17.0,272.898,40.8,18.517,12.527,0.04715182629232778,0.13802083333333334,0.02619037787954939,0.01066940046322664,0.014772664129348282,0.2729873922032329,0.2571428571428572,0.8333333333333334,0.83,0.04710341093665404,67814098.0
460,United Kingdom,2021-05-04,1946.0,15.0,272.898,40.8,18.517,12.527,0.04715182629232778,0.13802083333333334,0.02619037787954939,0.01066940046322664,0.014772664129348282,0.2729873922032329,0.2571428571428572,0.8333333333333334,0.83,0.04710341093665404,67814098.0
461,United Kingdom,2021-05-05,2144.0,22.0,272.898,40.8,18.517,12.527,0.04715182629232778,0.13802083333333334,0.02619037787954939,0.01066940046322664,0.014772664129348282,0.2729873922032329,0.2571428571428572,0.8333333333333334,0.83,0.04710341093665404,67814098.0
462,United Kingdom,2021-05-06,2613.0,17.0,272.898,40.8,18.517,12.527,0.04715182629232778,0.13802083333333334,0.02619037787954939,0.01066940046322664,0.014772664129348282,0.2729873922032329,0.2571428571428572,0.8333333333333334,0.83,0.04710341093665404,67814098.0
463,United Kingdom,2021-05-07,2490.0,18.0,272.898,40.8,18.517,12.527,0.04715182629232778,0.13802083333333334,0.02619037787954939,0.01066940046322664,0.014772664129348282,0.2729873922032329,0.2571428571428572,0.8333333333333334,0.83,0.04710341093665404,67814098.0
464,United Kingdom,2021-05-08,2047.0,20.0,272.898,40.8,18.517,12.527,0.04715182629232778,0.13802083333333334,0.02619037787954939,0.01066940046322664,0.014772664129348282,0.2729873922032329,0.2571428571428572,0.8333333333333334,0.83,0.04710341093665404,67814098.0
465,United Kingdom,2021-05-09,1770.0,11.0,272.898,40.8,18.517,12.527,0.04715182629232778,0.13802083333333334,0.02619037787954939,0.01066940046322664,0.014772664129348282,0.2729873922032329,0.2571428571428572,0.8333333333333334,0.83,0.04710341093665404,67814098.0
466,United Kingdom,2021-05-10,2357.0,8.0,272.898,40.8,18.517,12.527,0.04715182629232778,0.13802083333333334,0.02619037787954939,0.01066940046322664,0.014772664129348282,0.2729873922032329,0.2571428571428572,0.8333333333333334,0.83,0.04710341093665404,67814098.0
467,United Kingdom,2021-05-11,2474.0,21.0,272.898,40.8,18.517,12.527,0.04715182629232778,0.13802083333333334,0.02619037787954939,0.01066940046322664,0.014772664129348282,0.2729873922032329,0.2571428571428572,0.8333333333333334,0.83,0.04710341093665404,67814098.0
468,United Kingdom,2021-05-12,2284.0,15.0,272.898,40.8,18.517,12.527,0.04715182629232778,0.13802083333333334,0.02619037787954939,0.01066940046322664,0.014772664129348282,0.2729873922032329,0.2571428571428572,0.8333333333333334,0.83,0.04710341093665404,67814098.0
469,United Kingdom,2021-05-13,2656.0,15.0,272.898,40.8,18.517,12.527,0.04715182629232778,0.13802083333333334,0.02619037787954939,0.01066940046322664,0.014772664129348282,0.2729873922032329,0.2571428571428572,0.8333333333333334,0.83,0.04710341093665404,67814098.0
470,United Kingdom,2021-05-14,2193.0,14.0,272.898,40.8,18.517,12.527,0.04715182629232778,0.13802083333333334,0.02619037787954939,0.01066940046322664,0.014772664129348282,0.2729873922032329,0.2571428571428572,0.8333333333333334,0.83,0.04710341093665404,67814098.0
471,United Kingdom,2021-05-15,2027.0,15.0,272.898,40.8,18.517,12.527,0.04715182629232778,0.13802083333333334,0.02619037787954939,0.01066940046322664,0.014772664129348282,0.2729873922032329,0.2571428571428572,0.8333333333333334,0.83,0.04710341093665404,67814098.0
472,United Kingdom,2021-05-16,1926.0,14.0,272.898,40.8,18.517,12.527,0.04715182629232778,0.13802083333333334,0.02619037787954939,0.01066940046322664,0.014772664129348282,0.2729873922032329,0.2571428571428572,0.8333333333333334,0.83,0.04710341093665404,67814098.0
473,United Kingdom,2021-05-17,1979.0,13.0,272.898,40.8,18.517,12.527,0.04715182629232778,0.13802083333333334,0.02619037787954939,0.01066940046322664,0.014772664129348282,0.2729873922032329,0.2571428571428572,0.8333333333333334,0.83,0.04710341093665404,67814098.0
475,United Kingdom,2021-05-19,2135.0,4.0,272.898,40.8,18.517,12.527,0.04715182629232778,0.13802083333333334,0.02619037787954939,0.01066940046322664,0.014772664129348282,0.2729873922032329,0.2571428571428572,0.8333333333333334,0.83,0.04710341093665404,67814098.0
476,United Kingdom,2021-05-20,2694.0,7.0,272.898,40.8,18.517,12.527,0.04715182629232778,0.13802083333333334,0.02619037787954939,0.01066940046322664,0.014772664129348282,0.2729873922032329,0.2571428571428572,0.8333333333333334,0.83,0.04710341093665404,67814098.0
477,United Kingdom,2021-05-21,2702.0,18.0,272.898,40.8,18.517,12.527,0.04715182629232778,0.13802083333333334,0.02619037787954939,0.01066940046322664,0.014772664129348282,0.2729873922032329,0.2571428571428572,0.8333333333333334,0.83,0.04710341093665404,67814098.0
478,United Kingdom,2021-05-22,2523.0,4.0,272.898,40.8,18.517,12.527,0.04715182629232778,0.13802083333333334,0.02619037787954939,0.01066940046322664,0.014772664129348282,0.2729873922032329,0.2571428571428572,0.8333333333333334,0.83,0.04710341093665404,67814098.0
479,United Kingdom,2021-05-23,2092.0,16.0,272.898,40.8,18.517,12.527,0.04715182629232778,0.13802083333333334,0.02619037787954939,0.01066940046322664,0.014772664129348282,0.2729873922032329,0.2571428571428572,0.8333333333333334,0.83,0.04710341093665404,67814098.0
480,United Kingdom,2021-05-24,2362.0,16.0,272.898,40.8,18.517,12.527,0.04715182629232778,0.13802083333333334,0.02619037787954939,0.01066940046322664,0.014772664129348282,0.2729873922032329,0.2571428571428572,0.8333333333333334,0.83,0.04710341093665404,67814098.0
481,United Kingdom,2021-05-25,2410.0,11.0,272.898,40.8,18.517,12.527,0.04715182629232778,0.13802083333333334,0.02619037787954939,0.01066940046322664,0.014772664129348282,0.2729873922032329,0.2571428571428572,0.8333333333333334,0.83,0.04710341093665404,67814098.0
482,United Kingdom,2021-05-26,2987.0,14.0,272.898,40.8,18.517,12.527,0.04715182629232778,0.13802083333333334,0.02619037787954939,0.01066940046322664,0.014772664129348282,0.2729873922032329,0.2571428571428572,0.8333333333333334,0.83,0.04710341093665404,67814098.0
483,United Kingdom,2021-05-27,3380.0,8.0,272.898,40.8,18.517,12.527,0.04715182629232778,0.13802083333333334,0.02619037787954939,0.01066940046322664,0.014772664129348282,0.2729873922032329,0.2571428571428572,0.8333333333333334,0.83,0.04710341093665404,67814098.0
484,United Kingdom,2021-05-28,4028.0,14.0,272.898,40.8,18.517,12.527,0.04715182629232778,0.13802083333333334,0.02619037787954939,0.01066940046322664,0.014772664129348282,0.2729873922032329,0.2571428571428572,0.8333333333333334,0.83,0.04710341093665404,67814098.0
485,United Kingdom,2021-05-29,3240.0,12.0,272.898,40.8,18.517,12.527,0.04715182629232778,0.13802083333333334,0.02619037787954939,0.01066940046322664,0.014772664129348282,0.2729873922032329,0.2571428571428572,0.8333333333333334,0.83,0.04710341093665404,67814098.0
486,United Kingdom,2021-05-30,3111.0,9.0,272.898,40.8,18.517,12.527,0.04715182629232778,0.13802083333333334,0.02619037787954939,0.01066940046322664,0.014772664129348282,0.2729873922032329,0.2571428571428572,0.8333333333333334,0.83,0.04710341093665404,67814098.0
487,United Kingdom,2021-05-31,3283.0,11.0,272.898,40.8,18.517,12.527,0.04715182629232778,0.13802083333333334,0.02619037787954939,0.01066940046322664,0.014772664129348282,0.2729873922032329,0.2571428571428572,0.8333333333333334,0.83,0.04710341093665404,67814098.0
488,United Kingdom,2021-06-01,3099.0,10.0,272.898,40.8,18.517,12.527,0.04715182629232778,0.13802083333333334,0.02619037787954939,0.01066940046322664,0.014772664129348282,0.2729873922032329,0.2571428571428572,0.8333333333333334,0.83,0.04710341093665404,67814098.0
489,United Kingdom,2021-06-02,4261.0,12.0,272.898,40.8,18.517,12.527,0.04715182629232778,0.13802083333333334,0.02619037787954939,0.01066940046322664,0.014772664129348282,0.2729873922032329,0.2571428571428572,0.8333333333333334,0.83,0.04710341093665404,67814098.0
490,United Kingdom,2021-06-03,5179.0,16.0,272.898,40.8,18.517,12.527,0.04715182629232778,0.13802083333333334,0.02619037787954939,0.01066940046322664,0.014772664129348282,0.2729873922032329,0.2571428571428572,0.8333333333333334,0.83,0.04710341093665404,67814098.0
491,United Kingdom,2021-06-04,6140.0,14.0,272.898,40.8,18.517,12.527,0.04715182629232778,0.13802083333333334,0.02619037787954939,0.01066940046322664,0.014772664129348282,0.2729873922032329,0.2571428571428572,0.8333333333333334,0.83,0.04710341093665404,67814098.0
492,United Kingdom,2021-06-05,5651.0,7.0,272.898,40.8,18.517,12.527,0.04715182629232778,0.13802083333333334,0.02619037787954939,0.01066940046322664,0.014772664129348282,0.2729873922032329,0.2571428571428572,0.8333333333333334,0.83,0.04710341093665404,67814098.0
493,United Kingdom,2021-06-06,5223.0,13.0,272.898,40.8,18.517,12.527,0.04715182629232778,0.13802083333333334,0.02619037787954939,0.01066940046322664,0.014772664129348282,0.2729873922032329,0.2571428571428572,0.8333333333333334,0.83,0.04710341093665404,67814098.0
494,United Kingdom,2021-06-07,5584.0,6.0,272.898,40.8,18.517,12.527,0.04715182629232778,0.13802083333333334,0.02619037787954939,0.01066940046322664,0.014772664129348282,0.2729873922032329,0.2571428571428572,0.8333333333333334,0.83,0.04710341093665404,67814098.0
495,United Kingdom,2021-06-08,5966.0,15.0,272.898,40.8,18.517,12.527,0.04715182629232778,0.13802083333333334,0.02619037787954939,0.01066940046322664,0.014772664129348282,0.2729873922032329,0.2571428571428572,0.8333333333333334,0.83,0.04710341093665404,67814098.0
496,United Kingdom,2021-06-09,7312.0,17.0,272.898,40.8,18.517,12.527,0.04715182629232778,0.13802083333333334,0.02619037787954939,0.01066940046322664,0.014772664129348282,0.2729873922032329,0.2571428571428572,0.8333333333333334,0.83,0.04710341093665404,67814098.0
497,United Kingdom,2021-06-10,7232.0,16.0,272.898,40.8,18.517,12.527,0.04715182629232778,0.13802083333333334,0.02619037787954939,0.01066940046322664,0.014772664129348282,0.2729873922032329,0.2571428571428572,0.8333333333333334,0.83,0.04710341093665404,67814098.0
498,United Kingdom,2021-06-11,7958.0,13.0,272.898,40.8,18.517,12.527,0.04715182629232778,0.13802083333333334,0.02619037787954939,0.01066940046322664,0.014772664129348282,0.2729873922032329,0.2571428571428572,0.8333333333333334,0.83,0.04710341093665404,67814098.0
499,United Kingdom,2021-06-12,7550.0,12.0,272.898,40.8,18.517,12.527,0.04715182629232778,0.13802083333333334,0.02619037787954939,0.01066940046322664,0.014772664129348282,0.2729873922032329,0.2571428571428572,0.8333333333333334,0.83,0.04710341093665404,67814098.0
500,United Kingdom,2021-06-13,7319.0,12.0,272.898,40.8,18.517,12.527,0.04715182629232778,0.13802083333333334,0.02619037787954939,0.01066940046322664,0.014772664129348282,0.2729873922032329,0.2571428571428572,0.8333333333333334,0.83,0.04710341093665404,67814098.0
501,United Kingdom,2021-06-14,7606.0,13.0,272.898,40.8,18.517,12.527,0.04715182629232778,0.13802083333333334,0.02619037787954939,0.01066940046322664,0.014772664129348282,0.2729873922032329,0.2571428571428572,0.8333333333333334,0.83,0.04710341093665404,67814098.0
502,United Kingdom,2021-06-15,7587.0,21.0,272.898,40.8,18.517,12.527,0.04715182629232778,0.13802083333333334,0.02619037787954939,0.01066940046322664,0.014772664129348282,0.2729873922032329,0.2571428571428572,0.8333333333333334,0.83,0.04710341093665404,67814098.0
503,United Kingdom,2021-06-16,8808.0,16.0,272.898,40.8,18.517,12.527,0.04715182629232778,0.13802083333333334,0.02619037787954939,0.01066940046322664,0.014772664129348282,0.2729873922032329,0.2571428571428572,0.8333333333333334,0.83,0.04710341093665404,67814098.0
504,United Kingdom,2021-06-17,10809.0,9.0,272.898,40.8,18.517,12.527,0.04715182629232778,0.13802083333333334,0.02619037787954939,0.01066940046322664,0.014772664129348282,0.2729873922032329,0.2571428571428572,0.8333333333333334,0.83,0.04710341093665404,67814098.0
505,United Kingdom,2021-06-18,10270.0,18.0,272.898,40.8,18.517,12.527,0.04715182629232778,0.13802083333333334,0.02619037787954939,0.01066940046322664,0.014772664129348282,0.2729873922032329,0.2571428571428572,0.8333333333333334,0.83,0.04710341093665404,67814098.0
506,United Kingdom,2021-06-19,10075.0,20.0,272.898,40.8,18.517,12.527,0.04715182629232778,0.13802083333333334,0.02619037787954939,0.01066940046322664,0.014772664129348282,0.2729873922032329,0.2571428571428572,0.8333333333333334,0.83,0.04710341093665404,67814098.0
507,United Kingdom,2021-06-20,9072.0,22.0,272.898,40.8,18.517,12.527,0.04715182629232778,0.13802083333333334,0.02619037787954939,0.01066940046322664,0.014772664129348282,0.2729873922032329,0.2571428571428572,0.8333333333333334,0.83,0.04710341093665404,67814098.0
508,United Kingdom,2021-06-21,10467.0,13.0,272.898,40.8,18.517,12.527,0.04715182629232778,0.13802083333333334,0.02619037787954939,0.01066940046322664,0.014772664129348282,0.2729873922032329,0.2571428571428572,0.8333333333333334,0.83,0.04710341093665404,67814098.0
509,United Kingdom,2021-06-22,11481.0,18.0,272.898,40.8,18.517,12.527,0.04715182629232778,0.13802083333333334,0.02619037787954939,0.01066940046322664,0.014772664129348282,0.2729873922032329,0.2571428571428572,0.8333333333333334,0.83,0.04710341093665404,67814098.0
510,United Kingdom,2021-06-23,15882.0,9.0,272.898,40.8,18.517,12.527,0.04715182629232778,0.13802083333333334,0.02619037787954939,0.01066940046322664,0.014772664129348282,0.2729873922032329,0.2571428571428572,0.8333333333333334,0.83,0.04710341093665404,67814098.0
511,United Kingdom,2021-06-24,16702.0,29.0,272.898,40.8,18.517,12.527,0.04715182629232778,0.13802083333333334,0.02619037787954939,0.01066940046322664,0.014772664129348282,0.2729873922032329,0.2571428571428572,0.8333333333333334,0.83,0.04710341093665404,67814098.0
512,United Kingdom,2021-06-25,15296.0,22.0,272.898,40.8,18.517,12.527,0.04715182629232778,0.13802083333333334,0.02619037787954939,0.01066940046322664,0.014772664129348282,0.2729873922032329,0.2571428571428572,0.8333333333333334,0.83,0.04710341093665404,67814098.0
513,United Kingdom,2021-06-26,17943.0,17.0,272.898,40.8,18.517,12.527,0.04715182629232778,0.13802083333333334,0.02619037787954939,0.01066940046322664,0.014772664129348282,0.2729873922032329,0.2571428571428572,0.8333333333333334,0.83,0.04710341093665404,67814098.0
514,United Kingdom,2021-06-27,14623.0,24.0,272.898,40.8,18.517,12.527,0.04715182629232778,0.13802083333333334,0.02619037787954939,0.01066940046322664,0.014772664129348282,0.2729873922032329,0.2571428571428572,0.8333333333333334,0.83,0.04710341093665404,67814098.0
515,United Kingdom,2021-06-28,22644.0,18.0,272.898,40.8,18.517,12.527,0.04715182629232778,0.13802083333333334,0.02619037787954939,0.01066940046322664,0.014772664129348282,0.2729873922032329,0.2571428571428572,0.8333333333333334,0.83,0.04710341093665404,67814098.0
516,United Kingdom,2021-06-29,20223.0,24.0,272.898,40.8,18.517,12.527,0.04715182629232778,0.13802083333333334,0.02619037787954939,0.01066940046322664,0.014772664129348282,0.2729873922032329,0.2571428571428572,0.8333333333333334,0.83,0.04710341093665404,67814098.0
517,United Kingdom,2021-06-30,25606.0,26.0,272.898,40.8,18.517,12.527,0.04715182629232778,0.13802083333333334,0.02619037787954939,0.01066940046322664,0.014772664129348282,0.2729873922032329,0.2571428571428572,0.8333333333333334,0.83,0.04710341093665404,67814098.0
518,United Kingdom,2021-07-01,27556.0,28.0,272.898,40.8,18.517,12.527,0.04715182629232778,0.13802083333333334,0.02619037787954939,0.01066940046322664,0.014772664129348282,0.2729873922032329,0.2571428571428572,0.8333333333333334,0.83,0.04710341093665404,67814098.0
519,United Kingdom,2021-07-02,26706.0,32.0,272.898,40.8,18.517,12.527,0.04715182629232778,0.13802083333333334,0.02619037787954939,0.01066940046322664,0.014772664129348282,0.2729873922032329,0.2571428571428572,0.8333333333333334,0.83,0.04710341093665404,67814098.0
520,United Kingdom,2021-07-03,24447.0,31.0,272.898,40.8,18.517,12.527,0.04715182629232778,0.13802083333333334,0.02619037787954939,0.01066940046322664,0.014772664129348282,0.2729873922032329,0.2571428571428572,0.8333333333333334,0.83,0.04710341093665404,67814098.0
521,United Kingdom,2021-07-04,23818.0,30.0,272.898,40.8,18.517,12.527,0.04715182629232778,0.13802083333333334,0.02619037787954939,0.01066940046322664,0.014772664129348282,0.2729873922032329,0.2571428571428572,0.8333333333333334,0.83,0.04710341093665404,67814098.0
522,United Kingdom,2021-07-05,27100.0,29.0,272.898,40.8,18.517,12.527,0.04715182629232778,0.13802083333333334,0.02619037787954939,0.01066940046322664,0.014772664129348282,0.2729873922032329,0.2571428571428572,0.8333333333333334,0.83,0.04710341093665404,67814098.0
523,United Kingdom,2021-07-06,28334.0,35.0,272.898,40.8,18.517,12.527,0.04715182629232778,0.13802083333333334,0.02619037787954939,0.01066940046322664,0.014772664129348282,0.2729873922032329,0.2571428571428572,0.8333333333333334,0.83,0.04710341093665404,67814098.0
524,United Kingdom,2021-07-07,32048.0,36.0,272.898,40.8,18.517,12.527,0.04715182629232778,0.13802083333333334,0.02619037787954939,0.01066940046322664,0.014772664129348282,0.2729873922032329,0.2571428571428572,0.8333333333333334,0.83,0.04710341093665404,67814098.0
525,United Kingdom,2021-07-08,31977.0,42.0,272.898,40.8,18.517,12.527,0.04715182629232778,0.13802083333333334,0.02619037787954939,0.01066940046322664,0.014772664129348282,0.2729873922032329,0.2571428571428572,0.8333333333333334,0.83,0.04710341093665404,67814098.0
526,United Kingdom,2021-07-09,35200.0,53.0,272.898,40.8,18.517,12.527,0.04715182629232778,0.13802083333333334,0.02619037787954939,0.01066940046322664,0.014772664129348282,0.2729873922032329,0.2571428571428572,0.8333333333333334,0.83,0.04710341093665404,67814098.0
527,United Kingdom,2021-07-10,31800.0,45.0,272.898,40.8,18.517,12.527,0.04715182629232778,0.13802083333333334,0.02619037787954939,0.01066940046322664,0.014772664129348282,0.2729873922032329,0.2571428571428572,0.8333333333333334,0.83,0.04710341093665404,67814098.0
528,United Kingdom,2021-07-11,31352.0,36.0,272.898,40.8,18.517,12.527,0.04715182629232778,0.13802083333333334,0.02619037787954939,0.01066940046322664,0.014772664129348282,0.2729873922032329,0.2571428571428572,0.8333333333333334,0.83,0.04710341093665404,67814098.0
529,United Kingdom,2021-07-12,33998.0,43.0,272.898,40.8,18.517,12.527,0.04715182629232778,0.13802083333333334,0.02619037787954939,0.01066940046322664,0.014772664129348282,0.2729873922032329,0.2571428571428572,0.8333333333333334,0.83,0.04710341093665404,67814098.0
530,United Kingdom,2021-07-13,36216.0,50.0,272.898,40.8,18.517,12.527,0.04715182629232778,0.13802083333333334,0.02619037787954939,0.01066940046322664,0.014772664129348282,0.2729873922032329,0.2571428571428572,0.8333333333333334,0.83,0.04710341093665404,67814098.0
531,United Kingdom,2021-07-14,41748.0,47.0,272.898,40.8,18.517,12.527,0.04715182629232778,0.13802083333333334,0.02619037787954939,0.01066940046322664,0.014772664129348282,0.2729873922032329,0.2571428571428572,0.8333333333333334,0.83,0.04710341093665404,67814098.0
532,United Kingdom,2021-07-15,47891.0,54.0,272.898,40.8,18.517,12.527,0.04715182629232778,0.13802083333333334,0.02619037787954939,0.01066940046322664,0.014772664129348282,0.2729873922032329,0.2571428571428572,0.8333333333333334,0.83,0.04710341093665404,67814098.0
533,United Kingdom,2021-07-16,51273.0,55.0,272.898,40.8,18.517,12.527,0.04715182629232778,0.13802083333333334,0.02619037787954939,0.01066940046322664,0.014772664129348282,0.2729873922032329,0.2571428571428572,0.8333333333333334,0.83,0.04710341093665404,67814098.0
534,United Kingdom,2021-07-17,53969.0,60.0,272.898,40.8,18.517,12.527,0.04715182629232778,0.13802083333333334,0.02619037787954939,0.01066940046322664,0.014772664129348282,0.2729873922032329,0.2571428571428572,0.8333333333333334,0.83,0.04710341093665404,67814098.0
535,United Kingdom,2021-07-18,47599.0,73.0,272.898,40.8,18.517,12.527,0.04715182629232778,0.13802083333333334,0.02619037787954939,0.01066940046322664,0.014772664129348282,0.2729873922032329,0.2571428571428572,0.8333333333333334,0.83,0.04710341093665404,67814098.0
536,United Kingdom,2021-07-19,39538.0,88.0,272.898,40.8,18.517,12.527,0.04715182629232778,0.13802083333333334,0.02619037787954939,0.01066940046322664,0.014772664129348282,0.2729873922032329,0.2571428571428572,0.8333333333333334,0.83,0.04710341093665404,67814098.0
537,United Kingdom,2021-07-20,46125.0,68.0,272.898,40.8,18.517,12.527,0.04715182629232778,0.13802083333333334,0.02619037787954939,0.01066940046322664,0.014772664129348282,0.2729873922032329,0.2571428571428572,0.8333333333333334,0.83,0.04710341093665404,67814098.0
538,United Kingdom,2021-07-21,43404.0,61.0,272.898,40.8,18.517,12.527,0.04715182629232778,0.13802083333333334,0.02619037787954939,0.01066940046322664,0.014772664129348282,0.2729873922032329,0.2571428571428572,0.8333333333333334,0.83,0.04710341093665404,67814098.0
539,United Kingdom,2021-07-22,39315.0,86.0,272.898,40.8,18.517,12.527,0.04715182629232778,0.13802083333333334,0.02619037787954939,0.01066940046322664,0.014772664129348282,0.2729873922032329,0.2571428571428572,0.8333333333333334,0.83,0.04710341093665404,67814098.0
540,United Kingdom,2021-07-23,35654.0,83.0,272.898,40.8,18.517,12.527,0.04715182629232778,0.13802083333333334,0.02619037787954939,0.01066940046322664,0.014772664129348282,0.2729873922032329,0.2571428571428572,0.8333333333333334,0.83,0.04710341093665404,67814098.0
541,United Kingdom,2021-07-24,31285.0,69.0,272.898,40.8,18.517,12.527,0.04715182629232778,0.13802083333333334,0.02619037787954939,0.01066940046322664,0.014772664129348282,0.2729873922032329,0.2571428571428572,0.8333333333333334,0.83,0.04710341093665404,67814098.0
542,United Kingdom,2021-07-25,28652.0,73.0,272.898,40.8,18.517,12.527,0.04715182629232778,0.13802083333333334,0.02619037787954939,0.01066940046322664,0.014772664129348282,0.2729873922032329,0.2571428571428572,0.8333333333333334,0.83,0.04710341093665404,67814098.0
543,United Kingdom,2021-07-26,24386.0,79.0,272.898,40.8,18.517,12.527,0.04715182629232778,0.13802083333333334,0.02619037787954939,0.01066940046322664,0.014772664129348282,0.2729873922032329,0.2571428571428572,0.8333333333333334,0.83,0.04710341093665404,67814098.0
544,United Kingdom,2021-07-27,23228.0,77.0,272.898,40.8,18.517,12.527,0.04715182629232778,0.13802083333333334,0.02619037787954939,0.01066940046322664,0.014772664129348282,0.2729873922032329,0.2571428571428572,0.8333333333333334,0.83,0.04710341093665404,67814098.0
545,United Kingdom,2021-07-28,25402.0,84.0,272.898,40.8,18.517,12.527,0.04715182629232778,0.13802083333333334,0.02619037787954939,0.01066940046322664,0.014772664129348282,0.2729873922032329,0.2571428571428572,0.8333333333333334,0.83,0.04710341093665404,67814098.0
546,United Kingdom,2021-07-29,30633.0,88.0,272.898,40.8,18.517,12.527,0.04715182629232778,0.13802083333333334,0.02619037787954939,0.01066940046322664,0.014772664129348282,0.2729873922032329,0.2571428571428572,0.8333333333333334,0.83,0.04710341093665404,67814098.0
547,United Kingdom,2021-07-30,29213.0,105.0,272.898,40.8,18.517,12.527,0.04715182629232778,0.13802083333333334,0.02619037787954939,0.01066940046322664,0.014772664129348282,0.2729873922032329,0.2571428571428572,0.8333333333333334,0.83,0.04710341093665404,67814098.0
548,United Kingdom,2021-07-31,25754.0,92.0,272.898,40.8,18.517,12.527,0.04715182629232778,0.13802083333333334,0.02619037787954939,0.01066940046322664,0.014772664129348282,0.2729873922032329,0.2571428571428572,0.8333333333333334,0.83,0.04710341093665404,67814098.0
549,United Kingdom,2021-08-01,24139.0,97.0,272.898,40.8,18.517,12.527,0.04715182629232778,0.13802083333333334,0.02619037787954939,0.01066940046322664,0.014772664129348282,0.2729873922032329,0.2571428571428572,0.8333333333333334,0.83,0.04710341093665404,67814098.0
550,United Kingdom,2021-08-02,21687.0,92.0,272.898,40.8,18.517,12.527,0.04715182629232778,0.13802083333333334,0.02619037787954939,0.01066940046322664,0.014772664129348282,0.2729873922032329,0.2571428571428572,0.8333333333333334,0.83,0.04710341093665404,67814098.0
551,United Kingdom,2021-08-03,21466.0,80.0,272.898,40.8,18.517,12.527,0.04715182629232778,0.13802083333333334,0.02619037787954939,0.01066940046322664,0.014772664129348282,0.2729873922032329,0.2571428571428572,0.8333333333333334,0.83,0.04710341093665404,67814098.0
552,United Kingdom,2021-08-04,28936.0,92.0,272.898,40.8,18.517,12.527,0.04715182629232778,0.13802083333333334,0.02619037787954939,0.01066940046322664,0.014772664129348282,0.2729873922032329,0.2571428571428572,0.8333333333333334,0.83,0.04710341093665404,67814098.0
553,United Kingdom,2021-08-05,29825.0,101.0,272.898,40.8,18.517,12.527,0.04715182629232778,0.13802083333333334,0.02619037787954939,0.01066940046322664,0.014772664129348282,0.2729873922032329,0.2571428571428572,0.8333333333333334,0.83,0.04710341093665404,67814098.0
554,United Kingdom,2021-08-06,31442.0,98.0,272.898,40.8,18.517,12.527,0.04715182629232778,0.13802083333333334,0.02619037787954939,0.01066940046322664,0.014772664129348282,0.2729873922032329,0.2571428571428572,0.8333333333333334,0.83,0.04710341093665404,67814098.0
555,United Kingdom,2021-08-07,28229.0,106.0,272.898,40.8,18.517,12.527,0.04715182629232778,0.13802083333333334,0.02619037787954939,0.01066940046322664,0.014772664129348282,0.2729873922032329,0.2571428571428572,0.8333333333333334,0.83,0.04710341093665404,67814098.0
556,United Kingdom,2021-08-08,27110.0,84.0,272.898,40.8,18.517,12.527,0.04715182629232778,0.13802083333333334,0.02619037787954939,0.01066940046322664,0.014772664129348282,0.2729873922032329,0.2571428571428572,0.8333333333333334,0.83,0.04710341093665404,67814098.0
557,United Kingdom,2021-08-09,24881.0,84.0,272.898,40.8,18.517,12.527,0.04715182629232778,0.13802083333333334,0.02619037787954939,0.01066940046322664,0.014772664129348282,0.2729873922032329,0.2571428571428572,0.8333333333333334,0.83,0.04710341093665404,67814098.0
558,United Kingdom,2021-08-10,23297.0,85.0,272.898,40.8,18.517,12.527,0.04715182629232778,0.13802083333333334,0.02619037787954939,0.01066940046322664,0.014772664129348282,0.2729873922032329,0.2571428571428572,0.8333333333333334,0.83,0.04710341093665404,67814098.0
559,United Kingdom,2021-08-11,29260.0,89.0,272.898,40.8,18.517,12.527,0.04715182629232778,0.13802083333333334,0.02619037787954939,0.01066940046322664,0.014772664129348282,0.2729873922032329,0.2571428571428572,0.8333333333333334,0.83,0.04710341093665404,67814098.0
560,United Kingdom,2021-08-12,32706.0,106.0,272.898,40.8,18.517,12.527,0.04715182629232778,0.13802083333333334,0.02619037787954939,0.01066940046322664,0.014772664129348282,0.2729873922032329,0.2571428571428572,0.8333333333333334,0.83,0.04710341093665404,67814098.0
561,United Kingdom,2021-08-13,32362.0,98.0,272.898,40.8,18.517,12.527,0.04715182629232778,0.13802083333333334,0.02619037787954939,0.01066940046322664,0.014772664129348282,0.2729873922032329,0.2571428571428572,0.8333333333333334,0.83,0.04710341093665404,67814098.0
562,United Kingdom,2021-08-14,29143.0,104.0,272.898,40.8,18.517,12.527,0.04715182629232778,0.13802083333333334,0.02619037787954939,0.01066940046322664,0.014772664129348282,0.2729873922032329,0.2571428571428572,0.8333333333333334,0.83,0.04710341093665404,67814098.0
563,United Kingdom,2021-08-15,26426.0,91.0,272.898,40.8,18.517,12.527,0.04715182629232778,0.13802083333333334,0.02619037787954939,0.01066940046322664,0.014772664129348282,0.2729873922032329,0.2571428571428572,0.8333333333333334,0.83,0.04710341093665404,67814098.0
564,United Kingdom,2021-08-16,28176.0,89.0,272.898,40.8,18.517,12.527,0.04715182629232778,0.13802083333333334,0.02619037787954939,0.01066940046322664,0.014772664129348282,0.2729873922032329,0.2571428571428572,0.8333333333333334,0.83,0.04710341093665404,67814098.0
565,United Kingdom,2021-08-17,26628.0,102.0,272.898,40.8,18.517,12.527,0.04715182629232778,0.13802083333333334,0.02619037787954939,0.01066940046322664,0.014772664129348282,0.2729873922032329,0.2571428571428572,0.8333333333333334,0.83,0.04710341093665404,67814098.0
566,United Kingdom,2021-08-18,33646.0,111.0,272.898,40.8,18.517,12.527,0.04715182629232778,0.13802083333333334,0.02619037787954939,0.01066940046322664,0.014772664129348282,0.2729873922032329,0.2571428571428572,0.8333333333333334,0.83,0.04710341093665404,67814098.0
567,United Kingdom,2021-08-19,36273.0,115.0,272.898,40.8,18.517,12.527,0.04715182629232778,0.13802083333333334,0.02619037787954939,0.01066940046322664,0.014772664129348282,0.2729873922032329,0.2571428571428572,0.8333333333333334,0.83,0.04710341093665404,67814098.0
568,United Kingdom,2021-08-20,36987.0,127.0,272.898,40.8,18.517,12.527,0.04715182629232778,0.13802083333333334,0.02619037787954939,0.01066940046322664,0.014772664129348282,0.2729873922032329,0.2571428571428572,0.8333333333333334,0.83,0.04710341093665404,67814098.0
569,United Kingdom,2021-08-21,31783.0,118.0,272.898,40.8,18.517,12.527,0.04715182629232778,0.13802083333333334,0.02619037787954939,0.01066940046322664,0.014772664129348282,0.2729873922032329,0.2571428571428572,0.8333333333333334,0.83,0.04710341093665404,67814098.0
570,United Kingdom,2021-08-22,31976.0,129.0,272.898,40.8,18.517,12.527,0.04715182629232778,0.13802083333333334,0.02619037787954939,0.01066940046322664,0.014772664129348282,0.2729873922032329,0.2571428571428572,0.8333333333333334,0.83,0.04710341093665404,67814098.0
571,United Kingdom,2021-08-23,31675.0,120.0,272.898,40.8,18.517,12.527,0.04715182629232778,0.13802083333333334,0.02619037787954939,0.01066940046322664,0.014772664129348282,0.2729873922032329,0.2571428571428572,0.8333333333333334,0.83,0.04710341093665404,67814098.0
572,United Kingdom,2021-08-24,30619.0,118.0,272.898,40.8,18.517,12.527,0.04715182629232778,0.13802083333333334,0.02619037787954939,0.01066940046322664,0.014772664129348282,0.2729873922032329,0.2571428571428572,0.8333333333333334,0.83,0.04710341093665404,67814098.0
573,United Kingdom,2021-08-25,35547.0,108.0,272.898,40.8,18.517,12.527,0.04715182629232778,0.13802083333333334,0.02619037787954939,0.01066940046322664,0.014772664129348282,0.2729873922032329,0.2571428571428572,0.8333333333333334,0.83,0.04710341093665404,67814098.0
574,United Kingdom,2021-08-26,37962.0,125.0,272.898,40.8,18.517,12.527,0.04715182629232778,0.13802083333333334,0.02619037787954939,0.01066940046322664,0.014772664129348282,0.2729873922032329,0.2571428571428572,0.8333333333333334,0.83,0.04710341093665404,67814098.0
575,United Kingdom,2021-08-27,37690.0,139.0,272.898,40.8,18.517,12.527,0.04715182629232778,0.13802083333333334,0.02619037787954939,0.01066940046322664,0.014772664129348282,0.2729873922032329,0.2571428571428572,0.8333333333333334,0.83,0.04710341093665404,67814098.0
576,United Kingdom,2021-08-28,32087.0,134.0,272.898,40.8,18.517,12.527,0.04715182629232778,0.13802083333333334,0.02619037787954939,0.01066940046322664,0.014772664129348282,0.2729873922032329,0.2571428571428572,0.8333333333333334,0.83,0.04710341093665404,67814098.0
577,United Kingdom,2021-08-29,32937.0,139.0,272.898,40.8,18.517,12.527,0.04715182629232778,0.13802083333333334,0.02619037787954939,0.01066940046322664,0.014772664129348282,0.2729873922032329,0.2571428571428572,0.8333333333333334,0.83,0.04710341093665404,67814098.0
578,United Kingdom,2021-08-30,26227.0,109.0,272.898,40.8,18.517,12.527,0.04715182629232778,0.13802083333333334,0.02619037787954939,0.01066940046322664,0.014772664129348282,0.2729873922032329,0.2571428571428572,0.8333333333333334,0.83,0.04710341093665404,67814098.0
579,United Kingdom,2021-08-31,31931.0,128.0,272.898,40.8,18.517,12.527,0.04715182629232778,0.13802083333333334,0.02619037787954939,0.01066940046322664,0.014772664129348282,0.2729873922032329,0.2571428571428572,0.8333333333333334,0.83,0.04710341093665404,67814098.0
580,United Kingdom,2021-09-01,35493.0,125.0,272.898,40.8,18.517,12.527,0.04715182629232778,0.13802083333333334,0.02619037787954939,0.01066940046322664,0.014772664129348282,0.2729873922032329,0.2571428571428572,0.8333333333333334,0.83,0.04710341093665404,67814098.0
581,United Kingdom,2021-09-02,37830.0,137.0,272.898,40.8,18.517,12.527,0.04715182629232778,0.13802083333333334,0.02619037787954939,0.01066940046322664,0.014772664129348282,0.2729873922032329,0.2571428571428572,0.8333333333333334,0.83,0.04710341093665404,67814098.0
582,United Kingdom,2021-09-03,42065.0,152.0,272.898,40.8,18.517,12.527,0.04715182629232778,0.13802083333333334,0.02619037787954939,0.01066940046322664,0.014772664129348282,0.2729873922032329,0.2571428571428572,0.8333333333333334,0.83,0.04710341093665404,67814098.0
583,United Kingdom,2021-09-04,36642.0,146.0,272.898,40.8,18.517,12.527,0.04715182629232778,0.13802083333333334,0.02619037787954939,0.01066940046322664,0.014772664129348282,0.2729873922032329,0.2571428571428572,0.8333333333333334,0.83,0.04710341093665404,67814098.0
584,United Kingdom,2021-09-05,36515.0,164.0,272.898,40.8,18.517,12.527,0.04715182629232778,0.13802083333333334,0.02619037787954939,0.01066940046322664,0.014772664129348282,0.2729873922032329,0.2571428571428572,0.8333333333333334,0.83,0.04710341093665404,67814098.0
585,United Kingdom,2021-09-06,40801.0,157.0,272.898,40.8,18.517,12.527,0.04715182629232778,0.13802083333333334,0.02619037787954939,0.01066940046322664,0.014772664129348282,0.2729873922032329,0.2571428571428572,0.8333333333333334,0.83,0.04710341093665404,67814098.0
586,United Kingdom,2021-09-07,37179.0,166.0,272.898,40.8,18.517,12.527,0.04715182629232778,0.13802083333333334,0.02619037787954939,0.01066940046322664,0.014772664129348282,0.2729873922032329,0.2571428571428572,0.8333333333333334,0.83,0.04710341093665404,67814098.0
587,United Kingdom,2021-09-08,38486.0,143.0,272.898,40.8,18.517,12.527,0.04715182629232778,0.13802083333333334,0.02619037787954939,0.01066940046322664,0.014772664129348282,0.2729873922032329,0.2571428571428572,0.8333333333333334,0.83,0.04710341093665404,67814098.0
588,United Kingdom,2021-09-09,37480.0,180.0,272.898,40.8,18.517,12.527,0.04715182629232778,0.13802083333333334,0.02619037787954939,0.01066940046322664,0.014772664129348282,0.2729873922032329,0.2571428571428572,0.8333333333333334,0.83,0.04710341093665404,67814098.0
589,United Kingdom,2021-09-10,36734.0,150.0,272.898,40.8,18.517,12.527,0.04715182629232778,0.13802083333333334,0.02619037787954939,0.01066940046322664,0.014772664129348282,0.2729873922032329,0.2571428571428572,0.8333333333333334,0.83,0.04710341093665404,67814098.0
590,United Kingdom,2021-09-11,28856.0,145.0,272.898,40.8,18.517,12.527,0.04715182629232778,0.13802083333333334,0.02619037787954939,0.01066940046322664,0.014772664129348282,0.2729873922032329,0.2571428571428572,0.8333333333333334,0.83,0.04710341093665404,67814098.0
591,United Kingdom,2021-09-12,28614.0,141.0,272.898,40.8,18.517,12.527,0.04715182629232778,0.13802083333333334,0.02619037787954939,0.01066940046322664,0.014772664129348282,0.2729873922032329,0.2571428571428572,0.8333333333333334,0.83,0.04710341093665404,67814098.0
592,United Kingdom,2021-09-13,30283.0,119.0,272.898,40.8,18.517,12.527,0.04715182629232778,0.13802083333333334,0.02619037787954939,0.01066940046322664,0.014772664129348282,0.2729873922032329,0.2571428571428572,0.8333333333333334,0.83,0.04710341093665404,67814098.0
593,United Kingdom,2021-09-14,26251.0,170.0,272.898,40.8,18.517,12.527,0.04715182629232778,0.13802083333333334,0.02619037787954939,0.01066940046322664,0.014772664129348282,0.2729873922032329,0.2571428571428572,0.8333333333333334,0.83,0.04710341093665404,67814098.0
594,United Kingdom,2021-09-15,29873.0,169.0,272.898,40.8,18.517,12.527,0.04715182629232778,0.13802083333333334,0.02619037787954939,0.01066940046322664,0.014772664129348282,0.2729873922032329,0.2571428571428572,0.8333333333333334,0.83,0.04710341093665404,67814098.0
595,United Kingdom,2021-09-16,26326.0,162.0,272.898,40.8,18.517,12.527,0.04715182629232778,0.13802083333333334,0.02619037787954939,0.01066940046322664,0.014772664129348282,0.2729873922032329,0.2571428571428572,0.8333333333333334,0.83,0.04710341093665404,67814098.0
596,United Kingdom,2021-09-17,32292.0,184.0,272.898,40.8,18.517,12.527,0.04715182629232778,0.13802083333333334,0.02619037787954939,0.01066940046322664,0.014772664129348282,0.2729873922032329,0.2571428571428572,0.8333333333333334,0.83,0.04710341093665404,67814098.0
597,United Kingdom,2021-09-18,29438.0,137.0,272.898,40.8,18.517,12.527,0.04715182629232778,0.13802083333333334,0.02619037787954939,0.01066940046322664,0.014772664129348282,0.2729873922032329,0.2571428571428572,0.8333333333333334,0.83,0.04710341093665404,67814098.0
598,United Kingdom,2021-09-19,29007.0,137.0,272.898,40.8,18.517,12.527,0.04715182629232778,0.13802083333333334,0.02619037787954939,0.01066940046322664,0.014772664129348282,0.2729873922032329,0.2571428571428572,0.8333333333333334,0.83,0.04710341093665404,67814098.0
599,United Kingdom,2021-09-20,35702.0,159.0,272.898,40.8,18.517,12.527,0.04715182629232778,0.13802083333333334,0.02619037787954939,0.01066940046322664,0.014772664129348282,0.2729873922032329,0.2571428571428572,0.8333333333333334,0.83,0.04710341093665404,67814098.0
600,United Kingdom,2021-09-21,31095.0,139.0,272.898,40.8,18.517,12.527,0.04715182629232778,0.13802083333333334,0.02619037787954939,0.01066940046322664,0.014772664129348282,0.2729873922032329,0.2571428571428572,0.8333333333333334,0.83,0.04710341093665404,67814098.0
601,United Kingdom,2021-09-22,33560.0,159.0,272.898,40.8,18.517,12.527,0.04715182629232778,0.13802083333333334,0.02619037787954939,0.01066940046322664,0.014772664129348282,0.2729873922032329,0.2571428571428572,0.8333333333333334,0.83,0.04710341093665404,67814098.0
602,United Kingdom,2021-09-23,35764.0,149.0,272.898,40.8,18.517,12.527,0.04715182629232778,0.13802083333333334,0.02619037787954939,0.01066940046322664,0.014772664129348282,0.2729873922032329,0.2571428571428572,0.8333333333333334,0.83,0.04710341093665404,67814098.0
603,United Kingdom,2021-09-24,35620.0,141.0,272.898,40.8,18.517,12.527,0.04715182629232778,0.13802083333333334,0.02619037787954939,0.01066940046322664,0.014772664129348282,0.2729873922032329,0.2571428571428572,0.8333333333333334,0.83,0.04710341093665404,67814098.0
604,United Kingdom,2021-09-25,29746.0,128.0,272.898,40.8,18.517,12.527,0.04715182629232778,0.13802083333333334,0.02619037787954939,0.01066940046322664,0.014772664129348282,0.2729873922032329,0.2571428571428572,0.8333333333333334,0.83,0.04710341093665404,67814098.0
605,United Kingdom,2021-09-26,32997.0,111.0,272.898,40.8,18.517,12.527,0.04715182629232778,0.13802083333333334,0.02619037787954939,0.01066940046322664,0.014772664129348282,0.2729873922032329,0.2571428571428572,0.8333333333333334,0.83,0.04710341093665404,67814098.0
606,United Kingdom,2021-09-27,37485.0,127.0,272.898,40.8,18.517,12.527,0.04715182629232778,0.13802083333333334,0.02619037787954939,0.01066940046322664,0.014772664129348282,0.2729873922032329,0.2571428571428572,0.8333333333333334,0.83,0.04710341093665404,67814098.0
607,United Kingdom,2021-09-28,34520.0,121.0,272.898,40.8,18.517,12.527,0.04715182629232778,0.13802083333333334,0.02619037787954939,0.01066940046322664,0.014772664129348282,0.2729873922032329,0.2571428571428572,0.8333333333333334,0.83,0.04710341093665404,67814098.0
608,United Kingdom,2021-09-29,35059.0,142.0,272.898,40.8,18.517,12.527,0.04715182629232778,0.13802083333333334,0.02619037787954939,0.01066940046322664,0.014772664129348282,0.2729873922032329,0.2571428571428572,0.8333333333333334,0.83,0.04710341093665404,67814098.0
609,United Kingdom,2021-09-30,35742.0,129.0,272.898,40.8,18.517,12.527,0.04715182629232778,0.13802083333333334,0.02619037787954939,0.01066940046322664,0.014772664129348282,0.2729873922032329,0.2571428571428572,0.8333333333333334,0.83,0.04710341093665404,67814098.0
610,United Kingdom,2021-10-01,34589.0,139.0,272.898,40.8,18.517,12.527,0.04715182629232778,0.13802083333333334,0.02619037787954939,0.01066940046322664,0.014772664129348282,0.2729873922032329,0.2571428571428572,0.8333333333333334,0.83,0.04710341093665404,67814098.0
611,United Kingdom,2021-10-02,29389.0,118.0,272.898,40.8,18.517,12.527,0.04715182629232778,0.13802083333333334,0.02619037787954939,0.01066940046322664,0.014772664129348282,0.2729873922032329,0.2571428571428572,0.8333333333333334,0.83,0.04710341093665404,67814098.0
612,United Kingdom,2021-10-03,29666.0,107.0,272.898,40.8,18.517,12.527,0.04715182629232778,0.13802083333333334,0.02619037787954939,0.01066940046322664,0.014772664129348282,0.2729873922032329,0.2571428571428572,0.8333333333333334,0.83,0.04710341093665404,67814098.0
613,United Kingdom,2021-10-04,34256.0,113.0,272.898,40.8,18.517,12.527,0.04715182629232778,0.13802083333333334,0.02619037787954939,0.01066940046322664,0.014772664129348282,0.2729873922032329,0.2571428571428572,0.8333333333333334,0.83,0.04710341093665404,67814098.0
614,United Kingdom,2021-10-05,33049.0,135.0,272.898,40.8,18.517,12.527,0.04715182629232778,0.13802083333333334,0.02619037787954939,0.01066940046322664,0.014772664129348282,0.2729873922032329,0.2571428571428572,0.8333333333333334,0.83,0.04710341093665404,67814098.0
615,United Kingdom,2021-10-06,38675.0,114.0,272.898,40.8,18.517,12.527,0.04715182629232778,0.13802083333333334,0.02619037787954939,0.01066940046322664,0.014772664129348282,0.2729873922032329,0.2571428571428572,0.8333333333333334,0.83,0.04710341093665404,67814098.0
616,United Kingdom,2021-10-07,39730.0,133.0,272.898,40.8,18.517,12.527,0.04715182629232778,0.13802083333333334,0.02619037787954939,0.01066940046322664,0.014772664129348282,0.2729873922032329,0.2571428571428572,0.8333333333333334,0.83,0.04710341093665404,67814098.0
617,United Kingdom,2021-10-08,34910.0,122.0,272.898,40.8,18.517,12.527,0.04715182629232778,0.13802083333333334,0.02619037787954939,0.01066940046322664,0.014772664129348282,0.2729873922032329,0.2571428571428572,0.8333333333333334,0.83,0.04710341093665404,67814098.0
618,United Kingdom,2021-10-09,39413.0,121.0,272.898,40.8,18.517,12.527,0.04715182629232778,0.13802083333333334,0.02619037787954939,0.01066940046322664,0.014772664129348282,0.2729873922032329,0.2571428571428572,0.8333333333333334,0.83,0.04710341093665404,67814098.0
619,United Kingdom,2021-10-10,33593.0,115.0,272.898,40.8,18.517,12.527,0.04715182629232778,0.13802083333333334,0.02619037787954939,0.01066940046322664,0.014772664129348282,0.2729873922032329,0.2571428571428572,0.8333333333333334,0.83,0.04710341093665404,67814098.0
620,United Kingdom,2021-10-11,39463.0,138.0,272.898,40.8,18.517,12.527,0.04715182629232778,0.13802083333333334,0.02619037787954939,0.01066940046322664,0.014772664129348282,0.2729873922032329,0.2571428571428572,0.8333333333333334,0.83,0.04710341093665404,67814098.0
621,United Kingdom,2021-10-12,37668.0,136.0,272.898,40.8,18.517,12.527,0.04715182629232778,0.13802083333333334,0.02619037787954939,0.01066940046322664,0.014772664129348282,0.2729873922032329,0.2571428571428572,0.8333333333333334,0.83,0.04710341093665404,67814098.0
622,United Kingdom,2021-10-13,41446.0,137.0,272.898,40.8,18.517,12.527,0.04715182629232778,0.13802083333333334,0.02619037787954939,0.01066940046322664,0.014772664129348282,0.2729873922032329,0.2571428571428572,0.8333333333333334,0.83,0.04710341093665404,67814098.0
623,United Kingdom,2021-10-14,44556.0,161.0,272.898,40.8,18.517,12.527,0.04715182629232778,0.13802083333333334,0.02619037787954939,0.01066940046322664,0.014772664129348282,0.2729873922032329,0.2571428571428572,0.8333333333333334,0.83,0.04710341093665404,67814098.0
624,United Kingdom,2021-10-15,44212.0,140.0,272.898,40.8,18.517,12.527,0.04715182629232778,0.13802083333333334,0.02619037787954939,0.01066940046322664,0.014772664129348282,0.2729873922032329,0.2571428571428572,0.8333333333333334,0.83,0.04710341093665404,67814098.0
625,United Kingdom,2021-10-16,42818.0,152.0,272.898,40.8,18.517,12.527,0.04715182629232778,0.13802083333333334,0.02619037787954939,0.01066940046322664,0.014772664129348282,0.2729873922032329,0.2571428571428572,0.8333333333333334,0.83,0.04710341093665404,67814098.0
626,United Kingdom,2021-10-17,44696.0,141.0,272.898,40.8,18.517,12.527,0.04715182629232778,0.13802083333333334,0.02619037787954939,0.01066940046322664,0.014772664129348282,0.2729873922032329,0.2571428571428572,0.8333333333333334,0.83,0.04710341093665404,67814098.0
627,United Kingdom,2021-10-18,48703.0,139.0,272.898,40.8,18.517,12.527,0.04715182629232778,0.13802083333333334,0.02619037787954939,0.01066940046322664,0.014772664129348282,0.2729873922032329,0.2571428571428572,0.8333333333333334,0.83,0.04710341093665404,67814098.0
628,United Kingdom,2021-10-19,43324.0,143.0,272.898,40.8,18.517,12.527,0.04715182629232778,0.13802083333333334,0.02619037787954939,0.01066940046322664,0.014772664129348282,0.2729873922032329,0.2571428571428572,0.8333333333333334,0.83,0.04710341093665404,67814098.0
629,United Kingdom,2021-10-20,48545.0,154.0,272.898,40.8,18.517,12.527,0.04715182629232778,0.13802083333333334,0.02619037787954939,0.01066940046322664,0.014772664129348282,0.2729873922032329,0.2571428571428572,0.8333333333333334,0.83,0.04710341093665404,67814098.0
630,United Kingdom,2021-10-21,51484.0,165.0,272.898,40.8,18.517,12.527,0.04715182629232778,0.13802083333333334,0.02619037787954939,0.01066940046322664,0.014772664129348282,0.2729873922032329,0.2571428571428572,0.8333333333333334,0.83,0.04710341093665404,67814098.0
631,United Kingdom,2021-10-22,48728.0,151.0,272.898,40.8,18.517,12.527,0.04715182629232778,0.13802083333333334,0.02619037787954939,0.01066940046322664,0.014772664129348282,0.2729873922032329,0.2571428571428572,0.8333333333333334,0.83,0.04710341093665404,67814098.0
632,United Kingdom,2021-10-23,44985.0,172.0,272.898,40.8,18.517,12.527,0.04715182629232778,0.13802083333333334,0.02619037787954939,0.01066940046322664,0.014772664129348282,0.2729873922032329,0.2571428571428572,0.8333333333333334,0.83,0.04710341093665404,67814098.0
633,United Kingdom,2021-10-24,38740.0,167.0,272.898,40.8,18.517,12.527,0.04715182629232778,0.13802083333333334,0.02619037787954939,0.01066940046322664,0.014772664129348282,0.2729873922032329,0.2571428571428572,0.8333333333333334,0.83,0.04710341093665404,67814098.0
634,United Kingdom,2021-10-25,36100.0,149.0,272.898,40.8,18.517,12.527,0.04715182629232778,0.13802083333333334,0.02619037787954939,0.01066940046322664,0.014772664129348282,0.2729873922032329,0.2571428571428572,0.8333333333333334,0.83,0.04710341093665404,67814098.0
635,United Kingdom,2021-10-26,43453.0,179.0,272.898,40.8,18.517,12.527,0.04715182629232778,0.13802083333333334,0.02619037787954939,0.01066940046322664,0.014772664129348282,0.2729873922032329,0.2571428571428572,0.8333333333333334,0.83,0.04710341093665404,67814098.0
636,United Kingdom,2021-10-27,43922.0,177.0,272.898,40.8,18.517,12.527,0.04715182629232778,0.13802083333333334,0.02619037787954939,0.01066940046322664,0.014772664129348282,0.2729873922032329,0.2571428571428572,0.8333333333333334,0.83,0.04710341093665404,67814098.0
637,United Kingdom,2021-10-28,39006.0,199.0,272.898,40.8,18.517,12.527,0.04715182629232778,0.13802083333333334,0.02619037787954939,0.01066940046322664,0.014772664129348282,0.2729873922032329,0.2571428571428572,0.8333333333333334,0.83,0.04710341093665404,67814098.0
638,United Kingdom,2021-10-29,43081.0,185.0,272.898,40.8,18.517,12.527,0.04715182629232778,0.13802083333333334,0.02619037787954939,0.01066940046322664,0.014772664129348282,0.2729873922032329,0.2571428571428572,0.8333333333333334,0.83,0.04710341093665404,67814098.0
639,United Kingdom,2021-10-30,40726.0,165.0,272.898,40.8,18.517,12.527,0.04715182629232778,0.13802083333333334,0.02619037787954939,0.01066940046322664,0.014772664129348282,0.2729873922032329,0.2571428571428572,0.8333333333333334,0.83,0.04710341093665404,67814098.0
640,United Kingdom,2021-10-31,37667.0,196.0,272.898,40.8,18.517,12.527,0.04715182629232778,0.13802083333333334,0.02619037787954939,0.01066940046322664,0.014772664129348282,0.2729873922032329,0.2571428571428572,0.8333333333333334,0.83,0.04710341093665404,67814098.0
641,United Kingdom,2021-11-01,39682.0,192.0,272.898,40.8,18.517,12.527,0.04715182629232778,0.13802083333333334,0.02619037787954939,0.01066940046322664,0.014772664129348282,0.2729873922032329,0.2571428571428572,0.8333333333333334,0.83,0.04710341093665404,67814098.0
642,United Kingdom,2021-11-02,33546.0,165.0,272.898,40.8,18.517,12.527,0.04715182629232778,0.13802083333333334,0.02619037787954939,0.01066940046322664,0.014772664129348282,0.2729873922032329,0.2571428571428572,0.8333333333333334,0.83,0.04710341093665404,67814098.0
643,United Kingdom,2021-11-03,40803.0,184.0,272.898,40.8,18.517,12.527,0.04715182629232778,0.13802083333333334,0.02619037787954939,0.01066940046322664,0.014772664129348282,0.2729873922032329,0.2571428571428572,0.8333333333333334,0.83,0.04710341093665404,67814098.0
644,United Kingdom,2021-11-04,36559.0,169.0,272.898,40.8,18.517,12.527,0.04715182629232778,0.13802083333333334,0.02619037787954939,0.01066940046322664,0.014772664129348282,0.2729873922032329,0.2571428571428572,0.8333333333333334,0.83,0.04710341093665404,67814098.0
645,United Kingdom,2021-11-05,33697.0,166.0,272.898,40.8,18.517,12.527,0.04715182629232778,0.13802083333333334,0.02619037787954939,0.01066940046322664,0.014772664129348282,0.2729873922032329,0.2571428571428572,0.8333333333333334,0.83,0.04710341093665404,67814098.0
646,United Kingdom,2021-11-06,30150.0,171.0,272.898,40.8,18.517,12.527,0.04715182629232778,0.13802083333333334,0.02619037787954939,0.01066940046322664,0.014772664129348282,0.2729873922032329,0.2571428571428572,0.8333333333333334,0.83,0.04710341093665404,67814098.0
647,United Kingdom,2021-11-07,29843.0,161.0,272.898,40.8,18.517,12.527,0.04715182629232778,0.13802083333333334,0.02619037787954939,0.01066940046322664,0.014772664129348282,0.2729873922032329,0.2571428571428572,0.8333333333333334,0.83,0.04710341093665404,67814098.0
648,United Kingdom,2021-11-08,31982.0,161.0,272.898,40.8,18.517,12.527,0.04715182629232778,0.13802083333333334,0.02619037787954939,0.01066940046322664,0.014772664129348282,0.2729873922032329,0.2571428571428572,0.8333333333333334,0.83,0.04710341093665404,67814098.0
649,United Kingdom,2021-11-09,32785.0,157.0,272.898,40.8,18.517,12.527,0.04715182629232778,0.13802083333333334,0.02619037787954939,0.01066940046322664,0.014772664129348282,0.2729873922032329,0.2571428571428572,0.8333333333333334,0.83,0.04710341093665404,67814098.0
650,United Kingdom,2021-11-10,39325.0,170.0,272.898,40.8,18.517,12.527,0.04715182629232778,0.13802083333333334,0.02619037787954939,0.01066940046322664,0.014772664129348282,0.2729873922032329,0.2571428571428572,0.8333333333333334,0.83,0.04710341093665404,67814098.0
651,United Kingdom,2021-11-11,42401.0,158.0,272.898,40.8,18.517,12.527,0.04715182629232778,0.13802083333333334,0.02619037787954939,0.01066940046322664,0.014772664129348282,0.2729873922032329,0.2571428571428572,0.8333333333333334,0.83,0.04710341093665404,67814098.0
652,United Kingdom,2021-11-12,38900.0,146.0,272.898,40.8,18.517,12.527,0.04715182629232778,0.13802083333333334,0.02619037787954939,0.01066940046322664,0.014772664129348282,0.2729873922032329,0.2571428571428572,0.8333333333333334,0.83,0.04710341093665404,67814098.0
653,United Kingdom,2021-11-13,37669.0,152.0,272.898,40.8,18.517,12.527,0.04715182629232778,0.13802083333333334,0.02619037787954939,0.01066940046322664,0.014772664129348282,0.2729873922032329,0.2571428571428572,0.8333333333333334,0.83,0.04710341093665404,67814098.0
654,United Kingdom,2021-11-14,36128.0,134.0,272.898,40.8,18.517,12.527,0.04715182629232778,0.13802083333333334,0.02619037787954939,0.01066940046322664,0.014772664129348282,0.2729873922032329,0.2571428571428572,0.8333333333333334,0.83,0.04710341093665404,67814098.0
655,United Kingdom,2021-11-15,39270.0,171.0,272.898,40.8,18.517,12.527,0.04715182629232778,0.13802083333333334,0.02619037787954939,0.01066940046322664,0.014772664129348282,0.2729873922032329,0.2571428571428572,0.8333333333333334,0.83,0.04710341093665404,67814098.0
656,United Kingdom,2021-11-16,36821.0,166.0,272.898,40.8,18.517,12.527,0.04715182629232778,0.13802083333333334,0.02619037787954939,0.01066940046322664,0.014772664129348282,0.2729873922032329,0.2571428571428572,0.8333333333333334,0.83,0.04710341093665404,67814098.0
657,United Kingdom,2021-11-17,37868.0,127.0,272.898,40.8,18.517,12.527,0.04715182629232778,0.13802083333333334,0.02619037787954939,0.01066940046322664,0.014772664129348282,0.2729873922032329,0.2571428571428572,0.8333333333333334,0.83,0.04710341093665404,67814098.0
658,United Kingdom,2021-11-18,46858.0,131.0,272.898,40.8,18.517,12.527,0.04715182629232778,0.13802083333333334,0.02619037787954939,0.01066940046322664,0.014772664129348282,0.2729873922032329,0.2571428571428572,0.8333333333333334,0.83,0.04710341093665404,67814098.0
659,United Kingdom,2021-11-19,44237.0,142.0,272.898,40.8,18.517,12.527,0.04715182629232778,0.13802083333333334,0.02619037787954939,0.01066940046322664,0.014772664129348282,0.2729873922032329,0.2571428571428572,0.8333333333333334,0.83,0.04710341093665404,67814098.0
660,United Kingdom,2021-11-20,39881.0,143.0,272.898,40.8,18.517,12.527,0.04715182629232778,0.13802083333333334,0.02619037787954939,0.01066940046322664,0.014772664129348282,0.2729873922032329,0.2571428571428572,0.8333333333333334,0.83,0.04710341093665404,67814098.0
661,United Kingdom,2021-11-21,39458.0,121.0,272.898,40.8,18.517,12.527,0.04715182629232778,0.13802083333333334,0.02619037787954939,0.01066940046322664,0.014772664129348282,0.2729873922032329,0.2571428571428572,0.8333333333333334,0.83,0.04710341093665404,67814098.0
662,United Kingdom,2021-11-22,44434.0,131.0,272.898,40.8,18.517,12.527,0.04715182629232778,0.13802083333333334,0.02619037787954939,0.01066940046322664,0.014772664129348282,0.2729873922032329,0.2571428571428572,0.8333333333333334,0.83,0.04710341093665404,67814098.0
663,United Kingdom,2021-11-23,42482.0,150.0,272.898,40.8,18.517,12.527,0.04715182629232778,0.13802083333333334,0.02619037787954939,0.01066940046322664,0.014772664129348282,0.2729873922032329,0.2571428571428572,0.8333333333333334,0.83,0.04710341093665404,67814098.0
664,United Kingdom,2021-11-24,42435.0,124.0,272.898,40.8,18.517,12.527,0.04715182629232778,0.13802083333333334,0.02619037787954939,0.01066940046322664,0.014772664129348282,0.2729873922032329,0.2571428571428572,0.8333333333333334,0.83,0.04710341093665404,67814098.0
665,United Kingdom,2021-11-25,46654.0,141.0,272.898,40.8,18.517,12.527,0.04715182629232778,0.13802083333333334,0.02619037787954939,0.01066940046322664,0.014772664129348282,0.2729873922032329,0.2571428571428572,0.8333333333333334,0.83,0.04710341093665404,67814098.0
666,United Kingdom,2021-11-26,49344.0,132.0,272.898,40.8,18.517,12.527,0.04715182629232778,0.13802083333333334,0.02619037787954939,0.01066940046322664,0.014772664129348282,0.2729873922032329,0.2571428571428572,0.8333333333333334,0.83,0.04710341093665404,67814098.0
667,United Kingdom,2021-11-27,39567.0,124.0,272.898,40.8,18.517,12.527,0.04715182629232778,0.13802083333333334,0.02619037787954939,0.01066940046322664,0.014772664129348282,0.2729873922032329,0.2571428571428572,0.8333333333333334,0.83,0.04710341093665404,67814098.0
668,United Kingdom,2021-11-28,36507.0,144.0,272.898,40.8,18.517,12.527,0.04715182629232778,0.13802083333333334,0.02619037787954939,0.01066940046322664,0.014772664129348282,0.2729873922032329,0.2571428571428572,0.8333333333333334,0.83,0.04710341093665404,67814098.0
669,United Kingdom,2021-11-29,42144.0,144.0,272.898,40.8,18.517,12.527,0.04715182629232778,0.13802083333333334,0.02619037787954939,0.01066940046322664,0.014772664129348282,0.2729873922032329,0.2571428571428572,0.8333333333333334,0.83,0.04710341093665404,67814098.0
670,United Kingdom,2021-11-30,39713.0,122.0,272.898,40.8,18.517,12.527,0.04715182629232778,0.13802083333333334,0.02619037787954939,0.01066940046322664,0.014772664129348282,0.2729873922032329,0.2571428571428572,0.8333333333333334,0.83,0.04710341093665404,67814098.0
671,United Kingdom,2021-12-01,47235.0,138.0,272.898,40.8,18.517,12.527,0.04715182629232778,0.13802083333333334,0.02619037787954939,0.01066940046322664,0.014772664129348282,0.2729873922032329,0.2571428571428572,0.8333333333333334,0.83,0.04710341093665404,67814098.0
672,United Kingdom,2021-12-02,53067.0,123.0,272.898,40.8,18.517,12.527,0.04715182629232778,0.13802083333333334,0.02619037787954939,0.01066940046322664,0.014772664129348282,0.2729873922032329,0.2571428571428572,0.8333333333333334,0.83,0.04710341093665404,67814098.0
673,United Kingdom,2021-12-03,50573.0,147.0,272.898,40.8,18.517,12.527,0.04715182629232778,0.13802083333333334,0.02619037787954939,0.01066940046322664,0.014772664129348282,0.2729873922032329,0.2571428571428572,0.8333333333333334,0.83,0.04710341093665404,67814098.0
674,United Kingdom,2021-12-04,41457.0,163.0,272.898,40.8,18.517,12.527,0.04715182629232778,0.13802083333333334,0.02619037787954939,0.01066940046322664,0.014772664129348282,0.2729873922032329,0.2571428571428572,0.8333333333333334,0.83,0.04710341093665404,67814098.0
675,United Kingdom,2021-12-05,43285.0,117.0,272.898,40.8,18.517,12.527,0.04715182629232778,0.13802083333333334,0.02619037787954939,0.01066940046322664,0.014772664129348282,0.2729873922032329,0.2571428571428572,0.8333333333333334,0.83,0.04710341093665404,67814098.0
676,United Kingdom,2021-12-06,50850.0,143.0,272.898,40.8,18.517,12.527,0.04715182629232778,0.13802083333333334,0.02619037787954939,0.01066940046322664,0.014772664129348282,0.2729873922032329,0.2571428571428572,0.8333333333333334,0.83,0.04710341093665404,67814098.0
677,United Kingdom,2021-12-07,45102.0,132.0,272.898,40.8,18.517,12.527,0.04715182629232778,0.13802083333333334,0.02619037787954939,0.01066940046322664,0.014772664129348282,0.2729873922032329,0.2571428571428572,0.8333333333333334,0.83,0.04710341093665404,67814098.0
678,United Kingdom,2021-12-08,50617.0,133.0,272.898,40.8,18.517,12.527,0.04715182629232778,0.13802083333333334,0.02619037787954939,0.01066940046322664,0.014772664129348282,0.2729873922032329,0.2571428571428572,0.8333333333333334,0.83,0.04710341093665404,67814098.0
679,United Kingdom,2021-12-09,50023.0,132.0,272.898,40.8,18.517,12.527,0.04715182629232778,0.13802083333333334,0.02619037787954939,0.01066940046322664,0.014772664129348282,0.2729873922032329,0.2571428571428572,0.8333333333333334,0.83,0.04710341093665404,67814098.0
680,United Kingdom,2021-12-10,58184.0,122.0,272.898,40.8,18.517,12.527,0.04715182629232778,0.13802083333333334,0.02619037787954939,0.01066940046322664,0.014772664129348282,0.2729873922032329,0.2571428571428572,0.8333333333333334,0.83,0.04710341093665404,67814098.0
681,United Kingdom,2021-12-11,52279.0,109.0,272.898,40.8,18.517,12.527,0.04715182629232778,0.13802083333333334,0.02619037787954939,0.01066940046322664,0.014772664129348282,0.2729873922032329,0.2571428571428572,0.8333333333333334,0.83,0.04710341093665404,67814098.0
682,United Kingdom,2021-12-12,48071.0,137.0,272.898,40.8,18.517,12.527,0.04715182629232778,0.13802083333333334,0.02619037787954939,0.01066940046322664,0.014772664129348282,0.2729873922032329,0.2571428571428572,0.8333333333333334,0.83,0.04710341093665404,67814098.0
683,United Kingdom,2021-12-13,53953.0,113.0,272.898,40.8,18.517,12.527,0.04715182629232778,0.13802083333333334,0.02619037787954939,0.01066940046322664,0.014772664129348282,0.2729873922032329,0.2571428571428572,0.8333333333333334,0.83,0.04710341093665404,67814098.0
684,United Kingdom,2021-12-14,59077.0,152.0,272.898,40.8,18.517,12.527,0.04715182629232778,0.13802083333333334,0.02619037787954939,0.01066940046322664,0.014772664129348282,0.2729873922032329,0.2571428571428572,0.8333333333333334,0.83,0.04710341093665404,67814098.0
685,United Kingdom,2021-12-15,77741.0,120.0,272.898,40.8,18.517,12.527,0.04715182629232778,0.13802083333333334,0.02619037787954939,0.01066940046322664,0.014772664129348282,0.2729873922032329,0.2571428571428572,0.8333333333333334,0.83,0.04710341093665404,67814098.0
686,United Kingdom,2021-12-16,87565.0,118.0,272.898,40.8,18.517,12.527,0.04715182629232778,0.13802083333333334,0.02619037787954939,0.01066940046322664,0.014772664129348282,0.2729873922032329,0.2571428571428572,0.8333333333333334,0.83,0.04710341093665404,67814098.0
687,United Kingdom,2021-12-17,92503.0,131.0,272.898,40.8,18.517,12.527,0.04715182629232778,0.13802083333333334,0.02619037787954939,0.01066940046322664,0.014772664129348282,0.2729873922032329,0.2571428571428572,0.8333333333333334,0.83,0.04710341093665404,67814098.0
688,United Kingdom,2021-12-18,89074.0,107.0,272.898,40.8,18.517,12.527,0.04715182629232778,0.13802083333333334,0.02619037787954939,0.01066940046322664,0.014772664129348282,0.2729873922032329,0.2571428571428572,0.8333333333333334,0.83,0.04710341093665404,67814098.0
689,United Kingdom,2021-12-19,81959.0,117.0,272.898,40.8,18.517,12.527,0.04715182629232778,0.13802083333333334,0.02619037787954939,0.01066940046322664,0.014772664129348282,0.2729873922032329,0.2571428571428572,0.8333333333333334,0.83,0.04710341093665404,67814098.0
690,United Kingdom,2021-12-20,91734.0,136.0,272.898,40.8,18.517,12.527,0.04715182629232778,0.13802083333333334,0.02619037787954939,0.01066940046322664,0.014772664129348282,0.2729873922032329,0.2571428571428572,0.8333333333333334,0.83,0.04710341093665404,67814098.0
691,United Kingdom,2021-12-21,89022.0,112.0,272.898,40.8,18.517,12.527,0.04715182629232778,0.13802083333333334,0.02619037787954939,0.01066940046322664,0.014772664129348282,0.2729873922032329,0.2571428571428572,0.8333333333333334,0.83,0.04710341093665404,67814098.0
692,United Kingdom,2021-12-22,105330.0,136.0,272.898,40.8,18.517,12.527,0.04715182629232778,0.13802083333333334,0.02619037787954939,0.01066940046322664,0.014772664129348282,0.2729873922032329,0.2571428571428572,0.8333333333333334,0.83,0.04710341093665404,67814098.0
693,United Kingdom,2021-12-23,122448.0,136.0,272.898,40.8,18.517,12.527,0.04715182629232778,0.13802083333333334,0.02619037787954939,0.01066940046322664,0.014772664129348282,0.2729873922032329,0.2571428571428572,0.8333333333333334,0.83,0.04710341093665404,67814098.0
694,United Kingdom,2021-12-24,121371.0,117.0,272.898,40.8,18.517,12.527,0.04715182629232778,0.13802083333333334,0.02619037787954939,0.01066940046322664,0.014772664129348282,0.2729873922032329,0.2571428571428572,0.8333333333333334,0.83,0.04710341093665404,67814098.0
695,United Kingdom,2021-12-25,121861.0,112.0,272.898,40.8,18.517,12.527,0.04715182629232778,0.13802083333333334,0.02619037787954939,0.01066940046322664,0.014772664129348282,0.2729873922032329,0.2571428571428572,0.8333333333333334,0.83,0.04710341093665404,67814098.0
696,United Kingdom,2021-12-26,118945.0,116.0,272.898,40.8,18.517,12.527,0.04715182629232778,0.13802083333333334,0.02619037787954939,0.01066940046322664,0.014772664129348282,0.2729873922032329,0.2571428571428572,0.8333333333333334,0.83,0.04710341093665404,67814098.0
697,United Kingdom,2021-12-27,107699.0,133.0,272.898,40.8,18.517,12.527,0.04715182629232778,0.13802083333333334,0.02619037787954939,0.01066940046322664,0.014772664129348282,0.2729873922032329,0.2571428571428572,0.8333333333333334,0.83,0.04710341093665404,67814098.0
698,United Kingdom,2021-12-28,138025.0,162.0,272.898,40.8,18.517,12.527,0.04715182629232778,0.13802083333333334,0.02619037787954939,0.01066940046322664,0.014772664129348282,0.2729873922032329,0.2571428571428572,0.8333333333333334,0.83,0.04710341093665404,67814098.0
699,United Kingdom,2021-12-29,182104.0,132.0,272.898,40.8,18.517,12.527,0.04715182629232778,0.13802083333333334,0.02619037787954939,0.01066940046322664,0.014772664129348282,0.2729873922032329,0.2571428571428572,0.8333333333333334,0.83,0.04710341093665404,67814098.0
700,United Kingdom,2021-12-30,188124.0,177.0,272.898,40.8,18.517,12.527,0.04715182629232778,0.13802083333333334,0.02619037787954939,0.01066940046322664,0.014772664129348282,0.2729873922032329,0.2571428571428572,0.8333333333333334,0.83,0.04710341093665404,67814098.0
701,United Kingdom,2021-12-31,189836.0,155.0,272.898,40.8,18.517,12.527,0.04715182629232778,0.13802083333333334,0.02619037787954939,0.01066940046322664,0.014772664129348282,0.2729873922032329,0.2571428571428572,0.8333333333333334,0.83,0.04710341093665404,67814098.0
702,United Kingdom,2022-01-01,162572.0,176.0,272.898,40.8,18.517,12.527,0.04715182629232778,0.13802083333333334,0.02619037787954939,0.01066940046322664,0.014772664129348282,0.2729873922032329,0.2571428571428572,0.8333333333333334,0.83,0.04710341093665404,67814098.0
703,United Kingdom,2022-01-02,134943.0,170.0,272.898,40.8,18.517,12.527,0.04715182629232778,0.13802083333333334,0.02619037787954939,0.01066940046322664,0.014772664129348282,0.2729873922032329,0.2571428571428572,0.8333333333333334,0.83,0.04710341093665404,67814098.0
704,United Kingdom,2022-01-03,187414.0,179.0,272.898,40.8,18.517,12.527,0.04715182629232778,0.13802083333333334,0.02619037787954939,0.01066940046322664,0.014772664129348282,0.2729873922032329,0.2571428571428572,0.8333333333333334,0.83,0.04710341093665404,67814098.0
705,United Kingdom,2022-01-04,218705.0,202.0,272.898,40.8,18.517,12.527,0.04715182629232778,0.13802083333333334,0.02619037787954939,0.01066940046322664,0.014772664129348282,0.2729873922032329,0.2571428571428572,0.8333333333333334,0.83,0.04710341093665404,67814098.0
706,United Kingdom,2022-01-05,193814.0,180.0,272.898,40.8,18.517,12.527,0.04715182629232778,0.13802083333333334,0.02619037787954939,0.01066940046322664,0.014772664129348282,0.2729873922032329,0.2571428571428572,0.8333333333333334,0.83,0.04710341093665404,67814098.0
707,United Kingdom,2022-01-06,179731.0,219.0,272.898,40.8,18.517,12.527,0.04715182629232778,0.13802083333333334,0.02619037787954939,0.01066940046322664,0.014772664129348282,0.2729873922032329,0.2571428571428572,0.8333333333333334,0.83,0.04710341093665404,67814098.0
708,United Kingdom,2022-01-07,178163.0,228.0,272.898,40.8,18.517,12.527,0.04715182629232778,0.13802083333333334,0.02619037787954939,0.01066940046322664,0.014772664129348282,0.2729873922032329,0.2571428571428572,0.8333333333333334,0.83,0.04710341093665404,67814098.0
709,United Kingdom,2022-01-08,140566.0,216.0,272.898,40.8,18.517,12.527,0.04715182629232778,0.13802083333333334,0.02619037787954939,0.01066940046322664,0.014772664129348282,0.2729873922032329,0.2571428571428572,0.8333333333333334,0.83,0.04710341093665404,67814098.0
710,United Kingdom,2022-01-09,141398.0,241.0,272.898,40.8,18.517,12.527,0.04715182629232778,0.13802083333333334,0.02619037787954939,0.01066940046322664,0.014772664129348282,0.2729873922032329,0.2571428571428572,0.8333333333333334,0.83,0.04710341093665404,67814098.0
711,United Kingdom,2022-01-10,142122.0,242.0,272.898,40.8,18.517,12.527,0.04715182629232778,0.13802083333333334,0.02619037787954939,0.01066940046322664,0.014772664129348282,0.2729873922032329,0.2571428571428572,0.8333333333333334,0.83,0.04710341093665404,67814098.0
712,United Kingdom,2022-01-11,115280.0,233.0,272.898,40.8,18.517,12.527,0.04715182629232778,0.13802083333333334,0.02619037787954939,0.01066940046322664,0.014772664129348282,0.2729873922032329,0.2571428571428572,0.8333333333333334,0.83,0.04710341093665404,67814098.0
713,United Kingdom,2022-01-12,129544.0,238.0,272.898,40.8,18.517,12.527,0.04715182629232778,0.13802083333333334,0.02619037787954939,0.01066940046322664,0.014772664129348282,0.2729873922032329,0.2571428571428572,0.8333333333333334,0.83,0.04710341093665404,67814098.0
714,United Kingdom,2022-01-13,105679.0,242.0,272.898,40.8,18.517,12.527,0.04715182629232778,0.13802083333333334,0.02619037787954939,0.01066940046322664,0.014772664129348282,0.2729873922032329,0.2571428571428572,0.8333333333333334,0.83,0.04710341093665404,67814098.0
715,United Kingdom,2022-01-14,98578.0,235.0,272.898,40.8,18.517,12.527,0.04715182629232778,0.13802083333333334,0.02619037787954939,0.01066940046322664,0.014772664129348282,0.2729873922032329,0.2571428571428572,0.8333333333333334,0.83,0.04710341093665404,67814098.0
716,United Kingdom,2022-01-15,80725.0,259.0,272.898,40.8,18.517,12.527,0.04715182629232778,0.13802083333333334,0.02619037787954939,0.01066940046322664,0.014772664129348282,0.2729873922032329,0.2571428571428572,0.8333333333333334,0.83,0.04710341093665404,67814098.0
717,United Kingdom,2022-01-16,70160.0,256.0,272.898,40.8,18.517,12.527,0.04715182629232778,0.13802083333333334,0.02619037787954939,0.01066940046322664,0.014772664129348282,0.2729873922032329,0.2571428571428572,0.8333333333333334,0.83,0.04710341093665404,67814098.0
718,United Kingdom,2022-01-17,88130.0,232.0,272.898,40.8,18.517,12.527,0.04715182629232778,0.13802083333333334,0.02619037787954939,0.01066940046322664,0.014772664129348282,0.2729873922032329,0.2571428571428572,0.8333333333333334,0.83,0.04710341093665404,67814098.0
719,United Kingdom,2022-01-18,93890.0,233.0,272.898,40.8,18.517,12.527,0.04715182629232778,0.13802083333333334,0.02619037787954939,0.01066940046322664,0.014772664129348282,0.2729873922032329,0.2571428571428572,0.8333333333333334,0.83,0.04710341093665404,67814098.0
720,United Kingdom,2022-01-19,107450.0,221.0,272.898,40.8,18.517,12.527,0.04715182629232778,0.13802083333333334,0.02619037787954939,0.01066940046322664,0.014772664129348282,0.2729873922032329,0.2571428571428572,0.8333333333333334,0.83,0.04710341093665404,67814098.0
721,United Kingdom,2022-01-20,106533.0,201.0,272.898,40.8,18.517,12.527,0.04715182629232778,0.13802083333333334,0.02619037787954939,0.01066940046322664,0.014772664129348282,0.2729873922032329,0.2571428571428572,0.8333333333333334,0.83,0.04710341093665404,67814098.0
722,United Kingdom,2022-01-21,95776.0,248.0,272.898,40.8,18.517,12.527,0.04715182629232778,0.13802083333333334,0.02619037787954939,0.01066940046322664,0.014772664129348282,0.2729873922032329,0.2571428571428572,0.8333333333333334,0.83,0.04710341093665404,67814098.0
723,United Kingdom,2022-01-22,75429.0,223.0,272.898,40.8,18.517,12.527,0.04715182629232778,0.13802083333333334,0.02619037787954939,0.01066940046322664,0.014772664129348282,0.2729873922032329,0.2571428571428572,0.8333333333333334,0.83,0.04710341093665404,67814098.0
724,United Kingdom,2022-01-23,74800.0,218.0,272.898,40.8,18.517,12.527,0.04715182629232778,0.13802083333333334,0.02619037787954939,0.01066940046322664,0.014772664129348282,0.2729873922032329,0.2571428571428572,0.8333333333333334,0.83,0.04710341093665404,67814098.0
725,United Kingdom,2022-01-24,94397.0,227.0,272.898,40.8,18.517,12.527,0.04715182629232778,0.13802083333333334,0.02619037787954939,0.01066940046322664,0.014772664129348282,0.2729873922032329,0.2571428571428572,0.8333333333333334,0.83,0.04710341093665404,67814098.0
726,United Kingdom,2022-01-25,94031.0,194.0,272.898,40.8,18.517,12.527,0.04715182629232778,0.13802083333333334,0.02619037787954939,0.01066940046322664,0.014772664129348282,0.2729873922032329,0.2571428571428572,0.8333333333333334,0.83,0.04710341093665404,67814098.0
727,United Kingdom,2022-01-26,101603.0,196.0,272.898,40.8,18.517,12.527,0.04715182629232778,0.13802083333333334,0.02619037787954939,0.01066940046322664,0.014772664129348282,0.2729873922032329,0.2571428571428572,0.8333333333333334,0.83,0.04710341093665404,67814098.0
728,United Kingdom,2022-01-27,96155.0,219.0,272.898,40.8,18.517,12.527,0.04715182629232778,0.13802083333333334,0.02619037787954939,0.01066940046322664,0.014772664129348282,0.2729873922032329,0.2571428571428572,0.8333333333333334,0.83,0.04710341093665404,67814098.0
729,United Kingdom,2022-01-28,88506.0,202.0,272.898,40.8,18.517,12.527,0.04715182629232778,0.13802083333333334,0.02619037787954939,0.01066940046322664,0.014772664129348282,0.2729873922032329,0.2571428571428572,0.8333333333333334,0.83,0.04710341093665404,67814098.0
730,United Kingdom,2022-01-29,72143.0,181.0,272.898,40.8,18.517,12.527,0.04715182629232778,0.13802083333333334,0.02619037787954939,0.01066940046322664,0.014772664129348282,0.2729873922032329,0.2571428571428572,0.8333333333333334,0.83,0.04710341093665404,67814098.0
731,United Kingdom,2022-01-30,62399.0,191.0,272.898,40.8,18.517,12.527,0.04715182629232778,0.13802083333333334,0.02619037787954939,0.01066940046322664,0.014772664129348282,0.2729873922032329,0.2571428571428572,0.8333333333333334,0.83,0.04710341093665404,67814098.0
734,United Kingdom,2022-02-02,86854.0,187.0,272.898,40.8,18.517,12.527,0.04715182629232778,0.13802083333333334,0.02619037787954939,0.01066940046322664,0.014772664129348282,0.2729873922032329,0.2571428571428572,0.8333333333333334,0.83,0.04710341093665404,67814098.0
735,United Kingdom,2022-02-03,92633.0,190.0,272.898,40.8,18.517,12.527,0.04715182629232778,0.13802083333333334,0.02619037787954939,0.01066940046322664,0.014772664129348282,0.2729873922032329,0.2571428571428572,0.8333333333333334,0.83,0.04710341093665404,67814098.0
736,United Kingdom,2022-02-04,82053.0,159.0,272.898,40.8,18.517,12.527,0.04715182629232778,0.13802083333333334,0.02619037787954939,0.01066940046322664,0.014772664129348282,0.2729873922032329,0.2571428571428572,0.8333333333333334,0.83,0.04710341093665404,67814098.0
737,United Kingdom,2022-02-05,60114.0,173.0,272.898,40.8,18.517,12.527,0.04715182629232778,0.13802083333333334,0.02619037787954939,0.01066940046322664,0.014772664129348282,0.2729873922032329,0.2571428571428572,0.8333333333333334,0.83,0.04710341093665404,67814098.0
738,United Kingdom,2022-02-06,53326.0,158.0,272.898,40.8,18.517,12.527,0.04715182629232778,0.13802083333333334,0.02619037787954939,0.01066940046322664,0.014772664129348282,0.2729873922032329,0.2571428571428572,0.8333333333333334,0.83,0.04710341093665404,67814098.0
739,United Kingdom,2022-02-07,63307.0,140.0,272.898,40.8,18.517,12.527,0.04715182629232778,0.13802083333333334,0.02619037787954939,0.01066940046322664,0.014772664129348282,0.2729873922032329,0.2571428571428572,0.8333333333333334,0.83,0.04710341093665404,67814098.0
740,United Kingdom,2022-02-08,66171.0,159.0,272.898,40.8,18.517,12.527,0.04715182629232778,0.13802083333333334,0.02619037787954939,0.01066940046322664,0.014772664129348282,0.2729873922032329,0.2571428571428572,0.8333333333333334,0.83,0.04710341093665404,67814098.0
741,United Kingdom,2022-02-09,67316.0,144.0,272.898,40.8,18.517,12.527,0.04715182629232778,0.13802083333333334,0.02619037787954939,0.01066940046322664,0.014772664129348282,0.2729873922032329,0.2571428571428572,0.8333333333333334,0.83,0.04710341093665404,67814098.0
742,United Kingdom,2022-02-10,162080.0,124.0,272.898,40.8,18.517,12.527,0.04715182629232778,0.13802083333333334,0.02619037787954939,0.01066940046322664,0.014772664129348282,0.2729873922032329,0.2571428571428572,0.8333333333333334,0.83,0.04710341093665404,67814098.0
743,United Kingdom,2022-02-11,58316.0,141.0,272.898,40.8,18.517,12.527,0.04715182629232778,0.13802083333333334,0.02619037787954939,0.01066940046322664,0.014772664129348282,0.2729873922032329,0.2571428571428572,0.8333333333333334,0.83,0.04710341093665404,67814098.0
744,United Kingdom,2022-02-12,45500.0,144.0,272.898,40.8,18.517,12.527,0.04715182629232778,0.13802083333333334,0.02619037787954939,0.01066940046322664,0.014772664129348282,0.2729873922032329,0.2571428571428572,0.8333333333333334,0.83,0.04710341093665404,67814098.0
745,United Kingdom,2022-02-13,40844.0,127.0,272.898,40.8,18.517,12.527,0.04715182629232778,0.13802083333333334,0.02619037787954939,0.01066940046322664,0.014772664129348282,0.2729873922032329,0.2571428571428572,0.8333333333333334,0.83,0.04710341093665404,67814098.0
746,United Kingdom,2022-02-14,41170.0,157.0,272.898,40.8,18.517,12.527,0.04715182629232778,0.13802083333333334,0.02619037787954939,0.01066940046322664,0.014772664129348282,0.2729873922032329,0.2571428571428572,0.8333333333333334,0.83,0.04710341093665404,67814098.0
747,United Kingdom,2022-02-15,45922.0,133.0,272.898,40.8,18.517,12.527,0.04715182629232778,0.13802083333333334,0.02619037787954939,0.01066940046322664,0.014772664129348282,0.2729873922032329,0.2571428571428572,0.8333333333333334,0.83,0.04710341093665404,67814098.0
748,United Kingdom,2022-02-16,53755.0,132.0,272.898,40.8,18.517,12.527,0.04715182629232778,0.13802083333333334,0.02619037787954939,0.01066940046322664,0.014772664129348282,0.2729873922032329,0.2571428571428572,0.8333333333333334,0.83,0.04710341093665404,67814098.0
749,United Kingdom,2022-02-17,51352.0,125.0,272.898,40.8,18.517,12.527,0.04715182629232778,0.13802083333333334,0.02619037787954939,0.01066940046322664,0.014772664129348282,0.2729873922032329,0.2571428571428572,0.8333333333333334,0.83,0.04710341093665404,67814098.0
750,United Kingdom,2022-02-18,47147.0,127.0,272.898,40.8,18.517,12.527,0.04715182629232778,0.13802083333333334,0.02619037787954939,0.01066940046322664,0.014772664129348282,0.2729873922032329,0.2571428571428572,0.8333333333333334,0.83,0.04710341093665404,67814098.0
751,United Kingdom,2022-02-19,39218.0,121.0,272.898,40.8,18.517,12.527,0.04715182629232778,0.13802083333333334,0.02619037787954939,0.01066940046322664,0.014772664129348282,0.2729873922032329,0.2571428571428572,0.8333333333333334,0.83,0.04710341093665404,67814098.0
752,United Kingdom,2022-02-20,31010.0,126.0,272.898,40.8,18.517,12.527,0.04715182629232778,0.13802083333333334,0.02619037787954939,0.01066940046322664,0.014772664129348282,0.2729873922032329,0.2571428571428572,0.8333333333333334,0.83,0.04710341093665404,67814098.0
753,United Kingdom,2022-02-21,38139.0,110.0,272.898,40.8,18.517,12.527,0.04715182629232778,0.13802083333333334,0.02619037787954939,0.01066940046322664,0.014772664129348282,0.2729873922032329,0.2571428571428572,0.8333333333333334,0.83,0.04710341093665404,67814098.0
754,United Kingdom,2022-02-22,40876.0,120.0,272.898,40.8,18.517,12.527,0.04715182629232778,0.13802083333333334,0.02619037787954939,0.01066940046322664,0.014772664129348282,0.2729873922032329,0.2571428571428572,0.8333333333333334,0.83,0.04710341093665404,67814098.0
755,United Kingdom,2022-02-23,39235.0,117.0,272.898,40.8,18.517,12.527,0.04715182629232778,0.13802083333333334,0.02619037787954939,0.01066940046322664,0.014772664129348282,0.2729873922032329,0.2571428571428572,0.8333333333333334,0.83,0.04710341093665404,67814098.0
756,United Kingdom,2022-02-24,38481.0,126.0,272.898,40.8,18.517,12.527,0.04715182629232778,0.13802083333333334,0.02619037787954939,0.01066940046322664,0.014772664129348282,0.2729873922032329,0.2571428571428572,0.8333333333333334,0.83,0.04710341093665404,67814098.0
757,United Kingdom,2022-02-25,31601.0,121.0,272.898,40.8,18.517,12.527,0.04715182629232778,0.13802083333333334,0.02619037787954939,0.01066940046322664,0.014772664129348282,0.2729873922032329,0.2571428571428572,0.8333333333333334,0.83,0.04710341093665404,67814098.0
758,United Kingdom,2022-02-26,0.0,103.0,272.898,40.8,18.517,12.527,0.04715182629232778,0.13802083333333334,0.02619037787954939,0.01066940046322664,0.014772664129348282,0.2729873922032329,0.2571428571428572,0.8333333333333334,0.83,0.04710341093665404,67814098.0
759,United Kingdom,2022-02-27,0.0,119.0,272.898,40.8,18.517,12.527,0.04715182629232778,0.13802083333333334,0.02619037787954939,0.01066940046322664,0.014772664129348282,0.2729873922032329,0.2571428571428572,0.8333333333333334,0.83,0.04710341093665404,67814098.0
760,United Kingdom,2022-02-28,81936.0,105.0,272.898,40.8,18.517,12.527,0.04715182629232778,0.13802083333333334,0.02619037787954939,0.01066940046322664,0.014772664129348282,0.2729873922032329,0.2571428571428572,0.8333333333333334,0.83,0.04710341093665404,67814098.0
761,United Kingdom,2022-03-01,98867.0,106.0,272.898,40.8,18.517,12.527,0.04715182629232778,0.13802083333333334,0.02619037787954939,0.01066940046322664,0.014772664129348282,0.2729873922032329,0.2571428571428572,0.8333333333333334,0.83,0.04710341093665404,67814098.0
762,United Kingdom,2022-03-02,43753.0,145.0,272.898,40.8,18.517,12.527,0.04715182629232778,0.13802083333333334,0.02619037787954939,0.01066940046322664,0.014772664129348282,0.2729873922032329,0.2571428571428572,0.8333333333333334,0.83,0.04710341093665404,67814098.0
763,United Kingdom,2022-03-03,45375.0,106.0,272.898,40.8,18.517,12.527,0.04715182629232778,0.13802083333333334,0.02619037787954939,0.01066940046322664,0.014772664129348282,0.2729873922032329,0.2571428571428572,0.8333333333333334,0.83,0.04710341093665404,67814098.0
764,United Kingdom,2022-03-04,44485.0,111.0,272.898,40.8,18.517,12.527,0.04715182629232778,0.13802083333333334,0.02619037787954939,0.01066940046322664,0.014772664129348282,0.2729873922032329,0.2571428571428572,0.8333333333333334,0.83,0.04710341093665404,67814098.0
765,United Kingdom,2022-03-05,0.0,101.0,272.898,40.8,18.517,12.527,0.04715182629232778,0.13802083333333334,0.02619037787954939,0.01066940046322664,0.014772664129348282,0.2729873922032329,0.2571428571428572,0.8333333333333334,0.83,0.04710341093665404,67814098.0
766,United Kingdom,2022-03-06,0.0,93.0,272.898,40.8,18.517,12.527,0.04715182629232778,0.13802083333333334,0.02619037787954939,0.01066940046322664,0.014772664129348282,0.2729873922032329,0.2571428571428572,0.8333333333333334,0.83,0.04710341093665404,67814098.0
767,United Kingdom,2022-03-07,126120.0,124.0,272.898,40.8,18.517,12.527,0.04715182629232778,0.13802083333333334,0.02619037787954939,0.01066940046322664,0.014772664129348282,0.2729873922032329,0.2571428571428572,0.8333333333333334,0.83,0.04710341093665404,67814098.0
768,United Kingdom,2022-03-08,61713.0,119.0,272.898,40.8,18.517,12.527,0.04715182629232778,0.13802083333333334,0.02619037787954939,0.01066940046322664,0.014772664129348282,0.2729873922032329,0.2571428571428572,0.8333333333333334,0.83,0.04710341093665404,67814098.0
769,United Kingdom,2022-03-09,66870.0,107.0,272.898,40.8,18.517,12.527,0.04715182629232778,0.13802083333333334,0.02619037787954939,0.01066940046322664,0.014772664129348282,0.2729873922032329,0.2571428571428572,0.8333333333333334,0.83,0.04710341093665404,67814098.0
770,United Kingdom,2022-03-10,84092.0,114.0,272.898,40.8,18.517,12.527,0.04715182629232778,0.13802083333333334,0.02619037787954939,0.01066940046322664,0.014772664129348282,0.2729873922032329,0.2571428571428572,0.8333333333333334,0.83,0.04710341093665404,67814098.0
771,United Kingdom,2022-03-11,72509.0,121.0,272.898,40.8,18.517,12.527,0.04715182629232778,0.13802083333333334,0.02619037787954939,0.01066940046322664,0.014772664129348282,0.2729873922032329,0.2571428571428572,0.8333333333333334,0.83,0.04710341093665404,67814098.0
772,United Kingdom,2022-03-12,0.0,121.0,272.898,40.8,18.517,12.527,0.04715182629232778,0.13802083333333334,0.02619037787954939,0.01066940046322664,0.014772664129348282,0.2729873922032329,0.2571428571428572,0.8333333333333334,0.83,0.04710341093665404,67814098.0
773,United Kingdom,2022-03-13,0.0,111.0,272.898,40.8,18.517,12.527,0.04715182629232778,0.13802083333333334,0.02619037787954939,0.01066940046322664,0.014772664129348282,0.2729873922032329,0.2571428571428572,0.8333333333333334,0.83,0.04710341093665404,67814098.0
774,United Kingdom,2022-03-14,170467.0,140.0,272.898,40.8,18.517,12.527,0.04715182629232778,0.13802083333333334,0.02619037787954939,0.01066940046322664,0.014772664129348282,0.2729873922032329,0.2571428571428572,0.8333333333333334,0.83,0.04710341093665404,67814098.0
775,United Kingdom,2022-03-15,119229.0,121.0,272.898,40.8,18.517,12.527,0.04715182629232778,0.13802083333333334,0.02619037787954939,0.01066940046322664,0.014772664129348282,0.2729873922032329,0.2571428571428572,0.8333333333333334,0.83,0.04710341093665404,67814098.0
776,United Kingdom,2022-03-16,90974.0,146.0,272.898,40.8,18.517,12.527,0.04715182629232778,0.13802083333333334,0.02619037787954939,0.01066940046322664,0.014772664129348282,0.2729873922032329,0.2571428571428572,0.8333333333333334,0.83,0.04710341093665404,67814098.0
777,United Kingdom,2022-03-17,90472.0,138.0,272.898,40.8,18.517,12.527,0.04715182629232778,0.13802083333333334,0.02619037787954939,0.01066940046322664,0.014772664129348282,0.2729873922032329,0.2571428571428572,0.8333333333333334,0.83,0.04710341093665404,67814098.0
778,United Kingdom,2022-03-18,92135.0,170.0,272.898,40.8,18.517,12.527,0.04715182629232778,0.13802083333333334,0.02619037787954939,0.01066940046322664,0.014772664129348282,0.2729873922032329,0.2571428571428572,0.8333333333333334,0.83,0.04710341093665404,67814098.0
779,United Kingdom,2022-03-19,0.0,165.0,272.898,40.8,18.517,12.527,0.04715182629232778,0.13802083333333334,0.02619037787954939,0.01066940046322664,0.014772664129348282,0.2729873922032329,0.2571428571428572,0.8333333333333334,0.83,0.04710341093665404,67814098.0
780,United Kingdom,2022-03-20,0.0,174.0,272.898,40.8,18.517,12.527,0.04715182629232778,0.13802083333333334,0.02619037787954939,0.01066940046322664,0.014772664129348282,0.2729873922032329,0.2571428571428572,0.8333333333333334,0.83,0.04710341093665404,67814098.0
781,United Kingdom,2022-03-21,225672.0,161.0,272.898,40.8,18.517,12.527,0.04715182629232778,0.13802083333333334,0.02619037787954939,0.01066940046322664,0.014772664129348282,0.2729873922032329,0.2571428571428572,0.8333333333333334,0.83,0.04710341093665404,67814098.0
782,United Kingdom,2022-03-22,94297.0,167.0,272.898,40.8,18.517,12.527,0.04715182629232778,0.13802083333333334,0.02619037787954939,0.01066940046322664,0.014772664129348282,0.2729873922032329,0.2571428571428572,0.8333333333333334,0.83,0.04710341093665404,67814098.0
783,United Kingdom,2022-03-23,102267.0,158.0,272.898,40.8,18.517,12.527,0.04715182629232778,0.13802083333333334,0.02619037787954939,0.01066940046322664,0.014772664129348282,0.2729873922032329,0.2571428571428572,0.8333333333333334,0.83,0.04710341093665404,67814098.0
784,United Kingdom,2022-03-24,97819.0,164.0,272.898,40.8,18.517,12.527,0.04715182629232778,0.13802083333333334,0.02619037787954939,0.01066940046322664,0.014772664129348282,0.2729873922032329,0.2571428571428572,0.8333333333333334,0.83,0.04710341093665404,67814098.0
785,United Kingdom,2022-03-25,77306.0,181.0,272.898,40.8,18.517,12.527,0.04715182629232778,0.13802083333333334,0.02619037787954939,0.01066940046322664,0.014772664129348282,0.2729873922032329,0.2571428571428572,0.8333333333333334,0.83,0.04710341093665404,67814098.0
786,United Kingdom,2022-03-26,0.0,162.0,272.898,40.8,18.517,12.527,0.04715182629232778,0.13802083333333334,0.02619037787954939,0.01066940046322664,0.014772664129348282,0.2729873922032329,0.2571428571428572,0.8333333333333334,0.83,0.04710341093665404,67814098.0
787,United Kingdom,2022-03-27,0.0,158.0,272.898,40.8,18.517,12.527,0.04715182629232778,0.13802083333333334,0.02619037787954939,0.01066940046322664,0.014772664129348282,0.2729873922032329,0.2571428571428572,0.8333333333333334,0.83,0.04710341093665404,67814098.0
788,United Kingdom,2022-03-28,214392.0,176.0,272.898,40.8,18.517,12.527,0.04715182629232778,0.13802083333333334,0.02619037787954939,0.01066940046322664,0.014772664129348282,0.2729873922032329,0.2571428571428572,0.8333333333333334,0.83,0.04710341093665404,67814098.0
789,United Kingdom,2022-03-29,80656.0,195.0,272.898,40.8,18.517,12.527,0.04715182629232778,0.13802083333333334,0.02619037787954939,0.01066940046322664,0.014772664129348282,0.2729873922032329,0.2571428571428572,0.8333333333333334,0.83,0.04710341093665404,67814098.0
790,United Kingdom,2022-03-30,86838.0,180.0,272.898,40.8,18.517,12.527,0.04715182629232778,0.13802083333333334,0.02619037787954939,0.01066940046322664,0.014772664129348282,0.2729873922032329,0.2571428571428572,0.8333333333333334,0.83,0.04710341093665404,67814098.0
791,United Kingdom,2022-03-31,74416.0,192.0,272.898,40.8,18.517,12.527,0.04715182629232778,0.13802083333333334,0.02619037787954939,0.01066940046322664,0.014772664129348282,0.2729873922032329,0.2571428571428572,0.8333333333333334,0.83,0.04710341093665404,67814098.0
792,United Kingdom,2022-04-01,69449.0,204.0,272.898,40.8,18.517,12.527,0.04715182629232778,0.13802083333333334,0.02619037787954939,0.01066940046322664,0.014772664129348282,0.2729873922032329,0.2571428571428572,0.8333333333333334,0.83,0.04710341093665404,67814098.0
793,United Kingdom,2022-04-02,0.0,190.0,272.898,40.8,18.517,12.527,0.04715182629232778,0.13802083333333334,0.02619037787954939,0.01066940046322664,0.014772664129348282,0.2729873922032329,0.2571428571428572,0.8333333333333334,0.83,0.04710341093665404,67814098.0
794,United Kingdom,2022-04-03,0.0,189.0,272.898,40.8,18.517,12.527,0.04715182629232778,0.13802083333333334,0.02619037787954939,0.01066940046322664,0.014772664129348282,0.2729873922032329,0.2571428571428572,0.8333333333333334,0.83,0.04710341093665404,67814098.0
795,United Kingdom,2022-04-04,142807.0,175.0,272.898,40.8,18.517,12.527,0.04715182629232778,0.13802083333333334,0.02619037787954939,0.01066940046322664,0.014772664129348282,0.2729873922032329,0.2571428571428572,0.8333333333333334,0.83,0.04710341093665404,67814098.0
796,United Kingdom,2022-04-05,50624.0,201.0,272.898,40.8,18.517,12.527,0.04715182629232778,0.13802083333333334,0.02619037787954939,0.01066940046322664,0.014772664129348282,0.2729873922032329,0.2571428571428572,0.8333333333333334,0.83,0.04710341093665404,67814098.0
798,United Kingdom,2022-04-07,46990.0,231.0,272.898,40.8,18.517,12.527,0.04715182629232778,0.13802083333333334,0.02619037787954939,0.01066940046322664,0.014772664129348282,0.2729873922032329,0.2571428571428572,0.8333333333333334,0.83,0.04710341093665404,67814098.0
799,United Kingdom,2022-04-08,41284.0,236.0,272.898,40.8,18.517,12.527,0.04715182629232778,0.13802083333333334,0.02619037787954939,0.01066940046322664,0.014772664129348282,0.2729873922032329,0.2571428571428572,0.8333333333333334,0.83,0.04710341093665404,67814098.0
800,United Kingdom,2022-04-09,0.0,173.0,272.898,40.8,18.517,12.527,0.04715182629232778,0.13802083333333334,0.02619037787954939,0.01066940046322664,0.014772664129348282,0.2729873922032329,0.2571428571428572,0.8333333333333334,0.83,0.04710341093665404,67814098.0
801,United Kingdom,2022-04-10,0.0,197.0,272.898,40.8,18.517,12.527,0.04715182629232778,0.13802083333333334,0.02619037787954939,0.01066940046322664,0.014772664129348282,0.2729873922032329,0.2571428571428572,0.8333333333333334,0.83,0.04710341093665404,67814098.0
802,United Kingdom,2022-04-11,91174.0,185.0,272.898,40.8,18.517,12.527,0.04715182629232778,0.13802083333333334,0.02619037787954939,0.01066940046322664,0.014772664129348282,0.2729873922032329,0.2571428571428572,0.8333333333333334,0.83,0.04710341093665404,67814098.0
803,United Kingdom,2022-04-12,38276.0,198.0,272.898,40.8,18.517,12.527,0.04715182629232778,0.13802083333333334,0.02619037787954939,0.01066940046322664,0.014772664129348282,0.2729873922032329,0.2571428571428572,0.8333333333333334,0.83,0.04710341093665404,67814098.0
804,United Kingdom,2022-04-13,35836.0,220.0,272.898,40.8,18.517,12.527,0.04715182629232778,0.13802083333333334,0.02619037787954939,0.01066940046322664,0.014772664129348282,0.2729873922032329,0.2571428571428572,0.8333333333333334,0.83,0.04710341093665404,67814098.0
805,United Kingdom,2022-04-14,32522.0,191.0,272.898,40.8,18.517,12.527,0.04715182629232778,0.13802083333333334,0.02619037787954939,0.01066940046322664,0.014772664129348282,0.2729873922032329,0.2571428571428572,0.8333333333333334,0.83,0.04710341093665404,67814098.0
806,United Kingdom,2022-04-15,0.0,170.0,272.898,40.8,18.517,12.527,0.04715182629232778,0.13802083333333334,0.02619037787954939,0.01066940046322664,0.014772664129348282,0.2729873922032329,0.2571428571428572,0.8333333333333334,0.83,0.04710341093665404,67814098.0
807,United Kingdom,2022-04-16,0.0,164.0,272.898,40.8,18.517,12.527,0.04715182629232778,0.13802083333333334,0.02619037787954939,0.01066940046322664,0.014772664129348282,0.2729873922032329,0.2571428571428572,0.8333333333333334,0.83,0.04710341093665404,67814098.0
808,United Kingdom,2022-04-17,0.0,161.0,272.898,40.8,18.517,12.527,0.04715182629232778,0.13802083333333334,0.02619037787954939,0.01066940046322664,0.014772664129348282,0.2729873922032329,0.2571428571428572,0.8333333333333334,0.83,0.04710341093665404,67814098.0
809,United Kingdom,2022-04-18,0.0,172.0,272.898,40.8,18.517,12.527,0.04715182629232778,0.13802083333333334,0.02619037787954939,0.01066940046322664,0.014772664129348282,0.2729873922032329,0.2571428571428572,0.8333333333333334,0.83,0.04710341093665404,67814098.0
810,United Kingdom,2022-04-19,116306.0,157.0,272.898,40.8,18.517,12.527,0.04715182629232778,0.13802083333333334,0.02619037787954939,0.01066940046322664,0.014772664129348282,0.2729873922032329,0.2571428571428572,0.8333333333333334,0.83,0.04710341093665404,67814098.0
811,United Kingdom,2022-04-20,26093.0,159.0,272.898,40.8,18.517,12.527,0.04715182629232778,0.13802083333333334,0.02619037787954939,0.01066940046322664,0.014772664129348282,0.2729873922032329,0.2571428571428572,0.8333333333333334,0.83,0.04710341093665404,67814098.0
812,United Kingdom,2022-04-21,19472.0,161.0,272.898,40.8,18.517,12.527,0.04715182629232778,0.13802083333333334,0.02619037787954939,0.01066940046322664,0.014772664129348282,0.2729873922032329,0.2571428571428572,0.8333333333333334,0.83,0.04710341093665404,67814098.0
813,United Kingdom,2022-04-22,23697.0,152.0,272.898,40.8,18.517,12.527,0.04715182629232778,0.13802083333333334,0.02619037787954939,0.01066940046322664,0.014772664129348282,0.2729873922032329,0.2571428571428572,0.8333333333333334,0.83,0.04710341093665404,67814098.0
814,United Kingdom,2022-04-23,0.0,145.0,272.898,40.8,18.517,12.527,0.04715182629232778,0.13802083333333334,0.02619037787954939,0.01066940046322664,0.014772664129348282,0.2729873922032329,0.2571428571428572,0.8333333333333334,0.83,0.04710341093665404,67814098.0
815,United Kingdom,2022-04-24,0.0,130.0,272.898,40.8,18.517,12.527,0.04715182629232778,0.13802083333333334,0.02619037787954939,0.01066940046322664,0.014772664129348282,0.2729873922032329,0.2571428571428572,0.8333333333333334,0.83,0.04710341093665404,67814098.0
816,United Kingdom,2022-04-25,44992.0,129.0,272.898,40.8,18.517,12.527,0.04715182629232778,0.13802083333333334,0.02619037787954939,0.01066940046322664,0.014772664129348282,0.2729873922032329,0.2571428571428572,0.8333333333333334,0.83,0.04710341093665404,67814098.0
817,United Kingdom,2022-04-26,16611.0,126.0,272.898,40.8,18.517,12.527,0.04715182629232778,0.13802083333333334,0.02619037787954939,0.01066940046322664,0.014772664129348282,0.2729873922032329,0.2571428571428572,0.8333333333333334,0.83,0.04710341093665404,67814098.0
818,United Kingdom,2022-04-27,17111.0,133.0,272.898,40.8,18.517,12.527,0.04715182629232778,0.13802083333333334,0.02619037787954939,0.01066940046322664,0.014772664129348282,0.2729873922032329,0.2571428571428572,0.8333333333333334,0.83,0.04710341093665404,67814098.0
819,United Kingdom,2022-04-28,14005.0,130.0,272.898,40.8,18.517,12.527,0.04715182629232778,0.13802083333333334,0.02619037787954939,0.01066940046322664,0.014772664129348282,0.2729873922032329,0.2571428571428572,0.8333333333333334,0.83,0.04710341093665404,67814098.0
820,United Kingdom,2022-04-29,12415.0,108.0,272.898,40.8,18.517,12.527,0.04715182629232778,0.13802083333333334,0.02619037787954939,0.01066940046322664,0.014772664129348282,0.2729873922032329,0.2571428571428572,0.8333333333333334,0.83,0.04710341093665404,67814098.0
821,United Kingdom,2022-04-30,0.0,107.0,272.898,40.8,18.517,12.527,0.04715182629232778,0.13802083333333334,0.02619037787954939,0.01066940046322664,0.014772664129348282,0.2729873922032329,0.2571428571428572,0.8333333333333334,0.83,0.04710341093665404,67814098.0
822,United Kingdom,2022-05-01,0.0,113.0,272.898,40.8,18.517,12.527,0.04715182629232778,0.13802083333333334,0.02619037787954939,0.01066940046322664,0.014772664129348282,0.2729873922032329,0.2571428571428572,0.8333333333333334,0.83,0.04710341093665404,67814098.0
823,United Kingdom,2022-05-02,0.0,108.0,272.898,40.8,18.517,12.527,0.04715182629232778,0.13802083333333334,0.02619037787954939,0.01066940046322664,0.014772664129348282,0.2729873922032329,0.2571428571428572,0.8333333333333334,0.83,0.04710341093665404,67814098.0
824,United Kingdom,2022-05-03,35518.0,107.0,272.898,40.8,18.517,12.527,0.04715182629232778,0.13802083333333334,0.02619037787954939,0.01066940046322664,0.014772664129348282,0.2729873922032329,0.2571428571428572,0.8333333333333334,0.83,0.04710341093665404,67814098.0
825,United Kingdom,2022-05-04,16665.0,90.0,272.898,40.8,18.517,12.527,0.04715182629232778,0.13802083333333334,0.02619037787954939,0.01066940046322664,0.014772664129348282,0.2729873922032329,0.2571428571428572,0.8333333333333334,0.83,0.04710341093665404,67814098.0
826,United Kingdom,2022-05-05,12460.0,85.0,272.898,40.8,18.517,12.527,0.04715182629232778,0.13802083333333334,0.02619037787954939,0.01066940046322664,0.014772664129348282,0.2729873922032329,0.2571428571428572,0.8333333333333334,0.83,0.04710341093665404,67814098.0
827,United Kingdom,2022-05-06,11051.0,97.0,272.898,40.8,18.517,12.527,0.04715182629232778,0.13802083333333334,0.02619037787954939,0.01066940046322664,0.014772664129348282,0.2729873922032329,0.2571428571428572,0.8333333333333334,0.83,0.04710341093665404,67814098.0
828,United Kingdom,2022-05-07,0.0,103.0,272.898,40.8,18.517,12.527,0.04715182629232778,0.13802083333333334,0.02619037787954939,0.01066940046322664,0.014772664129348282,0.2729873922032329,0.2571428571428572,0.8333333333333334,0.83,0.04710341093665404,67814098.0
829,United Kingdom,2022-05-08,0.0,82.0,272.898,40.8,18.517,12.527,0.04715182629232778,0.13802083333333334,0.02619037787954939,0.01066940046322664,0.014772664129348282,0.2729873922032329,0.2571428571428572,0.8333333333333334,0.83,0.04710341093665404,67814098.0
830,United Kingdom,2022-05-09,26253.0,82.0,272.898,40.8,18.517,12.527,0.04715182629232778,0.13802083333333334,0.02619037787954939,0.01066940046322664,0.014772664129348282,0.2729873922032329,0.2571428571428572,0.8333333333333334,0.83,0.04710341093665404,67814098.0
831,United Kingdom,2022-05-10,10413.0,100.0,272.898,40.8,18.517,12.527,0.04715182629232778,0.13802083333333334,0.02619037787954939,0.01066940046322664,0.014772664129348282,0.2729873922032329,0.2571428571428572,0.8333333333333334,0.83,0.04710341093665404,67814098.0
832,United Kingdom,2022-05-11,8120.0,79.0,272.898,40.8,18.517,12.527,0.04715182629232778,0.13802083333333334,0.02619037787954939,0.01066940046322664,0.014772664129348282,0.2729873922032329,0.2571428571428572,0.8333333333333334,0.83,0.04710341093665404,67814098.0
833,United Kingdom,2022-05-12,14800.0,70.0,272.898,40.8,18.517,12.527,0.04715182629232778,0.13802083333333334,0.02619037787954939,0.01066940046322664,0.014772664129348282,0.2729873922032329,0.2571428571428572,0.8333333333333334,0.83,0.04710341093665404,67814098.0
834,United Kingdom,2022-05-13,6587.0,72.0,272.898,40.8,18.517,12.527,0.04715182629232778,0.13802083333333334,0.02619037787954939,0.01066940046322664,0.014772664129348282,0.2729873922032329,0.2571428571428572,0.8333333333333334,0.83,0.04710341093665404,67814098.0
835,United Kingdom,2022-05-14,0.0,65.0,272.898,40.8,18.517,12.527,0.04715182629232778,0.13802083333333334,0.02619037787954939,0.01066940046322664,0.014772664129348282,0.2729873922032329,0.2571428571428572,0.8333333333333334,0.83,0.04710341093665404,67814098.0
836,United Kingdom,2022-05-15,0.0,73.0,272.898,40.8,18.517,12.527,0.04715182629232778,0.13802083333333334,0.02619037787954939,0.01066940046322664,0.014772664129348282,0.2729873922032329,0.2571428571428572,0.8333333333333334,0.83,0.04710341093665404,67814098.0
837,United Kingdom,2022-05-16,23592.0,66.0,272.898,40.8,18.517,12.527,0.04715182629232778,0.13802083333333334,0.02619037787954939,0.01066940046322664,0.014772664129348282,0.2729873922032329,0.2571428571428572,0.8333333333333334,0.83,0.04710341093665404,67814098.0
838,United Kingdom,2022-05-17,8596.0,72.0,272.898,40.8,18.517,12.527,0.04715182629232778,0.13802083333333334,0.02619037787954939,0.01066940046322664,0.014772664129348282,0.2729873922032329,0.2571428571428572,0.8333333333333334,0.83,0.04710341093665404,67814098.0
839,United Kingdom,2022-05-18,7783.0,46.0,272.898,40.8,18.517,12.527,0.04715182629232778,0.13802083333333334,0.02619037787954939,0.01066940046322664,0.014772664129348282,0.2729873922032329,0.2571428571428572,0.8333333333333334,0.83,0.04710341093665404,67814098.0
840,United Kingdom,2022-05-19,12199.0,46.0,272.898,40.8,18.517,12.527,0.04715182629232778,0.13802083333333334,0.02619037787954939,0.01066940046322664,0.014772664129348282,0.2729873922032329,0.2571428571428572,0.8333333333333334,0.83,0.04710341093665404,67814098.0
841,United Kingdom,2022-05-20,6336.0,72.0,272.898,40.8,18.517,12.527,0.04715182629232778,0.13802083333333334,0.02619037787954939,0.01066940046322664,0.014772664129348282,0.2729873922032329,0.2571428571428572,0.8333333333333334,0.83,0.04710341093665404,67814098.0
842,United Kingdom,2022-05-21,0.0,49.0,272.898,40.8,18.517,12.527,0.04715182629232778,0.13802083333333334,0.02619037787954939,0.01066940046322664,0.014772664129348282,0.2729873922032329,0.2571428571428572,0.8333333333333334,0.83,0.04710341093665404,67814098.0
843,United Kingdom,2022-05-22,0.0,58.0,272.898,40.8,18.517,12.527,0.04715182629232778,0.13802083333333334,0.02619037787954939,0.01066940046322664,0.014772664129348282,0.2729873922032329,0.2571428571428572,0.8333333333333334,0.83,0.04710341093665404,67814098.0
844,United Kingdom,2022-05-23,25967.0,62.0,272.898,40.8,18.517,12.527,0.04715182629232778,0.13802083333333334,0.02619037787954939,0.01066940046322664,0.014772664129348282,0.2729873922032329,0.2571428571428572,0.8333333333333334,0.83,0.04710341093665404,67814098.0
845,United Kingdom,2022-05-24,6442.0,51.0,272.898,40.8,18.517,12.527,0.04715182629232778,0.13802083333333334,0.02619037787954939,0.01066940046322664,0.014772664129348282,0.2729873922032329,0.2571428571428572,0.8333333333333334,0.83,0.04710341093665404,67814098.0
846,United Kingdom,2022-05-25,5853.0,34.0,272.898,40.8,18.517,12.527,0.04715182629232778,0.13802083333333334,0.02619037787954939,0.01066940046322664,0.014772664129348282,0.2729873922032329,0.2571428571428572,0.8333333333333334,0.83,0.04710341093665404,67814098.0
848,United Kingdom,2022-05-27,4656.0,45.0,272.898,40.8,18.517,12.527,0.04715182629232778,0.13802083333333334,0.02619037787954939,0.01066940046322664,0.014772664129348282,0.2729873922032329,0.2571428571428572,0.8333333333333334,0.83,0.04710341093665404,67814098.0
849,United Kingdom,2022-05-28,0.0,34.0,272.898,40.8,18.517,12.527,0.04715182629232778,0.13802083333333334,0.02619037787954939,0.01066940046322664,0.014772664129348282,0.2729873922032329,0.2571428571428572,0.8333333333333334,0.83,0.04710341093665404,67814098.0
850,United Kingdom,2022-05-29,0.0,28.0,272.898,40.8,18.517,12.527,0.04715182629232778,0.13802083333333334,0.02619037787954939,0.01066940046322664,0.014772664129348282,0.2729873922032329,0.2571428571428572,0.8333333333333334,0.83,0.04710341093665404,67814098.0
851,United Kingdom,2022-05-30,17090.0,51.0,272.898,40.8,18.517,12.527,0.04715182629232778,0.13802083333333334,0.02619037787954939,0.01066940046322664,0.014772664129348282,0.2729873922032329,0.2571428571428572,0.8333333333333334,0.83,0.04710341093665404,67814098.0
852,United Kingdom,2022-05-31,5801.0,50.0,272.898,40.8,18.517,12.527,0.04715182629232778,0.13802083333333334,0.02619037787954939,0.01066940046322664,0.014772664129348282,0.2729873922032329,0.2571428571428572,0.8333333333333334,0.83,0.04710341093665404,67814098.0
853,United Kingdom,2022-06-01,5306.0,26.0,272.898,40.8,18.517,12.527,0.04715182629232778,0.13802083333333334,0.02619037787954939,0.01066940046322664,0.014772664129348282,0.2729873922032329,0.2571428571428572,0.8333333333333334,0.83,0.04710341093665404,67814098.0
854,United Kingdom,2022-06-02,0.0,47.0,272.898,40.8,18.517,12.527,0.04715182629232778,0.13802083333333334,0.02619037787954939,0.01066940046322664,0.014772664129348282,0.2729873922032329,0.2571428571428572,0.8333333333333334,0.83,0.04710341093665404,67814098.0
855,United Kingdom,2022-06-03,0.0,28.0,272.898,40.8,18.517,12.527,0.04715182629232778,0.13802083333333334,0.02619037787954939,0.01066940046322664,0.014772664129348282,0.2729873922032329,0.2571428571428572,0.8333333333333334,0.83,0.04710341093665404,67814098.0
856,United Kingdom,2022-06-04,0.0,38.0,272.898,40.8,18.517,12.527,0.04715182629232778,0.13802083333333334,0.02619037787954939,0.01066940046322664,0.014772664129348282,0.2729873922032329,0.2571428571428572,0.8333333333333334,0.83,0.04710341093665404,67814098.0
857,United Kingdom,2022-06-05,0.0,30.0,272.898,40.8,18.517,12.527,0.04715182629232778,0.13802083333333334,0.02619037787954939,0.01066940046322664,0.014772664129348282,0.2729873922032329,0.2571428571428572,0.8333333333333334,0.83,0.04710341093665404,67814098.0
858,United Kingdom,2022-06-06,33053.0,42.0,272.898,40.8,18.517,12.527,0.04715182629232778,0.13802083333333334,0.02619037787954939,0.01066940046322664,0.014772664129348282,0.2729873922032329,0.2571428571428572,0.8333333333333334,0.83,0.04710341093665404,67814098.0
859,United Kingdom,2022-06-07,10237.0,32.0,272.898,40.8,18.517,12.527,0.04715182629232778,0.13802083333333334,0.02619037787954939,0.01066940046322664,0.014772664129348282,0.2729873922032329,0.2571428571428572,0.8333333333333334,0.83,0.04710341093665404,67814098.0
860,United Kingdom,2022-06-08,13884.0,42.0,272.898,40.8,18.517,12.527,0.04715182629232778,0.13802083333333334,0.02619037787954939,0.01066940046322664,0.014772664129348282,0.2729873922032329,0.2571428571428572,0.8333333333333334,0.83,0.04710341093665404,67814098.0
861,United Kingdom,2022-06-09,10079.0,27.0,272.898,40.8,18.517,12.527,0.04715182629232778,0.13802083333333334,0.02619037787954939,0.01066940046322664,0.014772664129348282,0.2729873922032329,0.2571428571428572,0.8333333333333334,0.83,0.04710341093665404,67814098.0
862,United Kingdom,2022-06-10,9206.0,44.0,272.898,40.8,18.517,12.527,0.04715182629232778,0.13802083333333334,0.02619037787954939,0.01066940046322664,0.014772664129348282,0.2729873922032329,0.2571428571428572,0.8333333333333334,0.83,0.04710341093665404,67814098.0
863,United Kingdom,2022-06-11,0.0,33.0,272.898,40.8,18.517,12.527,0.04715182629232778,0.13802083333333334,0.02619037787954939,0.01066940046322664,0.014772664129348282,0.2729873922032329,0.2571428571428572,0.8333333333333334,0.83,0.04710341093665404,67814098.0
864,United Kingdom,2022-06-12,0.0,43.0,272.898,40.8,18.517,12.527,0.04715182629232778,0.13802083333333334,0.02619037787954939,0.01066940046322664,0.014772664129348282,0.2729873922032329,0.2571428571428572,0.8333333333333334,0.83,0.04710341093665404,67814098.0
865,United Kingdom,2022-06-13,28231.0,39.0,272.898,40.8,18.517,12.527,0.04715182629232778,0.13802083333333334,0.02619037787954939,0.01066940046322664,0.014772664129348282,0.2729873922032329,0.2571428571428572,0.8333333333333334,0.83,0.04710341093665404,67814098.0
866,United Kingdom,2022-06-14,12028.0,35.0,272.898,40.8,18.517,12.527,0.04715182629232778,0.13802083333333334,0.02619037787954939,0.01066940046322664,0.014772664129348282,0.2729873922032329,0.2571428571428572,0.8333333333333334,0.83,0.04710341093665404,67814098.0
867,United Kingdom,2022-06-15,25300.0,44.0,272.898,40.8,18.517,12.527,0.04715182629232778,0.13802083333333334,0.02619037787954939,0.01066940046322664,0.014772664129348282,0.2729873922032329,0.2571428571428572,0.8333333333333334,0.83,0.04710341093665404,67814098.0
868,United Kingdom,2022-06-16,12538.0,55.0,272.898,40.8,18.517,12.527,0.04715182629232778,0.13802083333333334,0.02619037787954939,0.01066940046322664,0.014772664129348282,0.2729873922032329,0.2571428571428572,0.8333333333333334,0.83,0.04710341093665404,67814098.0
869,United Kingdom,2022-06-17,12054.0,44.0,272.898,40.8,18.517,12.527,0.04715182629232778,0.13802083333333334,0.02619037787954939,0.01066940046322664,0.014772664129348282,0.2729873922032329,0.2571428571428572,0.8333333333333334,0.83,0.04710341093665404,67814098.0
870,United Kingdom,2022-06-18,0.0,44.0,272.898,40.8,18.517,12.527,0.04715182629232778,0.13802083333333334,0.02619037787954939,0.01066940046322664,0.014772664129348282,0.2729873922032329,0.2571428571428572,0.8333333333333334,0.83,0.04710341093665404,67814098.0
871,United Kingdom,2022-06-19,0.0,45.0,272.898,40.8,18.517,12.527,0.04715182629232778,0.13802083333333334,0.02619037787954939,0.01066940046322664,0.014772664129348282,0.2729873922032329,0.2571428571428572,0.8333333333333334,0.83,0.04710341093665404,67814098.0
872,United Kingdom,2022-06-20,36425.0,48.0,272.898,40.8,18.517,12.527,0.04715182629232778,0.13802083333333334,0.02619037787954939,0.01066940046322664,0.014772664129348282,0.2729873922032329,0.2571428571428572,0.8333333333333334,0.83,0.04710341093665404,67814098.0
873,United Kingdom,2022-06-21,16430.0,58.0,272.898,40.8,18.517,12.527,0.04715182629232778,0.13802083333333334,0.02619037787954939,0.01066940046322664,0.014772664129348282,0.2729873922032329,0.2571428571428572,0.8333333333333334,0.83,0.04710341093665404,67814098.0
874,United Kingdom,2022-06-22,32727.0,72.0,272.898,40.8,18.517,12.527,0.04715182629232778,0.13802083333333334,0.02619037787954939,0.01066940046322664,0.014772664129348282,0.2729873922032329,0.2571428571428572,0.8333333333333334,0.83,0.04710341093665404,67814098.0
875,United Kingdom,2022-06-23,18269.0,61.0,272.898,40.8,18.517,12.527,0.04715182629232778,0.13802083333333334,0.02619037787954939,0.01066940046322664,0.014772664129348282,0.2729873922032329,0.2571428571428572,0.8333333333333334,0.83,0.04710341093665404,67814098.0
876,United Kingdom,2022-06-24,16473.0,47.0,272.898,40.8,18.517,12.527,0.04715182629232778,0.13802083333333334,0.02619037787954939,0.01066940046322664,0.014772664129348282,0.2729873922032329,0.2571428571428572,0.8333333333333334,0.83,0.04710341093665404,67814098.0
877,United Kingdom,2022-06-25,0.0,70.0,272.898,40.8,18.517,12.527,0.04715182629232778,0.13802083333333334,0.02619037787954939,0.01066940046322664,0.014772664129348282,0.2729873922032329,0.2571428571428572,0.8333333333333334,0.83,0.04710341093665404,67814098.0
878,United Kingdom,2022-06-26,0.0,68.0,272.898,40.8,18.517,12.527,0.04715182629232778,0.13802083333333334,0.02619037787954939,0.01066940046322664,0.014772664129348282,0.2729873922032329,0.2571428571428572,0.8333333333333334,0.83,0.04710341093665404,67814098.0
879,United Kingdom,2022-06-27,47303.0,63.0,272.898,40.8,18.517,12.527,0.04715182629232778,0.13802083333333334,0.02619037787954939,0.01066940046322664,0.014772664129348282,0.2729873922032329,0.2571428571428572,0.8333333333333334,0.83,0.04710341093665404,67814098.0
880,United Kingdom,2022-06-28,21412.0,71.0,272.898,40.8,18.517,12.527,0.04715182629232778,0.13802083333333334,0.02619037787954939,0.01066940046322664,0.014772664129348282,0.2729873922032329,0.2571428571428572,0.8333333333333334,0.83,0.04710341093665404,67814098.0
881,United Kingdom,2022-06-29,35895.0,84.0,272.898,40.8,18.517,12.527,0.04715182629232778,0.13802083333333334,0.02619037787954939,0.01066940046322664,0.014772664129348282,0.2729873922032329,0.2571428571428572,0.8333333333333334,0.83,0.04710341093665404,67814098.0
882,United Kingdom,2022-06-30,22908.0,76.0,272.898,40.8,18.517,12.527,0.04715182629232778,0.13802083333333334,0.02619037787954939,0.01066940046322664,0.014772664129348282,0.2729873922032329,0.2571428571428572,0.8333333333333334,0.83,0.04710341093665404,67814098.0
883,United Kingdom,2022-07-01,20720.0,78.0,272.898,40.8,18.517,12.527,0.04715182629232778,0.13802083333333334,0.02619037787954939,0.01066940046322664,0.014772664129348282,0.2729873922032329,0.2571428571428572,0.8333333333333334,0.83,0.04710341093665404,67814098.0
884,United Kingdom,2022-07-02,0.0,90.0,272.898,40.8,18.517,12.527,0.04715182629232778,0.13802083333333334,0.02619037787954939,0.01066940046322664,0.014772664129348282,0.2729873922032329,0.2571428571428572,0.8333333333333334,0.83,0.04710341093665404,67814098.0
885,United Kingdom,2022-07-03,0.0,68.0,272.898,40.8,18.517,12.527,0.04715182629232778,0.13802083333333334,0.02619037787954939,0.01066940046322664,0.014772664129348282,0.2729873922032329,0.2571428571428572,0.8333333333333334,0.83,0.04710341093665404,67814098.0
886,United Kingdom,2022-07-04,0.0,89.0,272.898,40.8,18.517,12.527,0.04715182629232778,0.13802083333333334,0.02619037787954939,0.01066940046322664,0.014772664129348282,0.2729873922032329,0.2571428571428572,0.8333333333333334,0.83,0.04710341093665404,67814098.0
887,United Kingdom,2022-07-05,0.0,102.0,272.898,40.8,18.517,12.527,0.04715182629232778,0.13802083333333334,0.02619037787954939,0.01066940046322664,0.014772664129348282,0.2729873922032329,0.2571428571428572,0.8333333333333334,0.83,0.04710341093665404,67814098.0
888,United Kingdom,2022-07-06,142930.0,114.0,272.898,40.8,18.517,12.527,0.04715182629232778,0.13802083333333334,0.02619037787954939,0.01066940046322664,0.014772664129348282,0.2729873922032329,0.2571428571428572,0.8333333333333334,0.83,0.04710341093665404,67814098.0
889,United Kingdom,2022-07-07,0.0,100.0,272.898,40.8,18.517,12.527,0.04715182629232778,0.13802083333333334,0.02619037787954939,0.01066940046322664,0.014772664129348282,0.2729873922032329,0.2571428571428572,0.8333333333333334,0.83,0.04710341093665404,67814098.0
890,United Kingdom,2022-07-08,0.0,108.0,272.898,40.8,18.517,12.527,0.04715182629232778,0.13802083333333334,0.02619037787954939,0.01066940046322664,0.014772664129348282,0.2729873922032329,0.2571428571428572,0.8333333333333334,0.83,0.04710341093665404,67814098.0
891,United Kingdom,2022-07-09,0.0,104.0,272.898,40.8,18.517,12.527,0.04715182629232778,0.13802083333333334,0.02619037787954939,0.01066940046322664,0.014772664129348282,0.2729873922032329,0.2571428571428572,0.8333333333333334,0.83,0.04710341093665404,67814098.0
892,United Kingdom,2022-07-10,0.0,116.0,272.898,40.8,18.517,12.527,0.04715182629232778,0.13802083333333334,0.02619037787954939,0.01066940046322664,0.014772664129348282,0.2729873922032329,0.2571428571428572,0.8333333333333334,0.83,0.04710341093665404,67814098.0
893,United Kingdom,2022-07-11,0.0,126.0,272.898,40.8,18.517,12.527,0.04715182629232778,0.13802083333333334,0.02619037787954939,0.01066940046322664,0.014772664129348282,0.2729873922032329,0.2571428571428572,0.8333333333333334,0.83,0.04710341093665404,67814098.0
894,United Kingdom,2022-07-12,0.0,150.0,272.898,40.8,18.517,12.527,0.04715182629232778,0.13802083333333334,0.02619037787954939,0.01066940046322664,0.014772664129348282,0.2729873922032329,0.2571428571428572,0.8333333333333334,0.83,0.04710341093665404,67814098.0
895,United Kingdom,2022-07-13,190913.0,135.0,272.898,40.8,18.517,12.527,0.04715182629232778,0.13802083333333334,0.02619037787954939,0.01066940046322664,0.014772664129348282,0.2729873922032329,0.2571428571428572,0.8333333333333334,0.83,0.04710341093665404,67814098.0
896,United Kingdom,2022-07-14,0.0,125.0,272.898,40.8,18.517,12.527,0.04715182629232778,0.13802083333333334,0.02619037787954939,0.01066940046322664,0.014772664129348282,0.2729873922032329,0.2571428571428572,0.8333333333333334,0.83,0.04710341093665404,67814098.0
897,United Kingdom,2022-07-15,0.0,103.0,272.898,40.8,18.517,12.527,0.04715182629232778,0.13802083333333334,0.02619037787954939,0.01066940046322664,0.014772664129348282,0.2729873922032329,0.2571428571428572,0.8333333333333334,0.83,0.04710341093665404,67814098.0
898,United Kingdom,2022-07-16,0.0,114.0,272.898,40.8,18.517,12.527,0.04715182629232778,0.13802083333333334,0.02619037787954939,0.01066940046322664,0.014772664129348282,0.2729873922032329,0.2571428571428572,0.8333333333333334,0.83,0.04710341093665404,67814098.0
899,United Kingdom,2022-07-17,0.0,158.0,272.898,40.8,18.517,12.527,0.04715182629232778,0.13802083333333334,0.02619037787954939,0.01066940046322664,0.014772664129348282,0.2729873922032329,0.2571428571428572,0.8333333333333334,0.83,0.04710341093665404,67814098.0
900,United Kingdom,2022-07-18,0.0,126.0,272.898,40.8,18.517,12.527,0.04715182629232778,0.13802083333333334,0.02619037787954939,0.01066940046322664,0.014772664129348282,0.2729873922032329,0.2571428571428572,0.8333333333333334,0.83,0.04710341093665404,67814098.0
901,United Kingdom,2022-07-19,0.0,219.0,272.898,40.8,18.517,12.527,0.04715182629232778,0.13802083333333334,0.02619037787954939,0.01066940046322664,0.014772664129348282,0.2729873922032329,0.2571428571428572,0.8333333333333334,0.83,0.04710341093665404,67814098.0
902,United Kingdom,2022-07-20,137661.0,188.0,272.898,40.8,18.517,12.527,0.04715182629232778,0.13802083333333334,0.02619037787954939,0.01066940046322664,0.014772664129348282,0.2729873922032329,0.2571428571428572,0.8333333333333334,0.83,0.04710341093665404,67814098.0
903,United Kingdom,2022-07-21,0.0,125.0,272.898,40.8,18.517,12.527,0.04715182629232778,0.13802083333333334,0.02619037787954939,0.01066940046322664,0.014772664129348282,0.2729873922032329,0.2571428571428572,0.8333333333333334,0.83,0.04710341093665404,67814098.0
904,United Kingdom,2022-07-22,0.0,116.0,272.898,40.8,18.517,12.527,0.04715182629232778,0.13802083333333334,0.02619037787954939,0.01066940046322664,0.014772664129348282,0.2729873922032329,0.2571428571428572,0.8333333333333334,0.83,0.04710341093665404,67814098.0
905,United Kingdom,2022-07-23,0.0,125.0,272.898,40.8,18.517,12.527,0.04715182629232778,0.13802083333333334,0.02619037787954939,0.01066940046322664,0.014772664129348282,0.2729873922032329,0.2571428571428572,0.8333333333333334,0.83,0.04710341093665404,67814098.0
906,United Kingdom,2022-07-24,0.0,131.0,272.898,40.8,18.517,12.527,0.04715182629232778,0.13802083333333334,0.02619037787954939,0.01066940046322664,0.014772664129348282,0.2729873922032329,0.2571428571428572,0.8333333333333334,0.83,0.04710341093665404,67814098.0
907,United Kingdom,2022-07-25,0.0,113.0,272.898,40.8,18.517,12.527,0.04715182629232778,0.13802083333333334,0.02619037787954939,0.01066940046322664,0.014772664129348282,0.2729873922032329,0.2571428571428572,0.8333333333333334,0.83,0.04710341093665404,67814098.0
908,United Kingdom,2022-07-26,0.0,120.0,272.898,40.8,18.517,12.527,0.04715182629232778,0.13802083333333334,0.02619037787954939,0.01066940046322664,0.014772664129348282,0.2729873922032329,0.2571428571428572,0.8333333333333334,0.83,0.04710341093665404,67814098.0
909,United Kingdom,2022-07-27,91914.0,114.0,272.898,40.8,18.517,12.527,0.04715182629232778,0.13802083333333334,0.02619037787954939,0.01066940046322664,0.014772664129348282,0.2729873922032329,0.2571428571428572,0.8333333333333334,0.83,0.04710341093665404,67814098.0
910,United Kingdom,2022-07-28,0.0,122.0,272.898,40.8,18.517,12.527,0.04715182629232778,0.13802083333333334,0.02619037787954939,0.01066940046322664,0.014772664129348282,0.2729873922032329,0.2571428571428572,0.8333333333333334,0.83,0.04710341093665404,67814098.0
911,United Kingdom,2022-07-29,0.0,116.0,272.898,40.8,18.517,12.527,0.04715182629232778,0.13802083333333334,0.02619037787954939,0.01066940046322664,0.014772664129348282,0.2729873922032329,0.2571428571428572,0.8333333333333334,0.83,0.04710341093665404,67814098.0
912,United Kingdom,2022-07-30,0.0,76.0,272.898,40.8,18.517,12.527,0.04715182629232778,0.13802083333333334,0.02619037787954939,0.01066940046322664,0.014772664129348282,0.2729873922032329,0.2571428571428572,0.8333333333333334,0.83,0.04710341093665404,67814098.0
913,United Kingdom,2022-07-31,0.0,96.0,272.898,40.8,18.517,12.527,0.04715182629232778,0.13802083333333334,0.02619037787954939,0.01066940046322664,0.014772664129348282,0.2729873922032329,0.2571428571428572,0.8333333333333334,0.83,0.04710341093665404,67814098.0
914,United Kingdom,2022-08-01,0.0,93.0,272.898,40.8,18.517,12.527,0.04715182629232778,0.13802083333333334,0.02619037787954939,0.01066940046322664,0.014772664129348282,0.2729873922032329,0.2571428571428572,0.8333333333333334,0.83,0.04710341093665404,67814098.0
915,United Kingdom,2022-08-02,0.0,101.0,272.898,40.8,18.517,12.527,0.04715182629232778,0.13802083333333334,0.02619037787954939,0.01066940046322664,0.014772664129348282,0.2729873922032329,0.2571428571428572,0.8333333333333334,0.83,0.04710341093665404,67814098.0
916,United Kingdom,2022-08-03,64420.0,106.0,272.898,40.8,18.517,12.527,0.04715182629232778,0.13802083333333334,0.02619037787954939,0.01066940046322664,0.014772664129348282,0.2729873922032329,0.2571428571428572,0.8333333333333334,0.83,0.04710341093665404,67814098.0
917,United Kingdom,2022-08-04,0.0,83.0,272.898,40.8,18.517,12.527,0.04715182629232778,0.13802083333333334,0.02619037787954939,0.01066940046322664,0.014772664129348282,0.2729873922032329,0.2571428571428572,0.8333333333333334,0.83,0.04710341093665404,67814098.0
918,United Kingdom,2022-08-05,0.0,86.0,272.898,40.8,18.517,12.527,0.04715182629232778,0.13802083333333334,0.02619037787954939,0.01066940046322664,0.014772664129348282,0.2729873922032329,0.2571428571428572,0.8333333333333334,0.83,0.04710341093665404,67814098.0
919,United Kingdom,2022-08-06,0.0,66.0,272.898,40.8,18.517,12.527,0.04715182629232778,0.13802083333333334,0.02619037787954939,0.01066940046322664,0.014772664129348282,0.2729873922032329,0.2571428571428572,0.8333333333333334,0.83,0.04710341093665404,67814098.0
920,United Kingdom,2022-08-07,0.0,100.0,272.898,40.8,18.517,12.527,0.04715182629232778,0.13802083333333334,0.02619037787954939,0.01066940046322664,0.014772664129348282,0.2729873922032329,0.2571428571428572,0.8333333333333334,0.83,0.04710341093665404,67814098.0
921,United Kingdom,2022-08-08,0.0,97.0,272.898,40.8,18.517,12.527,0.04715182629232778,0.13802083333333334,0.02619037787954939,0.01066940046322664,0.014772664129348282,0.2729873922032329,0.2571428571428572,0.8333333333333334,0.83,0.04710341093665404,67814098.0
922,United Kingdom,2022-08-09,0.0,89.0,272.898,40.8,18.517,12.527,0.04715182629232778,0.13802083333333334,0.02619037787954939,0.01066940046322664,0.014772664129348282,0.2729873922032329,0.2571428571428572,0.8333333333333334,0.83,0.04710341093665404,67814098.0
923,United Kingdom,2022-08-10,51927.0,74.0,272.898,40.8,18.517,12.527,0.04715182629232778,0.13802083333333334,0.02619037787954939,0.01066940046322664,0.014772664129348282,0.2729873922032329,0.2571428571428572,0.8333333333333334,0.83,0.04710341093665404,67814098.0
924,United Kingdom,2022-08-11,0.0,99.0,272.898,40.8,18.517,12.527,0.04715182629232778,0.13802083333333334,0.02619037787954939,0.01066940046322664,0.014772664129348282,0.2729873922032329,0.2571428571428572,0.8333333333333334,0.83,0.04710341093665404,67814098.0
925,United Kingdom,2022-08-12,0.0,104.0,272.898,40.8,18.517,12.527,0.04715182629232778,0.13802083333333334,0.02619037787954939,0.01066940046322664,0.014772664129348282,0.2729873922032329,0.2571428571428572,0.8333333333333334,0.83,0.04710341093665404,67814098.0
926,United Kingdom,2022-08-13,0.0,90.0,272.898,40.8,18.517,12.527,0.04715182629232778,0.13802083333333334,0.02619037787954939,0.01066940046322664,0.014772664129348282,0.2729873922032329,0.2571428571428572,0.8333333333333334,0.83,0.04710341093665404,67814098.0
927,United Kingdom,2022-08-14,0.0,90.0,272.898,40.8,18.517,12.527,0.04715182629232778,0.13802083333333334,0.02619037787954939,0.01066940046322664,0.014772664129348282,0.2729873922032329,0.2571428571428572,0.8333333333333334,0.83,0.04710341093665404,67814098.0
928,United Kingdom,2022-08-15,0.0,88.0,272.898,40.8,18.517,12.527,0.04715182629232778,0.13802083333333334,0.02619037787954939,0.01066940046322664,0.014772664129348282,0.2729873922032329,0.2571428571428572,0.8333333333333334,0.83,0.04710341093665404,67814098.0
929,United Kingdom,2022-08-16,0.0,69.0,272.898,40.8,18.517,12.527,0.04715182629232778,0.13802083333333334,0.02619037787954939,0.01066940046322664,0.014772664129348282,0.2729873922032329,0.2571428571428572,0.8333333333333334,0.83,0.04710341093665404,67814098.0
930,United Kingdom,2022-08-17,39961.0,56.0,272.898,40.8,18.517,12.527,0.04715182629232778,0.13802083333333334,0.02619037787954939,0.01066940046322664,0.014772664129348282,0.2729873922032329,0.2571428571428572,0.8333333333333334,0.83,0.04710341093665404,67814098.0
931,United Kingdom,2022-08-18,0.0,62.0,272.898,40.8,18.517,12.527,0.04715182629232778,0.13802083333333334,0.02619037787954939,0.01066940046322664,0.014772664129348282,0.2729873922032329,0.2571428571428572,0.8333333333333334,0.83,0.04710341093665404,67814098.0
932,United Kingdom,2022-08-19,0.0,68.0,272.898,40.8,18.517,12.527,0.04715182629232778,0.13802083333333334,0.02619037787954939,0.01066940046322664,0.014772664129348282,0.2729873922032329,0.2571428571428572,0.8333333333333334,0.83,0.04710341093665404,67814098.0
933,United Kingdom,2022-08-20,0.0,75.0,272.898,40.8,18.517,12.527,0.04715182629232778,0.13802083333333334,0.02619037787954939,0.01066940046322664,0.014772664129348282,0.2729873922032329,0.2571428571428572,0.8333333333333334,0.83,0.04710341093665404,67814098.0
934,United Kingdom,2022-08-21,0.0,59.0,272.898,40.8,18.517,12.527,0.04715182629232778,0.13802083333333334,0.02619037787954939,0.01066940046322664,0.014772664129348282,0.2729873922032329,0.2571428571428572,0.8333333333333334,0.83,0.04710341093665404,67814098.0
936,United Kingdom,2022-08-23,0.0,78.0,272.898,40.8,18.517,12.527,0.04715182629232778,0.13802083333333334,0.02619037787954939,0.01066940046322664,0.014772664129348282,0.2729873922032329,0.2571428571428572,0.8333333333333334,0.83,0.04710341093665404,67814098.0
937,United Kingdom,2022-08-24,0.0,52.0,272.898,40.8,18.517,12.527,0.04715182629232778,0.13802083333333334,0.02619037787954939,0.01066940046322664,0.014772664129348282,0.2729873922032329,0.2571428571428572,0.8333333333333334,0.83,0.04710341093665404,67814098.0
938,United Kingdom,2022-08-25,32088.0,48.0,272.898,40.8,18.517,12.527,0.04715182629232778,0.13802083333333334,0.02619037787954939,0.01066940046322664,0.014772664129348282,0.2729873922032329,0.2571428571428572,0.8333333333333334,0.83,0.04710341093665404,67814098.0
939,United Kingdom,2022-08-26,0.0,43.0,272.898,40.8,18.517,12.527,0.04715182629232778,0.13802083333333334,0.02619037787954939,0.01066940046322664,0.014772664129348282,0.2729873922032329,0.2571428571428572,0.8333333333333334,0.83,0.04710341093665404,67814098.0
940,United Kingdom,2022-08-27,0.0,57.0,272.898,40.8,18.517,12.527,0.04715182629232778,0.13802083333333334,0.02619037787954939,0.01066940046322664,0.014772664129348282,0.2729873922032329,0.2571428571428572,0.8333333333333334,0.83,0.04710341093665404,67814098.0
941,United Kingdom,2022-08-28,0.0,61.0,272.898,40.8,18.517,12.527,0.04715182629232778,0.13802083333333334,0.02619037787954939,0.01066940046322664,0.014772664129348282,0.2729873922032329,0.2571428571428572,0.8333333333333334,0.83,0.04710341093665404,67814098.0
942,United Kingdom,2022-08-29,0.0,54.0,272.898,40.8,18.517,12.527,0.04715182629232778,0.13802083333333334,0.02619037787954939,0.01066940046322664,0.014772664129348282,0.2729873922032329,0.2571428571428572,0.8333333333333334,0.83,0.04710341093665404,67814098.0
943,United Kingdom,2022-08-30,0.0,43.0,272.898,40.8,18.517,12.527,0.04715182629232778,0.13802083333333334,0.02619037787954939,0.01066940046322664,0.014772664129348282,0.2729873922032329,0.2571428571428572,0.8333333333333334,0.83,0.04710341093665404,67814098.0
944,United Kingdom,2022-08-31,28917.0,74.0,272.898,40.8,18.517,12.527,0.04715182629232778,0.13802083333333334,0.02619037787954939,0.01066940046322664,0.014772664129348282,0.2729873922032329,0.2571428571428572,0.8333333333333334,0.83,0.04710341093665404,67814098.0
945,United Kingdom,2022-09-01,0.0,43.0,272.898,40.8,18.517,12.527,0.04715182629232778,0.13802083333333334,0.02619037787954939,0.01066940046322664,0.014772664129348282,0.2729873922032329,0.2571428571428572,0.8333333333333334,0.83,0.04710341093665404,67814098.0
946,United Kingdom,2022-09-02,0.0,47.0,272.898,40.8,18.517,12.527,0.04715182629232778,0.13802083333333334,0.02619037787954939,0.01066940046322664,0.014772664129348282,0.2729873922032329,0.2571428571428572,0.8333333333333334,0.83,0.04710341093665404,67814098.0
947,United Kingdom,2022-09-03,0.0,54.0,272.898,40.8,18.517,12.527,0.04715182629232778,0.13802083333333334,0.02619037787954939,0.01066940046322664,0.014772664129348282,0.2729873922032329,0.2571428571428572,0.8333333333333334,0.83,0.04710341093665404,67814098.0
948,United Kingdom,2022-09-04,0.0,45.0,272.898,40.8,18.517,12.527,0.04715182629232778,0.13802083333333334,0.02619037787954939,0.01066940046322664,0.014772664129348282,0.2729873922032329,0.2571428571428572,0.8333333333333334,0.83,0.04710341093665404,67814098.0
949,United Kingdom,2022-09-05,0.0,39.0,272.898,40.8,18.517,12.527,0.04715182629232778,0.13802083333333334,0.02619037787954939,0.01066940046322664,0.014772664129348282,0.2729873922032329,0.2571428571428572,0.8333333333333334,0.83,0.04710341093665404,67814098.0
950,United Kingdom,2022-09-06,0.0,39.0,272.898,40.8,18.517,12.527,0.04715182629232778,0.13802083333333334,0.02619037787954939,0.01066940046322664,0.014772664129348282,0.2729873922032329,0.2571428571428572,0.8333333333333334,0.83,0.04710341093665404,67814098.0
951,United Kingdom,2022-09-07,0.0,58.0,272.898,40.8,18.517,12.527,0.04715182629232778,0.13802083333333334,0.02619037787954939,0.01066940046322664,0.014772664129348282,0.2729873922032329,0.2571428571428572,0.8333333333333334,0.83,0.04710341093665404,67814098.0
952,United Kingdom,2022-09-08,32727.0,45.0,272.898,40.8,18.517,12.527,0.04715182629232778,0.13802083333333334,0.02619037787954939,0.01066940046322664,0.014772664129348282,0.2729873922032329,0.2571428571428572,0.8333333333333334,0.83,0.04710341093665404,67814098.0
953,United Kingdom,2022-09-09,0.0,37.0,272.898,40.8,18.517,12.527,0.04715182629232778,0.13802083333333334,0.02619037787954939,0.01066940046322664,0.014772664129348282,0.2729873922032329,0.2571428571428572,0.8333333333333334,0.83,0.04710341093665404,67814098.0
954,United Kingdom,2022-09-10,0.0,43.0,272.898,40.8,18.517,12.527,0.04715182629232778,0.13802083333333334,0.02619037787954939,0.01066940046322664,0.014772664129348282,0.2729873922032329,0.2571428571428572,0.8333333333333334,0.83,0.04710341093665404,67814098.0
955,United Kingdom,2022-09-11,0.0,30.0,272.898,40.8,18.517,12.527,0.04715182629232778,0.13802083333333334,0.02619037787954939,0.01066940046322664,0.014772664129348282,0.2729873922032329,0.2571428571428572,0.8333333333333334,0.83,0.04710341093665404,67814098.0
956,United Kingdom,2022-09-12,0.0,42.0,272.898,40.8,18.517,12.527,0.04715182629232778,0.13802083333333334,0.02619037787954939,0.01066940046322664,0.014772664129348282,0.2729873922032329,0.2571428571428572,0.8333333333333334,0.83,0.04710341093665404,67814098.0
957,United Kingdom,2022-09-13,0.0,49.0,272.898,40.8,18.517,12.527,0.04715182629232778,0.13802083333333334,0.02619037787954939,0.01066940046322664,0.014772664129348282,0.2729873922032329,0.2571428571428572,0.8333333333333334,0.83,0.04710341093665404,67814098.0
958,United Kingdom,2022-09-14,0.0,44.0,272.898,40.8,18.517,12.527,0.04715182629232778,0.13802083333333334,0.02619037787954939,0.01066940046322664,0.014772664129348282,0.2729873922032329,0.2571428571428572,0.8333333333333334,0.83,0.04710341093665404,67814098.0
959,United Kingdom,2022-09-15,30786.0,47.0,272.898,40.8,18.517,12.527,0.04715182629232778,0.13802083333333334,0.02619037787954939,0.01066940046322664,0.014772664129348282,0.2729873922032329,0.2571428571428572,0.8333333333333334,0.83,0.04710341093665404,67814098.0
960,United Kingdom,2022-09-16,0.0,37.0,272.898,40.8,18.517,12.527,0.04715182629232778,0.13802083333333334,0.02619037787954939,0.01066940046322664,0.014772664129348282,0.2729873922032329,0.2571428571428572,0.8333333333333334,0.83,0.04710341093665404,67814098.0
961,United Kingdom,2022-09-17,0.0,40.0,272.898,40.8,18.517,12.527,0.04715182629232778,0.13802083333333334,0.02619037787954939,0.01066940046322664,0.014772664129348282,0.2729873922032329,0.2571428571428572,0.8333333333333334,0.83,0.04710341093665404,67814098.0
962,United Kingdom,2022-09-18,0.0,40.0,272.898,40.8,18.517,12.527,0.04715182629232778,0.13802083333333334,0.02619037787954939,0.01066940046322664,0.014772664129348282,0.2729873922032329,0.2571428571428572,0.8333333333333334,0.83,0.04710341093665404,67814098.0
963,United Kingdom,2022-09-19,0.0,49.0,272.898,40.8,18.517,12.527,0.04715182629232778,0.13802083333333334,0.02619037787954939,0.01066940046322664,0.014772664129348282,0.2729873922032329,0.2571428571428572,0.8333333333333334,0.83,0.04710341093665404,67814098.0
964,United Kingdom,2022-09-20,0.0,49.0,272.898,40.8,18.517,12.527,0.04715182629232778,0.13802083333333334,0.02619037787954939,0.01066940046322664,0.014772664129348282,0.2729873922032329,0.2571428571428572,0.8333333333333334,0.83,0.04710341093665404,67814098.0
965,United Kingdom,2022-09-21,0.0,37.0,272.898,40.8,18.517,12.527,0.04715182629232778,0.13802083333333334,0.02619037787954939,0.01066940046322664,0.014772664129348282,0.2729873922032329,0.2571428571428572,0.8333333333333334,0.83,0.04710341093665404,67814098.0
966,United Kingdom,2022-09-22,36647.0,50.0,272.898,40.8,18.517,12.527,0.04715182629232778,0.13802083333333334,0.02619037787954939,0.01066940046322664,0.014772664129348282,0.2729873922032329,0.2571428571428572,0.8333333333333334,0.83,0.04710341093665404,67814098.0
967,United Kingdom,2022-09-23,0.0,54.0,272.898,40.8,18.517,12.527,0.04715182629232778,0.13802083333333334,0.02619037787954939,0.01066940046322664,0.014772664129348282,0.2729873922032329,0.2571428571428572,0.8333333333333334,0.83,0.04710341093665404,67814098.0
968,United Kingdom,2022-09-24,0.0,49.0,272.898,40.8,18.517,12.527,0.04715182629232778,0.13802083333333334,0.02619037787954939,0.01066940046322664,0.014772664129348282,0.2729873922032329,0.2571428571428572,0.8333333333333334,0.83,0.04710341093665404,67814098.0
969,United Kingdom,2022-09-25,0.0,41.0,272.898,40.8,18.517,12.527,0.04715182629232778,0.13802083333333334,0.02619037787954939,0.01066940046322664,0.014772664129348282,0.2729873922032329,0.2571428571428572,0.8333333333333334,0.83,0.04710341093665404,67814098.0
970,United Kingdom,2022-09-26,0.0,62.0,272.898,40.8,18.517,12.527,0.04715182629232778,0.13802083333333334,0.02619037787954939,0.01066940046322664,0.014772664129348282,0.2729873922032329,0.2571428571428572,0.8333333333333334,0.83,0.04710341093665404,67814098.0
971,United Kingdom,2022-09-27,0.0,68.0,272.898,40.8,18.517,12.527,0.04715182629232778,0.13802083333333334,0.02619037787954939,0.01066940046322664,0.014772664129348282,0.2729873922032329,0.2571428571428572,0.8333333333333334,0.83,0.04710341093665404,67814098.0
972,United Kingdom,2022-09-28,0.0,60.0,272.898,40.8,18.517,12.527,0.04715182629232778,0.13802083333333334,0.02619037787954939,0.01066940046322664,0.014772664129348282,0.2729873922032329,0.2571428571428572,0.8333333333333334,0.83,0.04710341093665404,67814098.0
973,United Kingdom,2022-09-29,50900.0,67.0,272.898,40.8,18.517,12.527,0.04715182629232778,0.13802083333333334,0.02619037787954939,0.01066940046322664,0.014772664129348282,0.2729873922032329,0.2571428571428572,0.8333333333333334,0.83,0.04710341093665404,67814098.0
974,United Kingdom,2022-09-30,0.0,63.0,272.898,40.8,18.517,12.527,0.04715182629232778,0.13802083333333334,0.02619037787954939,0.01066940046322664,0.014772664129348282,0.2729873922032329,0.2571428571428572,0.8333333333333334,0.83,0.04710341093665404,67814098.0
975,United Kingdom,2022-10-01,0.0,78.0,272.898,40.8,18.517,12.527,0.04715182629232778,0.13802083333333334,0.02619037787954939,0.01066940046322664,0.014772664129348282,0.2729873922032329,0.2571428571428572,0.8333333333333334,0.83,0.04710341093665404,67814098.0
976,United Kingdom,2022-10-02,0.0,63.0,272.898,40.8,18.517,12.527,0.04715182629232778,0.13802083333333334,0.02619037787954939,0.01066940046322664,0.014772664129348282,0.2729873922032329,0.2571428571428572,0.8333333333333334,0.83,0.04710341093665404,67814098.0
977,United Kingdom,2022-10-03,0.0,82.0,272.898,40.8,18.517,12.527,0.04715182629232778,0.13802083333333334,0.02619037787954939,0.01066940046322664,0.014772664129348282,0.2729873922032329,0.2571428571428572,0.8333333333333334,0.83,0.04710341093665404,67814098.0
978,United Kingdom,2022-10-04,0.0,90.0,272.898,40.8,18.517,12.527,0.04715182629232778,0.13802083333333334,0.02619037787954939,0.01066940046322664,0.014772664129348282,0.2729873922032329,0.2571428571428572,0.8333333333333334,0.83,0.04710341093665404,67814098.0
979,United Kingdom,2022-10-05,0.0,98.0,272.898,40.8,18.517,12.527,0.04715182629232778,0.13802083333333334,0.02619037787954939,0.01066940046322664,0.014772664129348282,0.2729873922032329,0.2571428571428572,0.8333333333333334,0.83,0.04710341093665404,67814098.0
980,United Kingdom,2022-10-06,62421.0,92.0,272.898,40.8,18.517,12.527,0.04715182629232778,0.13802083333333334,0.02619037787954939,0.01066940046322664,0.014772664129348282,0.2729873922032329,0.2571428571428572,0.8333333333333334,0.83,0.04710341093665404,67814098.0
981,United Kingdom,2022-10-07,0.0,99.0,272.898,40.8,18.517,12.527,0.04715182629232778,0.13802083333333334,0.02619037787954939,0.01066940046322664,0.014772664129348282,0.2729873922032329,0.2571428571428572,0.8333333333333334,0.83,0.04710341093665404,67814098.0
982,United Kingdom,2022-10-08,0.0,90.0,272.898,40.8,18.517,12.527,0.04715182629232778,0.13802083333333334,0.02619037787954939,0.01066940046322664,0.014772664129348282,0.2729873922032329,0.2571428571428572,0.8333333333333334,0.83,0.04710341093665404,67814098.0
983,United Kingdom,2022-10-09,0.0,98.0,272.898,40.8,18.517,12.527,0.04715182629232778,0.13802083333333334,0.02619037787954939,0.01066940046322664,0.014772664129348282,0.2729873922032329,0.2571428571428572,0.8333333333333334,0.83,0.04710341093665404,67814098.0
984,United Kingdom,2022-10-10,0.0,90.0,272.898,40.8,18.517,12.527,0.04715182629232778,0.13802083333333334,0.02619037787954939,0.01066940046322664,0.014772664129348282,0.2729873922032329,0.2571428571428572,0.8333333333333334,0.83,0.04710341093665404,67814098.0
985,United Kingdom,2022-10-11,0.0,103.0,272.898,40.8,18.517,12.527,0.04715182629232778,0.13802083333333334,0.02619037787954939,0.01066940046322664,0.014772664129348282,0.2729873922032329,0.2571428571428572,0.8333333333333334,0.83,0.04710341093665404,67814098.0
986,United Kingdom,2022-10-12,0.0,124.0,272.898,40.8,18.517,12.527,0.04715182629232778,0.13802083333333334,0.02619037787954939,0.01066940046322664,0.014772664129348282,0.2729873922032329,0.2571428571428572,0.8333333333333334,0.83,0.04710341093665404,67814098.0
987,United Kingdom,2022-10-13,63520.0,110.0,272.898,40.8,18.517,12.527,0.04715182629232778,0.13802083333333334,0.02619037787954939,0.01066940046322664,0.014772664129348282,0.2729873922032329,0.2571428571428572,0.8333333333333334,0.83,0.04710341093665404,67814098.0
988,United Kingdom,2022-10-14,0.0,113.0,272.898,40.8,18.517,12.527,0.04715182629232778,0.13802083333333334,0.02619037787954939,0.01066940046322664,0.014772664129348282,0.2729873922032329,0.2571428571428572,0.8333333333333334,0.83,0.04710341093665404,67814098.0
989,United Kingdom,2022-10-15,0.0,106.0,272.898,40.8,18.517,12.527,0.04715182629232778,0.13802083333333334,0.02619037787954939,0.01066940046322664,0.014772664129348282,0.2729873922032329,0.2571428571428572,0.8333333333333334,0.83,0.04710341093665404,67814098.0
990,United Kingdom,2022-10-16,0.0,105.0,272.898,40.8,18.517,12.527,0.04715182629232778,0.13802083333333334,0.02619037787954939,0.01066940046322664,0.014772664129348282,0.2729873922032329,0.2571428571428572,0.8333333333333334,0.83,0.04710341093665404,67814098.0
991,United Kingdom,2022-10-17,0.0,115.0,272.898,40.8,18.517,12.527,0.04715182629232778,0.13802083333333334,0.02619037787954939,0.01066940046322664,0.014772664129348282,0.2729873922032329,0.2571428571428572,0.8333333333333334,0.83,0.04710341093665404,67814098.0
992,United Kingdom,2022-10-18,0.0,106.0,272.898,40.8,18.517,12.527,0.04715182629232778,0.13802083333333334,0.02619037787954939,0.01066940046322664,0.014772664129348282,0.2729873922032329,0.2571428571428572,0.8333333333333334,0.83,0.04710341093665404,67814098.0
993,United Kingdom,2022-10-19,0.0,102.0,272.898,40.8,18.517,12.527,0.04715182629232778,0.13802083333333334,0.02619037787954939,0.01066940046322664,0.014772664129348282,0.2729873922032329,0.2571428571428572,0.8333333333333334,0.83,0.04710341093665404,67814098.0
994,United Kingdom,2022-10-20,56729.0,118.0,272.898,40.8,18.517,12.527,0.04715182629232778,0.13802083333333334,0.02619037787954939,0.01066940046322664,0.014772664129348282,0.2729873922032329,0.2571428571428572,0.8333333333333334,0.83,0.04710341093665404,67814098.0
995,United Kingdom,2022-10-21,0.0,104.0,272.898,40.8,18.517,12.527,0.04715182629232778,0.13802083333333334,0.02619037787954939,0.01066940046322664,0.014772664129348282,0.2729873922032329,0.2571428571428572,0.8333333333333334,0.83,0.04710341093665404,67814098.0
996,United Kingdom,2022-10-22,0.0,111.0,272.898,40.8,18.517,12.527,0.04715182629232778,0.13802083333333334,0.02619037787954939,0.01066940046322664,0.014772664129348282,0.2729873922032329,0.2571428571428572,0.8333333333333334,0.83,0.04710341093665404,67814098.0
997,United Kingdom,2022-10-23,0.0,101.0,272.898,40.8,18.517,12.527,0.04715182629232778,0.13802083333333334,0.02619037787954939,0.01066940046322664,0.014772664129348282,0.2729873922032329,0.2571428571428572,0.8333333333333334,0.83,0.04710341093665404,67814098.0
998,United Kingdom,2022-10-24,0.0,104.0,272.898,40.8,18.517,12.527,0.04715182629232778,0.13802083333333334,0.02619037787954939,0.01066940046322664,0.014772664129348282,0.2729873922032329,0.2571428571428572,0.8333333333333334,0.83,0.04710341093665404,67814098.0
999,United Kingdom,2022-10-25,0.0,111.0,272.898,40.8,18.517,12.527,0.04715182629232778,0.13802083333333334,0.02619037787954939,0.01066940046322664,0.014772664129348282,0.2729873922032329,0.2571428571428572,0.8333333333333334,0.83,0.04710341093665404,67814098.0
1000,United Kingdom,2022-10-26,0.0,90.0,272.898,40.8,18.517,12.527,0.04715182629232778,0.13802083333333334,0.02619037787954939,0.01066940046322664,0.014772664129348282,0.2729873922032329,0.2571428571428572,0.8333333333333334,0.83,0.04710341093665404,67814098.0
1001,United Kingdom,2022-10-27,42963.0,107.0,272.898,40.8,18.517,12.527,0.04715182629232778,0.13802083333333334,0.02619037787954939,0.01066940046322664,0.014772664129348282,0.2729873922032329,0.2571428571428572,0.8333333333333334,0.83,0.04710341093665404,67814098.0
1002,United Kingdom,2022-10-28,0.0,87.0,272.898,40.8,18.517,12.527,0.04715182629232778,0.13802083333333334,0.02619037787954939,0.01066940046322664,0.014772664129348282,0.2729873922032329,0.2571428571428572,0.8333333333333334,0.83,0.04710341093665404,67814098.0
1003,United Kingdom,2022-10-29,0.0,96.0,272.898,40.8,18.517,12.527,0.04715182629232778,0.13802083333333334,0.02619037787954939,0.01066940046322664,0.014772664129348282,0.2729873922032329,0.2571428571428572,0.8333333333333334,0.83,0.04710341093665404,67814098.0
1004,United Kingdom,2022-10-30,0.0,97.0,272.898,40.8,18.517,12.527,0.04715182629232778,0.13802083333333334,0.02619037787954939,0.01066940046322664,0.014772664129348282,0.2729873922032329,0.2571428571428572,0.8333333333333334,0.83,0.04710341093665404,67814098.0
1005,United Kingdom,2022-10-31,0.0,83.0,272.898,40.8,18.517,12.527,0.04715182629232778,0.13802083333333334,0.02619037787954939,0.01066940046322664,0.014772664129348282,0.2729873922032329,0.2571428571428572,0.8333333333333334,0.83,0.04710341093665404,67814098.0
1006,United Kingdom,2022-11-01,0.0,85.0,272.898,40.8,18.517,12.527,0.04715182629232778,0.13802083333333334,0.02619037787954939,0.01066940046322664,0.014772664129348282,0.2729873922032329,0.2571428571428572,0.8333333333333334,0.83,0.04710341093665404,67814098.0
1007,United Kingdom,2022-11-02,0.0,77.0,272.898,40.8,18.517,12.527,0.04715182629232778,0.13802083333333334,0.02619037787954939,0.01066940046322664,0.014772664129348282,0.2729873922032329,0.2571428571428572,0.8333333333333334,0.83,0.04710341093665404,67814098.0
1008,United Kingdom,2022-11-03,31552.0,84.0,272.898,40.8,18.517,12.527,0.04715182629232778,0.13802083333333334,0.02619037787954939,0.01066940046322664,0.014772664129348282,0.2729873922032329,0.2571428571428572,0.8333333333333334,0.83,0.04710341093665404,67814098.0
1009,United Kingdom,2022-11-04,0.0,95.0,272.898,40.8,18.517,12.527,0.04715182629232778,0.13802083333333334,0.02619037787954939,0.01066940046322664,0.014772664129348282,0.2729873922032329,0.2571428571428572,0.8333333333333334,0.83,0.04710341093665404,67814098.0
1010,United Kingdom,2022-11-05,0.0,75.0,272.898,40.8,18.517,12.527,0.04715182629232778,0.13802083333333334,0.02619037787954939,0.01066940046322664,0.014772664129348282,0.2729873922032329,0.2571428571428572,0.8333333333333334,0.83,0.04710341093665404,67814098.0
1011,United Kingdom,2022-11-06,0.0,56.0,272.898,40.8,18.517,12.527,0.04715182629232778,0.13802083333333334,0.02619037787954939,0.01066940046322664,0.014772664129348282,0.2729873922032329,0.2571428571428572,0.8333333333333334,0.83,0.04710341093665404,67814098.0
1012,United Kingdom,2022-11-07,0.0,76.0,272.898,40.8,18.517,12.527,0.04715182629232778,0.13802083333333334,0.02619037787954939,0.01066940046322664,0.014772664129348282,0.2729873922032329,0.2571428571428572,0.8333333333333334,0.83,0.04710341093665404,67814098.0
1013,United Kingdom,2022-11-08,0.0,62.0,272.898,40.8,18.517,12.527,0.04715182629232778,0.13802083333333334,0.02619037787954939,0.01066940046322664,0.014772664129348282,0.2729873922032329,0.2571428571428572,0.8333333333333334,0.83,0.04710341093665404,67814098.0
1014,United Kingdom,2022-11-09,0.0,63.0,272.898,40.8,18.517,12.527,0.04715182629232778,0.13802083333333334,0.02619037787954939,0.01066940046322664,0.014772664129348282,0.2729873922032329,0.2571428571428572,0.8333333333333334,0.83,0.04710341093665404,67814098.0
1015,United Kingdom,2022-11-10,24155.0,53.0,272.898,40.8,18.517,12.527,0.04715182629232778,0.13802083333333334,0.02619037787954939,0.01066940046322664,0.014772664129348282,0.2729873922032329,0.2571428571428572,0.8333333333333334,0.83,0.04710341093665404,67814098.0
1016,United Kingdom,2022-11-11,0.0,72.0,272.898,40.8,18.517,12.527,0.04715182629232778,0.13802083333333334,0.02619037787954939,0.01066940046322664,0.014772664129348282,0.2729873922032329,0.2571428571428572,0.8333333333333334,0.83,0.04710341093665404,67814098.0
1017,United Kingdom,2022-11-12,0.0,46.0,272.898,40.8,18.517,12.527,0.04715182629232778,0.13802083333333334,0.02619037787954939,0.01066940046322664,0.014772664129348282,0.2729873922032329,0.2571428571428572,0.8333333333333334,0.83,0.04710341093665404,67814098.0
1018,United Kingdom,2022-11-13,0.0,56.0,272.898,40.8,18.517,12.527,0.04715182629232778,0.13802083333333334,0.02619037787954939,0.01066940046322664,0.014772664129348282,0.2729873922032329,0.2571428571428572,0.8333333333333334,0.83,0.04710341093665404,67814098.0
1019,United Kingdom,2022-11-14,0.0,60.0,272.898,40.8,18.517,12.527,0.04715182629232778,0.13802083333333334,0.02619037787954939,0.01066940046322664,0.014772664129348282,0.2729873922032329,0.2571428571428572,0.8333333333333334,0.83,0.04710341093665404,67814098.0
1020,United Kingdom,2022-11-15,0.0,64.0,272.898,40.8,18.517,12.527,0.04715182629232778,0.13802083333333334,0.02619037787954939,0.01066940046322664,0.014772664129348282,0.2729873922032329,0.2571428571428572,0.8333333333333334,0.83,0.04710341093665404,67814098.0
1021,United Kingdom,2022-11-16,0.0,54.0,272.898,40.8,18.517,12.527,0.04715182629232778,0.13802083333333334,0.02619037787954939,0.01066940046322664,0.014772664129348282,0.2729873922032329,0.2571428571428572,0.8333333333333334,0.83,0.04710341093665404,67814098.0
1022,United Kingdom,2022-11-17,23441.0,52.0,272.898,40.8,18.517,12.527,0.04715182629232778,0.13802083333333334,0.02619037787954939,0.01066940046322664,0.014772664129348282,0.2729873922032329,0.2571428571428572,0.8333333333333334,0.83,0.04710341093665404,67814098.0
1023,United Kingdom,2022-11-18,0.0,57.0,272.898,40.8,18.517,12.527,0.04715182629232778,0.13802083333333334,0.02619037787954939,0.01066940046322664,0.014772664129348282,0.2729873922032329,0.2571428571428572,0.8333333333333334,0.83,0.04710341093665404,67814098.0
1024,United Kingdom,2022-11-19,0.0,56.0,272.898,40.8,18.517,12.527,0.04715182629232778,0.13802083333333334,0.02619037787954939,0.01066940046322664,0.014772664129348282,0.2729873922032329,0.2571428571428572,0.8333333333333334,0.83,0.04710341093665404,67814098.0
1025,United Kingdom,2022-11-20,0.0,60.0,272.898,40.8,18.517,12.527,0.04715182629232778,0.13802083333333334,0.02619037787954939,0.01066940046322664,0.014772664129348282,0.2729873922032329,0.2571428571428572,0.8333333333333334,0.83,0.04710341093665404,67814098.0
1026,United Kingdom,2022-11-21,0.0,53.0,272.898,40.8,18.517,12.527,0.04715182629232778,0.13802083333333334,0.02619037787954939,0.01066940046322664,0.014772664129348282,0.2729873922032329,0.2571428571428572,0.8333333333333334,0.83,0.04710341093665404,67814098.0
1027,United Kingdom,2022-11-22,0.0,55.0,272.898,40.8,18.517,12.527,0.04715182629232778,0.13802083333333334,0.02619037787954939,0.01066940046322664,0.014772664129348282,0.2729873922032329,0.2571428571428572,0.8333333333333334,0.83,0.04710341093665404,67814098.0
1028,United Kingdom,2022-11-23,0.0,57.0,272.898,40.8,18.517,12.527,0.04715182629232778,0.13802083333333334,0.02619037787954939,0.01066940046322664,0.014772664129348282,0.2729873922032329,0.2571428571428572,0.8333333333333334,0.83,0.04710341093665404,67814098.0
1029,United Kingdom,2022-11-24,20535.0,49.0,272.898,40.8,18.517,12.527,0.04715182629232778,0.13802083333333334,0.02619037787954939,0.01066940046322664,0.014772664129348282,0.2729873922032329,0.2571428571428572,0.8333333333333334,0.83,0.04710341093665404,67814098.0
1030,United Kingdom,2022-11-25,0.0,43.0,272.898,40.8,18.517,12.527,0.04715182629232778,0.13802083333333334,0.02619037787954939,0.01066940046322664,0.014772664129348282,0.2729873922032329,0.2571428571428572,0.8333333333333334,0.83,0.04710341093665404,67814098.0
1031,United Kingdom,2022-11-26,0.0,46.0,272.898,40.8,18.517,12.527,0.04715182629232778,0.13802083333333334,0.02619037787954939,0.01066940046322664,0.014772664129348282,0.2729873922032329,0.2571428571428572,0.8333333333333334,0.83,0.04710341093665404,67814098.0
1032,United Kingdom,2022-11-27,0.0,55.0,272.898,40.8,18.517,12.527,0.04715182629232778,0.13802083333333334,0.02619037787954939,0.01066940046322664,0.014772664129348282,0.2729873922032329,0.2571428571428572,0.8333333333333334,0.83,0.04710341093665404,67814098.0
1033,United Kingdom,2022-11-28,0.0,59.0,272.898,40.8,18.517,12.527,0.04715182629232778,0.13802083333333334,0.02619037787954939,0.01066940046322664,0.014772664129348282,0.2729873922032329,0.2571428571428572,0.8333333333333334,0.83,0.04710341093665404,67814098.0
1034,United Kingdom,2022-11-29,0.0,53.0,272.898,40.8,18.517,12.527,0.04715182629232778,0.13802083333333334,0.02619037787954939,0.01066940046322664,0.014772664129348282,0.2729873922032329,0.2571428571428572,0.8333333333333334,0.83,0.04710341093665404,67814098.0
1035,United Kingdom,2022-11-30,0.0,45.0,272.898,40.8,18.517,12.527,0.04715182629232778,0.13802083333333334,0.02619037787954939,0.01066940046322664,0.014772664129348282,0.2729873922032329,0.2571428571428572,0.8333333333333334,0.83,0.04710341093665404,67814098.0
1036,United Kingdom,2022-12-01,26574.0,55.0,272.898,40.8,18.517,12.527,0.04715182629232778,0.13802083333333334,0.02619037787954939,0.01066940046322664,0.014772664129348282,0.2729873922032329,0.2571428571428572,0.8333333333333334,0.83,0.04710341093665404,67814098.0
1037,United Kingdom,2022-12-02,0.0,49.0,272.898,40.8,18.517,12.527,0.04715182629232778,0.13802083333333334,0.02619037787954939,0.01066940046322664,0.014772664129348282,0.2729873922032329,0.2571428571428572,0.8333333333333334,0.83,0.04710341093665404,67814098.0
1038,United Kingdom,2022-12-03,0.0,54.0,272.898,40.8,18.517,12.527,0.04715182629232778,0.13802083333333334,0.02619037787954939,0.01066940046322664,0.014772664129348282,0.2729873922032329,0.2571428571428572,0.8333333333333334,0.83,0.04710341093665404,67814098.0
1039,United Kingdom,2022-12-04,0.0,48.0,272.898,40.8,18.517,12.527,0.04715182629232778,0.13802083333333334,0.02619037787954939,0.01066940046322664,0.014772664129348282,0.2729873922032329,0.2571428571428572,0.8333333333333334,0.83,0.04710341093665404,67814098.0
1040,United Kingdom,2022-12-05,0.0,59.0,272.898,40.8,18.517,12.527,0.04715182629232778,0.13802083333333334,0.02619037787954939,0.01066940046322664,0.014772664129348282,0.2729873922032329,0.2571428571428572,0.8333333333333334,0.83,0.04710341093665404,67814098.0
1041,United Kingdom,2022-12-06,0.0,73.0,272.898,40.8,18.517,12.527,0.04715182629232778,0.13802083333333334,0.02619037787954939,0.01066940046322664,0.014772664129348282,0.2729873922032329,0.2571428571428572,0.8333333333333334,0.83,0.04710341093665404,67814098.0
1042,United Kingdom,2022-12-07,0.0,60.0,272.898,40.8,18.517,12.527,0.04715182629232778,0.13802083333333334,0.02619037787954939,0.01066940046322664,0.014772664129348282,0.2729873922032329,0.2571428571428572,0.8333333333333334,0.83,0.04710341093665404,67814098.0
1043,United Kingdom,2022-12-08,28830.0,69.0,272.898,40.8,18.517,12.527,0.04715182629232778,0.13802083333333334,0.02619037787954939,0.01066940046322664,0.014772664129348282,0.2729873922032329,0.2571428571428572,0.8333333333333334,0.83,0.04710341093665404,67814098.0
1044,United Kingdom,2022-12-09,0.0,70.0,272.898,40.8,18.517,12.527,0.04715182629232778,0.13802083333333334,0.02619037787954939,0.01066940046322664,0.014772664129348282,0.2729873922032329,0.2571428571428572,0.8333333333333334,0.83,0.04710341093665404,67814098.0
1045,United Kingdom,2022-12-10,0.0,65.0,272.898,40.8,18.517,12.527,0.04715182629232778,0.13802083333333334,0.02619037787954939,0.01066940046322664,0.014772664129348282,0.2729873922032329,0.2571428571428572,0.8333333333333334,0.83,0.04710341093665404,67814098.0
1046,United Kingdom,2022-12-11,0.0,67.0,272.898,40.8,18.517,12.527,0.04715182629232778,0.13802083333333334,0.02619037787954939,0.01066940046322664,0.014772664129348282,0.2729873922032329,0.2571428571428572,0.8333333333333334,0.83,0.04710341093665404,67814098.0
1047,United Kingdom,2022-12-12,0.0,67.0,272.898,40.8,18.517,12.527,0.04715182629232778,0.13802083333333334,0.02619037787954939,0.01066940046322664,0.014772664129348282,0.2729873922032329,0.2571428571428572,0.8333333333333334,0.83,0.04710341093665404,67814098.0
1048,United Kingdom,2022-12-13,0.0,65.0,272.898,40.8,18.517,12.527,0.04715182629232778,0.13802083333333334,0.02619037787954939,0.01066940046322664,0.014772664129348282,0.2729873922032329,0.2571428571428572,0.8333333333333334,0.83,0.04710341093665404,67814098.0
1049,United Kingdom,2022-12-14,0.0,93.0,272.898,40.8,18.517,12.527,0.04715182629232778,0.13802083333333334,0.02619037787954939,0.01066940046322664,0.014772664129348282,0.2729873922032329,0.2571428571428572,0.8333333333333334,0.83,0.04710341093665404,67814098.0
1050,United Kingdom,2022-12-15,35466.0,58.0,272.898,40.8,18.517,12.527,0.04715182629232778,0.13802083333333334,0.02619037787954939,0.01066940046322664,0.014772664129348282,0.2729873922032329,0.2571428571428572,0.8333333333333334,0.83,0.04710341093665404,67814098.0
1051,United Kingdom,2022-12-16,0.0,86.0,272.898,40.8,18.517,12.527,0.04715182629232778,0.13802083333333334,0.02619037787954939,0.01066940046322664,0.014772664129348282,0.2729873922032329,0.2571428571428572,0.8333333333333334,0.83,0.04710341093665404,67814098.0
1052,United Kingdom,2022-12-17,0.0,88.0,272.898,40.8,18.517,12.527,0.04715182629232778,0.13802083333333334,0.02619037787954939,0.01066940046322664,0.014772664129348282,0.2729873922032329,0.2571428571428572,0.8333333333333334,0.83,0.04710341093665404,67814098.0
1053,United Kingdom,2022-12-18,0.0,94.0,272.898,40.8,18.517,12.527,0.04715182629232778,0.13802083333333334,0.02619037787954939,0.01066940046322664,0.014772664129348282,0.2729873922032329,0.2571428571428572,0.8333333333333334,0.83,0.04710341093665404,67814098.0
1054,United Kingdom,2022-12-19,0.0,112.0,272.898,40.8,18.517,12.527,0.04715182629232778,0.13802083333333334,0.02619037787954939,0.01066940046322664,0.014772664129348282,0.2729873922032329,0.2571428571428572,0.8333333333333334,0.83,0.04710341093665404,67814098.0
1055,United Kingdom,2022-12-20,0.0,109.0,272.898,40.8,18.517,12.527,0.04715182629232778,0.13802083333333334,0.02619037787954939,0.01066940046322664,0.014772664129348282,0.2729873922032329,0.2571428571428572,0.8333333333333334,0.83,0.04710341093665404,67814098.0
1056,United Kingdom,2022-12-21,0.0,107.0,272.898,40.8,18.517,12.527,0.04715182629232778,0.13802083333333334,0.02619037787954939,0.01066940046322664,0.014772664129348282,0.2729873922032329,0.2571428571428572,0.8333333333333334,0.83,0.04710341093665404,67814098.0
1057,United Kingdom,2022-12-22,46042.0,111.0,272.898,40.8,18.517,12.527,0.04715182629232778,0.13802083333333334,0.02619037787954939,0.01066940046322664,0.014772664129348282,0.2729873922032329,0.2571428571428572,0.8333333333333334,0.83,0.04710341093665404,67814098.0
1058,United Kingdom,2022-12-23,0.0,114.0,272.898,40.8,18.517,12.527,0.04715182629232778,0.13802083333333334,0.02619037787954939,0.01066940046322664,0.014772664129348282,0.2729873922032329,0.2571428571428572,0.8333333333333334,0.83,0.04710341093665404,67814098.0
1059,United Kingdom,2022-12-24,0.0,141.0,272.898,40.8,18.517,12.527,0.04715182629232778,0.13802083333333334,0.02619037787954939,0.01066940046322664,0.014772664129348282,0.2729873922032329,0.2571428571428572,0.8333333333333334,0.83,0.04710341093665404,67814098.0
1060,United Kingdom,2022-12-25,0.0,124.0,272.898,40.8,18.517,12.527,0.04715182629232778,0.13802083333333334,0.02619037787954939,0.01066940046322664,0.014772664129348282,0.2729873922032329,0.2571428571428572,0.8333333333333334,0.83,0.04710341093665404,67814098.0
1061,United Kingdom,2022-12-26,0.0,127.0,272.898,40.8,18.517,12.527,0.04715182629232778,0.13802083333333334,0.02619037787954939,0.01066940046322664,0.014772664129348282,0.2729873922032329,0.2571428571428572,0.8333333333333334,0.83,0.04710341093665404,67814098.0
1062,United Kingdom,2022-12-27,0.0,137.0,272.898,40.8,18.517,12.527,0.04715182629232778,0.13802083333333334,0.02619037787954939,0.01066940046322664,0.014772664129348282,0.2729873922032329,0.2571428571428572,0.8333333333333334,0.83,0.04710341093665404,67814098.0
1063,United Kingdom,2022-12-28,0.0,129.0,272.898,40.8,18.517,12.527,0.04715182629232778,0.13802083333333334,0.02619037787954939,0.01066940046322664,0.014772664129348282,0.2729873922032329,0.2571428571428572,0.8333333333333334,0.83,0.04710341093665404,67814098.0
1064,United Kingdom,2022-12-29,0.0,126.0,272.898,40.8,18.517,12.527,0.04715182629232778,0.13802083333333334,0.02619037787954939,0.01066940046322664,0.014772664129348282,0.2729873922032329,0.2571428571428572,0.8333333333333334,0.83,0.04710341093665404,67814098.0
1065,United Kingdom,2022-12-30,0.0,150.0,272.898,40.8,18.517,12.527,0.04715182629232778,0.13802083333333334,0.02619037787954939,0.01066940046322664,0.014772664129348282,0.2729873922032329,0.2571428571428572,0.8333333333333334,0.83,0.04710341093665404,67814098.0
1066,United Kingdom,2022-12-31,0.0,150.0,272.898,40.8,18.517,12.527,0.04715182629232778,0.13802083333333334,0.02619037787954939,0.01066940046322664,0.014772664129348282,0.2729873922032329,0.2571428571428572,0.8333333333333334,0.83,0.04710341093665404,67814098.0
1067,United Kingdom,2023-01-01,0.0,122.0,272.898,40.8,18.517,12.527,0.04715182629232778,0.13802083333333334,0.02619037787954939,0.01066940046322664,0.014772664129348282,0.2729873922032329,0.2571428571428572,0.8333333333333334,0.83,0.04710341093665404,67814098.0
1068,United Kingdom,2023-01-02,0.0,122.0,272.898,40.8,18.517,12.527,0.04715182629232778,0.13802083333333334,0.02619037787954939,0.01066940046322664,0.014772664129348282,0.2729873922032329,0.2571428571428572,0.8333333333333334,0.83,0.04710341093665404,67814098.0
1069,United Kingdom,2023-01-03,0.0,133.0,272.898,40.8,18.517,12.527,0.04715182629232778,0.13802083333333334,0.02619037787954939,0.01066940046322664,0.014772664129348282,0.2729873922032329,0.2571428571428572,0.8333333333333334,0.83,0.04710341093665404,67814098.0
1070,United Kingdom,2023-01-04,0.0,139.0,272.898,40.8,18.517,12.527,0.04715182629232778,0.13802083333333334,0.02619037787954939,0.01066940046322664,0.014772664129348282,0.2729873922032329,0.2571428571428572,0.8333333333333334,0.83,0.04710341093665404,67814098.0
1072,United Kingdom,2023-01-06,0.0,112.0,272.898,40.8,18.517,12.527,0.04715182629232778,0.13802083333333334,0.02619037787954939,0.01066940046322664,0.014772664129348282,0.2729873922032329,0.2571428571428572,0.8333333333333334,0.83,0.04710341093665404,67814098.0
1073,United Kingdom,2023-01-07,0.0,117.0,272.898,40.8,18.517,12.527,0.04715182629232778,0.13802083333333334,0.02619037787954939,0.01066940046322664,0.014772664129348282,0.2729873922032329,0.2571428571428572,0.8333333333333334,0.83,0.04710341093665404,67814098.0
1074,United Kingdom,2023-01-08,0.0,118.0,272.898,40.8,18.517,12.527,0.04715182629232778,0.13802083333333334,0.02619037787954939,0.01066940046322664,0.014772664129348282,0.2729873922032329,0.2571428571428572,0.8333333333333334,0.83,0.04710341093665404,67814098.0
1075,United Kingdom,2023-01-09,0.0,131.0,272.898,40.8,18.517,12.527,0.04715182629232778,0.13802083333333334,0.02619037787954939,0.01066940046322664,0.014772664129348282,0.2729873922032329,0.2571428571428572,0.8333333333333334,0.83,0.04710341093665404,67814098.0
1076,United Kingdom,2023-01-10,0.0,109.0,272.898,40.8,18.517,12.527,0.04715182629232778,0.13802083333333334,0.02619037787954939,0.01066940046322664,0.014772664129348282,0.2729873922032329,0.2571428571428572,0.8333333333333334,0.83,0.04710341093665404,67814098.0
1077,United Kingdom,2023-01-11,0.0,92.0,272.898,40.8,18.517,12.527,0.04715182629232778,0.13802083333333334,0.02619037787954939,0.01066940046322664,0.014772664129348282,0.2729873922032329,0.2571428571428572,0.8333333333333334,0.83,0.04710341093665404,67814098.0
1078,United Kingdom,2023-01-12,33262.0,116.0,272.898,40.8,18.517,12.527,0.04715182629232778,0.13802083333333334,0.02619037787954939,0.01066940046322664,0.014772664129348282,0.2729873922032329,0.2571428571428572,0.8333333333333334,0.83,0.04710341093665404,67814098.0
1079,United Kingdom,2023-01-13,0.0,102.0,272.898,40.8,18.517,12.527,0.04715182629232778,0.13802083333333334,0.02619037787954939,0.01066940046322664,0.014772664129348282,0.2729873922032329,0.2571428571428572,0.8333333333333334,0.83,0.04710341093665404,67814098.0
1080,United Kingdom,2023-01-14,0.0,100.0,272.898,40.8,18.517,12.527,0.04715182629232778,0.13802083333333334,0.02619037787954939,0.01066940046322664,0.014772664129348282,0.2729873922032329,0.2571428571428572,0.8333333333333334,0.83,0.04710341093665404,67814098.0
1081,United Kingdom,2023-01-15,0.0,112.0,272.898,40.8,18.517,12.527,0.04715182629232778,0.13802083333333334,0.02619037787954939,0.01066940046322664,0.014772664129348282,0.2729873922032329,0.2571428571428572,0.8333333333333334,0.83,0.04710341093665404,67814098.0
1082,United Kingdom,2023-01-16,0.0,105.0,272.898,40.8,18.517,12.527,0.04715182629232778,0.13802083333333334,0.02619037787954939,0.01066940046322664,0.014772664129348282,0.2729873922032329,0.2571428571428572,0.8333333333333334,0.83,0.04710341093665404,67814098.0
1083,United Kingdom,2023-01-17,0.0,91.0,272.898,40.8,18.517,12.527,0.04715182629232778,0.13802083333333334,0.02619037787954939,0.01066940046322664,0.014772664129348282,0.2729873922032329,0.2571428571428572,0.8333333333333334,0.83,0.04710341093665404,67814098.0
1084,United Kingdom,2023-01-18,0.0,87.0,272.898,40.8,18.517,12.527,0.04715182629232778,0.13802083333333334,0.02619037787954939,0.01066940046322664,0.014772664129348282,0.2729873922032329,0.2571428571428572,0.8333333333333334,0.83,0.04710341093665404,67814098.0
1085,United Kingdom,2023-01-19,15847.0,81.0,272.898,40.8,18.517,12.527,0.04715182629232778,0.13802083333333334,0.02619037787954939,0.01066940046322664,0.014772664129348282,0.2729873922032329,0.2571428571428572,0.8333333333333334,0.83,0.04710341093665404,67814098.0
1086,United Kingdom,2023-01-20,0.0,79.0,272.898,40.8,18.517,12.527,0.04715182629232778,0.13802083333333334,0.02619037787954939,0.01066940046322664,0.014772664129348282,0.2729873922032329,0.2571428571428572,0.8333333333333334,0.83,0.04710341093665404,67814098.0
1087,United Kingdom,2023-01-21,0.0,72.0,272.898,40.8,18.517,12.527,0.04715182629232778,0.13802083333333334,0.02619037787954939,0.01066940046322664,0.014772664129348282,0.2729873922032329,0.2571428571428572,0.8333333333333334,0.83,0.04710341093665404,67814098.0
1088,United Kingdom,2023-01-22,0.0,71.0,272.898,40.8,18.517,12.527,0.04715182629232778,0.13802083333333334,0.02619037787954939,0.01066940046322664,0.014772664129348282,0.2729873922032329,0.2571428571428572,0.8333333333333334,0.83,0.04710341093665404,67814098.0
1089,United Kingdom,2023-01-23,0.0,77.0,272.898,40.8,18.517,12.527,0.04715182629232778,0.13802083333333334,0.02619037787954939,0.01066940046322664,0.014772664129348282,0.2729873922032329,0.2571428571428572,0.8333333333333334,0.83,0.04710341093665404,67814098.0
1090,United Kingdom,2023-01-24,0.0,78.0,272.898,40.8,18.517,12.527,0.04715182629232778,0.13802083333333334,0.02619037787954939,0.01066940046322664,0.014772664129348282,0.2729873922032329,0.2571428571428572,0.8333333333333334,0.83,0.04710341093665404,67814098.0
1091,United Kingdom,2023-01-25,0.0,65.0,272.898,40.8,18.517,12.527,0.04715182629232778,0.13802083333333334,0.02619037787954939,0.01066940046322664,0.014772664129348282,0.2729873922032329,0.2571428571428572,0.8333333333333334,0.83,0.04710341093665404,67814098.0
1092,United Kingdom,2023-01-26,15121.0,66.0,272.898,40.8,18.517,12.527,0.04715182629232778,0.13802083333333334,0.02619037787954939,0.01066940046322664,0.014772664129348282,0.2729873922032329,0.2571428571428572,0.8333333333333334,0.83,0.04710341093665404,67814098.0
1093,United Kingdom,2023-01-27,0.0,74.0,272.898,40.8,18.517,12.527,0.04715182629232778,0.13802083333333334,0.02619037787954939,0.01066940046322664,0.014772664129348282,0.2729873922032329,0.2571428571428572,0.8333333333333334,0.83,0.04710341093665404,67814098.0
1094,United Kingdom,2023-01-28,0.0,71.0,272.898,40.8,18.517,12.527,0.04715182629232778,0.13802083333333334,0.02619037787954939,0.01066940046322664,0.014772664129348282,0.2729873922032329,0.2571428571428572,0.8333333333333334,0.83,0.04710341093665404,67814098.0
1095,United Kingdom,2023-01-29,0.0,72.0,272.898,40.8,18.517,12.527,0.04715182629232778,0.13802083333333334,0.02619037787954939,0.01066940046322664,0.014772664129348282,0.2729873922032329,0.2571428571428572,0.8333333333333334,0.83,0.04710341093665404,67814098.0
1096,United Kingdom,2023-01-30,0.0,57.0,272.898,40.8,18.517,12.527,0.04715182629232778,0.13802083333333334,0.02619037787954939,0.01066940046322664,0.014772664129348282,0.2729873922032329,0.2571428571428572,0.8333333333333334,0.83,0.04710341093665404,67814098.0
1097,United Kingdom,2023-01-31,0.0,58.0,272.898,40.8,18.517,12.527,0.04715182629232778,0.13802083333333334,0.02619037787954939,0.01066940046322664,0.014772664129348282,0.2729873922032329,0.2571428571428572,0.8333333333333334,0.83,0.04710341093665404,67814098.0
1098,United Kingdom,2023-02-01,0.0,62.0,272.898,40.8,18.517,12.527,0.04715182629232778,0.13802083333333334,0.02619037787954939,0.01066940046322664,0.014772664129348282,0.2729873922032329,0.2571428571428572,0.8333333333333334,0.83,0.04710341093665404,67814098.0
1099,United Kingdom,2023-02-02,19391.0,70.0,272.898,40.8,18.517,12.527,0.04715182629232778,0.13802083333333334,0.02619037787954939,0.01066940046322664,0.014772664129348282,0.2729873922032329,0.2571428571428572,0.8333333333333334,0.83,0.04710341093665404,67814098.0
1100,United Kingdom,2023-02-03,0.0,68.0,272.898,40.8,18.517,12.527,0.04715182629232778,0.13802083333333334,0.02619037787954939,0.01066940046322664,0.014772664129348282,0.2729873922032329,0.2571428571428572,0.8333333333333334,0.83,0.04710341093665404,67814098.0
1101,United Kingdom,2023-02-04,0.0,0.0,272.898,40.8,18.517,12.527,0.04715182629232778,0.13802083333333334,0.02619037787954939,0.01066940046322664,0.014772664129348282,0.2729873922032329,0.2571428571428572,0.8333333333333334,0.83,0.04710341093665404,67814098.0
1102,United Kingdom,2023-02-05,0.0,0.0,272.898,40.8,18.517,12.527,0.04715182629232778,0.13802083333333334,0.02619037787954939,0.01066940046322664,0.014772664129348282,0.2729873922032329,0.2571428571428572,0.8333333333333334,0.83,0.04710341093665404,67814098.0
1103,United Kingdom,2023-02-06,0.0,0.0,272.898,40.8,18.517,12.527,0.04715182629232778,0.13802083333333334,0.02619037787954939,0.01066940046322664,0.014772664129348282,0.2729873922032329,0.2571428571428572,0.8333333333333334,0.83,0.04710341093665404,67814098.0
1104,United Kingdom,2023-02-07,0.0,0.0,272.898,40.8,18.517,12.527,0.04715182629232778,0.13802083333333334,0.02619037787954939,0.01066940046322664,0.014772664129348282,0.2729873922032329,0.2571428571428572,0.8333333333333334,0.83,0.04710341093665404,67814098.0
1105,United Kingdom,2023-02-08,0.0,0.0,272.898,40.8,18.517,12.527,0.04715182629232778,0.13802083333333334,0.02619037787954939,0.01066940046322664,0.014772664129348282,0.2729873922032329,0.2571428571428572,0.8333333333333334,0.83,0.04710341093665404,67814098.0
1106,United Kingdom,2023-02-09,22231.0,0.0,272.898,40.8,18.517,12.527,0.04715182629232778,0.13802083333333334,0.02619037787954939,0.01066940046322664,0.014772664129348282,0.2729873922032329,0.2571428571428572,0.8333333333333334,0.83,0.04710341093665404,67814098.0
1107,United Kingdom,2023-02-10,0.0,0.0,272.898,40.8,18.517,12.527,0.04715182629232778,0.13802083333333334,0.02619037787954939,0.01066940046322664,0.014772664129348282,0.2729873922032329,0.2571428571428572,0.8333333333333334,0.83,0.04710341093665404,67814098.0
1108,United Kingdom,2023-02-11,0.0,0.0,272.898,40.8,18.517,12.527,0.04715182629232778,0.13802083333333334,0.02619037787954939,0.01066940046322664,0.014772664129348282,0.2729873922032329,0.2571428571428572,0.8333333333333334,0.83,0.04710341093665404,67814098.0
1109,United Kingdom,2023-02-12,0.0,0.0,272.898,40.8,18.517,12.527,0.04715182629232778,0.13802083333333334,0.02619037787954939,0.01066940046322664,0.014772664129348282,0.2729873922032329,0.2571428571428572,0.8333333333333334,0.83,0.04710341093665404,67814098.0
1110,United Kingdom,2023-02-13,0.0,0.0,272.898,40.8,18.517,12.527,0.04715182629232778,0.13802083333333334,0.02619037787954939,0.01066940046322664,0.014772664129348282,0.2729873922032329,0.2571428571428572,0.8333333333333334,0.83,0.04710341093665404,67814098.0
1111,United Kingdom,2023-02-14,0.0,0.0,272.898,40.8,18.517,12.527,0.04715182629232778,0.13802083333333334,0.02619037787954939,0.01066940046322664,0.014772664129348282,0.2729873922032329,0.2571428571428572,0.8333333333333334,0.83,0.04710341093665404,67814098.0
1112,United Kingdom,2023-02-15,0.0,0.0,272.898,40.8,18.517,12.527,0.04715182629232778,0.13802083333333334,0.02619037787954939,0.01066940046322664,0.014772664129348282,0.2729873922032329,0.2571428571428572,0.8333333333333334,0.83,0.04710341093665404,67814098.0
1113,United Kingdom,2023-02-16,25632.0,0.0,272.898,40.8,18.517,12.527,0.04715182629232778,0.13802083333333334,0.02619037787954939,0.01066940046322664,0.014772664129348282,0.2729873922032329,0.2571428571428572,0.8333333333333334,0.83,0.04710341093665404,67814098.0
1114,United Kingdom,2023-02-17,0.0,0.0,272.898,40.8,18.517,12.527,0.04715182629232778,0.13802083333333334,0.02619037787954939,0.01066940046322664,0.014772664129348282,0.2729873922032329,0.2571428571428572,0.8333333333333334,0.83,0.04710341093665404,67814098.0
1115,United Kingdom,2023-02-18,0.0,0.0,272.898,40.8,18.517,12.527,0.04715182629232778,0.13802083333333334,0.02619037787954939,0.01066940046322664,0.014772664129348282,0.2729873922032329,0.2571428571428572,0.8333333333333334,0.83,0.04710341093665404,67814098.0
1116,United Kingdom,2023-02-19,0.0,0.0,272.898,40.8,18.517,12.527,0.04715182629232778,0.13802083333333334,0.02619037787954939,0.01066940046322664,0.014772664129348282,0.2729873922032329,0.2571428571428572,0.8333333333333334,0.83,0.04710341093665404,67814098.0
1117,United Kingdom,2023-02-20,0.0,0.0,272.898,40.8,18.517,12.527,0.04715182629232778,0.13802083333333334,0.02619037787954939,0.01066940046322664,0.014772664129348282,0.2729873922032329,0.2571428571428572,0.8333333333333334,0.83,0.04710341093665404,67814098.0
1118,United Kingdom,2023-02-21,0.0,0.0,272.898,40.8,18.517,12.527,0.04715182629232778,0.13802083333333334,0.02619037787954939,0.01066940046322664,0.014772664129348282,0.2729873922032329,0.2571428571428572,0.8333333333333334,0.83,0.04710341093665404,67814098.0
1119,United Kingdom,2023-02-22,0.0,0.0,272.898,40.8,18.517,12.527,0.04715182629232778,0.13802083333333334,0.02619037787954939,0.01066940046322664,0.014772664129348282,0.2729873922032329,0.2571428571428572,0.8333333333333334,0.83,0.04710341093665404,67814098.0
1120,United Kingdom,2023-02-23,28539.0,0.0,272.898,40.8,18.517,12.527,0.04715182629232778,0.13802083333333334,0.02619037787954939,0.01066940046322664,0.014772664129348282,0.2729873922032329,0.2571428571428572,0.8333333333333334,0.83,0.04710341093665404,67814098.0
1121,United Kingdom,2023-02-24,0.0,0.0,272.898,40.8,18.517,12.527,0.04715182629232778,0.13802083333333334,0.02619037787954939,0.01066940046322664,0.014772664129348282,0.2729873922032329,0.2571428571428572,0.8333333333333334,0.83,0.04710341093665404,67814098.0
1122,United Kingdom,2023-02-25,0.0,0.0,272.898,40.8,18.517,12.527,0.04715182629232778,0.13802083333333334,0.02619037787954939,0.01066940046322664,0.014772664129348282,0.2729873922032329,0.2571428571428572,0.8333333333333334,0.83,0.04710341093665404,67814098.0
1123,United Kingdom,2023-02-26,0.0,0.0,272.898,40.8,18.517,12.527,0.04715182629232778,0.13802083333333334,0.02619037787954939,0.01066940046322664,0.014772664129348282,0.2729873922032329,0.2571428571428572,0.8333333333333334,0.83,0.04710341093665404,67814098.0
1124,United Kingdom,2023-02-27,0.0,0.0,272.898,40.8,18.517,12.527,0.04715182629232778,0.13802083333333334,0.02619037787954939,0.01066940046322664,0.014772664129348282,0.2729873922032329,0.2571428571428572,0.8333333333333334,0.83,0.04710341093665404,67814098.0
1125,United Kingdom,2023-02-28,0.0,0.0,272.898,40.8,18.517,12.527,0.04715182629232778,0.13802083333333334,0.02619037787954939,0.01066940046322664,0.014772664129348282,0.2729873922032329,0.2571428571428572,0.8333333333333334,0.83,0.04710341093665404,67814098.0
1126,United Kingdom,2023-03-01,0.0,0.0,272.898,40.8,18.517,12.527,0.04715182629232778,0.13802083333333334,0.02619037787954939,0.01066940046322664,0.014772664129348282,0.2729873922032329,0.2571428571428572,0.8333333333333334,0.83,0.04710341093665404,67814098.0
1127,United Kingdom,2023-03-02,26380.0,0.0,272.898,40.8,18.517,12.527,0.04715182629232778,0.13802083333333334,0.02619037787954939,0.01066940046322664,0.014772664129348282,0.2729873922032329,0.2571428571428572,0.8333333333333334,0.83,0.04710341093665404,67814098.0
